Time_s,Speed_kmh,Speed_ms,DynamicPressure_Pa,TotalDrag_N,TotalDownforce_N,AeroEfficiency,BodyDrag_N,BodyDownforce_N,UnderbodyDrag_N,UnderbodyDownforce_N,MinRideHeight_cm,RideHeightModifier,FrontDownforce_N,RearDownforce_N,AeroBalance_Pct,W0_AeroDownforce_N,W1_AeroDownforce_N,W2_AeroDownforce_N,W3_AeroDownforce_N,W0_StaticLoad_N,W1_StaticLoad_N,W2_StaticLoad_N,W3_StaticLoad_N,W0_TotalLoad_N,W1_TotalLoad_N,W2_TotalLoad_N,W3_TotalLoad_N,W0_LoadTransfer_N,W1_LoadTransfer_N,W2_LoadTransfer_N,W3_LoadTransfer_N,W0_AeroContrib_N,W1_AeroContrib_N,W2_AeroContrib_N,W3_AeroContrib_N,LongLoadTransfer_N,LatLoadTransfer_N,LongAccel_G,LatAccel_G
1.922877,0.000,0.000,0.00,0.00,0.00,0.0000,0.00,-0.00,0.00,0.00,50.00,0.3000,0.00,0.00,50.00,0.00,0.00,0.00,0.00,4248.84,4248.84,4398.57,4398.57,4248.84,4248.84,4398.57,4398.57,0.00,0.00,0.00,0.00,0.00,0.00,0.00,0.00,0.00,0.00,0.0000,0.0000
1.922877,0.294,0.082,0.00,0.00,0.00,0.0000,0.00,-0.00,0.00,0.00,50.00,0.3000,0.00,0.00,50.00,0.00,0.00,0.00,0.00,4248.84,4248.84,4398.57,4398.57,4248.84,4248.84,4398.57,4398.57,0.00,0.00,0.00,0.00,0.00,0.00,0.00,0.00,0.00,0.00,0.0000,0.0000
1.922877,0.542,0.150,0.01,0.00,0.00,0.0000,0.00,-0.00,0.00,0.00,50.00,0.3000,0.00,0.00,50.00,0.00,0.00,0.00,0.00,4248.84,4248.84,4398.57,4398.57,4248.84,4248.84,4398.57,4398.57,0.00,0.00,0.00,0.00,0.00,0.00,0.00,0.00,0.00,0.00,0.0000,0.0000
1.922877,0.750,0.208,0.03,0.00,0.00,0.0000,0.00,-0.00,0.00,0.00,50.00,0.3000,0.00,0.00,50.00,0.00,0.00,0.00,0.00,4248.84,4248.84,4398.57,4398.57,4248.84,4248.84,4398.57,4398.57,0.00,0.00,0.00,0.00,0.00,0.00,0.00,0.00,0.00,0.00,0.0000,0.0000
1.922877,0.919,0.255,0.04,0.00,0.00,0.0000,0.00,-0.00,0.00,0.00,50.00,0.3000,0.00,0.00,50.00,0.00,0.00,0.00,0.00,4248.84,4248.84,4398.57,4398.57,4248.84,4248.84,4398.57,4398.57,0.00,0.00,0.00,0.00,0.00,0.00,0.00,0.00,0.00,0.00,0.0000,0.0000
1.922877,1.053,0.292,0.05,0.00,0.00,0.0000,0.00,-0.00,0.00,0.00,50.00,0.3000,0.00,0.00,50.00,0.00,0.00,0.00,0.00,4248.84,4248.84,4398.57,4398.57,4248.84,4248.84,4398.57,4398.57,0.00,0.00,0.00,0.00,0.00,0.00,0.00,0.00,0.00,0.00,0.0000,0.0000
1.922877,1.153,0.320,0.06,0.00,0.00,0.0000,0.00,-0.00,0.00,0.00,50.00,0.3000,0.00,0.00,50.00,0.00,0.00,0.00,0.00,4248.84,4248.84,4398.57,4398.57,4248.84,4248.84,4398.57,4398.57,0.00,0.00,0.00,0.00,0.00,0.00,0.00,0.00,0.00,0.00,0.0000,0.0000
1.922877,1.223,0.340,0.07,0.00,0.00,0.0000,0.00,-0.00,0.00,0.00,50.00,0.3000,0.00,0.00,50.00,0.00,0.00,0.00,0.00,4248.84,4248.84,4398.57,4398.57,4248.84,4248.84,4398.57,4398.57,0.00,0.00,0.00,0.00,0.00,0.00,0.00,0.00,0.00,0.00,0.0000,0.0000
1.922877,1.266,0.352,0.08,0.00,0.00,0.0000,0.00,-0.00,0.00,0.00,50.00,0.3000,0.00,0.00,50.00,0.00,0.00,0.00,0.00,4248.84,4248.84,4398.57,4398.57,4248.84,4248.84,4398.57,4398.57,0.00,0.00,0.00,0.00,0.00,0.00,0.00,0.00,0.00,0.00,0.0000,0.0000
1.922877,1.285,0.357,0.08,0.00,0.00,0.0000,0.00,-0.00,0.00,0.00,50.00,0.3000,0.00,0.00,50.00,0.00,0.00,0.00,0.00,4248.84,4248.84,4398.57,4398.57,4248.84,4248.84,4398.57,4398.57,0.00,0.00,0.00,0.00,0.00,0.00,0.00,0.00,0.00,0.00,0.0000,0.0000
1.922877,1.282,0.356,0.08,0.00,0.00,0.0000,0.00,-0.00,0.00,0.00,50.00,0.3000,0.00,0.00,50.00,0.00,0.00,0.00,0.00,4248.84,4248.84,4398.57,4398.57,4248.84,4248.84,4398.57,4398.57,0.00,0.00,0.00,0.00,0.00,0.00,0.00,0.00,0.00,0.00,0.0000,0.0000
1.922877,1.262,0.351,0.08,0.00,0.00,0.0000,0.00,-0.00,0.00,0.00,50.00,0.3000,0.00,0.00,50.00,0.00,0.00,0.00,0.00,4248.84,4248.84,4398.57,4398.57,4248.84,4248.84,4398.57,4398.57,0.00,0.00,0.00,0.00,0.00,0.00,0.00,0.00,0.00,0.00,0.0000,0.0000
2.195266,1.227,0.341,0.07,0.00,0.00,0.0000,0.00,-0.00,0.00,0.00,50.00,0.3000,0.00,0.00,50.00,0.00,0.00,0.00,0.00,4248.84,4248.84,4398.57,4398.57,4248.84,4248.84,4398.57,4398.57,0.00,0.00,0.00,0.00,0.00,0.00,0.00,0.00,0.00,0.00,0.0000,0.0000
2.195266,1.180,0.328,0.07,0.00,0.00,0.0000,0.00,-0.00,0.00,0.00,50.00,0.3000,0.00,0.00,50.00,0.00,0.00,0.00,0.00,4248.84,4248.84,4398.57,4398.57,4248.84,4248.84,4398.57,4398.57,0.00,0.00,0.00,0.00,0.00,0.00,0.00,0.00,0.00,0.00,0.0000,0.0000
2.195266,1.123,0.312,0.06,0.00,0.00,0.0000,0.00,-0.00,0.00,0.00,50.00,0.3000,0.00,0.00,50.00,0.00,0.00,0.00,0.00,4248.84,4248.84,4398.57,4398.57,4248.84,4248.84,4398.57,4398.57,0.00,0.00,0.00,0.00,0.00,0.00,0.00,0.00,0.00,0.00,0.0000,0.0000
2.195266,1.059,0.294,0.05,0.00,0.00,0.0000,0.00,-0.00,0.00,0.00,50.00,0.3000,0.00,0.00,50.00,0.00,0.00,0.00,0.00,4248.84,4248.84,4398.57,4398.57,4248.84,4248.84,4398.57,4398.57,0.00,0.00,0.00,0.00,0.00,0.00,0.00,0.00,0.00,0.00,0.0000,0.0000
2.195266,0.990,0.275,0.05,0.00,0.00,0.0000,0.00,-0.00,0.00,0.00,50.00,0.3000,0.00,0.00,50.00,0.00,0.00,0.00,0.00,4248.84,4248.84,4398.57,4398.57,4248.84,4248.84,4398.57,4398.57,0.00,0.00,0.00,0.00,0.00,0.00,0.00,0.00,0.00,0.00,0.0000,0.0000
2.195266,0.917,0.255,0.04,0.00,0.00,0.0000,0.00,-0.00,0.00,0.00,50.00,0.3000,0.00,0.00,50.00,0.00,0.00,0.00,0.00,4248.84,4248.84,4398.57,4398.57,4248.84,4248.84,4398.57,4398.57,0.00,0.00,0.00,0.00,0.00,0.00,0.00,0.00,0.00,0.00,0.0000,0.0000
2.195266,0.842,0.234,0.03,0.00,0.00,0.0000,0.00,-0.00,0.00,0.00,50.00,0.3000,0.00,0.00,50.00,0.00,0.00,0.00,0.00,4248.84,4248.84,4398.57,4398.57,4248.84,4248.84,4398.57,4398.57,0.00,0.00,0.00,0.00,0.00,0.00,0.00,0.00,0.00,0.00,0.0000,0.0000
2.195266,0.766,0.213,0.03,0.00,0.00,0.0000,0.00,-0.00,0.00,0.00,50.00,0.3000,0.00,0.00,50.00,0.00,0.00,0.00,0.00,4248.84,4248.84,4398.57,4398.57,4248.84,4248.84,4398.57,4398.57,0.00,0.00,0.00,0.00,0.00,0.00,0.00,0.00,0.00,0.00,0.0000,0.0000
2.195266,0.691,0.192,0.02,0.00,0.00,0.0000,0.00,-0.00,0.00,0.00,50.00,0.3000,0.00,0.00,50.00,0.00,0.00,0.00,0.00,4248.84,4248.84,4398.57,4398.57,4248.84,4248.84,4398.57,4398.57,0.00,0.00,0.00,0.00,0.00,0.00,0.00,0.00,0.00,0.00,0.0000,0.0000
2.195266,0.618,0.172,0.02,0.00,0.00,0.0000,0.00,-0.00,0.00,0.00,50.00,0.3000,0.00,0.00,50.00,0.00,0.00,0.00,0.00,4248.84,4248.84,4398.57,4398.57,4248.84,4248.84,4398.57,4398.57,0.00,0.00,0.00,0.00,0.00,0.00,0.00,0.00,0.00,0.00,0.0000,0.0000
2.195266,0.547,0.152,0.01,0.00,0.00,0.0000,0.00,-0.00,0.00,0.00,50.00,0.3000,0.00,0.00,50.00,0.00,0.00,0.00,0.00,4248.84,4248.84,4398.57,4398.57,4248.84,4248.84,4398.57,4398.57,0.00,0.00,0.00,0.00,0.00,0.00,0.00,0.00,0.00,0.00,0.0000,0.0000
2.195266,0.478,0.133,0.01,0.00,0.00,0.0000,0.00,-0.00,0.00,0.00,50.00,0.3000,0.00,0.00,50.00,0.00,0.00,0.00,0.00,4248.84,4248.84,4398.57,4398.57,4248.84,4248.84,4398.57,4398.57,0.00,0.00,0.00,0.00,0.00,0.00,0.00,0.00,0.00,0.00,0.0000,0.0000
2.419229,0.413,0.115,0.01,0.00,0.00,0.0000,0.00,-0.00,0.00,0.00,50.00,0.3000,0.00,0.00,50.00,0.00,0.00,0.00,0.00,4248.84,4248.84,4398.57,4398.57,4248.84,4248.84,4398.57,4398.57,0.00,0.00,0.00,0.00,0.00,0.00,0.00,0.00,0.00,0.00,0.0000,0.0000
2.419229,0.352,0.098,0.01,0.00,0.00,0.0000,0.00,-0.00,0.00,0.00,50.00,0.3000,0.00,0.00,50.00,0.00,0.00,0.00,0.00,4248.84,4248.84,4398.57,4398.57,4248.84,4248.84,4398.57,4398.57,0.00,0.00,0.00,0.00,0.00,0.00,0.00,0.00,0.00,0.00,0.0000,0.0000
2.419229,0.294,0.082,0.00,0.00,0.00,0.0000,0.00,-0.00,0.00,0.00,50.00,0.3000,0.00,0.00,50.00,0.00,0.00,0.00,0.00,4248.84,4248.84,4398.57,4398.57,4248.84,4248.84,4398.57,4398.57,0.00,0.00,0.00,0.00,0.00,0.00,0.00,0.00,0.00,0.00,0.0000,0.0000
2.419229,0.241,0.067,0.00,0.00,0.00,0.0000,0.00,-0.00,0.00,0.00,50.00,0.3000,0.00,0.00,50.00,0.00,0.00,0.00,0.00,4248.84,4248.84,4398.57,4398.57,4248.84,4248.84,4398.57,4398.57,0.00,0.00,0.00,0.00,0.00,0.00,0.00,0.00,0.00,0.00,0.0000,0.0000
2.419229,0.191,0.053,0.00,0.00,0.00,0.0000,0.00,-0.00,0.00,0.00,50.00,0.3000,0.00,0.00,50.00,0.00,0.00,0.00,0.00,4248.84,4248.84,4398.57,4398.57,4248.84,4248.84,4398.57,4398.57,0.00,0.00,0.00,0.00,0.00,0.00,0.00,0.00,0.00,0.00,0.0000,0.0000
2.419229,0.146,0.041,0.00,0.00,0.00,0.0000,0.00,-0.00,0.00,0.00,50.00,0.3000,0.00,0.00,50.00,0.00,0.00,0.00,0.00,4248.84,4248.84,4398.57,4398.57,4248.84,4248.84,4398.57,4398.57,0.00,0.00,0.00,0.00,0.00,0.00,0.00,0.00,0.00,0.00,0.0000,0.0000
2.419229,0.105,0.029,0.00,0.00,0.00,0.0000,0.00,-0.00,0.00,0.00,50.00,0.3000,0.00,0.00,50.00,0.00,0.00,0.00,0.00,4248.84,4248.84,4398.57,4398.57,4248.84,4248.84,4398.57,4398.57,0.00,0.00,0.00,0.00,0.00,0.00,0.00,0.00,0.00,0.00,0.0000,0.0000
2.419229,0.068,0.019,0.00,0.00,0.00,0.0000,0.00,-0.00,0.00,0.00,50.00,0.3000,0.00,0.00,50.00,0.00,0.00,0.00,0.00,4248.84,4248.84,4398.57,4398.57,4248.84,4248.84,4398.57,4398.57,0.00,0.00,0.00,0.00,0.00,0.00,0.00,0.00,0.00,0.00,0.0000,0.0000
2.419229,0.035,0.010,0.00,0.00,0.00,0.0000,0.00,-0.00,0.00,0.00,50.00,0.3000,0.00,0.00,50.00,0.00,0.00,0.00,0.00,4248.84,4248.84,4398.57,4398.57,4248.84,4248.84,4398.57,4398.57,0.00,0.00,0.00,0.00,0.00,0.00,0.00,0.00,0.00,0.00,0.0000,0.0000
2.419229,0.006,0.002,0.00,0.00,0.00,0.0000,0.00,-0.00,0.00,0.00,50.00,0.3000,0.00,0.00,50.00,0.00,0.00,0.00,0.00,4248.84,4248.84,4398.57,4398.57,4248.84,4248.84,4398.57,4398.57,0.00,0.00,0.00,0.00,0.00,0.00,0.00,0.00,0.00,0.00,0.0000,0.0000
2.419229,0.020,0.006,0.00,0.00,0.00,0.0000,0.00,-0.00,0.00,0.00,50.00,0.3000,0.00,0.00,50.00,0.00,0.00,0.00,0.00,4248.84,4248.84,4398.57,4398.57,4248.84,4248.84,4398.57,4398.57,0.00,0.00,0.00,0.00,0.00,0.00,0.00,0.00,0.00,0.00,0.0000,0.0000
2.419229,0.033,0.009,0.00,0.00,0.00,0.0000,0.00,-0.00,0.00,0.00,50.00,0.3000,0.00,0.00,50.00,0.00,0.00,0.00,0.00,4248.84,4248.84,4398.57,4398.57,4248.84,4248.84,4398.57,4398.57,0.00,0.00,0.00,0.00,0.00,0.00,0.00,0.00,0.00,0.00,0.0000,0.0000
2.526569,0.045,0.012,0.00,0.00,0.00,0.0000,0.00,-0.00,0.00,0.00,50.00,0.3000,0.00,0.00,50.00,0.00,0.00,0.00,0.00,4248.84,4248.84,4398.57,4398.57,4248.84,4248.84,4398.57,4398.57,0.00,0.00,0.00,0.00,0.00,0.00,0.00,0.00,0.00,0.00,0.0000,0.0000
2.526569,0.054,0.015,0.00,0.00,0.00,0.0000,0.00,-0.00,0.00,0.00,50.00,0.3000,0.00,0.00,50.00,0.00,0.00,0.00,0.00,4248.84,4248.84,4398.57,4398.57,4248.84,4248.84,4398.57,4398.57,0.00,0.00,0.00,0.00,0.00,0.00,0.00,0.00,0.00,0.00,0.0000,0.0000
2.526569,0.062,0.017,0.00,0.00,0.00,0.0000,0.00,-0.00,0.00,0.00,50.00,0.3000,0.00,0.00,50.00,0.00,0.00,0.00,0.00,4248.84,4248.84,4398.57,4398.57,4248.84,4248.84,4398.57,4398.57,0.00,0.00,0.00,0.00,0.00,0.00,0.00,0.00,0.00,0.00,0.0000,0.0000
2.526569,0.068,0.019,0.00,0.00,0.00,0.0000,0.00,-0.00,0.00,0.00,50.00,0.3000,0.00,0.00,50.00,0.00,0.00,0.00,0.00,4248.84,4248.84,4398.57,4398.57,4248.84,4248.84,4398.57,4398.57,0.00,0.00,0.00,0.00,0.00,0.00,0.00,0.00,0.00,0.00,0.0000,0.0000
2.526569,0.073,0.020,0.00,0.00,0.00,0.0000,0.00,-0.00,0.00,0.00,50.00,0.3000,0.00,0.00,50.00,0.00,0.00,0.00,0.00,4248.84,4248.84,4398.57,4398.57,4248.84,4248.84,4398.57,4398.57,0.00,0.00,0.00,0.00,0.00,0.00,0.00,0.00,0.00,0.00,0.0000,0.0000
2.526569,0.076,0.021,0.00,0.00,0.00,0.0000,0.00,-0.00,0.00,0.00,50.00,0.3000,0.00,0.00,50.00,0.00,0.00,0.00,0.00,4248.84,4248.84,4398.57,4398.57,4248.84,4248.84,4398.57,4398.57,0.00,0.00,0.00,0.00,0.00,0.00,0.00,0.00,0.00,0.00,0.0000,0.0000
2.526569,0.078,0.022,0.00,0.00,0.00,0.0000,0.00,-0.00,0.00,0.00,50.00,0.3000,0.00,0.00,50.00,0.00,0.00,0.00,0.00,4248.84,4248.84,4398.57,4398.57,4248.84,4248.84,4398.57,4398.57,0.00,0.00,0.00,0.00,0.00,0.00,0.00,0.00,0.00,0.00,0.0000,0.0000
2.526569,0.079,0.022,0.00,0.00,0.00,0.0000,0.00,-0.00,0.00,0.00,50.00,0.3000,0.00,0.00,50.00,0.00,0.00,0.00,0.00,4248.84,4248.84,4398.57,4398.57,4248.84,4248.84,4398.57,4398.57,0.00,0.00,0.00,0.00,0.00,0.00,0.00,0.00,0.00,0.00,0.0000,0.0000
2.526569,0.079,0.022,0.00,0.00,0.00,0.0000,0.00,-0.00,0.00,0.00,50.00,0.3000,0.00,0.00,50.00,0.00,0.00,0.00,0.00,4248.84,4248.84,4398.57,4398.57,4248.84,4248.84,4398.57,4398.57,0.00,0.00,0.00,0.00,0.00,0.00,0.00,0.00,0.00,0.00,0.0000,0.0000
2.526569,0.078,0.022,0.00,0.00,0.00,0.0000,0.00,-0.00,0.00,0.00,50.00,0.3000,0.00,0.00,50.00,0.00,0.00,0.00,0.00,4248.84,4248.84,4398.57,4398.57,4248.84,4248.84,4398.57,4398.57,0.00,0.00,0.00,0.00,0.00,0.00,0.00,0.00,0.00,0.00,0.0000,0.0000
2.526569,0.076,0.021,0.00,0.00,0.00,0.0000,0.00,-0.00,0.00,0.00,50.00,0.3000,0.00,0.00,50.00,0.00,0.00,0.00,0.00,4248.84,4248.84,4398.57,4398.57,4248.84,4248.84,4398.57,4398.57,0.00,0.00,0.00,0.00,0.00,0.00,0.00,0.00,0.00,0.00,0.0000,0.0000
2.526569,0.074,0.021,0.00,0.00,0.00,0.0000,0.00,-0.00,0.00,0.00,50.00,0.3000,0.00,0.00,50.00,0.00,0.00,0.00,0.00,4248.84,4248.84,4398.57,4398.57,4248.84,4248.84,4398.57,4398.57,0.00,0.00,0.00,0.00,0.00,0.00,0.00,0.00,0.00,0.00,0.0000,0.0000
2.622005,0.071,0.020,0.00,0.00,0.00,0.0000,0.00,-0.00,0.00,0.00,50.00,0.3000,0.00,0.00,50.00,0.00,0.00,0.00,0.00,4248.84,4248.84,4398.57,4398.57,4248.84,4248.84,4398.57,4398.57,0.00,0.00,0.00,0.00,0.00,0.00,0.00,0.00,0.00,0.00,0.0000,0.0000
2.622005,0.068,0.019,0.00,0.00,0.00,0.0000,0.00,-0.00,0.00,0.00,50.00,0.3000,0.00,0.00,50.00,0.00,0.00,0.00,0.00,4248.84,4248.84,4398.57,4398.57,4248.84,4248.84,4398.57,4398.57,0.00,0.00,0.00,0.00,0.00,0.00,0.00,0.00,0.00,0.00,0.0000,0.0000
2.622005,0.065,0.018,0.00,0.00,0.00,0.0000,0.00,-0.00,0.00,0.00,50.00,0.3000,0.00,0.00,50.00,0.00,0.00,0.00,0.00,4248.84,4248.84,4398.57,4398.57,4248.84,4248.84,4398.57,4398.57,0.00,0.00,0.00,0.00,0.00,0.00,0.00,0.00,0.00,0.00,0.0000,0.0000
2.622005,0.062,0.017,0.00,0.00,0.00,0.0000,0.00,-0.00,0.00,0.00,50.00,0.3000,0.00,0.00,50.00,0.00,0.00,0.00,0.00,4248.84,4248.84,4398.57,4398.57,4248.84,4248.84,4398.57,4398.57,0.00,0.00,0.00,0.00,0.00,0.00,0.00,0.00,0.00,0.00,0.0000,0.0000
2.622005,0.058,0.016,0.00,0.00,0.00,0.0000,0.00,-0.00,0.00,0.00,50.00,0.3000,0.00,0.00,50.00,0.00,0.00,0.00,0.00,4248.84,4248.84,4398.57,4398.57,4248.84,4248.84,4398.57,4398.57,0.00,0.00,0.00,0.00,0.00,0.00,0.00,0.00,0.00,0.00,0.0000,0.0000
2.622005,0.054,0.015,0.00,0.00,0.00,0.0000,0.00,-0.00,0.00,0.00,50.00,0.3000,0.00,0.00,50.00,0.00,0.00,0.00,0.00,4248.84,4248.84,4398.57,4398.57,4248.84,4248.84,4398.57,4398.57,0.00,0.00,0.00,0.00,0.00,0.00,0.00,0.00,0.00,0.00,0.0000,0.0000
2.622005,0.050,0.014,0.00,0.00,0.00,0.0000,0.00,-0.00,0.00,0.00,50.00,0.3000,0.00,0.00,50.00,0.00,0.00,0.00,0.00,4248.84,4248.84,4398.57,4398.57,4248.84,4248.84,4398.57,4398.57,0.00,0.00,0.00,0.00,0.00,0.00,0.00,0.00,0.00,0.00,0.0000,0.0000
2.622005,0.046,0.013,0.00,0.00,0.00,0.0000,0.00,-0.00,0.00,0.00,50.00,0.3000,0.00,0.00,50.00,0.00,0.00,0.00,0.00,4248.84,4248.84,4398.57,4398.57,4248.84,4248.84,4398.57,4398.57,0.00,0.00,0.00,0.00,0.00,0.00,0.00,0.00,0.00,0.00,0.0000,0.0000
2.622005,0.042,0.012,0.00,0.00,0.00,0.0000,0.00,-0.00,0.00,0.00,50.00,0.3000,0.00,0.00,50.00,0.00,0.00,0.00,0.00,4248.84,4248.84,4398.57,4398.57,4248.84,4248.84,4398.57,4398.57,0.00,0.00,0.00,0.00,0.00,0.00,0.00,0.00,0.00,0.00,0.0000,0.0000
2.622005,0.038,0.011,0.00,0.00,0.00,0.0000,0.00,-0.00,0.00,0.00,50.00,0.3000,0.00,0.00,50.00,0.00,0.00,0.00,0.00,4248.84,4248.84,4398.57,4398.57,4248.84,4248.84,4398.57,4398.57,0.00,0.00,0.00,0.00,0.00,0.00,0.00,0.00,0.00,0.00,0.0000,0.0000
2.622005,0.000,0.000,0.00,0.00,0.00,0.0000,0.00,-0.00,0.00,0.00,50.00,0.3000,0.00,0.00,50.00,0.00,0.00,0.00,0.00,4248.84,4248.84,4398.57,4398.57,4248.84,4248.84,4398.57,4398.57,0.00,0.00,0.00,0.00,0.00,0.00,0.00,0.00,0.00,0.00,0.0000,0.0000
2.622005,0.000,0.000,0.00,0.00,0.00,0.0000,0.00,-0.00,0.00,0.00,50.00,0.3000,0.00,0.00,50.00,0.00,0.00,0.00,0.00,4248.84,4248.84,4398.57,4398.57,4248.84,4248.84,4398.57,4398.57,0.00,0.00,0.00,0.00,0.00,0.00,0.00,0.00,0.00,0.00,0.0000,0.0000
2.740169,0.000,0.000,0.00,0.00,0.00,0.0000,0.00,-0.00,0.00,0.00,50.00,0.3000,0.00,0.00,50.00,0.00,0.00,0.00,0.00,4248.84,4248.84,4398.57,4398.57,4248.84,4248.84,4398.57,4398.57,0.00,0.00,0.00,0.00,0.00,0.00,0.00,0.00,0.00,0.00,0.0000,0.0000
2.740169,0.000,0.000,0.00,0.00,0.00,0.0000,0.00,-0.00,0.00,0.00,50.00,0.3000,0.00,0.00,50.00,0.00,0.00,0.00,0.00,4248.84,4248.84,4398.57,4398.57,4248.84,4248.84,4398.57,4398.57,0.00,0.00,0.00,0.00,0.00,0.00,0.00,0.00,0.00,0.00,0.0000,0.0000
2.740169,0.000,0.000,0.00,0.00,0.00,0.0000,0.00,-0.00,0.00,0.00,50.00,0.3000,0.00,0.00,50.00,0.00,0.00,0.00,0.00,4248.84,4248.84,4398.57,4398.57,4248.84,4248.84,4398.57,4398.57,0.00,0.00,0.00,0.00,0.00,0.00,0.00,0.00,0.00,0.00,0.0000,0.0000
2.740169,0.000,0.000,0.00,0.00,0.00,0.0000,0.00,-0.00,0.00,0.00,50.00,0.3000,0.00,0.00,50.00,0.00,0.00,0.00,0.00,4248.84,4248.84,4398.57,4398.57,4248.84,4248.84,4398.57,4398.57,0.00,0.00,0.00,0.00,0.00,0.00,0.00,0.00,0.00,0.00,0.0000,0.0000
2.740169,0.000,0.000,0.00,0.00,0.00,0.0000,0.00,-0.00,0.00,0.00,50.00,0.3000,0.00,0.00,50.00,0.00,0.00,0.00,0.00,4248.84,4248.84,4398.57,4398.57,4248.84,4248.84,4398.57,4398.57,0.00,0.00,0.00,0.00,0.00,0.00,0.00,0.00,0.00,0.00,0.0000,0.0000
2.740169,0.000,0.000,0.00,0.00,0.00,0.0000,0.00,-0.00,0.00,0.00,50.00,0.3000,0.00,0.00,50.00,0.00,0.00,0.00,0.00,4248.84,4248.84,4398.57,4398.57,4248.84,4248.84,4398.57,4398.57,0.00,0.00,0.00,0.00,0.00,0.00,0.00,0.00,0.00,0.00,0.0000,0.0000
2.740169,0.000,0.000,0.00,0.00,0.00,0.0000,0.00,-0.00,0.00,0.00,50.00,0.3000,0.00,0.00,50.00,0.00,0.00,0.00,0.00,4248.84,4248.84,4398.57,4398.57,4248.84,4248.84,4398.57,4398.57,0.00,0.00,0.00,0.00,0.00,0.00,0.00,0.00,0.00,0.00,0.0000,0.0000
2.740169,0.000,0.000,0.00,0.00,0.00,0.0000,0.00,-0.00,0.00,0.00,50.00,0.3000,0.00,0.00,50.00,0.00,0.00,0.00,0.00,4248.84,4248.84,4398.57,4398.57,4248.84,4248.84,4398.57,4398.57,0.00,0.00,0.00,0.00,0.00,0.00,0.00,0.00,0.00,0.00,0.0000,0.0000
2.740169,0.000,0.000,0.00,0.00,0.00,0.0000,0.00,-0.00,0.00,0.00,50.00,0.3000,0.00,0.00,50.00,0.00,0.00,0.00,0.00,4248.84,4248.84,4398.57,4398.57,4248.84,4248.84,4398.57,4398.57,0.00,0.00,0.00,0.00,0.00,0.00,0.00,0.00,0.00,0.00,0.0000,0.0000
2.740169,0.000,0.000,0.00,0.00,0.00,0.0000,0.00,-0.00,0.00,0.00,50.00,0.3000,0.00,0.00,50.00,0.00,0.00,0.00,0.00,4248.84,4248.84,4398.57,4398.57,4248.84,4248.84,4398.57,4398.57,0.00,0.00,0.00,0.00,0.00,0.00,0.00,0.00,0.00,0.00,0.0000,0.0000
2.740169,0.000,0.000,0.00,0.00,0.00,0.0000,0.00,-0.00,0.00,0.00,50.00,0.3000,0.00,0.00,50.00,0.00,0.00,0.00,0.00,4248.84,4248.84,4398.57,4398.57,4248.84,4248.84,4398.57,4398.57,0.00,0.00,0.00,0.00,0.00,0.00,0.00,0.00,0.00,0.00,0.0000,0.0000
2.740169,0.000,0.000,0.00,0.00,0.00,0.0000,0.00,-0.00,0.00,0.00,50.00,0.3000,0.00,0.00,50.00,0.00,0.00,0.00,0.00,4248.84,4248.84,4398.57,4398.57,4248.84,4248.84,4398.57,4398.57,0.00,0.00,0.00,0.00,0.00,0.00,0.00,0.00,0.00,0.00,0.0000,0.0000
2.861376,0.000,0.000,0.00,0.00,0.00,0.0000,0.00,-0.00,0.00,0.00,50.00,0.3000,0.00,0.00,50.00,0.00,0.00,0.00,0.00,4248.84,4248.84,4398.57,4398.57,4248.84,4248.84,4398.57,4398.57,0.00,0.00,0.00,0.00,0.00,0.00,0.00,0.00,0.00,0.00,0.0000,0.0000
2.861376,0.000,0.000,0.00,0.00,0.00,0.0000,0.00,-0.00,0.00,0.00,50.00,0.3000,0.00,0.00,50.00,0.00,0.00,0.00,0.00,4248.84,4248.84,4398.57,4398.57,4248.84,4248.84,4398.57,4398.57,0.00,0.00,0.00,0.00,0.00,0.00,0.00,0.00,0.00,0.00,0.0000,0.0000
2.861376,0.000,0.000,0.00,0.00,0.00,0.0000,0.00,-0.00,0.00,0.00,50.00,0.3000,0.00,0.00,50.00,0.00,0.00,0.00,0.00,4248.84,4248.84,4398.57,4398.57,4248.84,4248.84,4398.57,4398.57,0.00,0.00,0.00,0.00,0.00,0.00,0.00,0.00,0.00,0.00,0.0000,0.0000
2.861376,0.000,0.000,0.00,0.00,0.00,0.0000,0.00,-0.00,0.00,0.00,50.00,0.3000,0.00,0.00,50.00,0.00,0.00,0.00,0.00,4248.84,4248.84,4398.57,4398.57,4248.84,4248.84,4398.57,4398.57,0.00,0.00,0.00,0.00,0.00,0.00,0.00,0.00,0.00,0.00,0.0000,0.0000
2.861376,0.000,0.000,0.00,0.00,0.00,0.0000,0.00,-0.00,0.00,0.00,50.00,0.3000,0.00,0.00,50.00,0.00,0.00,0.00,0.00,4248.84,4248.84,4398.57,4398.57,4248.84,4248.84,4398.57,4398.57,0.00,0.00,0.00,0.00,0.00,0.00,0.00,0.00,0.00,0.00,0.0000,0.0000
2.861376,0.000,0.000,0.00,0.00,0.00,0.0000,0.00,-0.00,0.00,0.00,50.00,0.3000,0.00,0.00,50.00,0.00,0.00,0.00,0.00,4248.84,4248.84,4398.57,4398.57,4248.84,4248.84,4398.57,4398.57,0.00,0.00,0.00,0.00,0.00,0.00,0.00,0.00,0.00,0.00,0.0000,0.0000
2.861376,0.000,0.000,0.00,0.00,0.00,0.0000,0.00,-0.00,0.00,0.00,50.00,0.3000,0.00,0.00,50.00,0.00,0.00,0.00,0.00,4248.84,4248.84,4398.57,4398.57,4248.84,4248.84,4398.57,4398.57,0.00,0.00,0.00,0.00,0.00,0.00,0.00,0.00,0.00,0.00,0.0000,0.0000
2.861376,0.000,0.000,0.00,0.00,0.00,0.0000,0.00,-0.00,0.00,0.00,50.00,0.3000,0.00,0.00,50.00,0.00,0.00,0.00,0.00,4248.84,4248.84,4398.57,4398.57,4248.84,4248.84,4398.57,4398.57,0.00,0.00,0.00,0.00,0.00,0.00,0.00,0.00,0.00,0.00,0.0000,0.0000
2.861376,0.000,0.000,0.00,0.00,0.00,0.0000,0.00,-0.00,0.00,0.00,50.00,0.3000,0.00,0.00,50.00,0.00,0.00,0.00,0.00,4248.84,4248.84,4398.57,4398.57,4248.84,4248.84,4398.57,4398.57,0.00,0.00,0.00,0.00,0.00,0.00,0.00,0.00,0.00,0.00,0.0000,0.0000
2.861376,0.000,0.000,0.00,0.00,0.00,0.0000,0.00,-0.00,0.00,0.00,50.00,0.3000,0.00,0.00,50.00,0.00,0.00,0.00,0.00,4248.84,4248.84,4398.57,4398.57,4248.84,4248.84,4398.57,4398.57,0.00,0.00,0.00,0.00,0.00,0.00,0.00,0.00,0.00,0.00,0.0000,0.0000
2.861376,0.000,0.000,0.00,0.00,0.00,0.0000,0.00,-0.00,0.00,0.00,50.00,0.3000,0.00,0.00,50.00,0.00,0.00,0.00,0.00,4248.84,4248.84,4398.57,4398.57,4248.84,4248.84,4398.57,4398.57,0.00,0.00,0.00,0.00,0.00,0.00,0.00,0.00,0.00,0.00,0.0000,0.0000
2.861376,0.000,0.000,0.00,0.00,0.00,0.0000,0.00,-0.00,0.00,0.00,50.00,0.3000,0.00,0.00,50.00,0.00,0.00,0.00,0.00,4248.84,4248.84,4398.57,4398.57,4248.84,4248.84,4398.57,4398.57,0.00,0.00,0.00,0.00,0.00,0.00,0.00,0.00,0.00,0.00,0.0000,0.0000
3.069057,0.000,0.000,0.00,0.00,0.00,0.0000,0.00,-0.00,0.00,0.00,50.00,0.3000,0.00,0.00,50.00,0.00,0.00,0.00,0.00,4248.84,4248.84,4398.57,4398.57,4248.84,4248.84,4398.57,4398.57,0.00,0.00,0.00,0.00,0.00,0.00,0.00,0.00,0.00,0.00,0.0000,0.0000
3.069057,0.000,0.000,0.00,0.00,0.00,0.0000,0.00,-0.00,0.00,0.00,50.00,0.3000,0.00,0.00,50.00,0.00,0.00,0.00,0.00,4248.84,4248.84,4398.57,4398.57,4248.84,4248.84,4398.57,4398.57,0.00,0.00,0.00,0.00,0.00,0.00,0.00,0.00,0.00,0.00,0.0000,0.0000
3.069057,0.000,0.000,0.00,0.00,0.00,0.0000,0.00,-0.00,0.00,0.00,50.00,0.3000,0.00,0.00,50.00,0.00,0.00,0.00,0.00,4248.84,4248.84,4398.57,4398.57,4248.84,4248.84,4398.57,4398.57,0.00,0.00,0.00,0.00,0.00,0.00,0.00,0.00,0.00,0.00,0.0000,0.0000
3.069057,0.000,0.000,0.00,0.00,0.00,0.0000,0.00,-0.00,0.00,0.00,50.00,0.3000,0.00,0.00,50.00,0.00,0.00,0.00,0.00,4248.84,4248.84,4398.57,4398.57,4248.84,4248.84,4398.57,4398.57,0.00,0.00,0.00,0.00,0.00,0.00,0.00,0.00,0.00,0.00,0.0000,0.0000
3.069057,0.000,0.000,0.00,0.00,0.00,0.0000,0.00,-0.00,0.00,0.00,50.00,0.3000,0.00,0.00,50.00,0.00,0.00,0.00,0.00,4248.84,4248.84,4398.57,4398.57,4248.84,4248.84,4398.57,4398.57,0.00,0.00,0.00,0.00,0.00,0.00,0.00,0.00,0.00,0.00,0.0000,0.0000
3.069057,0.000,0.000,0.00,0.00,0.00,0.0000,0.00,-0.00,0.00,0.00,50.00,0.3000,0.00,0.00,50.00,0.00,0.00,0.00,0.00,4248.84,4248.84,4398.57,4398.57,4248.84,4248.84,4398.57,4398.57,0.00,0.00,0.00,0.00,0.00,0.00,0.00,0.00,0.00,0.00,0.0000,0.0000
3.069057,0.000,0.000,0.00,0.00,0.00,0.0000,0.00,-0.00,0.00,0.00,50.00,0.3000,0.00,0.00,50.00,0.00,0.00,0.00,0.00,4248.84,4248.84,4398.57,4398.57,4248.84,4248.84,4398.57,4398.57,0.00,0.00,0.00,0.00,0.00,0.00,0.00,0.00,0.00,0.00,0.0000,0.0000
3.069057,0.000,0.000,0.00,0.00,0.00,0.0000,0.00,-0.00,0.00,0.00,50.00,0.3000,0.00,0.00,50.00,0.00,0.00,0.00,0.00,4248.84,4248.84,4398.57,4398.57,4248.84,4248.84,4398.57,4398.57,0.00,0.00,0.00,0.00,0.00,0.00,0.00,0.00,0.00,0.00,0.0000,0.0000
3.069057,0.000,0.000,0.00,0.00,0.00,0.0000,0.00,-0.00,0.00,0.00,50.00,0.3000,0.00,0.00,50.00,0.00,0.00,0.00,0.00,4248.84,4248.84,4398.57,4398.57,4248.84,4248.84,4398.57,4398.57,0.00,0.00,0.00,0.00,0.00,0.00,0.00,0.00,0.00,0.00,0.0000,0.0000
3.069057,0.000,0.000,0.00,0.00,0.00,0.0000,0.00,-0.00,0.00,0.00,50.00,0.3000,0.00,0.00,50.00,0.00,0.00,0.00,0.00,4248.84,4248.84,4398.57,4398.57,4248.84,4248.84,4398.57,4398.57,0.00,0.00,0.00,0.00,0.00,0.00,0.00,0.00,0.00,0.00,0.0000,0.0000
3.069057,0.000,0.000,0.00,0.00,0.00,0.0000,0.00,-0.00,0.00,0.00,50.00,0.3000,0.00,0.00,50.00,0.00,0.00,0.00,0.00,4248.84,4248.84,4398.57,4398.57,4248.84,4248.84,4398.57,4398.57,0.00,0.00,0.00,0.00,0.00,0.00,0.00,0.00,0.00,0.00,0.0000,0.0000
3.069057,0.000,0.000,0.00,0.00,0.00,0.0000,0.00,-0.00,0.00,0.00,50.00,0.3000,0.00,0.00,50.00,0.00,0.00,0.00,0.00,4248.84,4248.84,4398.57,4398.57,4248.84,4248.84,4398.57,4398.57,0.00,0.00,0.00,0.00,0.00,0.00,0.00,0.00,0.00,0.00,0.0000,0.0000
3.156117,0.000,0.000,0.00,0.00,0.00,0.0000,0.00,-0.00,0.00,0.00,50.00,0.3000,0.00,0.00,50.00,0.00,0.00,0.00,0.00,4248.84,4248.84,4398.57,4398.57,4248.84,4248.84,4398.57,4398.57,0.00,0.00,0.00,0.00,0.00,0.00,0.00,0.00,0.00,0.00,0.0000,0.0000
3.156117,0.000,0.000,0.00,0.00,0.00,0.0000,0.00,-0.00,0.00,0.00,50.00,0.3000,0.00,0.00,50.00,0.00,0.00,0.00,0.00,4248.84,4248.84,4398.57,4398.57,4248.84,4248.84,4398.57,4398.57,0.00,0.00,0.00,0.00,0.00,0.00,0.00,0.00,0.00,0.00,0.0000,0.0000
3.156117,0.000,0.000,0.00,0.00,0.00,0.0000,0.00,-0.00,0.00,0.00,50.00,0.3000,0.00,0.00,50.00,0.00,0.00,0.00,0.00,4248.84,4248.84,4398.57,4398.57,4248.84,4248.84,4398.57,4398.57,0.00,0.00,0.00,0.00,0.00,0.00,0.00,0.00,0.00,0.00,0.0000,0.0000
3.156117,0.000,0.000,0.00,0.00,0.00,0.0000,0.00,-0.00,0.00,0.00,50.00,0.3000,0.00,0.00,50.00,0.00,0.00,0.00,0.00,4248.84,4248.84,4398.57,4398.57,4248.84,4248.84,4398.57,4398.57,0.00,0.00,0.00,0.00,0.00,0.00,0.00,0.00,0.00,0.00,0.0000,0.0000
3.156117,0.000,0.000,0.00,0.00,0.00,0.0000,0.00,-0.00,0.00,0.00,50.00,0.3000,0.00,0.00,50.00,0.00,0.00,0.00,0.00,4248.84,4248.84,4398.57,4398.57,4248.84,4248.84,4398.57,4398.57,0.00,0.00,0.00,0.00,0.00,0.00,0.00,0.00,0.00,0.00,0.0000,0.0000
3.156117,0.000,0.000,0.00,0.00,0.00,0.0000,0.00,-0.00,0.00,0.00,50.00,0.3000,0.00,0.00,50.00,0.00,0.00,0.00,0.00,4248.84,4248.84,4398.57,4398.57,4248.84,4248.84,4398.57,4398.57,0.00,0.00,0.00,0.00,0.00,0.00,0.00,0.00,0.00,0.00,0.0000,0.0000
3.156117,0.000,0.000,0.00,0.00,0.00,0.0000,0.00,-0.00,0.00,0.00,50.00,0.3000,0.00,0.00,50.00,0.00,0.00,0.00,0.00,4248.84,4248.84,4398.57,4398.57,4248.84,4248.84,4398.57,4398.57,0.00,0.00,0.00,0.00,0.00,0.00,0.00,0.00,0.00,0.00,0.0000,0.0000
3.156117,0.000,0.000,0.00,0.00,0.00,0.0000,0.00,-0.00,0.00,0.00,50.00,0.3000,0.00,0.00,50.00,0.00,0.00,0.00,0.00,4248.84,4248.84,4398.57,4398.57,4248.84,4248.84,4398.57,4398.57,0.00,0.00,0.00,0.00,0.00,0.00,0.00,0.00,0.00,0.00,0.0000,0.0000
3.156117,0.000,0.000,0.00,0.00,0.00,0.0000,0.00,-0.00,0.00,0.00,50.00,0.3000,0.00,0.00,50.00,0.00,0.00,0.00,0.00,4248.84,4248.84,4398.57,4398.57,4248.84,4248.84,4398.57,4398.57,0.00,0.00,0.00,0.00,0.00,0.00,0.00,0.00,0.00,0.00,0.0000,0.0000
3.156117,0.000,0.000,0.00,0.00,0.00,0.0000,0.00,-0.00,0.00,0.00,50.00,0.3000,0.00,0.00,50.00,0.00,0.00,0.00,0.00,4248.84,4248.84,4398.57,4398.57,4248.84,4248.84,4398.57,4398.57,0.00,0.00,0.00,0.00,0.00,0.00,0.00,0.00,0.00,0.00,0.0000,0.0000
3.156117,0.000,0.000,0.00,0.00,0.00,0.0000,0.00,-0.00,0.00,0.00,50.00,0.3000,0.00,0.00,50.00,0.00,0.00,0.00,0.00,4248.84,4248.84,4398.57,4398.57,4248.84,4248.84,4398.57,4398.57,0.00,0.00,0.00,0.00,0.00,0.00,0.00,0.00,0.00,0.00,0.0000,0.0000
3.245563,0.000,0.000,0.00,0.00,0.00,0.0000,0.00,-0.00,0.00,0.00,50.00,0.3000,0.00,0.00,50.00,0.00,0.00,0.00,0.00,4248.84,4248.84,4398.57,4398.57,4248.84,4248.84,4398.57,4398.57,0.00,0.00,0.00,0.00,0.00,0.00,0.00,0.00,0.00,0.00,0.0000,0.0000
3.245563,0.000,0.000,0.00,0.00,0.00,0.0000,0.00,-0.00,0.00,0.00,50.00,0.3000,0.00,0.00,50.00,0.00,0.00,0.00,0.00,4248.84,4248.84,4398.57,4398.57,4248.84,4248.84,4398.57,4398.57,0.00,0.00,0.00,0.00,0.00,0.00,0.00,0.00,0.00,0.00,0.0000,0.0000
3.245563,0.000,0.000,0.00,0.00,0.00,0.0000,0.00,-0.00,0.00,0.00,50.00,0.3000,0.00,0.00,50.00,0.00,0.00,0.00,0.00,4248.84,4248.84,4398.57,4398.57,4248.84,4248.84,4398.57,4398.57,0.00,0.00,0.00,0.00,0.00,0.00,0.00,0.00,0.00,0.00,0.0000,0.0000
3.245563,0.000,0.000,0.00,0.00,0.00,0.0000,0.00,-0.00,0.00,0.00,50.00,0.3000,0.00,0.00,50.00,0.00,0.00,0.00,0.00,4248.84,4248.84,4398.57,4398.57,4248.84,4248.84,4398.57,4398.57,0.00,0.00,0.00,0.00,0.00,0.00,0.00,0.00,0.00,0.00,0.0000,0.0000
3.245563,0.000,0.000,0.00,0.00,0.00,0.0000,0.00,-0.00,0.00,0.00,50.00,0.3000,0.00,0.00,50.00,0.00,0.00,0.00,0.00,4248.84,4248.84,4398.57,4398.57,4248.84,4248.84,4398.57,4398.57,0.00,0.00,0.00,0.00,0.00,0.00,0.00,0.00,0.00,0.00,0.0000,0.0000
3.245563,0.000,0.000,0.00,0.00,0.00,0.0000,0.00,-0.00,0.00,0.00,50.00,0.3000,0.00,0.00,50.00,0.00,0.00,0.00,0.00,4248.84,4248.84,4398.57,4398.57,4248.84,4248.84,4398.57,4398.57,0.00,0.00,0.00,0.00,0.00,0.00,0.00,0.00,0.00,0.00,0.0000,0.0000
3.245563,0.000,0.000,0.00,0.00,0.00,0.0000,0.00,-0.00,0.00,0.00,50.00,0.3000,0.00,0.00,50.00,0.00,0.00,0.00,0.00,4248.84,4248.84,4398.57,4398.57,4248.84,4248.84,4398.57,4398.57,0.00,0.00,0.00,0.00,0.00,0.00,0.00,0.00,0.00,0.00,0.0000,0.0000
3.245563,0.000,0.000,0.00,0.00,0.00,0.0000,0.00,-0.00,0.00,0.00,50.00,0.3000,0.00,0.00,50.00,0.00,0.00,0.00,0.00,4248.84,4248.84,4398.57,4398.57,4248.84,4248.84,4398.57,4398.57,0.00,0.00,0.00,0.00,0.00,0.00,0.00,0.00,0.00,0.00,0.0000,0.0000
3.245563,0.000,0.000,0.00,0.00,0.00,0.0000,0.00,-0.00,0.00,0.00,50.00,0.3000,0.00,0.00,50.00,0.00,0.00,0.00,0.00,4248.84,4248.84,4398.57,4398.57,4248.84,4248.84,4398.57,4398.57,0.00,0.00,0.00,0.00,0.00,0.00,0.00,0.00,0.00,0.00,0.0000,0.0000
3.245563,0.000,0.000,0.00,0.00,0.00,0.0000,0.00,-0.00,0.00,0.00,50.00,0.3000,0.00,0.00,50.00,0.00,0.00,0.00,0.00,4248.84,4248.84,4398.57,4398.57,4248.84,4248.84,4398.57,4398.57,0.00,0.00,0.00,0.00,0.00,0.00,0.00,0.00,0.00,0.00,0.0000,0.0000
3.245563,0.000,0.000,0.00,0.00,0.00,0.0000,0.00,-0.00,0.00,0.00,50.00,0.3000,0.00,0.00,50.00,0.00,0.00,0.00,0.00,4248.84,4248.84,4398.57,4398.57,4248.84,4248.84,4398.57,4398.57,0.00,0.00,0.00,0.00,0.00,0.00,0.00,0.00,0.00,0.00,0.0000,0.0000
3.364824,0.000,0.000,0.00,0.00,0.00,0.0000,0.00,-0.00,0.00,0.00,50.00,0.3000,0.00,0.00,50.00,0.00,0.00,0.00,0.00,4248.84,4248.84,4398.57,4398.57,4248.84,4248.84,4398.57,4398.57,0.00,0.00,0.00,0.00,0.00,0.00,0.00,0.00,0.00,0.00,0.0000,0.0000
3.364824,0.000,0.000,0.00,0.00,0.00,0.0000,0.00,-0.00,0.00,0.00,50.00,0.3000,0.00,0.00,50.00,0.00,0.00,0.00,0.00,4248.84,4248.84,4398.57,4398.57,4248.84,4248.84,4398.57,4398.57,0.00,0.00,0.00,0.00,0.00,0.00,0.00,0.00,0.00,0.00,0.0000,0.0000
3.364824,0.000,0.000,0.00,0.00,0.00,0.0000,0.00,-0.00,0.00,0.00,50.00,0.3000,0.00,0.00,50.00,0.00,0.00,0.00,0.00,4248.84,4248.84,4398.57,4398.57,4248.84,4248.84,4398.57,4398.57,0.00,0.00,0.00,0.00,0.00,0.00,0.00,0.00,0.00,0.00,0.0000,0.0000
3.364824,0.000,0.000,0.00,0.00,0.00,0.0000,0.00,-0.00,0.00,0.00,50.00,0.3000,0.00,0.00,50.00,0.00,0.00,0.00,0.00,4248.84,4248.84,4398.57,4398.57,4248.84,4248.84,4398.57,4398.57,0.00,0.00,0.00,0.00,0.00,0.00,0.00,0.00,0.00,0.00,0.0000,0.0000
3.364824,0.000,0.000,0.00,0.00,0.00,0.0000,0.00,-0.00,0.00,0.00,50.00,0.3000,0.00,0.00,50.00,0.00,0.00,0.00,0.00,4248.84,4248.84,4398.57,4398.57,4248.84,4248.84,4398.57,4398.57,0.00,0.00,0.00,0.00,0.00,0.00,0.00,0.00,0.00,0.00,0.0000,0.0000
3.364824,0.000,0.000,0.00,0.00,0.00,0.0000,0.00,-0.00,0.00,0.00,50.00,0.3000,0.00,0.00,50.00,0.00,0.00,0.00,0.00,4248.84,4248.84,4398.57,4398.57,4248.84,4248.84,4398.57,4398.57,0.00,0.00,0.00,0.00,0.00,0.00,0.00,0.00,0.00,0.00,0.0000,0.0000
3.364824,0.000,0.000,0.00,0.00,0.00,0.0000,0.00,-0.00,0.00,0.00,50.00,0.3000,0.00,0.00,50.00,0.00,0.00,0.00,0.00,4248.84,4248.84,4398.57,4398.57,4248.84,4248.84,4398.57,4398.57,0.00,0.00,0.00,0.00,0.00,0.00,0.00,0.00,0.00,0.00,0.0000,0.0000
3.364824,0.000,0.000,0.00,0.00,0.00,0.0000,0.00,-0.00,0.00,0.00,50.00,0.3000,0.00,0.00,50.00,0.00,0.00,0.00,0.00,4248.84,4248.84,4398.57,4398.57,4248.84,4248.84,4398.57,4398.57,0.00,0.00,0.00,0.00,0.00,0.00,0.00,0.00,0.00,0.00,0.0000,0.0000
3.364824,0.000,0.000,0.00,0.00,0.00,0.0000,0.00,-0.00,0.00,0.00,50.00,0.3000,0.00,0.00,50.00,0.00,0.00,0.00,0.00,4248.84,4248.84,4398.57,4398.57,4248.84,4248.84,4398.57,4398.57,0.00,0.00,0.00,0.00,0.00,0.00,0.00,0.00,0.00,0.00,0.0000,0.0000
3.364824,0.000,0.000,0.00,0.00,0.00,0.0000,0.00,-0.00,0.00,0.00,50.00,0.3000,0.00,0.00,50.00,0.00,0.00,0.00,0.00,4248.84,4248.84,4398.57,4398.57,4248.84,4248.84,4398.57,4398.57,0.00,0.00,0.00,0.00,0.00,0.00,0.00,0.00,0.00,0.00,0.0000,0.0000
3.364824,0.000,0.000,0.00,0.00,0.00,0.0000,0.00,-0.00,0.00,0.00,50.00,0.3000,0.00,0.00,50.00,0.00,0.00,0.00,0.00,4248.84,4248.84,4398.57,4398.57,4248.84,4248.84,4398.57,4398.57,0.00,0.00,0.00,0.00,0.00,0.00,0.00,0.00,0.00,0.00,0.0000,0.0000
3.364824,0.000,0.000,0.00,0.00,0.00,0.0000,0.00,-0.00,0.00,0.00,50.00,0.3000,0.00,0.00,50.00,0.00,0.00,0.00,0.00,4248.84,4248.84,4398.57,4398.57,4248.84,4248.84,4398.57,4398.57,0.00,0.00,0.00,0.00,0.00,0.00,0.00,0.00,0.00,0.00,0.0000,0.0000
3.515593,0.000,0.000,0.00,0.00,0.00,0.0000,0.00,-0.00,0.00,0.00,50.00,0.3000,0.00,0.00,50.00,0.00,0.00,0.00,0.00,4248.84,4248.84,4398.57,4398.57,4248.84,4248.84,4398.57,4398.57,0.00,0.00,0.00,0.00,0.00,0.00,0.00,0.00,0.00,0.00,0.0000,0.0000
3.515593,0.000,0.000,0.00,0.00,0.00,0.0000,0.00,-0.00,0.00,0.00,50.00,0.3000,0.00,0.00,50.00,0.00,0.00,0.00,0.00,4248.84,4248.84,4398.57,4398.57,4248.84,4248.84,4398.57,4398.57,0.00,0.00,0.00,0.00,0.00,0.00,0.00,0.00,0.00,0.00,0.0000,0.0000
3.515593,0.000,0.000,0.00,0.00,0.00,0.0000,0.00,-0.00,0.00,0.00,50.00,0.3000,0.00,0.00,50.00,0.00,0.00,0.00,0.00,4248.84,4248.84,4398.57,4398.57,4248.84,4248.84,4398.57,4398.57,0.00,0.00,0.00,0.00,0.00,0.00,0.00,0.00,0.00,0.00,0.0000,0.0000
3.515593,0.000,0.000,0.00,0.00,0.00,0.0000,0.00,-0.00,0.00,0.00,50.00,0.3000,0.00,0.00,50.00,0.00,0.00,0.00,0.00,4248.84,4248.84,4398.57,4398.57,4248.84,4248.84,4398.57,4398.57,0.00,0.00,0.00,0.00,0.00,0.00,0.00,0.00,0.00,0.00,0.0000,0.0000
3.515593,0.000,0.000,0.00,0.00,0.00,0.0000,0.00,-0.00,0.00,0.00,50.00,0.3000,0.00,0.00,50.00,0.00,0.00,0.00,0.00,4248.84,4248.84,4398.57,4398.57,4248.84,4248.84,4398.57,4398.57,0.00,0.00,0.00,0.00,0.00,0.00,0.00,0.00,0.00,0.00,0.0000,0.0000
3.515593,0.000,0.000,0.00,0.00,0.00,0.0000,0.00,-0.00,0.00,0.00,50.00,0.3000,0.00,0.00,50.00,0.00,0.00,0.00,0.00,4248.84,4248.84,4398.57,4398.57,4248.84,4248.84,4398.57,4398.57,0.00,0.00,0.00,0.00,0.00,0.00,0.00,0.00,0.00,0.00,0.0000,0.0000
3.515593,0.000,0.000,0.00,0.00,0.00,0.0000,0.00,-0.00,0.00,0.00,50.00,0.3000,0.00,0.00,50.00,0.00,0.00,0.00,0.00,4248.84,4248.84,4398.57,4398.57,4248.84,4248.84,4398.57,4398.57,0.00,0.00,0.00,0.00,0.00,0.00,0.00,0.00,0.00,0.00,0.0000,0.0000
3.515593,0.000,0.000,0.00,0.00,0.00,0.0000,0.00,-0.00,0.00,0.00,50.00,0.3000,0.00,0.00,50.00,0.00,0.00,0.00,0.00,4248.84,4248.84,4398.57,4398.57,4248.84,4248.84,4398.57,4398.57,0.00,0.00,0.00,0.00,0.00,0.00,0.00,0.00,0.00,0.00,0.0000,0.0000
3.515593,0.000,0.000,0.00,0.00,0.00,0.0000,0.00,-0.00,0.00,0.00,50.00,0.3000,0.00,0.00,50.00,0.00,0.00,0.00,0.00,4248.84,4248.84,4398.57,4398.57,4248.84,4248.84,4398.57,4398.57,0.00,0.00,0.00,0.00,0.00,0.00,0.00,0.00,0.00,0.00,0.0000,0.0000
3.515593,0.000,0.000,0.00,0.00,0.00,0.0000,0.00,-0.00,0.00,0.00,50.00,0.3000,0.00,0.00,50.00,0.00,0.00,0.00,0.00,4248.84,4248.84,4398.57,4398.57,4248.84,4248.84,4398.57,4398.57,0.00,0.00,0.00,0.00,0.00,0.00,0.00,0.00,0.00,0.00,0.0000,0.0000
3.515593,0.000,0.000,0.00,0.00,0.00,0.0000,0.00,-0.00,0.00,0.00,50.00,0.3000,0.00,0.00,50.00,0.00,0.00,0.00,0.00,4248.84,4248.84,4398.57,4398.57,4248.84,4248.84,4398.57,4398.57,0.00,0.00,0.00,0.00,0.00,0.00,0.00,0.00,0.00,0.00,0.0000,0.0000
3.515593,0.000,0.000,0.00,0.00,0.00,0.0000,0.00,-0.00,0.00,0.00,50.00,0.3000,0.00,0.00,50.00,0.00,0.00,0.00,0.00,4248.84,4248.84,4398.57,4398.57,4248.84,4248.84,4398.57,4398.57,0.00,0.00,0.00,0.00,0.00,0.00,0.00,0.00,0.00,0.00,0.0000,0.0000
3.621977,0.000,0.000,0.00,0.00,0.00,0.0000,0.00,-0.00,0.00,0.00,50.00,0.3000,0.00,0.00,50.00,0.00,0.00,0.00,0.00,4248.84,4248.84,4398.57,4398.57,4248.84,4248.84,4398.57,4398.57,0.00,0.00,0.00,0.00,0.00,0.00,0.00,0.00,0.00,0.00,0.0000,0.0000
3.621977,0.000,0.000,0.00,0.00,0.00,0.0000,0.00,-0.00,0.00,0.00,50.00,0.3000,0.00,0.00,50.00,0.00,0.00,0.00,0.00,4248.84,4248.84,4398.57,4398.57,4248.84,4248.84,4398.57,4398.57,0.00,0.00,0.00,0.00,0.00,0.00,0.00,0.00,0.00,0.00,0.0000,0.0000
3.621977,0.000,0.000,0.00,0.00,0.00,0.0000,0.00,-0.00,0.00,0.00,50.00,0.3000,0.00,0.00,50.00,0.00,0.00,0.00,0.00,4248.84,4248.84,4398.57,4398.57,4248.84,4248.84,4398.57,4398.57,0.00,0.00,0.00,0.00,0.00,0.00,0.00,0.00,0.00,0.00,0.0000,0.0000
3.621977,0.000,0.000,0.00,0.00,0.00,0.0000,0.00,-0.00,0.00,0.00,50.00,0.3000,0.00,0.00,50.00,0.00,0.00,0.00,0.00,4248.84,4248.84,4398.57,4398.57,4248.84,4248.84,4398.57,4398.57,0.00,0.00,0.00,0.00,0.00,0.00,0.00,0.00,0.00,0.00,0.0000,0.0000
3.621977,0.000,0.000,0.00,0.00,0.00,0.0000,0.00,-0.00,0.00,0.00,50.00,0.3000,0.00,0.00,50.00,0.00,0.00,0.00,0.00,4248.84,4248.84,4398.57,4398.57,4248.84,4248.84,4398.57,4398.57,0.00,0.00,0.00,0.00,0.00,0.00,0.00,0.00,0.00,0.00,0.0000,0.0000
3.621977,0.000,0.000,0.00,0.00,0.00,0.0000,0.00,-0.00,0.00,0.00,50.00,0.3000,0.00,0.00,50.00,0.00,0.00,0.00,0.00,4248.84,4248.84,4398.57,4398.57,4248.84,4248.84,4398.57,4398.57,0.00,0.00,0.00,0.00,0.00,0.00,0.00,0.00,0.00,0.00,0.0000,0.0000
3.621977,0.000,0.000,0.00,0.00,0.00,0.0000,0.00,-0.00,0.00,0.00,50.00,0.3000,0.00,0.00,50.00,0.00,0.00,0.00,0.00,4248.84,4248.84,4398.57,4398.57,4248.84,4248.84,4398.57,4398.57,0.00,0.00,0.00,0.00,0.00,0.00,0.00,0.00,0.00,0.00,0.0000,0.0000
3.621977,0.005,0.001,0.00,0.00,0.00,0.0000,0.00,-0.00,0.00,0.00,50.00,0.3000,0.00,0.00,50.00,0.00,0.00,0.00,0.00,4248.84,4248.84,4398.57,4398.57,4248.53,4248.91,4398.49,4398.91,-0.31,0.06,-0.08,0.34,0.00,0.00,0.00,0.00,0.25,0.40,0.0000,0.0000
3.621977,0.005,0.001,0.00,0.00,0.00,0.0000,0.00,-0.00,0.00,0.00,50.00,0.3000,0.00,0.00,50.00,0.00,0.00,0.00,0.00,4248.84,4248.84,4398.57,4398.57,4248.81,4249.00,4398.41,4398.62,-0.04,0.15,-0.16,0.05,0.00,0.00,0.00,0.00,-0.12,0.20,0.0000,0.0000
3.621977,0.024,0.007,0.00,0.00,0.00,0.0000,0.00,-0.00,0.00,0.00,50.00,0.3000,0.00,0.00,50.00,0.00,0.00,0.00,0.00,4248.84,4248.84,4398.57,4398.57,4156.43,4266.73,4373.84,4497.84,-92.42,17.88,-24.73,99.27,0.00,0.00,0.00,0.00,74.53,117.15,0.0000,0.0000
3.621977,0.012,0.003,0.00,0.00,0.00,0.0000,0.00,-0.00,0.00,0.00,50.00,0.3000,0.00,0.00,50.00,0.00,0.00,0.00,0.00,4248.84,4248.84,4398.57,4398.57,4206.27,4386.12,4250.12,4452.31,-42.58,137.28,-148.45,53.74,0.00,0.00,0.00,0.00,-94.70,191.02,0.0000,0.0000
3.621977,0.000,0.000,0.00,0.00,0.00,0.0000,0.00,-0.00,0.00,0.00,50.00,0.3000,0.00,0.00,50.00,0.00,0.00,0.00,0.00,4248.84,4248.84,4398.57,4398.57,4204.14,4273.51,4369.60,4447.58,-44.70,24.66,-28.97,49.01,0.00,0.00,0.00,0.00,20.04,73.67,0.0000,0.0000
3.748312,0.022,0.006,0.00,0.00,0.00,0.0000,0.00,-0.00,0.00,0.00,50.00,0.3000,0.00,0.00,50.00,0.00,0.00,0.00,0.00,4248.84,4248.84,4398.57,4398.57,4163.34,4265.47,4375.60,4490.42,-85.51,16.63,-22.97,91.85,0.00,0.00,0.00,0.00,68.88,108.47,0.0000,0.0000
3.748312,0.050,0.014,0.00,0.00,0.00,0.0000,0.00,-0.00,0.00,0.00,50.00,0.3000,0.00,0.00,50.00,0.00,0.00,0.00,0.00,4248.84,4248.84,4398.57,4398.57,4151.08,4257.15,4383.68,4502.93,-97.77,8.31,-14.89,104.35,0.00,0.00,0.00,0.00,89.46,112.66,0.0000,0.0000
3.748312,0.017,0.005,0.00,0.00,0.00,0.0000,0.00,-0.00,0.00,0.00,50.00,0.3000,0.00,0.00,50.00,0.00,0.00,0.00,0.00,4248.84,4248.84,4398.57,4398.57,4186.41,4497.52,4130.57,4480.33,-62.44,248.68,-268.00,81.76,0.00,0.00,0.00,0.00,-186.24,330.43,0.0000,0.0000
3.748312,0.044,0.012,0.00,0.00,0.00,0.0000,0.00,-0.00,0.00,0.00,50.00,0.3000,0.00,0.00,50.00,0.00,0.00,0.00,0.00,4248.84,4248.84,4398.57,4398.57,3994.47,4358.77,4266.02,4675.57,-254.38,109.93,-132.55,277.00,0.00,0.00,0.00,0.00,144.45,386.92,0.0000,0.0000
3.748312,0.074,0.021,0.00,0.00,0.00,0.0000,0.00,-0.00,0.00,0.00,50.00,0.3000,0.00,0.00,50.00,0.00,0.00,0.00,0.00,4248.84,4248.84,4398.57,4398.57,4177.65,4194.23,4452.15,4470.79,-71.19,-54.61,53.58,72.22,0.00,0.00,0.00,0.00,125.80,17.61,0.0000,0.0000
3.748312,0.109,0.030,0.00,0.00,0.00,0.0000,0.00,-0.00,0.00,0.00,50.00,0.3000,0.00,0.00,50.00,0.00,0.00,0.00,0.00,4248.84,4248.84,4398.57,4398.57,4103.79,4290.95,4344.84,4555.24,-145.05,42.11,-53.73,156.67,0.00,0.00,0.00,0.00,102.94,198.78,0.0000,0.0000
3.748312,0.142,0.039,0.00,0.00,0.00,0.0000,0.00,-0.00,0.00,0.00,50.00,0.3000,0.00,0.00,50.00,0.00,0.00,0.00,0.00,4248.84,4248.84,4398.57,4398.57,4131.49,4257.52,4382.07,4523.75,-117.35,8.68,-16.50,125.18,0.00,0.00,0.00,0.00,108.67,133.86,0.0000,0.0000
3.748312,0.089,0.025,0.00,0.00,0.00,0.0000,0.00,-0.00,0.00,0.00,50.00,0.3000,0.00,0.00,50.00,0.00,0.00,0.00,0.00,4248.84,4248.84,4398.57,4398.57,4172.18,4481.43,4146.78,4494.44,-76.66,232.58,-251.78,95.87,0.00,0.00,0.00,0.00,-155.92,328.45,0.0000,0.0000
3.748312,0.148,0.041,0.00,0.00,0.00,0.0000,0.00,-0.00,0.00,0.00,50.00,0.3000,0.00,0.00,50.00,0.00,0.00,0.00,0.00,4248.84,4248.84,4398.57,4398.57,3955.67,4387.29,4233.32,4718.55,-293.18,138.44,-165.25,319.98,0.00,0.00,0.00,0.00,154.73,458.42,0.0000,0.0000
3.748312,0.189,0.052,0.00,0.00,0.00,0.0000,0.00,-0.00,0.00,0.00,50.00,0.3000,0.00,0.00,50.00,0.00,0.00,0.00,0.00,4248.84,4248.84,4398.57,4398.57,4127.38,4221.67,4419.89,4525.89,-121.47,-27.18,21.32,127.32,0.00,0.00,0.00,0.00,148.64,100.14,0.0000,0.0000
3.748312,0.269,0.075,0.00,0.00,0.00,0.0000,0.00,-0.00,0.00,0.00,50.00,0.3000,0.00,0.00,50.00,0.00,0.00,0.00,0.00,4248.84,4248.84,4398.57,4398.57,4017.70,4184.37,4452.69,4640.06,-231.14,-64.47,54.12,241.49,0.00,0.00,0.00,0.00,295.62,177.02,0.0000,0.0000
3.748312,0.390,0.108,0.01,0.00,0.00,0.0000,0.00,-0.00,0.00,0.00,50.00,0.3000,0.00,0.00,50.00,0.00,0.00,0.00,0.00,4248.84,4248.84,4398.57,4398.57,3902.27,4162.72,4468.52,4761.32,-346.57,-86.13,69.95,362.75,0.00,0.00,0.00,0.00,432.70,276.62,0.0000,0.0000
3.879737,0.510,0.142,0.01,0.00,0.00,0.0000,0.00,-0.00,0.00,0.00,50.00,0.3000,0.00,0.00,50.00,0.00,0.00,0.00,0.00,4248.84,4248.84,4398.57,4398.57,3892.16,4182.22,4447.18,4773.27,-356.68,-66.62,48.61,374.70,0.00,0.00,0.00,0.00,423.31,308.07,0.0000,0.0000
3.879737,0.632,0.175,0.02,0.00,0.00,0.0000,0.00,-0.00,0.00,0.00,50.00,0.3000,0.00,0.00,50.00,0.00,0.00,0.00,0.00,4248.84,4248.84,4398.57,4398.57,3860.91,4216.51,4408.82,4808.58,-387.93,-32.34,10.26,410.01,0.00,0.00,0.00,0.00,420.27,377.67,0.0000,0.0000
3.879737,0.756,0.210,0.03,0.00,0.00,0.0000,0.00,-0.00,0.00,0.00,50.00,0.3000,0.00,0.00,50.00,0.00,0.00,0.00,0.00,4248.84,4248.84,4398.57,4398.57,3863.27,4201.60,4424.80,4805.16,-385.58,-47.24,26.23,406.59,0.00,0.00,0.00,0.00,432.82,359.34,0.0000,0.0000
3.879737,0.883,0.245,0.04,0.00,0.00,0.0000,0.00,-0.00,0.00,0.00,50.00,0.3000,0.00,0.00,50.00,0.00,0.00,0.00,0.00,4248.84,4248.84,4398.57,4398.57,3853.90,4200.97,4424.89,4815.07,-394.95,-47.88,26.32,416.50,0.00,0.00,0.00,0.00,442.82,368.62,0.0000,0.0000
3.879737,1.013,0.281,0.05,0.00,0.00,0.0000,0.00,-0.00,0.00,0.00,50.00,0.3000,0.00,0.00,50.00,0.00,0.00,0.00,0.00,4248.84,4248.84,4398.57,4398.57,3841.32,4206.90,4417.81,4828.80,-407.52,-41.95,19.24,430.23,0.00,0.00,0.00,0.00,449.47,388.28,0.0000,0.0000
3.879737,1.144,0.318,0.06,0.00,0.00,0.0000,0.00,-0.00,0.00,0.00,50.00,0.3000,0.00,0.00,50.00,0.00,0.00,0.00,0.00,4248.84,4248.84,4398.57,4398.57,3833.97,4208.60,4415.55,4836.71,-414.88,-40.25,16.99,438.14,0.00,0.00,0.00,0.00,455.13,397.89,0.0000,0.0000
3.879737,1.277,0.355,0.08,0.00,0.00,0.0000,0.00,-0.00,0.00,0.00,50.00,0.3000,0.00,0.00,50.00,0.00,0.00,0.00,0.00,4248.84,4248.84,4398.57,4398.57,3826.73,4211.94,4411.55,4844.61,-422.12,-36.90,12.98,446.04,0.00,0.00,0.00,0.00,459.02,409.14,0.0000,0.0000
3.879737,1.412,0.392,0.09,0.00,0.00,0.0000,0.00,-0.00,0.00,0.00,50.00,0.3000,0.00,0.00,50.00,0.00,0.00,0.00,0.00,4248.84,4248.84,4398.57,4398.57,3814.96,4220.33,4401.91,4857.62,-433.88,-28.52,3.34,459.05,0.00,0.00,0.00,0.00,462.40,430.53,0.0000,0.0000
3.879737,1.547,0.430,0.11,0.00,0.00,0.0000,0.00,-0.00,0.00,0.00,50.00,0.3000,0.00,0.00,50.00,0.00,0.00,0.00,0.00,4248.84,4248.84,4398.57,4398.57,3817.44,4214.31,4408.46,4854.62,-431.40,-34.53,9.89,456.04,0.00,0.00,0.00,0.00,465.93,421.51,0.0000,0.0000
3.879737,1.683,0.468,0.13,0.00,0.00,0.0000,0.00,-0.00,0.00,0.00,50.00,0.3000,0.00,0.00,50.00,0.00,0.00,0.00,0.00,4248.84,4248.84,4398.57,4398.57,3809.23,4220.15,4401.75,4863.70,-439.61,-28.70,3.18,465.13,0.00,0.00,0.00,0.00,468.31,436.43,0.0000,0.0000
3.879737,1.820,0.506,0.16,0.45,0.98,0.0000,0.09,-0.04,0.02,0.33,50.00,0.3000,0.46,0.55,50.00,0.23,0.23,0.27,0.27,4248.84,4248.84,4398.57,4398.57,3808.36,4219.57,4402.81,4865.10,-440.49,-29.27,4.24,466.53,0.23,0.23,0.27,0.27,470.27,436.75,0.0000,0.0000
3.879737,1.957,0.544,0.18,0.52,1.14,0.0000,0.11,-0.05,0.03,0.38,50.00,0.3000,0.54,0.63,47.37,0.27,0.27,0.32,0.32,4248.84,4248.84,4398.57,4398.57,3805.05,4221.63,4400.50,4868.82,-443.80,-27.21,1.93,470.25,0.27,0.27,0.32,0.32,471.60,442.45,0.0000,0.0000
4.004574,2.095,0.582,0.21,0.60,1.30,0.0000,0.12,-0.06,0.03,0.44,50.00,0.3000,0.62,0.72,47.53,0.31,0.31,0.36,0.36,4248.84,4248.84,4398.57,4398.57,3810.91,4213.50,4409.58,4862.17,-437.93,-35.34,11.01,463.60,0.31,0.31,0.36,0.36,473.95,427.59,0.0000,0.0000
4.004574,2.230,0.619,0.23,0.68,1.48,0.0000,0.14,-0.06,0.03,0.50,50.00,0.3000,0.70,0.82,47.53,0.35,0.35,0.41,0.41,4248.84,4248.84,4398.57,4398.57,3751.21,4302.76,4311.17,4931.21,-497.63,53.91,-87.40,532.64,0.35,0.35,0.41,0.41,444.48,585.79,0.0000,0.0000
4.004574,2.367,0.657,0.26,0.77,1.67,0.0000,0.16,-0.07,0.04,0.56,50.00,0.3000,0.79,0.92,47.53,0.40,0.40,0.46,0.46,4248.84,4248.84,4398.57,4398.57,3810.72,4214.20,4409.01,4862.61,-438.13,-34.64,10.44,464.04,0.40,0.40,0.46,0.46,473.63,428.54,0.0000,0.0000
4.004574,2.506,0.696,0.30,0.86,1.87,0.0000,0.18,-0.08,0.04,0.63,50.00,0.3000,0.89,1.04,47.53,0.44,0.44,0.52,0.52,4248.84,4248.84,4398.57,4398.57,3784.78,4239.27,4380.88,4891.82,-464.07,-9.57,-17.69,493.25,0.44,0.44,0.52,0.52,474.60,482.72,0.0000,0.0000
4.004574,2.646,0.735,0.33,0.96,2.08,0.0000,0.20,-0.09,0.05,0.70,50.00,0.3000,0.99,1.15,47.53,0.49,0.49,0.58,0.58,4248.84,4248.84,4398.57,4398.57,3793.27,4225.98,4395.63,4882.09,-455.58,-22.86,-2.94,483.52,0.49,0.49,0.58,0.58,479.51,459.59,0.0000,0.0000
4.004574,2.788,0.774,0.37,1.07,2.31,2.1682,0.22,-0.10,0.05,0.78,50.00,0.3000,1.10,1.28,47.53,0.55,0.55,0.64,0.64,4248.84,4248.84,4398.57,4398.57,3784.68,4231.10,4389.78,4891.65,-464.17,-17.75,-8.79,493.08,0.55,0.55,0.64,0.64,483.10,474.14,0.0000,0.0000
4.004574,2.935,0.815,0.41,1.18,2.56,2.1683,0.24,-0.11,0.06,0.86,50.00,0.3000,1.22,1.42,47.53,0.61,0.61,0.71,0.71,4248.84,4248.84,4398.57,4398.57,3762.95,4235.26,4384.15,4915.11,-485.89,-13.59,-14.42,516.54,0.61,0.61,0.71,0.71,500.80,501.64,0.0000,0.0000
4.004574,3.079,0.855,0.45,1.30,2.82,2.1683,0.27,-0.12,0.06,0.95,50.00,0.3000,1.34,1.56,47.53,0.67,0.67,0.78,0.78,4248.84,4248.84,4398.57,4398.57,3784.48,4217.05,4404.95,4891.25,-464.36,-31.79,6.38,492.68,0.67,0.67,0.78,0.78,497.60,459.43,0.0000,0.0000
4.004574,3.226,0.896,0.49,1.43,3.09,2.1684,0.29,-0.14,0.07,1.04,50.00,0.3000,1.47,1.71,47.53,0.74,0.74,0.86,0.86,4248.84,4248.84,4398.57,4398.57,3767.90,4230.31,4389.98,4909.83,-480.95,-18.54,-8.59,511.26,0.74,0.74,0.86,0.86,501.08,491.13,0.0000,0.0000
4.004574,3.374,0.937,0.54,1.56,3.38,2.1685,0.32,-0.15,0.08,1.14,50.00,0.3000,1.61,1.88,47.53,0.80,0.80,0.94,0.94,4248.84,4248.84,4398.57,4398.57,3765.49,4226.86,4393.64,4912.32,-483.35,-21.98,-4.93,513.75,0.80,0.80,0.94,0.94,507.08,490.02,0.0000,0.0000
4.004574,3.519,0.978,0.59,1.70,3.68,2.1685,0.35,-0.16,0.08,1.24,50.00,0.3000,1.75,2.04,47.53,0.88,0.88,1.02,1.02,4248.84,4248.84,4398.57,4398.57,3780.10,4219.11,4402.94,4896.47,-468.74,-29.74,4.37,497.90,0.88,0.88,1.02,1.02,500.37,466.27,0.0000,0.0000
4.004574,3.665,1.018,0.63,1.84,3.99,2.1685,0.38,-0.18,0.09,1.34,50.00,0.3000,1.90,2.21,47.53,0.95,0.95,1.11,1.11,4248.84,4248.84,4398.57,4398.57,3773.88,4227.83,4393.45,4903.78,-474.96,-21.02,-5.12,505.21,0.95,0.95,1.11,1.11,498.04,482.13,0.0000,0.0000
4.128636,3.811,1.058,0.69,1.99,4.32,2.1677,0.41,-0.19,0.10,1.45,50.00,0.3000,2.06,2.39,47.63,1.03,1.03,1.20,1.20,4248.84,4248.84,4398.57,4398.57,3773.97,4226.28,4395.27,4903.76,-474.87,-22.56,-3.30,505.19,1.03,1.03,1.20,1.20,499.66,480.39,0.0000,0.0000
4.128636,3.950,1.097,0.74,2.14,4.65,2.1679,0.44,-0.20,0.11,1.56,50.00,0.3000,2.21,2.57,47.63,1.11,1.11,1.29,1.29,4248.84,4248.84,4398.57,4398.57,3732.06,4308.46,4305.55,4953.54,-516.78,59.62,-93.02,554.97,1.11,1.11,1.29,1.29,459.56,612.20,0.0000,0.0000
4.128636,4.092,1.137,0.79,2.30,4.99,2.1679,0.47,-0.22,0.11,1.67,50.00,0.3000,2.38,2.76,47.63,1.19,1.19,1.38,1.38,4248.84,4248.84,4398.57,4398.57,3788.95,4223.68,4399.31,4888.03,-459.90,-25.17,0.74,489.46,1.19,1.19,1.38,1.38,487.63,461.73,0.0000,0.0000
4.128636,4.236,1.177,0.85,2.46,5.34,2.1680,0.51,-0.23,0.12,1.79,50.00,0.3000,2.54,2.96,47.63,1.27,1.27,1.48,1.48,4248.84,4248.84,4398.57,4398.57,3765.66,4247.80,4372.43,4914.44,-483.18,-1.05,-26.14,515.87,1.27,1.27,1.48,1.48,486.98,512.08,0.0000,0.0000
4.128636,4.380,1.217,0.91,2.63,5.71,2.1680,0.54,-0.25,0.13,1.92,50.00,0.3000,2.72,3.16,47.63,1.36,1.36,1.58,1.58,4248.84,4248.84,4398.57,4398.57,3775.57,4235.41,4386.39,4903.34,-473.27,-13.44,-12.18,504.77,1.36,1.36,1.58,1.58,489.65,488.39,0.0000,0.0000
4.128636,4.529,1.258,0.97,2.82,6.11,2.1681,0.58,-0.27,0.14,2.05,50.00,0.3000,2.91,3.38,47.63,1.45,1.45,1.69,1.69,4248.84,4248.84,4398.57,4398.57,3744.19,4248.73,4370.50,4937.70,-504.66,-0.11,-28.07,539.13,1.45,1.45,1.69,1.69,507.91,535.87,0.0000,0.0000
4.128636,4.676,1.299,1.03,3.00,6.51,2.1681,0.62,-0.29,0.15,2.19,50.00,0.3000,3.10,3.60,47.63,1.55,1.55,1.80,1.80,4248.84,4248.84,4398.57,4398.57,3765.36,4236.15,4385.38,4914.64,-483.49,-12.69,-13.19,516.07,1.55,1.55,1.80,1.80,499.53,500.03,0.0000,0.0000
4.128636,4.822,1.339,1.10,3.19,6.92,2.1682,0.66,-0.30,0.16,2.32,50.00,0.3000,3.30,3.83,47.63,1.65,1.65,1.92,1.92,4248.84,4248.84,4398.57,4398.57,3756.24,4248.66,4371.74,4925.32,-492.61,-0.19,-26.83,526.75,1.65,1.65,1.92,1.92,496.36,523.00,0.0000,0.0000
4.128636,4.969,1.380,1.17,3.39,7.35,2.1682,0.70,-0.32,0.17,2.47,50.00,0.3000,3.50,4.07,47.63,1.75,1.75,2.03,2.03,4248.84,4248.84,4398.57,4398.57,3754.34,4247.72,4372.84,4927.50,-494.50,-1.13,-25.73,528.93,1.75,1.75,2.03,2.03,499.42,524.02,0.0000,0.0000
4.128636,5.114,1.421,1.24,3.59,7.79,2.1682,0.74,-0.34,0.18,2.61,50.00,0.3000,3.71,4.31,47.63,1.85,1.85,2.16,2.16,4248.84,4248.84,4398.57,4398.57,3760.69,4248.58,4372.55,4921.04,-488.16,-0.26,-26.02,522.47,1.85,1.85,2.16,2.16,492.43,518.19,0.0000,0.0000
4.128636,5.259,1.461,1.31,3.80,8.24,2.1683,0.78,-0.36,0.19,2.76,50.00,0.3000,3.92,4.56,47.63,1.96,1.96,2.28,2.28,4248.84,4248.84,4398.57,4398.57,3758.84,4254.69,4366.17,4923.61,-490.00,5.85,-32.40,525.04,1.96,1.96,2.28,2.28,488.40,526.65,0.0000,0.0000
4.128636,5.404,1.501,1.38,4.01,8.69,2.1683,0.82,-0.38,0.20,2.92,50.00,0.3000,4.14,4.81,47.63,2.07,2.07,2.41,2.41,4248.84,4248.84,4398.57,4398.57,3754.50,4258.52,4362.08,4928.69,-494.34,9.67,-36.49,530.12,2.07,2.07,2.41,2.41,489.15,535.31,0.0000,0.0000
4.255491,5.549,1.541,1.46,4.23,9.18,2.1678,0.87,-0.40,0.21,3.08,50.00,0.3000,4.38,5.08,47.68,2.19,2.19,2.54,2.54,4248.84,4248.84,4398.57,4398.57,3750.45,4261.34,4359.07,4933.41,-498.39,12.50,-39.50,534.84,2.19,2.19,2.54,2.54,490.61,542.62,0.0000,0.0000
4.255491,5.691,1.581,1.53,4.45,9.66,2.1678,0.91,-0.42,0.22,3.24,50.00,0.3000,4.60,5.34,47.68,2.30,2.30,2.67,2.67,4248.84,4248.84,4398.57,4398.57,3699.12,4343.74,4268.62,4993.30,-549.72,94.89,-129.95,594.73,2.30,2.30,2.67,2.67,459.80,684.65,0.0000,0.0000
4.255491,5.847,1.624,1.62,4.70,10.19,2.1678,0.96,-0.45,0.23,3.42,50.00,0.3000,4.86,5.63,47.68,2.43,2.43,2.82,2.82,4248.84,4248.84,4398.57,4398.57,3704.76,4276.55,4340.60,4983.41,-544.08,27.71,-57.97,584.84,2.43,2.43,2.82,2.82,521.63,607.30,0.0000,0.0000
4.255491,5.996,1.666,1.70,4.94,10.72,2.1678,1.01,-0.47,0.24,3.59,50.00,0.3000,5.11,5.93,47.68,2.56,2.56,2.96,2.96,4248.84,4248.84,4398.57,4398.57,3739.31,4261.53,4358.97,4946.06,-509.54,12.69,-39.60,547.49,2.56,2.56,2.96,2.96,502.37,554.66,0.0000,0.0000
4.255491,6.137,1.705,1.78,5.18,11.23,2.1678,1.06,-0.49,0.26,3.77,50.00,0.3000,5.35,6.21,47.68,2.68,2.68,3.10,3.10,4248.84,4248.84,4398.57,4398.57,3755.30,4274.77,4346.17,4930.15,-493.54,25.92,-52.40,531.58,2.68,2.68,3.10,3.10,473.40,551.72,0.0000,0.0000
4.255491,6.251,1.737,1.85,5.37,11.65,2.1678,1.10,-0.51,0.27,3.91,50.00,0.3000,5.55,6.44,47.68,2.78,2.78,3.22,3.22,4248.84,4248.84,4398.57,4398.57,3857.79,4260.98,4367.39,4820.66,-391.06,12.14,-31.18,422.09,2.78,2.78,3.22,3.22,384.91,428.24,0.0000,0.0000
4.255491,6.382,1.773,1.93,5.60,12.14,2.1677,1.15,-0.53,0.28,4.07,50.00,0.3000,5.79,6.71,47.68,2.90,2.90,3.36,3.36,4248.84,4248.84,4398.57,4398.57,3739.58,4341.90,4274.36,4951.49,-509.27,93.06,-124.21,552.92,2.90,2.90,3.36,3.36,422.46,639.73,0.0000,0.0000
4.255491,6.513,1.809,2.00,5.83,12.64,2.1677,1.20,-0.55,0.29,4.24,50.00,0.3000,6.03,6.99,47.68,3.01,3.01,3.50,3.50,4248.84,4248.84,4398.57,4398.57,3787.52,4282.72,4340.45,4897.16,-461.33,33.88,-58.12,498.59,3.01,3.01,3.50,3.50,433.96,525.96,0.0000,0.0000
4.255491,6.658,1.849,2.09,6.10,13.21,2.1676,1.25,-0.58,0.30,4.43,50.00,0.3000,6.30,7.31,47.68,3.15,3.15,3.65,3.65,4248.84,4248.84,4398.57,4398.57,3707.01,4321.85,4294.18,4985.39,-541.83,73.01,-104.39,586.82,3.15,3.15,3.65,3.65,475.63,653.03,0.0000,0.0000
4.255491,6.802,1.889,2.19,6.36,13.79,2.1675,1.31,-0.60,0.31,4.62,50.00,0.3000,6.58,7.62,47.68,3.29,3.29,3.81,3.81,4248.84,4248.84,4398.57,4398.57,3732.62,4293.96,4325.70,4956.76,-516.23,45.11,-72.87,558.19,3.29,3.29,3.81,3.81,478.22,596.20,0.0000,0.0000
4.255491,6.949,1.930,2.28,6.64,14.39,2.1674,1.36,-0.63,0.33,4.83,50.00,0.3000,6.86,7.96,47.68,3.43,3.43,3.98,3.98,4248.84,4248.84,4398.57,4398.57,3710.98,4310.32,4307.29,4981.06,-537.86,61.47,-91.28,582.49,3.43,3.43,3.98,3.98,483.80,636.56,0.0000,0.0000
4.255491,7.100,1.972,2.38,6.93,15.03,2.1673,1.42,-0.66,0.34,5.04,50.00,0.3000,7.16,8.31,47.68,3.58,3.58,4.15,4.15,4248.84,4248.84,4398.57,4398.57,3696.33,4309.60,4307.46,4996.90,-552.51,60.76,-91.11,598.33,3.58,3.58,4.15,4.15,499.49,651.36,0.0000,0.0000
4.387996,7.248,2.013,2.48,7.23,15.67,2.1668,1.48,-0.69,0.36,5.25,50.00,0.3000,7.48,8.66,47.72,3.74,3.74,4.33,4.33,4248.84,4248.84,4398.57,4398.57,3712.16,4304.01,4314.72,4980.07,-536.68,55.16,-83.85,581.50,3.74,3.74,4.33,4.33,489.59,628.60,0.0000,0.0000
4.387996,7.390,2.053,2.58,7.52,16.29,2.1665,1.54,-0.71,0.37,5.46,50.00,0.3000,7.77,9.00,47.72,3.89,3.89,4.50,4.50,4248.84,4248.84,4398.57,4398.57,3666.20,4389.37,4221.53,5034.51,-582.64,140.52,-177.04,635.94,3.89,3.89,4.50,4.50,450.51,768.07,0.0000,0.0000
4.387996,7.529,2.091,2.68,7.81,16.91,2.1663,1.60,-0.74,0.39,5.67,50.00,0.3000,8.07,9.34,47.72,4.03,4.03,4.67,4.67,4248.84,4248.84,4398.57,4398.57,3740.18,4308.18,4312.67,4951.21,-508.66,59.34,-85.90,552.64,4.03,4.03,4.67,4.67,458.03,603.27,0.0000,0.0000
4.387996,7.642,2.123,2.76,8.04,17.42,2.1661,1.65,-0.76,0.40,5.84,50.00,0.3000,8.31,9.63,47.72,4.16,4.16,4.81,4.81,4248.84,4248.84,4398.57,4398.57,3820.54,4317.71,4307.80,4866.72,-428.30,68.86,-90.77,468.15,4.16,4.16,4.81,4.81,368.41,528.04,0.0000,0.0000
4.387996,7.776,2.160,2.86,8.33,18.04,2.1658,1.71,-0.79,0.41,6.04,50.00,0.3000,8.61,9.97,47.72,4.30,4.30,4.98,4.98,4248.84,4248.84,4398.57,4398.57,3696.23,4389.70,4223.94,5003.54,-552.62,140.85,-174.63,604.97,4.30,4.30,4.98,4.98,421.05,736.53,0.0000,0.0000
4.387996,7.902,2.195,2.95,8.60,18.63,2.1655,1.77,-0.81,0.42,6.24,50.00,0.3000,8.89,10.29,47.72,4.44,4.44,5.15,5.15,4248.84,4248.84,4398.57,4398.57,3773.34,4324.40,4298.38,4917.88,-475.51,75.56,-100.19,519.31,4.44,4.44,5.15,5.15,409.54,585.28,0.0000,0.0000
4.387996,7.997,2.221,3.02,8.81,19.08,2.1653,1.81,-0.83,0.44,6.39,50.00,0.3000,9.10,10.54,47.72,4.55,4.55,5.27,5.27,4248.84,4248.84,4398.57,4398.57,3871.92,4329.58,4299.24,4813.73,-376.92,80.74,-99.33,415.16,4.55,4.55,5.27,5.27,306.00,486.08,0.0000,0.0000
4.387996,8.126,2.257,3.12,9.10,19.70,2.1647,1.88,-0.86,0.45,6.60,50.00,0.3000,9.40,10.88,47.72,4.70,4.70,5.44,5.44,4248.84,4248.84,4398.57,4398.57,3686.11,4425.48,4186.17,5017.35,-562.73,176.63,-212.40,618.78,4.70,4.70,5.44,5.44,396.24,785.27,0.0000,0.0000
4.387996,8.245,2.290,3.21,9.37,20.28,2.1644,1.93,-0.89,0.46,6.79,50.00,0.3000,9.68,11.20,47.72,4.84,4.84,5.60,5.60,4248.84,4248.84,4398.57,4398.57,3799.87,4322.42,4302.98,4890.43,-448.97,73.58,-95.59,491.86,4.84,4.84,5.60,5.60,385.83,555.00,0.0000,0.0000
4.387996,8.351,2.320,3.30,9.61,20.80,2.1640,1.98,-0.91,0.47,6.97,50.00,0.3000,9.93,11.49,47.72,4.96,4.96,5.75,5.75,4248.84,4248.84,4398.57,4398.57,3802.20,4375.04,4247.51,4891.50,-446.65,126.20,-151.06,492.93,4.96,4.96,5.75,5.75,331.16,608.42,0.0000,0.0000
4.387996,8.484,2.357,3.40,9.92,21.47,2.1634,2.05,-0.94,0.49,7.19,50.00,0.3000,10.24,11.86,47.72,5.12,5.12,5.93,5.93,4248.84,4248.84,4398.57,4398.57,3692.63,4400.85,4213.63,5009.82,-556.22,152.01,-184.94,611.25,5.12,5.12,5.93,5.93,415.26,752.21,0.0000,0.0000
4.387996,8.623,2.395,3.51,10.26,22.18,2.1629,2.12,-0.97,0.51,7.43,50.00,0.3000,10.59,12.26,47.72,5.29,5.29,6.13,6.13,4248.84,4248.84,4398.57,4398.57,3699.59,4359.76,4258.07,5000.24,-549.25,110.92,-140.50,601.67,5.29,5.29,6.13,6.13,449.75,701.17,0.0000,0.0000
4.564082,8.765,2.435,3.63,10.60,22.93,2.1622,2.19,-1.00,0.52,7.68,50.00,0.3000,10.95,12.66,47.74,5.47,5.47,6.33,6.33,4248.84,4248.84,4398.57,4398.57,3694.52,4358.97,4258.99,5005.96,-554.32,110.12,-139.58,607.39,5.47,5.47,6.33,6.33,456.00,705.71,0.0000,0.0000
4.564082,8.905,2.474,3.75,10.95,23.67,2.1613,2.27,-1.03,0.54,7.93,50.00,0.3000,11.30,13.07,47.74,5.65,5.65,6.54,6.54,4248.84,4248.84,4398.57,4398.57,3634.76,4445.21,4164.06,5075.16,-614.08,196.37,-234.51,676.59,5.65,5.65,6.54,6.54,429.90,860.78,0.0000,0.0000
4.564082,9.047,2.513,3.87,11.30,24.43,2.1607,2.34,-1.07,0.56,8.18,50.00,0.3000,11.66,13.49,47.74,5.83,5.83,6.74,6.74,4248.84,4248.84,4398.57,4398.57,3688.30,4368.13,4249.64,5013.91,-560.54,119.29,-148.93,615.34,5.83,5.83,6.74,6.74,453.83,722.05,0.0000,0.0000
4.564082,9.193,2.554,3.99,11.68,25.22,2.1600,2.42,-1.10,0.58,8.45,50.00,0.3000,12.04,13.93,47.74,6.02,6.02,6.96,6.96,4248.84,4248.84,4398.57,4398.57,3657.88,4391.05,4223.82,5048.05,-590.96,142.21,-174.75,649.48,6.02,6.02,6.96,6.96,461.74,778.70,0.0000,0.0000
4.564082,9.338,2.594,4.12,12.05,26.02,2.1592,2.51,-1.14,0.59,8.72,50.00,0.3000,12.42,14.37,47.74,6.21,6.21,7.19,7.19,4248.84,4248.84,4398.57,4398.57,3654.36,4398.87,4215.71,5052.68,-594.48,150.02,-182.86,654.11,6.21,6.21,7.19,7.19,457.86,790.74,0.0000,0.0000
4.564082,9.482,2.634,4.25,12.43,26.83,2.1584,2.59,-1.17,0.61,8.99,50.00,0.3000,12.81,14.82,47.74,6.40,6.40,7.41,7.41,4248.84,4248.84,4398.57,4398.57,3657.44,4399.96,4215.15,5049.90,-591.41,151.12,-183.42,651.33,6.40,6.40,7.41,7.41,454.10,788.64,0.0000,0.0000
4.564082,9.626,2.674,4.38,12.82,27.65,2.1576,2.67,-1.21,0.63,9.26,50.00,0.3000,13.20,15.27,47.74,6.60,6.60,7.64,7.64,4248.84,4248.84,4398.57,4398.57,3656.90,4400.60,4214.87,5050.94,-591.95,151.75,-183.70,652.37,6.60,6.60,7.64,7.64,454.43,789.88,0.0000,0.0000
4.564082,9.771,2.714,4.51,13.21,28.49,2.1566,2.76,-1.25,0.65,9.54,50.00,0.3000,13.60,15.73,47.74,6.80,6.80,7.87,7.87,4248.84,4248.84,4398.57,4398.57,3633.23,4427.41,4185.36,5078.17,-615.61,178.56,-213.21,679.60,6.80,6.80,7.87,7.87,451.72,843.49,0.0000,0.0000
4.564082,9.934,2.760,4.66,13.66,29.45,2.1555,2.86,-1.29,0.67,9.86,50.00,0.3000,14.06,16.27,47.74,7.03,7.03,8.13,8.13,4248.84,4248.84,4398.57,4398.57,3563.06,4439.05,4169.13,5153.92,-685.79,190.20,-229.44,755.35,7.03,7.03,8.13,8.13,510.75,930.39,0.0000,0.0000
4.564082,10.085,2.801,4.81,14.09,30.35,2.1546,2.95,-1.33,0.69,10.17,50.00,0.3000,14.49,16.76,47.74,7.25,7.25,8.38,8.38,4248.84,4248.84,4398.57,4398.57,3642.66,4391.07,4225.50,5066.86,-606.19,142.22,-173.07,668.29,7.25,7.25,8.38,8.38,479.59,794.89,0.0000,0.0000
4.564082,10.236,2.843,4.95,14.52,31.27,2.1531,3.05,-1.37,0.71,10.47,50.00,0.3000,14.93,17.27,47.74,7.46,7.46,8.63,8.63,4248.84,4248.84,4398.57,4398.57,3564.78,4494.85,4110.91,5156.49,-684.07,246.00,-287.66,757.92,7.46,7.46,8.63,8.63,454.16,987.83,0.0000,0.0000
4.564082,10.384,2.884,5.10,14.95,32.18,2.1520,3.15,-1.41,0.73,10.78,50.00,0.3000,15.36,17.77,47.74,7.68,7.68,8.88,8.88,4248.84,4248.84,4398.57,4398.57,3629.85,4421.46,4193.36,5083.28,-618.99,172.62,-205.21,684.71,7.68,7.68,8.88,8.88,462.94,840.77,0.0000,0.0000
4.665833,10.534,2.926,5.24,15.41,33.13,2.1504,3.25,-1.45,0.76,11.09,50.00,0.3000,15.82,18.29,47.76,7.91,7.91,9.14,9.14,4248.84,4248.84,4398.57,4398.57,3588.46,4463.46,4146.67,5130.35,-660.38,214.62,-251.90,731.77,7.91,7.91,9.14,9.14,462.82,929.34,0.0000,0.0000
4.665833,10.683,2.967,5.39,15.86,34.07,2.1487,3.36,-1.49,0.78,11.41,50.00,0.3000,16.27,18.81,47.76,8.14,8.14,9.40,9.40,4248.84,4248.84,4398.57,4398.57,3552.62,4522.20,4082.54,5172.55,-696.23,273.36,-316.02,773.98,8.14,8.14,9.40,9.40,440.41,1029.79,0.0000,0.0000
4.665833,10.836,3.010,5.55,16.33,35.06,2.1472,3.46,-1.53,0.80,11.74,50.00,0.3000,16.74,19.35,47.76,8.37,8.37,9.68,9.68,4248.84,4248.84,4398.57,4398.57,3580.29,4463.94,4146.65,5140.05,-668.56,215.09,-251.92,741.48,8.37,8.37,9.68,9.68,471.51,938.52,0.0000,0.0000
4.665833,10.995,3.054,5.71,16.82,36.09,2.1455,3.58,-1.58,0.82,12.08,50.00,0.3000,17.24,19.92,47.76,8.62,8.62,9.96,9.96,4248.84,4248.84,4398.57,4398.57,3548.24,4484.66,4123.19,5175.91,-700.61,235.81,-275.38,777.34,8.62,8.62,9.96,9.96,483.37,994.57,0.0000,0.0000
4.665833,11.159,3.100,5.89,17.34,37.18,2.1438,3.70,-1.62,0.85,12.45,50.00,0.3000,17.76,20.52,47.76,8.88,8.88,10.26,10.26,4248.84,4248.84,4398.57,4398.57,3527.32,4485.91,4121.12,5198.76,-721.53,237.06,-277.45,800.19,8.88,8.88,10.26,10.26,503.60,1018.12,0.0000,0.0000
4.665833,11.342,3.151,6.08,17.93,38.41,2.1419,3.84,-1.68,0.88,12.86,50.00,0.3000,18.34,21.20,47.76,9.17,9.17,10.60,10.60,4248.84,4248.84,4398.57,4398.57,3446.83,4507.70,4093.60,5286.24,-802.02,258.86,-304.96,887.67,9.17,9.17,10.60,10.60,562.93,1126.76,0.0000,0.0000
4.665833,11.512,3.198,6.26,18.49,39.57,2.1403,3.97,-1.73,0.90,13.25,50.00,0.3000,18.90,21.84,47.76,9.45,9.45,10.92,10.92,4248.84,4248.84,4398.57,4398.57,3532.65,4455.40,4155.09,5192.44,-716.19,206.55,-243.48,793.87,9.45,9.45,10.92,10.92,530.01,980.05,0.0000,0.0000
4.665833,11.665,3.240,6.43,19.00,40.62,2.1384,4.09,-1.77,0.93,13.60,50.00,0.3000,19.40,22.42,47.76,9.70,9.70,11.21,11.21,4248.84,4248.84,4398.57,4398.57,3559.02,4500.84,4109.00,5167.80,-689.83,251.99,-289.57,769.23,9.70,9.70,11.21,11.21,458.75,1000.31,0.0000,0.0000
4.665833,11.814,3.282,6.60,19.50,41.67,2.1363,4.22,-1.82,0.95,13.95,50.00,0.3000,19.90,23.00,47.76,9.95,9.95,11.50,11.50,4248.84,4248.84,4398.57,4398.57,3553.32,4521.41,4087.34,5175.66,-695.52,272.56,-311.23,777.09,9.95,9.95,11.50,11.50,444.41,1028.20,0.0000,0.0000
4.665833,11.943,3.318,6.74,19.95,42.59,2.1343,4.33,-1.86,0.97,14.26,50.00,0.3000,20.34,23.51,47.76,10.17,10.17,11.75,11.75,4248.84,4248.84,4398.57,4398.57,3630.25,4508.15,4106.67,5093.61,-618.60,259.30,-291.90,695.04,10.17,10.17,11.75,11.75,381.22,932.42,0.0000,0.0000
4.665833,12.065,3.351,6.88,20.38,43.46,2.1320,4.44,-1.90,0.99,14.55,50.00,0.3000,20.76,23.99,47.76,10.38,10.38,12.00,12.00,4248.84,4248.84,4398.57,4398.57,3629.68,4544.06,4068.95,5096.89,-619.16,295.21,-329.62,698.32,10.38,10.38,12.00,12.00,346.32,971.15,0.0000,0.0000
4.665833,12.186,3.385,7.02,20.82,44.33,2.1296,4.55,-1.94,1.01,14.84,50.00,0.3000,21.17,24.47,47.76,10.59,10.59,12.24,12.24,4248.84,4248.84,4398.57,4398.57,3626.32,4554.46,4058.14,5101.56,-622.52,305.62,-340.43,702.98,10.59,10.59,12.24,12.24,339.73,985.78,0.0000,0.0000
4.775173,12.306,3.418,7.16,21.26,45.22,2.1271,4.67,-1.98,1.03,15.14,50.00,0.3000,21.60,24.96,47.77,10.80,10.80,12.48,12.48,4248.84,4248.84,4398.57,4398.57,3624.56,4558.26,4054.45,5104.11,-624.28,309.42,-344.12,705.54,10.80,10.80,12.48,12.48,338.14,991.68,0.0000,0.0000
4.775173,12.425,3.451,7.30,21.70,46.09,2.1244,4.78,-2.01,1.05,15.43,50.00,0.3000,22.02,25.44,47.77,11.01,11.01,12.72,12.72,4248.84,4248.84,4398.57,4398.57,3608.79,4586.91,4023.50,5123.10,-640.06,338.06,-375.07,724.53,11.01,11.01,12.72,12.72,325.73,1038.86,0.0000,0.0000
4.775173,12.545,3.485,7.44,22.15,46.99,2.1217,4.90,-2.05,1.07,15.73,50.00,0.3000,22.44,25.94,47.77,11.22,11.22,12.97,12.97,4248.84,4248.84,4398.57,4398.57,3623.60,4563.85,4049.36,5106.39,-625.24,315.01,-349.20,707.82,11.22,11.22,12.97,12.97,334.43,998.64,0.0000,0.0000
4.775173,12.665,3.518,7.58,22.60,47.89,2.1190,5.03,-2.09,1.09,16.03,50.00,0.3000,22.88,26.44,47.77,11.44,11.44,13.22,13.22,4248.84,4248.84,4398.57,4398.57,3614.86,4573.67,4038.86,5116.75,-633.98,324.83,-359.71,718.18,11.44,11.44,13.22,13.22,333.81,1018.35,0.0000,0.0000
4.775173,12.785,3.551,7.73,23.06,48.80,2.1162,5.15,-2.13,1.11,16.34,50.00,0.3000,23.31,26.94,47.77,11.66,11.66,13.47,13.47,4248.84,4248.84,4398.57,4398.57,3614.12,4575.22,4037.63,5118.10,-634.72,326.38,-360.93,719.53,11.66,11.66,13.47,13.47,333.47,1020.78,0.0000,0.0000
4.775173,12.905,3.585,7.87,23.53,49.73,2.1132,5.28,-2.17,1.13,16.65,50.00,0.3000,23.75,27.45,47.77,11.88,11.88,13.72,13.72,4248.84,4248.84,4398.57,4398.57,3610.42,4580.68,4032.08,5122.85,-638.43,331.83,-366.49,724.28,11.88,11.88,13.72,13.72,332.19,1030.51,0.0000,0.0000
4.775173,13.025,3.618,8.02,24.00,50.66,2.1102,5.42,-2.21,1.15,16.96,50.00,0.3000,24.20,27.96,47.77,12.10,12.10,13.98,13.98,4248.84,4248.84,4398.57,4398.57,3607.36,4585.42,4027.33,5126.87,-641.49,336.58,-371.24,728.30,12.10,12.10,13.98,13.98,330.99,1038.80,0.0000,0.0000
4.775173,13.145,3.651,8.17,24.48,51.59,2.1072,5.55,-2.25,1.18,17.27,50.00,0.3000,24.64,28.48,47.77,12.32,12.32,14.24,14.24,4248.84,4248.84,4398.57,4398.57,3603.68,4590.93,4021.73,5131.61,-645.17,342.09,-376.83,733.04,12.32,12.32,14.24,14.24,329.64,1048.56,0.0000,0.0000
4.775173,13.265,3.685,8.32,24.97,52.54,2.1040,5.69,-2.30,1.20,17.59,50.00,0.3000,25.10,29.00,47.77,12.55,12.55,14.50,14.50,4248.84,4248.84,4398.57,4398.57,3599.80,4596.70,4015.86,5136.56,-649.04,347.85,-382.71,737.99,12.55,12.55,14.50,14.50,328.23,1058.80,0.0000,0.0000
4.775173,13.385,3.718,8.47,25.46,53.49,2.1007,5.84,-2.34,1.22,17.91,50.00,0.3000,25.55,29.53,47.77,12.78,12.78,14.76,14.76,4248.84,4248.84,4398.57,4398.57,3595.59,4602.89,4009.51,5141.92,-653.26,354.05,-389.06,743.35,12.78,12.78,14.76,14.76,326.75,1069.85,0.0000,0.0000
4.775173,13.505,3.751,8.62,25.96,54.46,2.0973,5.98,-2.38,1.24,18.23,50.00,0.3000,26.01,30.06,47.77,13.01,13.01,15.03,15.03,4248.84,4248.84,4398.57,4398.57,3591.10,4609.42,4002.79,5147.58,-657.74,360.58,-395.78,749.01,13.01,13.01,15.03,15.03,325.20,1081.55,0.0000,0.0000
4.775173,13.625,3.785,8.77,26.47,55.43,2.0939,6.13,-2.42,1.26,18.56,50.00,0.3000,26.48,30.60,47.77,13.24,13.24,15.30,15.30,4248.84,4248.84,4398.57,4398.57,3586.34,4616.31,3995.68,5153.57,-662.50,367.46,-402.89,755.00,13.24,13.24,15.30,15.30,323.58,1093.92,0.0000,0.0000
4.905499,13.745,3.818,8.93,26.99,56.41,2.0903,6.29,-2.46,1.29,18.88,50.00,0.3000,26.95,31.14,47.77,13.47,13.47,15.57,15.57,4248.84,4248.84,4398.57,4398.57,3581.33,4623.50,3988.24,5159.84,-667.51,374.65,-410.33,761.27,13.47,13.47,15.57,15.57,321.90,1106.88,0.0000,0.0000
4.905499,13.863,3.851,9.08,27.50,57.38,2.0864,6.45,-2.51,1.31,19.21,50.00,0.3000,27.41,31.67,47.77,13.71,13.71,15.84,15.84,4248.84,4248.84,4398.57,4398.57,3564.03,4653.25,3956.07,5180.57,-684.82,404.41,-442.50,782.00,13.71,13.71,15.84,15.84,309.95,1156.86,0.0000,0.0000
4.905499,13.988,3.886,9.25,28.06,58.42,2.0825,6.62,-2.55,1.33,19.56,50.00,0.3000,27.91,32.25,47.77,13.95,13.95,16.12,16.12,4248.84,4248.84,4398.57,4398.57,3546.76,4646.54,3962.66,5199.03,-702.08,397.70,-435.91,800.46,13.95,13.95,16.12,16.12,334.46,1168.07,0.0000,0.0000
4.905499,14.114,3.921,9.41,28.62,59.48,2.0786,6.79,-2.60,1.36,19.91,50.00,0.3000,28.41,32.83,47.77,14.21,14.21,16.42,16.42,4248.84,4248.84,4398.57,4398.57,3546.78,4643.89,3966.02,5199.38,-702.06,395.04,-432.55,800.81,14.21,14.21,16.42,16.42,337.64,1165.23,0.0000,0.0000
4.905499,14.240,3.955,9.58,29.18,60.55,2.0746,6.97,-2.64,1.38,20.27,50.00,0.3000,28.92,33.42,47.77,14.46,14.46,16.71,16.71,4248.84,4248.84,4398.57,4398.57,3538.55,4654.72,3954.55,5209.35,-710.30,405.87,-444.02,810.78,14.46,14.46,16.71,16.71,335.59,1185.48,0.0000,0.0000
4.905499,14.361,3.989,9.75,29.73,61.58,2.0711,7.14,-2.69,1.40,20.61,50.00,0.3000,29.42,33.99,47.77,14.71,14.71,16.99,16.99,4248.84,4248.84,4398.57,4398.57,3599.38,4596.64,4020.55,5141.67,-649.47,347.79,-378.02,743.10,14.71,14.71,16.99,16.99,333.38,1059.19,0.0000,0.0000
4.905499,14.487,4.024,9.92,30.32,62.66,2.0666,7.33,-2.74,1.43,20.98,50.00,0.3000,29.93,34.59,47.77,14.97,14.97,17.29,17.29,4248.84,4248.84,4398.57,4398.57,3504.29,4700.87,3904.50,5249.69,-744.55,452.02,-494.07,851.12,14.97,14.97,17.29,17.29,324.79,1270.88,0.0000,0.0000
4.905499,14.612,4.059,10.09,30.91,63.75,2.0624,7.52,-2.79,1.45,21.34,50.00,0.3000,30.46,35.19,47.77,15.23,15.23,17.59,17.59,4248.84,4248.84,4398.57,4398.57,3530.73,4668.19,3941.41,5220.14,-718.11,419.35,-457.16,821.57,15.23,15.23,17.59,17.59,331.59,1208.09,0.0000,0.0000
4.905499,14.738,4.094,10.27,31.52,64.86,2.0579,7.72,-2.83,1.48,21.71,50.00,0.3000,30.98,35.80,47.77,15.49,15.49,17.90,17.90,4248.84,4248.84,4398.57,4398.57,3511.17,4692.51,3914.93,5243.00,-737.68,443.67,-483.64,844.43,15.49,15.49,17.90,17.90,327.40,1254.70,0.0000,0.0000
4.905499,14.864,4.129,10.44,32.13,65.97,2.0534,7.92,-2.88,1.50,22.08,50.00,0.3000,31.51,36.41,47.77,15.76,15.76,18.21,18.21,4248.84,4248.84,4398.57,4398.57,3509.58,4695.68,3912.04,5245.45,-739.26,446.84,-486.53,846.88,15.76,15.76,18.21,18.21,326.39,1259.76,0.0000,0.0000
4.905499,14.989,4.164,10.62,32.75,67.09,2.0487,8.13,-2.93,1.53,22.46,50.00,0.3000,32.05,37.03,47.77,16.02,16.02,18.52,18.52,4248.84,4248.84,4398.57,4398.57,3500.92,4707.36,3899.67,5255.95,-747.92,458.52,-498.90,857.38,16.02,16.02,18.52,18.52,323.94,1281.36,0.0000,0.0000
4.905499,15.178,4.216,10.89,33.68,68.79,2.0428,8.43,-3.01,1.57,23.03,50.00,0.3000,32.86,37.97,47.77,16.43,16.43,18.99,18.99,4248.84,4248.84,4398.57,4398.57,3204.20,4816.60,3766.10,5578.76,-1044.65,567.76,-632.47,1180.19,16.43,16.43,18.99,18.99,512.30,1712.53,0.0000,0.0000
5.039721,15.227,4.230,10.96,33.92,69.23,2.0411,8.51,-3.02,1.58,23.18,50.00,0.3000,33.07,38.21,47.77,16.54,16.54,19.11,19.11,4248.84,4248.84,4398.57,4398.57,3978.38,4425.68,4229.60,4732.45,-270.46,176.83,-168.97,333.88,16.54,16.54,19.11,19.11,129.27,475.07,0.0000,0.0000
5.039721,15.308,4.252,11.07,34.40,69.97,2.0342,8.72,-3.06,1.59,23.42,50.00,0.3000,33.42,38.62,47.77,16.71,16.71,19.31,19.31,4248.84,4248.84,4398.57,4398.57,3471.26,4946.43,3645.40,5303.78,-777.58,697.58,-753.17,905.21,16.71,16.71,19.31,19.31,116.02,1566.77,0.0000,0.0000
5.039721,15.402,4.278,11.21,34.91,70.84,2.0294,8.91,-3.09,1.61,23.71,50.00,0.3000,33.84,39.10,47.77,16.92,16.92,19.55,19.55,4248.84,4248.84,4398.57,4398.57,3593.41,4725.96,3887.59,5160.80,-655.43,477.11,-510.97,762.23,16.92,16.92,19.55,19.55,214.79,1202.88,0.0000,0.0000
5.039721,15.500,4.305,11.35,35.44,71.74,2.0240,9.12,-3.13,1.63,24.01,50.00,0.3000,34.27,39.59,47.77,17.13,17.13,19.80,19.80,4248.84,4248.84,4398.57,4398.57,3545.83,4776.83,3831.07,5214.96,-703.02,527.99,-567.50,816.39,17.13,17.13,19.80,19.80,211.96,1307.45,0.0000,0.0000
5.039721,15.606,4.335,11.51,36.03,72.72,2.0187,9.34,-3.18,1.66,24.35,50.00,0.3000,34.74,40.14,47.77,17.37,17.37,20.07,20.07,4248.84,4248.84,4398.57,4398.57,3517.53,4774.65,3832.14,5245.38,-731.31,525.80,-566.43,846.81,17.37,17.37,20.07,20.07,242.95,1335.18,0.0000,0.0000
5.039721,15.717,4.366,11.68,36.64,73.76,2.0133,9.57,-3.22,1.68,24.69,50.00,0.3000,35.24,40.71,47.77,17.62,17.62,20.36,20.36,4248.84,4248.84,4398.57,4398.57,3504.60,4770.27,3836.52,5259.39,-744.25,521.43,-562.05,860.82,17.62,17.62,20.36,20.36,260.79,1344.27,0.0000,0.0000
5.039721,15.831,4.397,11.84,37.27,74.83,2.0080,9.81,-3.27,1.71,25.05,50.00,0.3000,35.75,41.30,47.77,17.87,17.87,20.65,20.65,4248.84,4248.84,4398.57,4398.57,3495.15,4773.08,3833.50,5270.14,-753.69,524.24,-565.07,871.57,17.87,17.87,20.65,20.65,267.98,1357.28,0.0000,0.0000
5.039721,15.945,4.429,12.02,37.91,75.92,2.0026,10.05,-3.32,1.73,25.42,50.00,0.3000,36.27,41.90,47.77,18.13,18.13,20.95,20.95,4248.84,4248.84,4398.57,4398.57,3488.02,4778.64,3827.72,5278.62,-760.82,529.79,-570.85,880.05,18.13,18.13,20.95,20.95,270.12,1370.76,0.0000,0.0000
5.039721,16.060,4.461,12.19,38.57,77.02,1.9971,10.30,-3.36,1.76,25.78,50.00,0.3000,36.79,42.51,47.77,18.40,18.40,21.26,21.26,4248.84,4248.84,4398.57,4398.57,3481.38,4786.04,3820.01,5286.70,-767.46,537.20,-578.56,888.13,18.40,18.40,21.26,21.26,269.92,1385.68,0.0000,0.0000
5.039721,16.176,4.493,12.37,39.23,78.13,1.9915,10.56,-3.41,1.78,26.15,50.00,0.3000,37.32,43.12,47.77,18.66,18.66,21.56,21.56,4248.84,4248.84,4398.57,4398.57,3475.10,4794.11,3811.61,5294.45,-773.74,545.27,-586.96,895.88,18.66,18.66,21.56,21.56,268.70,1400.92,0.0000,0.0000
5.039721,16.291,4.525,12.54,39.90,79.24,1.9859,10.82,-3.46,1.81,26.53,50.00,0.3000,37.85,43.74,47.77,18.93,18.93,21.87,21.87,4248.84,4248.84,4398.57,4398.57,3468.85,4802.64,3802.74,5302.18,-779.99,553.80,-595.83,903.61,18.93,18.93,21.87,21.87,266.99,1416.61,0.0000,0.0000
5.039721,16.406,4.557,12.72,40.58,80.37,1.9803,11.09,-3.51,1.83,26.90,50.00,0.3000,38.39,44.36,47.77,19.20,19.20,22.18,22.18,4248.84,4248.84,4398.57,4398.57,3462.64,4811.36,3793.67,5309.90,-786.20,562.52,-604.90,911.33,19.20,19.20,22.18,22.18,265.06,1432.48,0.0000,0.0000
5.167377,16.521,4.589,12.90,41.28,81.51,1.9745,11.37,-3.56,1.86,27.28,50.00,0.3000,38.94,44.98,47.78,19.47,19.47,22.49,22.49,4248.84,4248.84,4398.57,4398.57,3456.43,4820.22,3784.47,5317.64,-792.41,571.37,-614.10,919.07,19.47,19.47,22.49,22.49,263.00,1448.48,0.0000,0.0000
5.167377,16.633,4.620,13.08,41.97,82.62,1.9683,11.65,-3.61,1.88,27.66,50.00,0.3000,39.47,45.60,47.78,19.74,19.74,22.80,22.80,4248.84,4248.84,4398.57,4398.57,3428.86,4868.65,3731.89,5350.50,-819.99,619.80,-666.68,951.93,19.74,19.74,22.80,22.80,242.72,1529.20,0.0000,0.0000
5.167377,16.747,4.652,13.26,42.68,83.75,1.9625,11.94,-3.66,1.91,28.04,50.00,0.3000,40.01,46.22,47.78,20.01,20.01,23.11,23.11,4248.84,4248.84,4398.57,4398.57,3450.92,4834.47,3770.15,5325.53,-797.93,585.62,-628.42,926.96,20.01,20.01,23.11,23.11,255.42,1469.46,0.0000,0.0000
5.167377,16.862,4.684,13.44,43.40,84.91,1.9565,12.24,-3.71,1.94,28.42,50.00,0.3000,40.57,46.86,47.78,20.28,20.28,23.43,23.43,4248.84,4248.84,4398.57,4398.57,3432.09,4854.75,3748.03,5347.39,-816.76,605.90,-650.54,948.82,20.28,20.28,23.43,23.43,254.57,1511.01,0.0000,0.0000
5.167377,16.988,4.719,13.64,44.18,86.18,1.9504,12.56,-3.76,1.96,28.85,50.00,0.3000,41.17,47.56,47.78,20.59,20.59,23.78,23.78,4248.84,4248.84,4398.57,4398.57,3388.34,4865.30,3734.76,5395.15,-860.50,616.46,-663.81,996.58,20.59,20.59,23.78,23.78,288.41,1568.68,0.0000,0.0000
5.167377,17.114,4.754,13.84,44.98,87.47,1.9445,12.88,-3.82,1.99,29.28,50.00,0.3000,41.79,48.27,47.78,20.89,20.89,24.14,24.14,4248.84,4248.84,4398.57,4398.57,3390.18,4859.73,3741.45,5393.53,-858.67,610.89,-657.12,994.96,20.89,20.89,24.14,24.14,292.81,1560.81,0.0000,0.0000
5.167377,17.241,4.789,14.05,45.79,88.77,1.9384,13.22,-3.88,2.02,29.71,50.00,0.3000,42.41,48.99,47.78,21.20,21.20,24.50,24.50,4248.84,4248.84,4398.57,4398.57,3378.74,4874.37,3725.86,5407.25,-870.10,625.53,-672.70,1008.68,21.20,21.20,24.50,24.50,290.28,1588.51,0.0000,0.0000
5.167377,17.368,4.824,14.26,46.62,90.07,1.9323,13.56,-3.93,2.05,30.15,50.00,0.3000,43.03,49.71,47.78,21.52,21.52,24.86,24.86,4248.84,4248.84,4398.57,4398.57,3373.25,4882.85,3717.19,5414.28,-875.59,634.00,-681.38,1015.71,21.52,21.52,24.86,24.86,287.96,1603.34,0.0000,0.0000
5.167377,17.494,4.859,14.46,47.45,91.39,1.9262,13.91,-3.99,2.08,30.59,50.00,0.3000,43.66,50.44,47.78,21.83,21.83,25.22,25.22,4248.84,4248.84,4398.57,4398.57,3365.22,4894.26,3705.26,5424.20,-883.63,645.41,-693.31,1025.63,21.83,21.83,25.22,25.22,285.27,1623.99,0.0000,0.0000
5.167377,17.620,4.895,14.67,48.29,92.72,1.9200,14.26,-4.05,2.11,31.04,50.00,0.3000,44.30,51.17,47.78,22.15,22.15,25.59,25.59,4248.84,4248.84,4398.57,4398.57,3358.31,4904.38,3694.76,5432.85,-890.53,655.53,-703.81,1034.28,22.15,22.15,25.59,25.59,282.74,1642.07,0.0000,0.0000
5.167377,17.747,4.930,14.88,49.14,94.05,1.9138,14.63,-4.11,2.14,31.48,50.00,0.3000,44.93,51.91,47.78,22.47,22.47,25.95,25.95,4248.84,4248.84,4398.57,4398.57,3350.97,4914.99,3683.72,5441.99,-897.87,666.14,-714.85,1043.42,22.47,22.47,25.95,25.95,280.15,1661.14,0.0000,0.0000
5.167377,17.873,4.965,15.10,50.01,95.39,1.9075,15.00,-4.17,2.17,31.93,50.00,0.3000,45.57,52.65,47.78,22.79,22.79,26.32,26.32,4248.84,4248.84,4398.57,4398.57,3343.88,4925.32,3673.00,5450.85,-904.96,676.48,-725.57,1052.28,22.79,22.79,26.32,26.32,277.60,1679.65,0.0000,0.0000
5.302158,17.999,5.000,15.31,50.89,96.75,1.9013,15.38,-4.23,2.20,32.38,50.00,0.3000,46.22,53.39,47.78,23.11,23.11,26.70,26.70,4248.84,4248.84,4398.57,4398.57,3336.75,4935.70,3662.22,5459.77,-912.10,686.86,-736.34,1061.20,23.11,23.11,26.70,26.70,275.04,1698.25,0.0000,0.0000
5.302158,18.125,5.035,15.53,51.77,98.11,1.8950,15.77,-4.29,2.24,32.84,50.00,0.3000,46.87,54.15,47.78,23.44,23.44,27.07,27.07,4248.84,4248.84,4398.57,4398.57,3329.69,4946.00,3651.55,5468.60,-919.15,697.16,-747.02,1070.03,23.44,23.44,27.07,27.07,272.50,1716.68,0.0000,0.0000
5.302158,18.251,5.070,15.74,52.67,99.47,1.8887,16.16,-4.35,2.27,33.30,50.00,0.3000,47.52,54.90,47.78,23.76,23.76,27.45,27.45,4248.84,4248.84,4398.57,4398.57,3322.65,4956.30,3640.88,5477.42,-926.19,707.45,-757.69,1078.85,23.76,23.76,27.45,27.45,269.95,1735.09,0.0000,0.0000
5.302158,18.411,5.114,16.02,53.78,101.22,1.8821,16.63,-4.42,2.31,33.88,50.00,0.3000,48.36,55.86,47.78,24.18,24.18,27.93,27.93,4248.84,4248.84,4398.57,4398.57,3184.27,4990.53,3596.83,5627.42,-1064.57,741.68,-801.74,1228.85,24.18,24.18,27.93,27.93,375.00,1918.42,0.0000,0.0000
5.302158,18.569,5.158,16.30,54.89,102.96,1.8760,17.10,-4.50,2.35,34.47,50.00,0.3000,49.19,56.83,47.78,24.60,24.60,28.41,28.41,4248.84,4248.84,4398.57,4398.57,3223.59,4946.01,3647.46,5583.80,-1025.26,697.16,-751.11,1185.23,24.60,24.60,28.41,28.41,381.10,1829.38,0.0000,0.0000
5.302158,18.728,5.202,16.58,56.02,104.74,1.8696,17.58,-4.58,2.39,35.06,50.00,0.3000,50.04,57.81,47.78,25.02,25.02,28.90,28.90,4248.84,4248.84,4398.57,4398.57,3190.03,4983.54,3606.42,5622.69,-1058.82,734.70,-792.15,1224.12,25.02,25.02,28.90,28.90,378.04,1904.89,0.0000,0.0000
5.302158,18.887,5.246,16.86,57.16,106.52,1.8634,18.07,-4.65,2.43,35.66,50.00,0.3000,50.89,58.79,47.78,25.44,25.44,29.39,29.39,4248.84,4248.84,4398.57,4398.57,3193.30,4986.30,3604.61,5620.30,-1055.54,737.46,-793.96,1221.73,25.44,25.44,29.39,29.39,372.92,1904.35,0.0000,0.0000
5.302158,19.045,5.290,17.14,58.32,108.31,1.8571,18.58,-4.73,2.47,36.26,50.00,0.3000,51.75,59.78,47.78,25.87,25.87,29.89,29.89,4248.84,4248.84,4398.57,4398.57,3177.59,5007.57,3581.97,5639.23,-1071.25,758.73,-816.60,1240.66,25.87,25.87,29.89,29.89,368.29,1943.62,0.0000,0.0000
5.302158,19.202,5.334,17.43,59.50,110.11,1.8507,19.09,-4.81,2.51,36.86,50.00,0.3000,52.61,60.77,47.78,26.30,26.30,30.39,30.39,4248.84,4248.84,4398.57,4398.57,3171.64,5019.33,3570.03,5647.20,-1077.21,770.49,-828.54,1248.63,26.30,26.30,30.39,30.39,363.41,1962.43,0.0000,0.0000
5.302158,19.238,5.344,17.49,59.89,110.52,1.8454,19.33,-4.83,2.52,36.99,50.00,0.3000,52.80,61.00,47.78,26.40,26.40,30.50,30.50,4248.84,4248.84,4398.57,4398.57,3638.57,4948.79,3674.16,5147.10,-610.27,699.95,-724.41,748.53,26.40,26.40,30.50,30.50,-32.78,1391.58,0.0000,0.0000
5.302158,19.228,5.341,17.47,59.97,110.41,1.8412,19.45,-4.82,2.52,36.96,50.00,0.3000,52.75,60.93,47.78,26.37,26.37,30.47,30.47,4248.84,4248.84,4398.57,4398.57,3891.76,4817.83,3828.92,4870.00,-357.08,568.99,-569.65,471.43,26.37,26.37,30.47,30.47,-155.07,983.58,0.0000,0.0000
5.302158,19.278,5.355,17.56,60.47,110.98,1.8355,19.74,-4.85,2.53,37.15,50.00,0.3000,53.02,61.25,47.78,26.51,26.51,30.63,30.63,4248.84,4248.84,4398.57,4398.57,3551.06,4996.95,3617.82,5243.28,-697.78,748.10,-780.75,844.71,26.51,26.51,30.63,30.63,6.82,1535.67,0.0000,0.0000
5.469663,19.355,5.376,17.71,61.14,111.87,1.8297,20.09,-4.89,2.55,37.45,50.00,0.3000,53.45,61.74,47.78,26.72,26.72,30.87,30.87,4248.84,4248.84,4398.57,4398.57,3448.53,5012.11,3595.80,5353.58,-800.32,763.26,-802.77,955.01,26.72,26.72,30.87,30.87,94.65,1660.68,0.0000,0.0000
5.469663,19.449,5.402,17.88,61.93,112.95,1.8238,20.48,-4.93,2.57,37.81,50.00,0.3000,53.96,62.34,47.78,26.98,26.98,31.17,31.17,4248.84,4248.84,4398.57,4398.57,3385.83,5021.86,3582.11,5421.33,-863.02,773.01,-816.46,1022.76,26.98,26.98,31.17,31.17,148.16,1737.62,0.0000,0.0000
5.469663,19.550,5.431,18.06,62.78,114.14,1.8180,20.89,-4.99,2.60,38.21,50.00,0.3000,54.53,62.99,47.78,27.26,27.26,31.50,31.50,4248.84,4248.84,4398.57,4398.57,3353.98,5026.27,3576.06,5456.04,-894.86,777.43,-822.51,1057.47,27.26,27.26,31.50,31.50,176.19,1776.14,0.0000,0.0000
5.469663,19.657,5.460,18.26,63.67,115.39,1.8123,21.32,-5.04,2.63,38.62,50.00,0.3000,55.13,63.68,47.78,27.56,27.56,31.84,31.84,4248.84,4248.84,4398.57,4398.57,3335.34,5029.27,3572.36,5476.67,-913.50,780.42,-826.21,1078.10,27.56,27.56,31.84,31.84,192.48,1799.12,0.0000,0.0000
5.469663,19.767,5.491,18.47,64.59,116.68,1.8066,21.77,-5.10,2.66,39.06,50.00,0.3000,55.74,64.40,47.78,27.87,27.87,32.20,32.20,4248.84,4248.84,4398.57,4398.57,3323.19,5032.46,3568.88,5490.44,-925.66,783.61,-829.69,1091.87,27.87,27.87,32.20,32.20,202.12,1815.41,0.0000,0.0000
5.469663,19.878,5.522,18.67,65.52,118.00,1.8009,22.22,-5.15,2.69,39.50,50.00,0.3000,56.37,65.12,47.78,28.19,28.19,32.56,32.56,4248.84,4248.84,4398.57,4398.57,3312.64,5039.01,3561.94,5502.73,-936.21,790.17,-836.62,1104.16,28.19,28.19,32.56,32.56,206.79,1833.58,0.0000,0.0000
5.469663,19.990,5.553,18.89,66.47,119.34,1.7953,22.68,-5.21,2.72,39.95,50.00,0.3000,57.01,65.86,47.78,28.51,28.51,32.93,32.93,4248.84,4248.84,4398.57,4398.57,3303.08,5047.17,3553.38,5514.07,-945.76,798.32,-845.19,1115.50,28.51,28.51,32.93,32.93,208.88,1852.39,0.0000,0.0000
5.469663,20.104,5.584,19.10,67.43,120.69,1.7898,23.14,-5.27,2.75,40.40,50.00,0.3000,57.66,66.61,47.78,28.83,28.83,33.30,33.30,4248.84,4248.84,4398.57,4398.57,3293.82,5056.63,3543.45,5525.20,-955.03,807.78,-855.12,1126.63,28.83,28.83,33.30,33.30,209.38,1872.28,0.0000,0.0000
5.469663,20.217,5.616,19.32,68.41,122.06,1.7842,23.61,-5.33,2.78,40.86,50.00,0.3000,58.31,67.36,47.78,29.16,29.16,33.68,33.68,4248.84,4248.84,4398.57,4398.57,3284.59,5067.12,3532.44,5536.36,-964.26,818.28,-866.13,1137.79,29.16,29.16,33.68,33.68,208.82,1893.23,0.0000,0.0000
5.469663,20.331,5.647,19.54,69.39,123.43,1.7788,24.10,-5.39,2.81,41.32,50.00,0.3000,58.97,68.12,47.78,29.49,29.49,34.06,34.06,4248.84,4248.84,4398.57,4398.57,3275.26,5078.42,3520.56,5547.68,-973.58,829.58,-878.00,1149.11,29.49,29.49,34.06,34.06,207.55,1915.14,0.0000,0.0000
5.469663,20.445,5.679,19.75,70.39,124.82,1.7733,24.58,-5.45,2.84,41.78,50.00,0.3000,59.63,68.89,47.78,29.82,29.82,34.45,34.45,4248.84,4248.84,4398.57,4398.57,3265.83,5090.30,3508.08,5559.14,-983.01,841.46,-890.49,1160.57,29.82,29.82,34.45,34.45,205.81,1937.77,0.0000,0.0000
5.469663,20.559,5.711,19.98,71.40,126.22,1.7679,25.08,-5.51,2.88,42.25,50.00,0.3000,60.30,69.66,47.78,30.15,30.15,34.83,34.83,4248.84,4248.84,4398.57,4398.57,3256.36,5102.56,3495.19,5570.69,-992.49,853.72,-903.38,1172.12,30.15,30.15,34.83,34.83,203.75,1960.85,0.0000,0.0000
5.576900,20.673,5.743,20.20,72.41,127.63,1.7625,25.58,-5.57,2.91,42.72,50.00,0.3000,60.97,70.44,47.78,30.49,30.49,35.22,35.22,4248.84,4248.84,4398.57,4398.57,3246.86,5115.05,3482.06,5582.27,-1001.98,866.21,-916.51,1183.70,30.49,30.49,35.22,35.22,201.48,1984.20,0.0000,0.0000
5.576900,20.787,5.774,20.42,73.44,129.04,1.7571,26.08,-5.64,2.94,43.19,50.00,0.3000,61.65,71.22,47.78,30.82,30.82,35.61,35.61,4248.84,4248.84,4398.57,4398.57,3237.45,5127.61,3468.86,5593.78,-1011.40,878.76,-929.71,1195.21,30.82,30.82,35.61,35.61,199.07,2007.53,0.0000,0.0000
5.576900,20.902,5.806,20.65,74.47,130.46,1.7518,26.59,-5.70,2.97,43.67,50.00,0.3000,62.33,72.00,47.78,31.16,31.16,36.00,36.00,4248.84,4248.84,4398.57,4398.57,3228.12,5140.16,3455.68,5605.19,-1020.72,891.32,-942.89,1206.62,31.16,31.16,36.00,36.00,196.57,2030.78,0.0000,0.0000
5.576900,20.997,5.832,20.84,75.31,131.65,1.7481,27.00,-5.75,3.00,44.07,50.00,0.3000,62.90,72.66,47.78,31.45,31.45,36.33,36.33,4248.84,4248.84,4398.57,4398.57,3490.31,4883.12,3745.58,5311.37,-758.53,634.28,-652.99,912.80,31.45,31.45,36.33,36.33,192.03,1479.30,0.0000,0.0000
5.576900,21.099,5.861,21.04,76.24,132.94,1.7438,27.45,-5.81,3.03,44.50,50.00,0.3000,63.51,73.37,47.78,31.76,31.76,36.69,36.69,4248.84,4248.84,4398.57,4398.57,3372.70,5003.34,3611.26,5444.42,-876.15,754.49,-787.31,1045.85,31.76,31.76,36.69,36.69,190.10,1731.90,0.0000,0.0000
5.576900,21.204,5.890,21.25,77.21,134.27,1.7391,27.93,-5.86,3.06,44.94,50.00,0.3000,64.15,74.10,47.78,32.07,32.07,37.05,37.05,4248.84,4248.84,4398.57,4398.57,3298.76,5086.28,3519.25,5528.78,-950.09,837.44,-879.31,1130.21,32.07,32.07,37.05,37.05,181.77,1898.53,0.0000,0.0000
5.576900,21.311,5.920,21.46,78.20,135.63,1.7343,28.43,-5.92,3.09,45.40,50.00,0.3000,64.80,74.85,47.78,32.40,32.40,37.43,37.43,4248.84,4248.84,4398.57,4398.57,3257.27,5132.06,3468.76,5576.39,-991.57,883.21,-929.81,1177.82,32.40,32.40,37.43,37.43,178.18,1991.21,0.0000,0.0000
5.576900,21.419,5.950,21.68,79.22,137.00,1.7294,28.94,-5.98,3.12,45.86,50.00,0.3000,65.45,75.61,47.78,32.73,32.73,37.81,37.81,4248.84,4248.84,4398.57,4398.57,3233.09,5158.13,3440.28,5604.40,-1015.76,909.28,-958.29,1205.83,32.73,32.73,37.81,37.81,177.01,2044.58,0.0000,0.0000
5.576900,21.528,5.980,21.90,80.25,138.40,1.7245,29.46,-6.05,3.15,46.33,50.00,0.3000,66.12,76.38,47.78,33.06,33.06,38.19,38.19,4248.84,4248.84,4398.57,4398.57,3217.04,5175.40,3421.66,5623.23,-1031.80,926.55,-976.91,1224.66,33.06,33.06,38.19,38.19,176.50,2079.96,0.0000,0.0000
5.576900,21.637,6.010,22.13,81.30,139.80,1.7197,29.99,-6.11,3.19,46.80,50.00,0.3000,66.79,77.16,47.78,33.40,33.40,38.58,38.58,4248.84,4248.84,4398.57,4398.57,3196.53,5202.21,3392.62,5647.41,-1052.31,953.37,-1005.94,1248.84,33.40,33.40,38.58,38.58,170.92,2130.23,0.0000,0.0000
5.576900,21.746,6.041,22.35,82.35,141.22,1.7149,30.52,-6.17,3.22,47.27,50.00,0.3000,67.47,77.94,47.78,33.73,33.73,38.97,38.97,4248.84,4248.84,4398.57,4398.57,3188.10,5211.55,3382.91,5657.66,-1060.74,962.71,-1015.66,1259.09,33.73,33.73,38.97,38.97,170.73,2149.10,0.0000,0.0000
5.576900,21.856,6.071,22.58,83.41,142.64,1.7102,31.06,-6.23,3.25,47.75,50.00,0.3000,68.15,78.73,47.78,34.07,34.07,39.36,39.36,4248.84,4248.84,4398.57,4398.57,3179.34,5221.48,3372.56,5668.32,-1069.50,972.63,-1026.01,1269.75,34.07,34.07,39.36,39.36,170.31,2168.95,0.0000,0.0000
5.706575,21.965,6.102,22.80,84.48,144.09,1.7056,31.60,-6.29,3.28,48.23,50.00,0.3000,68.84,79.52,47.78,34.42,34.42,39.76,39.76,4248.84,4248.84,4398.57,4398.57,3169.98,5232.72,3360.78,5679.71,-1078.86,983.87,-1037.78,1281.13,34.42,34.42,39.76,39.76,169.17,2190.83,0.0000,0.0000
5.706575,22.075,6.132,23.03,85.55,145.52,1.7010,32.14,-6.36,3.32,48.71,50.00,0.3000,69.53,80.31,47.78,34.76,34.76,40.16,40.16,4248.84,4248.84,4398.57,4398.57,3155.36,5254.30,3337.69,5697.31,-1093.48,1005.46,-1060.88,1298.74,34.76,34.76,40.16,40.16,162.95,2229.28,0.0000,0.0000
5.706575,22.184,6.162,23.26,86.63,146.97,1.6965,32.69,-6.42,3.35,49.19,50.00,0.3000,70.22,81.11,47.78,35.11,35.11,40.55,40.55,4248.84,4248.84,4398.57,4398.57,3146.82,5265.11,3326.42,5707.80,-1102.02,1016.27,-1072.15,1309.23,35.11,35.11,40.55,40.55,161.42,2249.83,0.0000,0.0000
5.706575,22.294,6.193,23.49,87.72,148.43,1.6921,33.24,-6.48,3.38,49.68,50.00,0.3000,70.91,81.91,47.78,35.46,35.46,40.96,40.96,4248.84,4248.84,4398.57,4398.57,3138.12,5275.82,3315.26,5718.46,-1110.73,1026.97,-1083.31,1319.89,35.46,35.46,40.96,40.96,160.17,2270.45,0.0000,0.0000
5.706575,22.403,6.223,23.72,88.81,149.89,1.6878,33.80,-6.55,3.42,50.17,50.00,0.3000,71.61,82.72,47.78,35.81,35.81,41.36,41.36,4248.84,4248.84,4398.57,4398.57,3128.93,5287.43,3303.12,5729.69,-1119.92,1038.58,-1095.45,1331.12,35.81,35.81,41.36,41.36,158.50,2292.54,0.0000,0.0000
5.706575,22.513,6.254,23.95,89.90,151.36,1.6836,34.35,-6.61,3.45,50.66,50.00,0.3000,72.32,83.53,47.78,36.16,36.16,41.77,41.77,4248.84,4248.84,4398.57,4398.57,3119.54,5299.57,3290.39,5741.18,-1129.31,1050.73,-1108.18,1342.61,36.16,36.16,41.77,41.77,156.51,2315.41,0.0000,0.0000
5.706575,22.623,6.284,24.19,91.01,152.84,1.6795,34.91,-6.68,3.48,51.16,50.00,0.3000,73.02,84.35,47.78,36.51,36.51,42.17,42.17,4248.84,4248.84,4398.57,4398.57,3110.16,5311.91,3277.46,5752.67,-1138.69,1063.07,-1121.11,1354.10,36.51,36.51,42.17,42.17,154.30,2338.48,0.0000,0.0000
5.706575,22.733,6.315,24.42,92.11,154.33,1.6755,35.47,-6.74,3.52,51.66,50.00,0.3000,73.74,85.17,47.78,36.87,36.87,42.59,42.59,4248.84,4248.84,4398.57,4398.57,3100.91,5324.25,3264.55,5764.02,-1147.93,1075.41,-1134.02,1365.45,36.87,36.87,42.59,42.59,151.98,2361.41,0.0000,0.0000
5.706575,22.842,6.345,24.66,93.22,155.82,1.6715,36.03,-6.81,3.55,52.16,50.00,0.3000,74.45,85.99,47.78,37.22,37.22,43.00,43.00,4248.84,4248.84,4398.57,4398.57,3091.84,5336.49,3251.76,5775.19,-1157.01,1087.64,-1146.81,1376.62,37.22,37.22,43.00,43.00,149.59,2384.04,0.0000,0.0000
5.706575,22.952,6.376,24.90,94.33,157.32,1.6677,36.60,-6.87,3.59,52.66,50.00,0.3000,75.17,86.82,47.78,37.58,37.58,43.41,43.41,4248.84,4248.84,4398.57,4398.57,3082.97,5348.55,3239.17,5786.13,-1165.87,1099.71,-1159.40,1387.56,37.58,37.58,43.41,43.41,147.16,2406.27,0.0000,0.0000
5.706575,23.062,6.406,25.14,95.45,158.83,1.6640,37.16,-6.94,3.62,53.16,50.00,0.3000,75.89,87.65,47.78,37.94,37.94,43.83,43.83,4248.84,4248.84,4398.57,4398.57,3074.31,5360.42,3226.79,5796.84,-1174.54,1111.58,-1171.78,1398.27,37.94,37.94,43.83,43.83,144.73,2428.08,0.0000,0.0000
5.706575,23.171,6.436,25.37,96.57,160.34,1.6604,37.72,-7.00,3.65,53.67,50.00,0.3000,76.61,88.49,47.78,38.30,38.30,44.24,44.24,4248.84,4248.84,4398.57,4398.57,3065.84,5372.10,3214.65,5807.33,-1183.00,1123.26,-1183.92,1408.76,38.30,38.30,44.24,44.24,142.29,2449.47,0.0000,0.0000
5.828242,23.281,6.467,25.61,90.16,145.92,1.6183,38.28,-7.07,3.69,54.18,50.00,0.3000,61.39,89.33,42.07,30.69,30.69,44.66,44.66,4248.84,4248.84,4398.57,4398.57,3049.59,5375.61,3202.72,5817.63,-1199.26,1126.77,-1195.85,1419.06,30.69,30.69,44.66,44.66,147.85,2470.47,0.0000,0.0000
5.828242,23.362,6.489,25.79,90.95,146.94,1.6156,38.70,-7.12,3.71,54.56,50.00,0.3000,61.82,89.95,42.07,30.91,30.91,44.98,44.98,4248.84,4248.84,4398.57,4398.57,3348.82,5114.86,3498.77,5484.14,-900.02,866.02,-899.80,1085.57,30.91,30.91,44.98,44.98,109.89,1875.71,0.0000,0.0000
5.828242,23.450,6.514,25.99,91.77,148.04,1.6132,39.13,-7.17,3.74,54.97,50.00,0.3000,62.28,90.63,42.07,31.14,31.14,45.31,45.31,4248.84,4248.84,4398.57,4398.57,3373.59,5054.28,3565.22,5454.64,-875.25,805.44,-833.35,1056.07,31.14,31.14,45.31,45.31,146.26,1785.06,0.0000,0.0000
5.828242,23.559,6.544,26.23,92.73,149.42,1.6114,39.60,-7.24,3.78,55.48,50.00,0.3000,62.86,91.47,42.07,31.43,31.43,45.74,45.74,4248.84,4248.84,4398.57,4398.57,3465.44,4843.43,3795.58,5344.71,-783.40,594.59,-602.99,946.14,31.43,31.43,45.74,45.74,265.98,1463.56,0.0000,0.0000
5.828242,23.663,6.573,26.46,93.66,150.75,1.6095,40.06,-7.30,3.81,55.97,50.00,0.3000,63.42,92.29,42.07,31.71,31.71,46.14,46.14,4248.84,4248.84,4398.57,4398.57,3442.27,4889.88,3745.49,5372.90,-806.58,641.04,-653.08,974.33,31.71,31.71,46.14,46.14,243.39,1537.51,0.0000,0.0000
5.828242,23.776,6.604,26.72,94.64,152.19,1.6082,40.53,-7.37,3.85,56.51,50.00,0.3000,64.03,93.17,42.07,32.01,32.01,46.58,46.58,4248.84,4248.84,4398.57,4398.57,3547.78,4719.77,3933.47,5251.01,-701.07,470.92,-465.10,852.44,32.01,32.01,46.58,46.58,308.74,1244.77,0.0000,0.0000
5.828242,23.893,6.637,26.98,95.64,153.69,1.6070,40.99,-7.45,3.89,57.06,50.00,0.3000,64.66,94.08,42.07,32.33,32.33,47.04,47.04,4248.84,4248.84,4398.57,4398.57,3597.42,4639.95,4022.10,5194.10,-651.42,391.10,-376.47,795.53,32.33,32.33,47.04,47.04,339.69,1107.26,0.0000,0.0000
5.828242,24.006,6.668,27.24,96.63,155.15,1.6057,41.46,-7.52,3.92,57.61,50.00,0.3000,65.28,94.98,42.07,32.64,32.64,47.49,47.49,4248.84,4248.84,4398.57,4398.57,3550.16,4709.70,3945.84,5249.39,-698.69,460.86,-452.73,850.82,32.64,32.64,47.49,47.49,317.96,1231.55,0.0000,0.0000
5.828242,24.121,6.700,27.50,97.62,156.64,1.6046,41.93,-7.59,3.96,58.16,50.00,0.3000,65.90,95.89,42.07,32.95,32.95,47.95,47.95,4248.84,4248.84,4398.57,4398.57,3597.70,4644.52,4018.78,5195.61,-651.14,395.67,-379.78,797.04,32.95,32.95,47.95,47.95,336.36,1111.82,0.0000,0.0000
5.828242,24.236,6.732,27.76,98.61,158.13,1.6036,42.39,-7.66,4.00,58.71,50.00,0.3000,66.53,96.81,42.07,33.27,33.27,48.40,48.40,4248.84,4248.84,4398.57,4398.57,3637.66,4593.97,4075.72,5150.81,-611.18,345.13,-322.85,752.24,33.27,33.27,48.40,48.40,347.72,1015.70,0.0000,0.0000
5.828242,24.350,6.764,28.02,99.60,159.63,1.6028,42.84,-7.73,4.04,59.27,50.00,0.3000,67.16,97.72,42.07,33.58,33.58,48.86,48.86,4248.84,4248.84,4398.57,4398.57,3675.78,4547.47,4128.25,5108.21,-573.06,298.63,-270.32,709.64,33.58,33.58,48.86,48.86,356.87,925.83,0.0000,0.0000
5.828242,24.464,6.796,28.28,100.57,161.12,1.6020,43.29,-7.81,4.07,59.82,50.00,0.3000,67.79,98.64,42.07,33.89,33.89,49.32,49.32,4248.84,4248.84,4398.57,4398.57,3712.02,4504.79,4176.61,5067.84,-536.83,255.94,-221.96,669.27,33.89,33.89,49.32,49.32,364.10,842.00,0.0000,0.0000
5.962144,24.577,6.827,28.55,99.86,157.55,1.5777,43.73,-7.88,4.11,60.38,50.00,0.3000,63.35,99.55,40.21,31.67,31.67,49.77,49.77,4248.84,4248.84,4398.57,4398.57,3744.20,4462.62,4221.63,5029.27,-504.64,213.78,-176.94,630.70,31.67,31.67,49.77,49.77,372.31,763.03,0.0000,0.0000
5.962144,24.661,6.850,28.74,100.58,158.63,1.5772,44.06,-7.93,4.14,60.79,50.00,0.3000,63.78,100.23,40.21,31.89,31.89,50.12,50.12,4248.84,4248.84,4398.57,4398.57,3877.03,4418.76,4277.02,4886.03,-371.81,169.92,-121.55,487.46,31.89,31.89,50.12,50.12,283.90,575.37,0.0000,0.0000
5.962144,24.745,6.873,28.94,101.28,159.70,1.5768,44.38,-7.99,4.17,61.20,50.00,0.3000,64.21,100.91,40.21,32.11,32.11,50.46,50.46,4248.84,4248.84,4398.57,4398.57,3910.22,4382.80,4317.83,4849.10,-338.62,133.96,-80.74,450.53,32.11,32.11,50.46,50.46,287.22,501.93,0.0000,0.0000
5.962144,24.827,6.896,29.13,101.98,160.77,1.5765,44.70,-8.04,4.19,61.61,50.00,0.3000,64.64,101.59,40.21,32.32,32.32,50.79,50.79,4248.84,4248.84,4398.57,4398.57,3930.10,4362.65,4341.02,4827.29,-318.74,113.80,-57.55,428.72,32.32,32.32,50.79,50.79,288.05,459.40,0.0000,0.0000
5.962144,24.908,6.919,29.32,102.67,161.82,1.5762,45.01,-8.09,4.22,62.02,50.00,0.3000,65.07,102.25,40.21,32.53,32.53,51.13,51.13,4248.84,4248.84,4398.57,4398.57,3954.15,4338.35,4368.87,4800.78,-294.70,89.50,-29.70,402.21,32.53,32.53,51.13,51.13,288.85,408.06,0.0000,0.0000
5.962144,24.988,6.941,29.51,103.35,162.86,1.5759,45.32,-8.14,4.25,62.42,50.00,0.3000,65.48,102.91,40.21,32.74,32.74,51.45,51.45,4248.84,4248.84,4398.57,4398.57,3979.73,4313.11,4397.80,4772.58,-269.11,64.26,-0.77,374.01,32.74,32.74,51.45,51.45,289.05,354.08,0.0000,0.0000
5.962144,25.067,6.963,29.70,104.01,163.89,1.5757,45.62,-8.20,4.28,62.81,50.00,0.3000,65.90,103.56,40.21,32.95,32.95,51.78,51.78,4248.84,4248.84,4398.57,4398.57,4005.76,4287.94,4426.68,4743.90,-243.08,39.09,28.11,345.33,32.95,32.95,51.78,51.78,288.72,299.70,0.0000,0.0000
5.962144,25.144,6.984,29.88,104.66,164.90,1.5756,45.91,-8.25,4.30,63.20,50.00,0.3000,66.30,104.20,40.21,33.15,33.15,52.10,52.10,4248.84,4248.84,4398.57,4398.57,4031.57,4263.49,4454.78,4715.50,-217.28,14.64,56.21,316.93,33.15,33.15,52.10,52.10,287.89,246.32,0.0000,0.0000
5.962144,25.220,7.005,30.06,105.30,165.90,1.5755,46.19,-8.30,4.33,63.58,50.00,0.3000,66.70,104.83,40.21,33.35,33.35,52.41,52.41,4248.84,4248.84,4398.57,4398.57,4056.81,4240.05,4481.75,4687.74,-192.03,-8.80,83.18,289.17,33.35,33.35,52.41,52.41,286.59,194.61,0.0000,0.0000
5.962144,25.295,7.026,30.24,105.93,166.89,1.5755,46.47,-8.35,4.35,63.96,50.00,0.3000,67.10,105.45,40.21,33.55,33.55,52.73,52.73,4248.84,4248.84,4398.57,4398.57,4062.59,4236.40,4486.49,4681.90,-186.26,-12.44,87.92,283.33,33.55,33.55,52.73,52.73,284.97,184.61,0.0000,0.0000
5.962144,25.368,7.047,30.41,106.54,167.86,1.5755,46.74,-8.39,4.38,64.33,50.00,0.3000,67.49,106.07,40.21,33.75,33.75,53.03,53.03,4248.84,4248.84,4398.57,4398.57,4094.38,4206.76,4520.45,4646.79,-154.47,-42.08,121.88,248.22,33.75,33.75,53.03,53.03,283.33,119.36,0.0000,0.0000
5.962144,25.440,7.067,30.59,107.15,168.81,1.5755,47.00,-8.44,4.40,64.69,50.00,0.3000,67.88,106.67,40.21,33.94,33.94,53.33,53.33,4248.84,4248.84,4398.57,4398.57,4122.23,4182.01,4548.96,4616.17,-126.61,-66.83,150.39,217.59,33.94,33.94,53.33,53.33,280.71,63.49,0.0000,0.0000
6.089691,25.511,7.086,30.76,107.74,169.75,1.5756,47.26,-8.49,4.43,65.05,50.00,0.3000,68.25,107.26,40.21,34.13,34.13,53.63,53.63,4248.84,4248.84,4398.57,4398.57,4134.29,4173.29,4559.46,4603.30,-114.55,-75.56,160.89,204.73,34.13,34.13,53.63,53.63,277.86,41.42,0.0000,0.0000
6.089691,25.560,7.100,30.88,108.14,170.41,1.5757,47.43,-8.52,4.45,65.31,50.00,0.3000,68.52,107.68,40.21,34.26,34.26,53.84,53.84,4248.84,4248.84,4398.57,4398.57,4157.44,4222.72,4508.74,4582.12,-91.40,-26.12,110.17,183.55,34.26,34.26,53.84,53.84,205.62,69.33,0.0000,0.0000
6.089691,25.608,7.113,30.99,108.54,171.05,1.5760,47.59,-8.55,4.46,65.55,50.00,0.3000,68.78,108.08,40.21,34.39,34.39,54.04,54.04,4248.84,4248.84,4398.57,4398.57,4127.84,4254.09,4473.91,4615.84,-121.00,5.25,75.34,217.27,34.39,34.39,54.04,54.04,204.18,134.09,0.0000,0.0000
6.089691,25.655,7.126,31.11,108.92,171.68,1.5762,47.75,-8.59,4.48,65.79,50.00,0.3000,69.03,108.48,40.21,34.51,34.51,54.24,54.24,4248.84,4248.84,4398.57,4398.57,4114.42,4271.75,4454.65,4631.52,-134.43,22.90,56.08,232.95,34.51,34.51,54.24,54.24,200.28,167.10,0.0000,0.0000
6.089691,25.700,7.139,31.22,109.28,172.28,1.5765,47.90,-8.62,4.50,66.02,50.00,0.3000,69.27,108.86,40.21,34.64,34.64,54.43,54.43,4248.84,4248.84,4398.57,4398.57,4098.84,4291.85,4432.64,4649.62,-150.00,43.01,34.07,251.05,34.64,34.64,54.43,54.43,196.06,204.99,0.0000,0.0000
6.089691,25.744,7.151,31.32,109.63,172.87,1.5768,48.04,-8.65,4.51,66.25,50.00,0.3000,69.51,109.23,40.21,34.75,34.75,54.62,54.62,4248.84,4248.84,4398.57,4398.57,4082.00,4313.37,4409.05,4669.15,-166.84,64.52,10.48,270.58,34.75,34.75,54.62,54.62,191.69,245.73,0.0000,0.0000
6.089691,25.786,7.163,31.43,109.96,173.43,1.5772,48.17,-8.67,4.53,66.47,50.00,0.3000,69.73,109.59,40.21,34.87,34.87,54.79,54.79,4248.84,4248.84,4398.57,4398.57,4064.39,4335.79,4384.43,4689.54,-184.45,86.95,-14.14,290.97,34.87,34.87,54.79,54.79,187.16,288.25,0.0000,0.0000
6.089691,25.827,7.174,31.52,110.27,173.98,1.5777,48.29,-8.70,4.54,66.67,50.00,0.3000,69.95,109.93,40.21,34.98,34.98,54.97,54.97,4248.84,4248.84,4398.57,4398.57,4034.05,4371.14,4345.29,4724.24,-214.80,122.29,-53.28,325.67,34.98,34.98,54.97,54.97,182.45,358.02,0.0000,0.0000
6.089691,25.865,7.185,31.62,110.57,174.50,1.5782,48.40,-8.73,4.55,66.87,50.00,0.3000,70.16,110.26,40.21,35.08,35.08,55.13,55.13,4248.84,4248.84,4398.57,4398.57,4020.44,4389.86,4324.83,4740.12,-228.40,141.01,-73.74,341.55,35.08,35.08,55.13,55.13,177.60,392.35,0.0000,0.0000
6.089691,25.903,7.195,31.71,110.85,175.00,1.5787,48.50,-8.75,4.57,67.07,50.00,0.3000,70.37,110.58,40.21,35.18,35.18,55.29,55.29,4248.84,4248.84,4398.57,4398.57,4004.83,4410.75,4301.93,4758.26,-244.01,161.91,-96.64,359.69,35.18,35.18,55.29,55.29,172.57,431.13,0.0000,0.0000
6.089691,25.938,7.205,31.80,111.11,175.48,1.5793,48.59,-8.78,4.58,67.25,50.00,0.3000,70.56,110.88,40.21,35.28,35.28,55.44,55.44,4248.84,4248.84,4398.57,4398.57,3979.40,4441.60,4267.83,4787.44,-269.45,192.75,-130.73,388.87,35.28,35.28,55.44,55.44,167.41,490.90,0.0000,0.0000
6.089691,25.972,7.215,31.88,111.36,175.95,1.5800,48.67,-8.80,4.59,67.43,50.00,0.3000,70.75,111.18,40.21,35.37,35.37,55.59,55.59,4248.84,4248.84,4398.57,4398.57,3964.20,4462.32,4245.12,4805.11,-284.64,213.48,-153.45,406.54,35.37,35.37,55.59,55.59,162.13,529.05,0.0000,0.0000
6.269834,26.005,7.224,31.96,111.59,176.39,1.5807,48.75,-8.82,4.60,67.60,50.00,0.3000,70.92,111.46,40.21,35.46,35.46,55.73,55.73,4248.84,4248.84,4398.57,4398.57,3947.18,4485.01,4220.19,4824.83,-301.67,236.17,-178.38,426.25,35.46,35.46,55.73,55.73,156.69,571.23,0.0000,0.0000
6.269834,26.025,7.229,32.01,111.71,176.66,1.5815,48.77,-8.83,4.61,67.70,50.00,0.3000,71.03,111.63,40.21,35.52,35.52,55.81,55.81,4248.84,4248.84,4398.57,4398.57,3942.89,4535.90,4166.02,4832.67,-305.95,287.05,-232.55,434.10,35.52,35.52,55.81,55.81,110.22,629.83,0.0000,0.0000
6.269834,26.043,7.234,32.06,111.81,176.91,1.5823,48.77,-8.85,4.62,67.80,50.00,0.3000,71.13,111.78,40.21,35.57,35.57,55.89,55.89,4248.84,4248.84,4398.57,4398.57,3917.97,4565.81,4132.83,4861.14,-330.88,316.97,-265.74,462.57,35.57,35.57,55.89,55.89,105.37,688.08,0.0000,0.0000
6.269834,26.060,7.239,32.10,111.89,177.14,1.5832,48.77,-8.86,4.62,67.89,50.00,0.3000,71.23,111.93,40.21,35.61,35.61,55.97,55.97,4248.84,4248.84,4398.57,4398.57,3901.49,4588.33,4108.01,4880.16,-347.36,339.48,-290.56,481.58,35.61,35.61,55.97,55.97,99.45,729.49,0.0000,0.0000
6.269834,26.076,7.243,32.14,111.95,177.35,1.5842,48.76,-8.87,4.63,67.97,50.00,0.3000,71.31,112.06,40.21,35.66,35.66,56.03,56.03,4248.84,4248.84,4398.57,4398.57,3883.12,4613.03,4080.74,4901.31,-365.73,364.19,-317.82,502.74,35.66,35.66,56.03,56.03,93.23,775.24,0.0000,0.0000
6.269834,26.090,7.247,32.17,112.00,177.54,1.5852,48.74,-8.88,4.63,68.04,50.00,0.3000,71.39,112.18,40.21,35.69,35.69,56.09,56.09,4248.84,4248.84,4398.57,4398.57,3863.52,4639.18,4051.86,4923.84,-385.32,390.33,-346.71,525.27,35.69,35.69,56.09,56.09,86.77,823.82,0.0000,0.0000
6.269834,26.102,7.251,32.20,112.02,177.71,1.5863,48.71,-8.89,4.64,68.10,50.00,0.3000,71.45,112.29,40.21,35.73,35.73,56.14,56.14,4248.84,4248.84,4398.57,4398.57,3843.16,4666.31,4021.86,4947.24,-405.69,417.46,-376.71,548.67,35.73,35.73,56.14,56.14,80.09,874.27,0.0000,0.0000
6.269834,26.113,7.254,32.23,112.03,177.85,1.5876,48.66,-8.89,4.64,68.16,50.00,0.3000,71.51,112.38,40.21,35.76,35.76,56.19,56.19,4248.84,4248.84,4398.57,4398.57,3822.29,4694.17,3991.05,4971.21,-426.55,445.32,-407.52,572.64,35.76,35.76,56.19,56.19,73.18,926.01,0.0000,0.0000
6.269834,26.122,7.256,32.25,112.02,177.98,1.5888,48.61,-8.90,4.64,68.21,50.00,0.3000,71.56,112.46,40.21,35.78,35.78,56.23,56.23,4248.84,4248.84,4398.57,4398.57,3801.09,4722.58,3959.62,4995.56,-447.75,473.74,-438.95,596.98,35.78,35.78,56.23,56.23,66.03,978.71,0.0000,0.0000
6.269834,26.129,7.258,32.27,111.98,178.08,1.5902,48.54,-8.91,4.65,68.25,50.00,0.3000,71.60,112.52,40.21,35.80,35.80,56.26,56.26,4248.84,4248.84,4398.57,4398.57,3779.65,4751.44,3927.69,5020.17,-469.19,502.60,-470.88,621.60,35.80,35.80,56.26,56.26,58.66,1032.13,0.0000,0.0000
6.269834,26.135,7.260,32.28,111.93,178.16,1.5917,48.45,-8.91,4.65,68.28,50.00,0.3000,71.64,112.57,40.21,35.82,35.82,56.29,56.29,4248.84,4248.84,4398.57,4398.57,3758.04,4780.70,3895.31,5044.98,-490.80,531.86,-503.26,646.41,35.82,35.82,56.29,56.29,51.05,1086.16,0.0000,0.0000
6.269834,26.139,7.261,32.29,111.85,178.22,1.5933,48.36,-8.91,4.65,68.30,50.00,0.3000,71.66,112.61,40.21,35.83,35.83,56.31,56.31,4248.84,4248.84,4398.57,4398.57,3736.33,4810.29,3862.56,5069.91,-512.52,561.45,-536.01,671.34,35.83,35.83,56.31,56.31,43.20,1140.66,0.0000,0.0000
6.370970,26.142,7.262,32.30,111.76,178.25,1.5950,48.25,-8.91,4.65,68.31,50.00,0.3000,71.67,112.63,40.21,35.84,35.84,56.32,56.32,4248.84,4248.84,4398.57,4398.57,3714.53,4840.20,3829.46,5094.94,-534.31,591.36,-569.11,696.37,35.84,35.84,56.32,56.32,35.11,1195.57,0.0000,0.0000
6.370970,26.133,7.259,32.28,111.56,178.13,1.5968,48.09,-8.91,4.65,68.27,50.00,0.3000,71.62,112.56,40.21,35.81,35.81,56.28,56.28,4248.84,4248.84,4398.57,4398.57,3711.98,4886.91,3779.63,5100.48,-536.86,638.07,-618.94,701.91,35.81,35.81,56.28,56.28,-9.12,1247.90,0.0000,0.0000
6.370970,26.123,7.256,32.25,111.33,177.99,1.5987,47.92,-8.90,4.64,68.21,50.00,0.3000,71.57,112.47,40.21,35.78,35.78,56.23,56.23,4248.84,4248.84,4398.57,4398.57,3684.08,4922.97,3739.53,5132.28,-564.76,674.12,-659.04,733.71,35.78,35.78,56.23,56.23,-17.35,1315.82,0.0000,0.0000
6.370970,26.111,7.253,32.22,111.09,177.82,1.6008,47.73,-8.89,4.64,68.15,50.00,0.3000,71.50,112.36,40.21,35.75,35.75,56.18,56.18,4248.84,4248.84,4398.57,4398.57,3664.30,4951.37,3708.05,5154.97,-584.55,702.52,-690.52,756.40,35.75,35.75,56.18,56.18,-26.05,1366.99,0.0000,0.0000
6.370970,26.097,7.249,32.19,110.82,177.64,1.6029,47.53,-8.88,4.63,68.08,50.00,0.3000,71.42,112.24,40.21,35.71,35.71,56.12,56.12,4248.84,4248.84,4398.57,4398.57,3644.03,4980.49,3675.77,5178.21,-604.81,731.65,-722.80,779.64,35.71,35.71,56.12,56.12,-35.00,1419.45,0.0000,0.0000
6.370970,26.081,7.245,32.15,110.53,177.43,1.6052,47.31,-8.87,4.63,68.00,50.00,0.3000,71.34,112.11,40.21,35.67,35.67,56.06,56.06,4248.84,4248.84,4398.57,4398.57,3622.97,5010.78,3642.18,5202.35,-625.87,761.93,-756.39,803.78,35.67,35.67,56.06,56.06,-44.33,1473.99,0.0000,0.0000
6.370970,26.064,7.240,32.11,110.22,177.20,1.6077,47.08,-8.86,4.62,67.91,50.00,0.3000,71.25,111.96,40.21,35.62,35.62,55.98,55.98,4248.84,4248.84,4398.57,4398.57,3601.94,5041.37,3608.27,5226.46,-646.90,792.52,-790.30,827.89,35.62,35.62,55.98,55.98,-54.01,1528.81,0.0000,0.0000
6.370970,26.046,7.235,32.06,109.88,176.94,1.6103,46.84,-8.85,4.62,67.81,50.00,0.3000,71.14,111.80,40.21,35.57,35.57,55.90,55.90,4248.84,4248.84,4398.57,4398.57,3582.43,5070.59,3575.88,5248.87,-666.41,821.75,-822.69,850.30,35.57,35.57,55.90,55.90,-63.87,1580.57,0.0000,0.0000
6.370970,26.025,7.229,32.01,109.52,176.66,1.6130,46.58,-8.83,4.61,67.70,50.00,0.3000,71.03,111.63,40.21,35.52,35.52,55.81,55.81,4248.84,4248.84,4398.57,4398.57,3561.69,5101.36,3541.77,5272.66,-687.15,852.52,-856.80,874.09,35.52,35.52,55.81,55.81,-74.04,1635.28,0.0000,0.0000
6.370970,26.000,7.222,31.95,109.19,176.33,1.6149,46.36,-8.82,4.60,67.57,50.00,0.3000,70.90,111.42,40.21,35.45,35.45,55.71,55.71,4248.84,4248.84,4398.57,4398.57,3816.32,4857.28,3816.65,4986.89,-432.52,608.43,-581.92,588.32,35.45,35.45,55.71,55.71,-84.75,1105.60,0.0000,0.0000
6.370970,25.976,7.216,31.89,108.75,176.00,1.6183,46.05,-8.80,4.59,67.45,50.00,0.3000,70.77,111.21,40.21,35.38,35.38,55.60,55.60,4248.84,4248.84,4398.57,4398.57,3428.97,5256.91,3367.98,5422.94,-819.87,1008.06,-1030.59,1024.37,35.38,35.38,55.60,55.60,-97.20,1941.45,0.0000,0.0000
6.370970,25.950,7.208,31.83,108.31,175.65,1.6216,45.73,-8.78,4.58,67.31,50.00,0.3000,70.62,110.99,40.21,35.31,35.31,55.49,55.49,4248.84,4248.84,4398.57,4398.57,3476.01,5219.71,3410.23,5370.49,-772.84,970.87,-988.34,971.92,35.31,35.31,55.49,55.49,-107.23,1851.99,0.0000,0.0000
6.488731,25.923,7.201,31.76,107.85,175.28,1.6252,45.40,-8.77,4.57,67.17,50.00,0.3000,70.48,110.75,40.21,35.24,35.24,55.38,55.38,4248.84,4248.84,4398.57,4398.57,3448.94,5257.23,3368.50,5401.38,-799.91,1008.39,-1030.07,1002.81,35.24,35.24,55.38,55.38,-117.87,1920.59,0.0000,0.0000
6.488731,25.891,7.192,31.68,107.34,174.85,1.6289,45.04,-8.74,4.56,67.01,50.00,0.3000,70.30,110.48,40.21,35.15,35.15,55.24,55.24,4248.84,4248.84,4398.57,4398.57,3436.53,5289.69,3333.04,5416.35,-812.31,1040.84,-1065.53,1017.78,35.15,35.15,55.24,55.24,-138.14,1968.23,0.0000,0.0000
6.488731,25.858,7.183,31.60,106.81,174.40,1.6328,44.67,-8.72,4.55,66.84,50.00,0.3000,70.12,110.20,40.21,35.06,35.06,55.10,55.10,4248.84,4248.84,4398.57,4398.57,3416.68,5320.79,3298.54,5439.14,-832.16,1071.95,-1100.03,1040.57,35.06,35.06,55.10,55.10,-149.62,2022.35,0.0000,0.0000
6.488731,25.823,7.173,31.52,106.25,173.93,1.6370,44.28,-8.70,4.54,66.66,50.00,0.3000,69.93,109.90,40.21,34.97,34.97,54.95,54.95,4248.84,4248.84,4398.57,4398.57,3397.26,5351.63,3264.33,5461.43,-851.58,1102.79,-1134.24,1062.86,34.97,34.97,54.95,54.95,-161.29,2075.73,0.0000,0.0000
6.488731,25.787,7.163,31.43,105.67,173.44,1.6414,43.87,-8.67,4.53,66.47,50.00,0.3000,69.74,109.59,40.21,34.87,34.87,54.80,54.80,4248.84,4248.84,4398.57,4398.57,3377.77,5382.91,3229.65,5483.82,-871.07,1134.07,-1168.92,1085.25,34.87,34.87,54.80,54.80,-173.34,2129.66,0.0000,0.0000
6.488731,25.749,7.152,31.33,105.06,172.93,1.6460,43.45,-8.65,4.51,66.27,50.00,0.3000,69.53,109.27,40.21,34.77,34.77,54.63,54.63,4248.84,4248.84,4398.57,4398.57,3358.76,5414.05,3195.14,5505.69,-890.08,1165.20,-1203.43,1107.12,34.77,34.77,54.63,54.63,-185.72,2182.92,0.0000,0.0000
6.488731,25.709,7.141,31.24,104.43,172.40,1.6508,43.01,-8.62,4.50,66.07,50.00,0.3000,69.32,108.93,40.21,34.66,34.66,54.47,54.47,4248.84,4248.84,4398.57,4398.57,3340.24,5444.98,3160.85,5527.00,-908.61,1196.14,-1237.72,1128.43,34.66,34.66,54.47,54.47,-198.41,2235.45,0.0000,0.0000
6.488731,25.668,7.130,31.14,103.78,171.84,1.6559,42.55,-8.59,4.48,65.86,50.00,0.3000,69.09,108.58,40.21,34.55,34.55,54.29,54.29,4248.84,4248.84,4398.57,4398.57,3322.29,5475.63,3126.90,5547.68,-926.55,1226.79,-1271.67,1149.11,34.55,34.55,54.29,54.29,-211.40,2287.05,0.0000,0.0000
6.488731,25.625,7.118,31.03,103.10,171.27,1.6612,42.08,-8.56,4.47,65.63,50.00,0.3000,68.86,108.22,40.21,34.43,34.43,54.11,54.11,4248.84,4248.84,4398.57,4398.57,3304.96,5505.94,3093.33,5567.67,-943.88,1257.10,-1305.24,1169.10,34.43,34.43,54.11,54.11,-224.68,2337.66,0.0000,0.0000
6.488731,25.580,7.106,30.92,102.39,170.67,1.6668,41.58,-8.54,4.45,65.41,50.00,0.3000,68.62,107.84,40.21,34.31,34.31,53.92,53.92,4248.84,4248.84,4398.57,4398.57,3288.30,5535.83,3060.24,5586.91,-960.54,1286.99,-1338.33,1188.34,34.31,34.31,53.92,53.92,-238.22,2387.10,0.0000,0.0000
6.488731,25.533,7.093,30.81,101.66,170.05,1.6727,41.08,-8.50,4.44,65.17,50.00,0.3000,68.37,107.45,40.21,34.19,34.19,53.72,53.72,4248.84,4248.84,4398.57,4398.57,3272.31,5565.31,3027.63,5605.41,-976.53,1316.46,-1370.94,1206.84,34.19,34.19,53.72,53.72,-252.02,2435.39,0.0000,0.0000
6.488731,25.485,7.079,30.70,100.91,169.41,1.6789,40.55,-8.47,4.42,64.92,50.00,0.3000,68.12,107.05,40.21,34.06,34.06,53.52,53.52,4248.84,4248.84,4398.57,4398.57,3257.03,5594.31,2995.55,5623.10,-991.81,1345.46,-1403.02,1224.53,34.06,34.06,53.52,53.52,-266.07,2482.42,0.0000,0.0000
6.623022,25.435,7.065,30.58,100.13,168.75,1.6853,40.01,-8.44,4.40,64.67,50.00,0.3000,67.85,106.63,40.21,33.93,33.93,53.31,53.31,4248.84,4248.84,4398.57,4398.57,3242.46,5622.84,2964.00,5640.01,-1006.39,1373.99,-1434.57,1241.44,33.93,33.93,53.31,53.31,-280.37,2528.20,0.0000,0.0000
6.623022,25.382,7.051,30.45,99.31,168.04,1.6920,39.44,-8.40,4.38,64.40,50.00,0.3000,67.57,106.18,40.21,33.78,33.78,53.09,53.09,4248.84,4248.84,4398.57,4398.57,3235.18,5651.33,2932.91,5649.15,-1013.67,1402.49,-1465.66,1250.58,33.78,33.78,53.09,53.09,-301.95,2566.20,0.0000,0.0000
6.623022,25.327,7.035,30.31,98.47,167.31,1.6991,38.86,-8.37,4.37,64.12,50.00,0.3000,67.27,105.72,40.21,33.64,33.64,52.86,52.86,4248.84,4248.84,4398.57,4398.57,3219.95,5681.27,2899.80,5666.80,-1028.89,1432.42,-1498.77,1268.23,33.64,33.64,52.86,52.86,-317.04,2614.16,0.0000,0.0000
6.623022,25.270,7.019,30.18,97.60,166.55,1.7064,38.26,-8.33,4.35,63.83,50.00,0.3000,66.97,105.24,40.21,33.48,33.48,52.62,52.62,4248.84,4248.84,4398.57,4398.57,3208.00,5707.75,2870.54,5680.75,-1040.84,1458.90,-1528.03,1282.18,33.48,33.48,52.62,52.62,-331.95,2654.98,0.0000,0.0000
6.623022,25.211,7.003,30.04,96.72,165.78,1.7141,37.65,-8.29,4.33,63.53,50.00,0.3000,66.66,104.75,40.21,33.33,33.33,52.38,52.38,4248.84,4248.84,4398.57,4398.57,3196.32,5734.19,2841.33,5694.40,-1052.52,1485.35,-1557.24,1295.83,33.33,33.33,52.38,52.38,-347.12,2695.47,0.0000,0.0000
6.623022,25.150,6.986,29.89,95.81,164.98,1.7220,37.03,-8.25,4.30,63.23,50.00,0.3000,66.34,104.25,40.21,33.17,33.17,52.12,52.12,4248.84,4248.84,4398.57,4398.57,3185.29,5760.18,2812.63,5707.32,-1063.55,1511.34,-1585.94,1308.75,33.17,33.17,52.12,52.12,-362.49,2734.79,0.0000,0.0000
6.623022,25.088,6.969,29.75,94.88,164.17,1.7303,36.39,-8.21,4.28,62.91,50.00,0.3000,66.01,103.73,40.21,33.00,33.00,51.87,51.87,4248.84,4248.84,4398.57,4398.57,3174.91,5785.73,2784.43,5719.50,-1073.93,1536.89,-1614.14,1320.93,33.00,33.00,51.87,51.87,-378.08,2772.95,0.0000,0.0000
6.623022,25.024,6.951,29.59,93.92,163.33,1.7390,35.73,-8.17,4.26,62.59,50.00,0.3000,65.67,103.20,40.21,32.84,32.84,51.60,51.60,4248.84,4248.84,4398.57,4398.57,3165.17,5810.83,2756.73,5730.97,-1083.67,1561.99,-1641.84,1332.40,32.84,32.84,51.60,51.60,-393.88,2809.95,0.0000,0.0000
6.623022,24.958,6.933,29.44,92.95,162.47,1.7480,35.06,-8.13,4.24,62.27,50.00,0.3000,65.33,102.66,40.21,32.66,32.66,51.33,51.33,4248.84,4248.84,4398.57,4398.57,3156.04,5835.51,2729.50,5741.76,-1092.80,1586.67,-1669.07,1343.19,32.66,32.66,51.33,51.33,-409.87,2845.86,0.0000,0.0000
6.623022,24.891,6.914,29.28,91.96,161.59,1.7573,34.38,-8.08,4.22,61.93,50.00,0.3000,64.97,102.11,40.21,32.49,32.49,51.05,51.05,4248.84,4248.84,4398.57,4398.57,3147.52,5859.77,2702.76,5751.86,-1101.32,1610.93,-1695.81,1353.29,32.49,32.49,51.05,51.05,-426.07,2880.67,0.0000,0.0000
6.623022,24.821,6.895,29.12,90.95,160.69,1.7669,33.69,-8.04,4.19,61.58,50.00,0.3000,64.61,101.54,40.21,32.31,32.31,50.77,50.77,4248.84,4248.84,4398.57,4398.57,3139.59,5883.63,2676.45,5761.30,-1109.26,1634.79,-1722.12,1362.73,32.31,32.31,50.77,50.77,-442.46,2914.45,0.0000,0.0000
6.623022,24.750,6.875,28.95,89.92,159.77,1.7769,32.99,-7.99,4.17,61.23,50.00,0.3000,64.24,100.96,40.21,32.12,32.12,50.48,50.48,4248.84,4248.84,4398.57,4398.57,3132.26,5907.06,2650.65,5770.07,-1116.59,1658.21,-1747.92,1371.50,32.12,32.12,50.48,50.48,-459.03,2947.11,0.0000,0.0000
6.753777,24.677,6.855,28.78,88.87,158.83,1.7873,32.28,-7.94,4.14,60.87,50.00,0.3000,63.86,100.36,40.21,31.93,31.93,50.18,50.18,4248.84,4248.84,4398.57,4398.57,3125.49,5930.09,2625.27,5778.20,-1123.35,1681.25,-1773.30,1379.63,31.93,31.93,50.18,50.18,-475.78,2978.76,0.0000,0.0000
6.753777,24.601,6.834,28.60,87.80,157.85,1.7980,31.55,-7.89,4.12,60.49,50.00,0.3000,63.47,99.74,40.21,31.74,31.74,49.87,49.87,4248.84,4248.84,4398.57,4398.57,3125.01,5951.84,2601.63,5779.56,-1123.84,1703.00,-1796.94,1380.98,31.74,31.74,49.87,49.87,-497.56,3002.38,0.0000,0.0000
6.753777,24.523,6.812,28.42,86.71,156.85,1.8090,30.82,-7.84,4.09,60.11,50.00,0.3000,63.07,99.11,40.21,31.53,31.53,49.56,49.56,4248.84,4248.84,4398.57,4398.57,3117.83,5976.03,2574.99,5788.16,-1131.01,1727.18,-1823.58,1389.59,31.53,31.53,49.56,49.56,-515.08,3035.68,0.0000,0.0000
6.753777,24.443,6.790,28.24,85.60,155.83,1.8204,30.08,-7.79,4.07,59.72,50.00,0.3000,62.66,98.47,40.21,31.33,31.33,49.23,49.23,4248.84,4248.84,4398.57,4398.57,3113.11,5997.46,2551.41,5793.98,-1135.73,1748.61,-1847.16,1395.41,31.33,31.33,49.23,49.23,-532.32,3063.46,0.0000,0.0000
6.753777,24.361,6.767,28.05,84.49,154.79,1.8321,29.34,-7.74,4.04,59.32,50.00,0.3000,62.24,97.81,40.21,31.12,31.12,48.90,48.90,4248.84,4248.84,4398.57,4398.57,3108.93,6018.51,2528.25,5799.19,-1139.91,1769.66,-1870.32,1400.62,31.12,31.12,48.90,48.90,-549.73,3090.25,0.0000,0.0000
6.753777,24.282,6.745,27.87,83.41,153.79,1.8438,28.61,-7.69,4.01,58.94,50.00,0.3000,61.84,97.18,40.21,30.92,30.92,48.59,48.59,4248.84,4248.84,4398.57,4398.57,3130.71,5988.69,2560.76,5773.69,-1118.14,1739.84,-1837.81,1375.12,30.92,30.92,48.59,48.59,-542.20,3035.45,0.0000,0.0000
6.753777,24.212,6.726,27.71,82.42,152.91,1.8552,27.94,-7.65,3.99,58.60,50.00,0.3000,61.48,96.62,40.21,30.74,30.74,48.31,48.31,4248.84,4248.84,4398.57,4398.57,3170.94,5911.56,2644.72,5725.71,-1077.90,1662.71,-1753.85,1327.14,30.74,30.74,48.31,48.31,-505.76,2910.80,0.0000,0.0000
6.753777,24.152,6.709,27.57,81.52,152.14,1.8663,27.32,-7.61,3.97,58.31,50.00,0.3000,61.17,96.13,40.21,30.59,30.59,48.07,48.07,4248.84,4248.84,4398.57,4398.57,3200.68,5842.40,2719.62,5689.43,-1048.16,1593.56,-1678.95,1290.86,30.59,30.59,48.07,48.07,-466.75,2805.77,0.0000,0.0000
6.753777,24.100,6.694,27.45,80.71,151.49,1.8770,26.73,-7.58,3.95,58.06,50.00,0.3000,60.91,95.72,40.21,30.46,30.46,47.86,47.86,4248.84,4248.84,4398.57,4398.57,3228.90,5777.64,2789.82,5655.10,-1019.94,1528.80,-1608.75,1256.53,30.46,30.46,47.86,47.86,-430.54,2707.01,0.0000,0.0000
6.753777,24.038,6.677,27.31,79.95,150.71,1.8851,26.25,-7.54,3.93,57.76,50.00,0.3000,60.60,95.23,40.21,30.30,30.30,47.62,47.62,4248.84,4248.84,4398.57,4398.57,3558.38,5417.93,3191.93,5282.43,-690.47,1169.08,-1206.64,883.86,30.30,30.30,47.62,47.62,-400.70,1975.02,0.0000,0.0000
6.753777,23.983,6.662,27.18,79.23,150.03,1.8936,25.78,-7.50,3.91,57.50,50.00,0.3000,60.32,94.80,40.21,30.16,30.16,47.40,47.40,4248.84,4248.84,4398.57,4398.57,3499.87,5461.24,3141.94,5346.91,-748.98,1212.40,-1256.63,948.34,30.16,30.16,47.40,47.40,-385.86,2083.17,0.0000,0.0000
6.753777,23.936,6.649,27.08,78.56,149.44,1.9023,25.31,-7.47,3.90,57.27,50.00,0.3000,60.09,94.43,40.21,30.04,30.04,47.21,47.21,4248.84,4248.84,4398.57,4398.57,3462.17,5476.97,3122.58,5387.61,-786.67,1228.13,-1275.99,989.04,30.04,30.04,47.21,47.21,-364.20,2139.91,0.0000,0.0000
6.884980,23.895,6.637,26.98,77.93,148.93,1.9111,24.87,-7.45,3.89,57.07,50.00,0.3000,59.88,94.10,40.21,29.94,29.94,47.05,47.05,4248.84,4248.84,4398.57,4398.57,3444.58,5473.86,3124.53,5405.84,-804.26,1225.01,-1274.04,1007.27,29.94,29.94,47.05,47.05,-343.76,2155.29,0.0000,0.0000
6.884980,23.846,6.624,26.87,77.21,148.31,1.9210,24.37,-7.42,3.87,56.84,50.00,0.3000,59.63,93.71,40.21,29.82,29.82,46.86,46.86,4248.84,4248.84,4398.57,4398.57,3347.49,5629.68,2952.68,5518.31,-901.35,1380.84,-1445.89,1119.74,29.82,29.82,46.86,46.86,-402.82,2423.91,0.0000,0.0000
6.884980,23.795,6.610,26.76,76.48,147.68,1.9311,23.86,-7.39,3.85,56.60,50.00,0.3000,59.38,93.32,40.21,29.69,29.69,46.66,46.66,4248.84,4248.84,4398.57,4398.57,3326.84,5662.07,2916.67,5541.94,-922.01,1413.23,-1481.90,1143.37,29.69,29.69,46.66,46.66,-414.87,2480.25,0.0000,0.0000
6.884980,23.750,6.597,26.66,75.80,147.12,1.9409,23.38,-7.36,3.84,56.38,50.00,0.3000,59.15,92.96,40.21,29.58,29.58,46.48,46.48,4248.84,4248.84,4398.57,4398.57,3359.63,5603.33,2980.81,5503.18,-889.22,1354.49,-1417.76,1104.61,29.58,29.58,46.48,46.48,-389.21,2383.04,0.0000,0.0000
6.884980,23.709,6.586,26.57,75.18,146.62,1.9502,22.94,-7.33,3.83,56.19,50.00,0.3000,58.95,92.64,40.21,29.48,29.48,46.32,46.32,4248.84,4248.84,4398.57,4398.57,3388.96,5548.14,3040.99,5468.34,-859.89,1299.29,-1357.58,1069.77,29.48,29.48,46.32,46.32,-363.61,2293.26,0.0000,0.0000
6.884980,23.673,6.576,26.48,74.61,146.17,1.9592,22.53,-7.31,3.81,56.02,50.00,0.3000,58.77,92.36,40.21,29.39,29.39,46.18,46.18,4248.84,4248.84,4398.57,4398.57,3409.36,5506.12,3086.65,5443.83,-839.49,1257.28,-1311.92,1045.26,29.39,29.39,46.18,46.18,-342.23,2226.97,0.0000,0.0000
6.884980,23.640,6.567,26.41,74.07,145.77,1.9680,22.13,-7.29,3.80,55.86,50.00,0.3000,58.61,92.11,40.21,29.30,29.30,46.05,46.05,4248.84,4248.84,4398.57,4398.57,3423.39,5474.33,3121.08,5426.74,-825.45,1225.49,-1277.49,1028.17,29.30,29.30,46.05,46.05,-324.68,2178.30,0.0000,0.0000
6.884980,23.611,6.558,26.35,73.56,145.40,1.9765,21.76,-7.27,3.79,55.72,50.00,0.3000,58.46,91.88,40.21,29.23,29.23,45.94,45.94,4248.84,4248.84,4398.57,4398.57,3433.38,5449.76,3147.61,5414.42,-815.47,1200.92,-1250.96,1015.85,29.23,29.23,45.94,45.94,-310.28,2141.60,0.0000,0.0000
6.884980,23.583,6.551,26.29,73.09,145.07,1.9849,21.40,-7.25,3.79,55.59,50.00,0.3000,58.33,91.66,40.21,29.16,29.16,45.83,45.83,4248.84,4248.84,4398.57,4398.57,3440.77,5430.37,3168.49,5405.20,-808.08,1181.53,-1230.08,1006.62,29.16,29.16,45.83,45.83,-298.45,2113.15,0.0000,0.0000
6.884980,23.558,6.544,26.23,72.63,144.76,1.9930,21.06,-7.24,3.78,55.48,50.00,0.3000,58.21,91.47,40.21,29.10,29.10,45.74,45.74,4248.84,4248.84,4398.57,4398.57,3446.43,5414.81,3185.21,5398.05,-802.41,1165.96,-1213.36,999.48,29.10,29.10,45.74,45.74,-288.71,2090.61,0.0000,0.0000
6.884980,23.535,6.538,26.18,72.20,144.48,2.0010,20.73,-7.23,3.77,55.37,50.00,0.3000,58.09,91.29,40.21,29.05,29.05,45.65,45.65,4248.84,4248.84,4398.57,4398.57,3450.91,5402.16,3198.78,5392.36,-797.93,1153.31,-1199.79,993.79,29.05,29.05,45.65,45.65,-280.69,2072.41,0.0000,0.0000
6.884980,23.513,6.532,26.13,71.79,144.21,2.0089,20.41,-7.21,3.76,55.27,50.00,0.3000,57.98,91.12,40.21,28.99,28.99,45.56,45.56,4248.84,4248.84,4398.57,4398.57,3454.50,5391.81,3209.85,5387.77,-794.35,1142.96,-1188.72,989.20,28.99,28.99,45.56,45.56,-274.07,2057.61,0.0000,0.0000
7.017099,23.493,6.526,26.08,71.39,143.95,2.0166,20.10,-7.20,3.76,55.17,50.00,0.3000,57.88,90.96,40.21,28.94,28.94,45.48,45.48,4248.84,4248.84,4398.57,4398.57,3457.39,5383.32,3218.92,5384.04,-791.45,1134.48,-1179.65,985.47,28.94,28.94,45.48,45.48,-268.60,2045.52,0.0000,0.0000
7.017099,23.460,6.517,26.01,70.88,143.55,2.0252,19.74,-7.18,3.75,55.01,50.00,0.3000,57.72,90.71,40.21,28.86,28.86,45.35,45.35,4248.84,4248.84,4398.57,4398.57,3365.91,5548.44,3037.65,5491.25,-882.93,1299.60,-1360.92,1092.68,28.86,28.86,45.35,45.35,-342.45,2318.06,0.0000,0.0000
7.017099,23.429,6.508,25.94,70.41,143.17,2.0335,19.40,-7.16,3.74,54.87,50.00,0.3000,57.57,90.46,40.21,28.78,28.78,45.23,45.23,4248.84,4248.84,4398.57,4398.57,3389.29,5515.68,3073.71,5464.18,-859.55,1266.83,-1324.86,1065.61,28.78,28.78,45.23,45.23,-333.26,2258.43,0.0000,0.0000
7.017099,23.400,6.500,25.88,69.96,142.81,2.0414,19.08,-7.14,3.73,54.73,50.00,0.3000,57.42,90.24,40.21,28.71,28.71,45.12,45.12,4248.84,4248.84,4398.57,4398.57,3412.51,5477.37,3115.65,5436.96,-836.33,1228.52,-1282.92,1038.39,28.71,28.71,45.12,45.12,-318.36,2193.08,0.0000,0.0000
7.017099,23.373,6.492,25.82,69.54,142.49,2.0489,18.78,-7.13,3.72,54.61,50.00,0.3000,57.29,90.03,40.21,28.65,28.65,45.02,45.02,4248.84,4248.84,4398.57,4398.57,3426.29,5451.33,3143.99,5420.54,-822.55,1202.48,-1254.57,1021.97,28.65,28.65,45.02,45.02,-306.27,2150.79,0.0000,0.0000
7.017099,23.348,6.485,25.76,69.15,142.18,2.0562,18.49,-7.11,3.71,54.49,50.00,0.3000,57.17,89.84,40.21,28.58,28.58,44.92,44.92,4248.84,4248.84,4398.57,4398.57,3433.70,5434.39,3162.29,5411.46,-815.14,1185.55,-1236.28,1012.89,28.58,28.58,44.92,44.92,-296.90,2124.93,0.0000,0.0000
7.017099,23.324,6.479,25.71,68.78,141.90,2.0632,18.22,-7.10,3.70,54.38,50.00,0.3000,57.06,89.66,40.21,28.53,28.53,44.83,44.83,4248.84,4248.84,4398.57,4398.57,3437.48,5423.16,3174.31,5406.60,-811.36,1174.31,-1224.26,1008.03,28.53,28.53,44.83,44.83,-289.59,2108.98,0.0000,0.0000
7.017099,23.302,6.473,25.66,68.42,141.63,2.0699,17.96,-7.08,3.70,54.28,50.00,0.3000,56.95,89.49,40.21,28.47,28.47,44.75,44.75,4248.84,4248.84,4398.57,4398.57,3439.30,5415.43,3182.49,5404.04,-809.54,1166.58,-1216.07,1005.47,28.47,28.47,44.75,44.75,-283.82,2098.84,0.0000,0.0000
7.017099,23.282,6.467,25.62,68.09,141.38,2.0764,17.72,-7.07,3.69,54.18,50.00,0.3000,56.85,89.33,40.21,28.42,28.42,44.67,44.67,4248.84,4248.84,4398.57,4398.57,3440.15,5409.83,3188.36,5402.66,-808.69,1160.98,-1210.21,1004.09,28.42,28.42,44.67,44.67,-279.20,2091.99,0.0000,0.0000
7.017099,23.262,6.462,25.57,67.77,141.14,2.0827,17.48,-7.06,3.68,54.09,50.00,0.3000,56.75,89.18,40.21,28.37,28.37,44.59,44.59,4248.84,4248.84,4398.57,4398.57,3440.59,5405.52,3192.84,5401.81,-808.26,1156.68,-1205.73,1003.24,28.37,28.37,44.59,44.59,-275.46,2086.95,0.0000,0.0000
7.017099,23.242,6.456,25.53,67.46,140.90,2.0888,17.26,-7.05,3.68,54.00,50.00,0.3000,56.65,89.03,40.21,28.33,28.33,44.52,44.52,4248.84,4248.84,4398.57,4398.57,3440.95,5401.98,3196.50,5401.09,-807.90,1153.13,-1202.07,1002.52,28.33,28.33,44.52,44.52,-272.39,2082.81,0.0000,0.0000
7.017099,23.224,6.451,25.49,67.16,140.68,2.0945,17.04,-7.04,3.67,53.91,50.00,0.3000,56.56,88.89,40.21,28.28,28.28,44.45,44.45,4248.84,4248.84,4398.57,4398.57,3441.37,5398.88,3199.70,5400.33,-807.47,1150.04,-1198.87,1001.75,28.28,28.28,44.45,44.45,-269.84,2079.06,0.0000,0.0000
7.150831,23.206,6.446,25.45,66.88,140.46,2.1001,16.84,-7.02,3.66,53.83,50.00,0.3000,56.48,88.75,40.21,28.24,28.24,44.38,44.38,4248.84,4248.84,4398.57,4398.57,3441.97,5396.03,3202.65,5399.41,-806.88,1147.19,-1195.92,1000.84,28.24,28.24,44.38,44.38,-267.69,2075.41,0.0000,0.0000
7.150831,23.179,6.439,25.39,66.55,140.14,2.1058,16.62,-7.01,3.66,53.71,50.00,0.3000,56.35,88.55,40.21,28.17,28.17,44.27,44.27,4248.84,4248.84,4398.57,4398.57,3379.20,5510.95,3076.53,5473.04,-869.64,1262.11,-1322.04,1074.47,28.17,28.17,44.27,44.27,-320.02,2264.13,0.0000,0.0000
7.150831,23.153,6.431,25.34,66.23,139.82,2.1112,16.41,-6.99,3.65,53.59,50.00,0.3000,56.22,88.35,40.21,28.11,28.11,44.18,44.18,4248.84,4248.84,4398.57,4398.57,3395.83,5488.47,3101.28,5453.82,-853.02,1239.62,-1297.29,1055.25,28.11,28.11,44.18,44.18,-314.32,2222.59,0.0000,0.0000
7.150831,23.129,6.425,25.28,65.94,139.53,2.1161,16.22,-6.98,3.64,53.47,50.00,0.3000,56.10,88.17,40.21,28.05,28.05,44.08,44.08,4248.84,4248.84,4398.57,4398.57,3411.61,5462.83,3129.34,5435.31,-837.23,1213.99,-1269.23,1036.74,28.05,28.05,44.08,44.08,-304.62,2178.60,0.0000,0.0000
7.150831,23.106,6.418,25.23,65.66,139.25,2.1207,16.05,-6.96,3.63,53.37,50.00,0.3000,55.99,87.99,40.21,28.00,28.00,44.00,44.00,4248.84,4248.84,4398.57,4398.57,3421.31,5445.12,3148.61,5423.77,-827.54,1196.27,-1249.96,1025.20,28.00,28.00,44.00,44.00,-296.75,2149.48,0.0000,0.0000
7.150831,23.084,6.412,25.18,65.41,138.99,2.1249,15.89,-6.95,3.63,53.27,50.00,0.3000,55.89,87.83,40.21,27.94,27.94,43.91,43.91,4248.84,4248.84,4398.57,4398.57,3427.09,5433.07,3161.63,5416.75,-821.75,1184.23,-1236.94,1018.18,27.94,27.94,43.91,43.91,-290.62,2130.55,0.0000,0.0000
7.150831,23.064,6.407,25.14,65.17,138.74,2.1288,15.74,-6.94,3.62,53.17,50.00,0.3000,55.79,87.67,40.21,27.89,27.89,43.83,43.83,4248.84,4248.84,4398.57,4398.57,3430.73,5424.47,3170.86,5412.21,-818.11,1175.62,-1227.70,1013.64,27.89,27.89,43.83,43.83,-285.79,2117.54,0.0000,0.0000
7.150831,23.044,6.401,25.10,64.95,138.51,2.1324,15.60,-6.93,3.61,53.08,50.00,0.3000,55.69,87.52,40.21,27.85,27.85,43.76,43.76,4248.84,4248.84,4398.57,4398.57,3433.31,5417.88,3177.90,5408.94,-815.53,1169.04,-1220.67,1010.37,27.85,27.85,43.76,43.76,-281.90,2107.81,0.0000,0.0000
7.150831,23.025,6.396,25.05,64.75,138.28,2.1357,15.48,-6.92,3.61,52.99,50.00,0.3000,55.60,87.37,40.21,27.80,27.80,43.69,43.69,4248.84,4248.84,4398.57,4398.57,3435.42,5412.48,3183.65,5406.25,-813.42,1163.63,-1214.92,1007.68,27.80,27.80,43.69,43.69,-278.72,2099.83,0.0000,0.0000
7.150831,23.006,6.391,25.01,64.55,138.05,2.1386,15.37,-6.90,3.60,52.91,50.00,0.3000,55.51,87.23,40.21,27.75,27.75,43.62,43.62,4248.84,4248.84,4398.57,4398.57,3437.36,5407.76,3188.66,5403.79,-811.49,1158.92,-1209.90,1005.22,27.75,27.75,43.62,43.62,-276.06,2092.76,0.0000,0.0000
7.150831,22.988,6.386,24.98,64.37,137.84,2.1413,15.26,-6.89,3.60,52.82,50.00,0.3000,55.42,87.10,40.21,27.71,27.71,43.55,43.55,4248.84,4248.84,4398.57,4398.57,3439.31,5403.44,3193.26,5401.33,-809.53,1154.60,-1205.31,1002.76,27.71,27.71,43.55,43.55,-273.81,2086.10,0.0000,0.0000
7.150831,22.970,6.381,24.94,64.20,137.63,2.1436,15.17,-6.88,3.59,52.74,50.00,0.3000,55.34,86.96,40.21,27.67,27.67,43.48,43.48,4248.84,4248.84,4398.57,4398.57,3441.64,5399.06,3197.95,5398.48,-807.20,1150.22,-1200.62,999.91,27.67,27.67,43.48,43.48,-271.86,2078.97,0.0000,0.0000
7.319036,22.953,6.376,24.90,64.04,137.42,2.1457,15.08,-6.87,3.59,52.66,50.00,0.3000,55.25,86.83,40.21,27.63,27.63,43.42,43.42,4248.84,4248.84,4398.57,4398.57,3443.37,5395.54,3201.68,5396.31,-805.47,1146.70,-1196.88,997.74,27.63,27.63,43.42,43.42,-270.19,2073.40,0.0000,0.0000
7.319036,22.930,6.369,24.85,63.86,137.14,2.1476,15.00,-6.86,3.58,52.56,50.00,0.3000,55.14,86.66,40.21,27.57,27.57,43.33,43.33,4248.84,4248.84,4398.57,4398.57,3402.40,5472.08,3117.71,5444.44,-846.44,1223.23,-1280.86,1045.86,27.57,27.57,43.33,43.33,-305.89,2198.20,0.0000,0.0000
7.319036,22.907,6.363,24.80,63.69,136.87,2.1491,14.92,-6.84,3.57,52.45,50.00,0.3000,55.03,86.48,40.21,27.52,27.52,43.24,43.24,4248.84,4248.84,4398.57,4398.57,3416.02,5453.97,3137.64,5428.71,-832.82,1205.13,-1260.93,1030.13,27.52,27.52,43.24,43.24,-301.55,2164.51,0.0000,0.0000
7.319036,22.886,6.357,24.75,63.53,136.61,2.1504,14.86,-6.83,3.56,52.35,50.00,0.3000,54.93,86.32,40.21,27.46,27.46,43.16,43.16,4248.84,4248.84,4398.57,4398.57,3428.18,5434.69,3158.74,5414.47,-820.67,1185.85,-1239.83,1015.90,27.46,27.46,43.16,43.16,-294.56,2131.12,0.0000,0.0000
7.319036,22.865,6.351,24.71,63.38,136.36,2.1514,14.80,-6.82,3.56,52.26,50.00,0.3000,54.83,86.16,40.21,27.41,27.41,43.08,43.08,4248.84,4248.84,4398.57,4398.57,3436.04,5421.02,3173.63,5405.14,-812.81,1172.17,-1224.94,1006.57,27.41,27.41,43.08,43.08,-288.87,2108.25,0.0000,0.0000
7.319036,22.845,6.346,24.67,63.25,136.13,2.1521,14.75,-6.81,3.55,52.17,50.00,0.3000,54.73,86.02,40.21,27.37,27.37,43.01,43.01,4248.84,4248.84,4398.57,4398.57,3441.17,5411.32,3184.13,5398.97,-807.68,1162.47,-1214.44,1000.40,27.37,27.37,43.01,43.01,-284.42,2092.49,0.0000,0.0000
7.319036,22.826,6.341,24.62,63.13,135.90,2.1526,14.71,-6.80,3.55,52.08,50.00,0.3000,54.64,85.87,40.21,27.32,27.32,42.94,42.94,4248.84,4248.84,4398.57,4398.57,3444.76,5404.06,3191.94,5394.58,-804.08,1155.22,-1206.63,996.01,27.32,27.32,42.94,42.94,-280.88,2080.96,0.0000,0.0000
7.319036,22.807,6.335,24.58,63.02,135.68,2.1528,14.68,-6.79,3.54,52.00,50.00,0.3000,54.55,85.73,40.21,27.28,27.28,42.87,42.87,4248.84,4248.84,4398.57,4398.57,3447.55,5398.30,3198.12,5391.15,-801.30,1149.45,-1200.45,992.58,27.28,27.28,42.87,42.87,-278.01,2071.89,0.0000,0.0000
7.319036,22.789,6.330,24.55,62.92,135.46,2.1528,14.66,-6.77,3.53,51.91,50.00,0.3000,54.47,85.60,40.21,27.23,27.23,42.80,42.80,4248.84,4248.84,4398.57,4398.57,3450.30,5393.06,3203.75,5387.79,-798.55,1144.21,-1194.82,989.22,27.23,27.23,42.80,42.80,-275.63,2063.40,0.0000,0.0000
7.319036,22.772,6.325,24.51,62.83,135.25,2.1527,14.64,-6.76,3.53,51.83,50.00,0.3000,54.38,85.46,40.21,27.19,27.19,42.73,42.73,4248.84,4248.84,4398.57,4398.57,3451.91,5389.37,3207.66,5385.74,-796.93,1140.52,-1190.91,987.17,27.19,27.19,42.73,42.73,-273.67,2057.77,0.0000,0.0000
7.319036,22.754,6.321,24.47,62.74,135.05,2.1523,14.63,-6.75,3.52,51.75,50.00,0.3000,54.30,85.33,40.21,27.15,27.15,42.67,42.67,4248.84,4248.84,4398.57,4398.57,3454.06,5385.40,3211.90,5383.10,-794.78,1136.56,-1186.67,984.53,27.15,27.15,42.67,42.67,-271.96,2051.27,0.0000,0.0000
7.319036,22.737,6.316,24.43,62.66,134.84,2.1518,14.62,-6.74,3.52,51.68,50.00,0.3000,54.22,85.20,40.21,27.11,27.11,42.60,42.60,4248.84,4248.84,4398.57,4398.57,3456.04,5381.85,3215.68,5380.68,-792.81,1133.01,-1182.89,982.11,27.11,27.11,42.60,42.60,-270.49,2045.41,0.0000,0.0000
7.439663,22.720,6.311,24.40,62.59,134.64,2.1512,14.62,-6.73,3.51,51.60,50.00,0.3000,54.14,85.08,40.21,27.07,27.07,42.54,42.54,4248.84,4248.84,4398.57,4398.57,3457.84,5378.66,3219.09,5378.46,-791.00,1129.81,-1179.48,979.89,27.07,27.07,42.54,42.54,-269.21,2040.09,0.0000,0.0000
7.439663,22.698,6.305,24.35,62.50,134.38,2.1503,14.62,-6.72,3.51,51.50,50.00,0.3000,54.03,84.91,40.21,27.02,27.02,42.46,42.46,4248.84,4248.84,4398.57,4398.57,3424.12,5442.59,3148.95,5418.11,-824.72,1193.74,-1249.61,1019.54,27.02,27.02,42.46,42.46,-299.55,2143.81,0.0000,0.0000
7.439663,22.677,6.299,24.30,62.41,134.13,2.1493,14.62,-6.71,3.50,51.40,50.00,0.3000,53.93,84.75,40.21,26.97,26.97,42.38,42.38,4248.84,4248.84,4398.57,4398.57,3435.63,5427.27,3165.80,5404.80,-813.21,1178.43,-1232.76,1006.23,26.97,26.97,42.38,42.38,-295.88,2115.32,0.0000,0.0000
7.439663,22.656,6.293,24.26,62.32,133.88,2.1482,14.62,-6.70,3.49,51.31,50.00,0.3000,53.83,84.60,40.21,26.92,26.92,42.30,42.30,4248.84,4248.84,4398.57,4398.57,3445.73,5411.20,3183.37,5392.95,-803.12,1162.36,-1215.20,994.38,26.92,26.92,42.30,42.30,-290.03,2087.53,0.0000,0.0000
7.439663,22.636,6.288,24.22,62.25,133.65,2.1470,14.63,-6.68,3.49,51.22,50.00,0.3000,53.74,84.45,40.21,26.87,26.87,42.22,42.22,4248.84,4248.84,4398.57,4398.57,3452.15,5399.93,3195.62,5385.31,-796.69,1151.09,-1202.95,986.74,26.87,26.87,42.22,42.22,-285.30,2068.74,0.0000,0.0000
7.439663,22.617,6.283,24.18,62.18,133.42,2.1457,14.64,-6.67,3.48,51.13,50.00,0.3000,53.65,84.31,40.21,26.82,26.82,42.15,42.15,4248.84,4248.84,4398.57,4398.57,3456.27,5392.02,3204.17,5380.33,-792.58,1143.17,-1194.40,981.76,26.82,26.82,42.15,42.15,-281.62,2055.96,0.0000,0.0000
7.439663,22.598,6.277,24.14,62.12,133.20,2.1443,14.66,-6.66,3.48,51.05,50.00,0.3000,53.56,84.17,40.21,26.78,26.78,42.08,42.08,4248.84,4248.84,4398.57,4398.57,3459.11,5386.15,3210.46,5376.83,-789.73,1137.31,-1188.11,978.26,26.78,26.78,42.08,42.08,-278.71,2046.71,0.0000,0.0000
7.439663,22.580,6.272,24.10,62.06,132.99,2.1429,14.68,-6.65,3.47,50.97,50.00,0.3000,53.47,84.03,40.21,26.74,26.74,42.02,42.02,4248.84,4248.84,4398.57,4398.57,3461.73,5381.07,3215.91,5373.62,-787.11,1132.22,-1182.66,975.05,26.74,26.74,42.02,42.02,-276.36,2038.52,0.0000,0.0000
7.439663,22.563,6.267,24.06,62.00,132.78,2.1415,14.70,-6.64,3.46,50.89,50.00,0.3000,53.39,83.90,40.21,26.69,26.69,41.95,41.95,4248.84,4248.84,4398.57,4398.57,3462.92,5377.86,3219.28,5372.05,-785.92,1129.02,-1179.29,973.48,26.69,26.69,41.95,41.95,-274.45,2033.85,0.0000,0.0000
7.439663,22.545,6.263,24.02,61.95,132.58,2.1400,14.72,-6.63,3.46,50.81,50.00,0.3000,53.31,83.77,40.21,26.65,26.65,41.89,41.89,4248.84,4248.84,4398.57,4398.57,3464.83,5374.21,3223.17,5369.69,-784.02,1125.37,-1175.40,971.12,26.65,26.65,41.89,41.89,-272.82,2027.96,0.0000,0.0000
7.439663,22.528,6.258,23.99,61.90,132.37,2.1384,14.74,-6.62,3.45,50.73,50.00,0.3000,53.23,83.64,40.21,26.61,26.61,41.82,41.82,4248.84,4248.84,4398.57,4398.57,3466.50,5371.06,3226.52,5367.62,-782.34,1122.21,-1172.05,969.05,26.61,26.61,41.82,41.82,-271.43,2022.83,0.0000,0.0000
7.439663,22.511,6.253,23.95,61.85,132.17,2.1369,14.76,-6.61,3.45,50.65,50.00,0.3000,53.15,83.52,40.21,26.57,26.57,41.76,41.76,4248.84,4248.84,4398.57,4398.57,3467.73,5368.53,3229.17,5366.05,-781.11,1119.69,-1169.40,967.48,26.57,26.57,41.76,41.76,-270.25,2018.84,0.0000,0.0000
7.554002,22.494,6.248,23.91,61.81,131.98,2.1353,14.78,-6.60,3.44,50.58,50.00,0.3000,53.07,83.39,40.21,26.53,26.53,41.70,41.70,4248.84,4248.84,4398.57,4398.57,3469.20,5365.90,3231.96,5364.23,-779.64,1117.06,-1166.61,965.66,26.53,26.53,41.70,41.70,-269.18,2014.48,0.0000,0.0000
7.554002,22.476,6.243,23.87,61.75,131.76,2.1338,14.81,-6.59,3.44,50.49,50.00,0.3000,52.98,83.26,40.21,26.49,26.49,41.63,41.63,4248.84,4248.84,4398.57,4398.57,3455.40,5391.83,3203.45,5380.38,-793.45,1142.99,-1195.12,981.81,26.49,26.49,41.63,41.63,-281.43,2056.69,0.0000,0.0000
7.554002,22.457,6.238,23.83,61.69,131.54,2.1322,14.83,-6.58,3.43,50.41,50.00,0.3000,52.89,83.12,40.21,26.45,26.45,41.56,41.56,4248.84,4248.84,4398.57,4398.57,3462.05,5383.04,3213.09,5372.66,-786.80,1134.19,-1185.48,974.09,26.45,26.45,41.56,41.56,-279.39,2040.28,0.0000,0.0000
7.554002,22.439,6.233,23.80,61.64,131.33,2.1307,14.85,-6.57,3.43,50.33,50.00,0.3000,52.81,82.98,40.21,26.40,26.40,41.49,41.49,4248.84,4248.84,4398.57,4398.57,3466.97,5375.17,3221.64,5366.84,-781.88,1126.32,-1176.93,968.27,26.40,26.40,41.49,41.49,-276.55,2026.70,0.0000,0.0000
7.554002,22.421,6.228,23.76,61.58,131.12,2.1292,14.87,-6.56,3.42,50.25,50.00,0.3000,52.72,82.85,40.21,26.36,26.36,41.43,41.43,4248.84,4248.84,4398.57,4398.57,3470.36,5369.33,3227.95,5362.76,-778.48,1120.48,-1170.62,964.19,26.36,26.36,41.43,41.43,-274.21,2016.89,0.0000,0.0000
7.554002,22.404,6.223,23.72,61.53,130.92,2.1277,14.89,-6.55,3.42,50.17,50.00,0.3000,52.64,82.72,40.21,26.32,26.32,41.36,41.36,4248.84,4248.84,4398.57,4398.57,3472.83,5364.89,3232.72,5359.76,-776.01,1116.04,-1165.85,961.19,26.32,26.32,41.36,41.36,-272.35,2009.55,0.0000,0.0000
7.554002,22.387,6.219,23.69,61.48,130.72,2.1263,14.90,-6.54,3.41,50.10,50.00,0.3000,52.56,82.60,40.21,26.28,26.28,41.30,41.30,4248.84,4248.84,4398.57,4398.57,3474.78,5361.30,3236.54,5357.36,-774.07,1112.45,-1162.02,958.79,26.28,26.28,41.30,41.30,-270.81,2003.67,0.0000,0.0000
7.554002,22.370,6.214,23.65,61.42,130.52,2.1250,14.92,-6.53,3.41,50.02,50.00,0.3000,52.48,82.47,40.21,26.24,26.24,41.24,41.24,4248.84,4248.84,4398.57,4398.57,3476.48,5358.23,3239.80,5355.27,-772.37,1109.39,-1158.77,956.70,26.24,26.24,41.24,41.24,-269.54,1998.61,0.0000,0.0000
7.554002,22.353,6.209,23.61,61.37,130.33,2.1237,14.93,-6.52,3.40,49.95,50.00,0.3000,52.40,82.35,40.21,26.20,26.20,41.17,41.17,4248.84,4248.84,4398.57,4398.57,3477.86,5355.64,3242.54,5353.53,-770.98,1106.80,-1156.03,954.96,26.20,26.20,41.17,41.17,-268.44,1994.39,0.0000,0.0000
7.554002,22.337,6.205,23.58,61.31,130.13,2.1225,14.95,-6.51,3.40,49.87,50.00,0.3000,52.32,82.23,40.21,26.16,26.16,41.11,41.11,4248.84,4248.84,4398.57,4398.57,3479.24,5353.23,3245.09,5351.82,-769.61,1104.38,-1153.48,953.25,26.16,26.16,41.11,41.11,-267.50,1990.36,0.0000,0.0000
7.554002,22.320,6.200,23.54,61.26,129.94,2.1213,14.96,-6.50,3.39,49.80,50.00,0.3000,52.25,82.11,40.21,26.12,26.12,41.05,41.05,4248.84,4248.84,4398.57,4398.57,3480.88,5350.65,3247.83,5349.82,-767.96,1101.80,-1150.74,951.25,26.12,26.12,41.05,41.05,-266.66,1985.88,0.0000,0.0000
7.554002,22.304,6.196,23.51,61.20,129.75,2.1202,14.97,-6.49,3.39,49.73,50.00,0.3000,52.17,81.99,40.21,26.09,26.09,40.99,40.99,4248.84,4248.84,4398.57,4398.57,3482.19,5348.51,3250.09,5348.20,-766.66,1099.66,-1148.48,949.63,26.09,26.09,40.99,40.99,-265.93,1982.21,0.0000,0.0000
7.685931,22.288,6.191,23.48,61.14,129.56,2.1192,14.97,-6.48,3.38,49.65,50.00,0.3000,52.10,81.87,40.21,26.05,26.05,40.93,40.93,4248.84,4248.84,4398.57,4398.57,3483.70,5346.22,3252.51,5346.36,-765.15,1097.38,-1146.06,947.79,26.05,26.05,40.93,40.93,-265.25,1978.18,0.0000,0.0000
7.685931,22.270,6.186,23.44,61.07,129.36,2.1183,14.98,-6.47,3.38,49.58,50.00,0.3000,52.01,81.74,40.21,26.01,26.01,40.87,40.87,4248.84,4248.84,4398.57,4398.57,3474.95,5363.01,3234.03,5356.58,-773.89,1114.17,-1164.54,958.01,26.01,26.01,40.87,40.87,-273.40,2005.30,0.0000,0.0000
7.685931,22.253,6.181,23.40,61.00,129.16,2.1175,14.98,-6.46,3.37,49.50,50.00,0.3000,51.93,81.61,40.21,25.97,25.97,40.81,40.81,4248.84,4248.84,4398.57,4398.57,3479.58,5356.88,3240.73,5351.18,-769.26,1108.03,-1157.84,952.61,25.97,25.97,40.81,40.81,-272.00,1993.87,0.0000,0.0000
7.685931,22.235,6.177,23.37,60.92,128.96,2.1167,14.98,-6.45,3.36,49.42,50.00,0.3000,51.85,81.49,40.21,25.93,25.93,40.74,40.74,4248.84,4248.84,4398.57,4398.57,3483.11,5351.31,3246.76,5346.98,-765.73,1102.47,-1151.81,948.41,25.93,25.93,40.74,40.74,-270.07,1984.21,0.0000,0.0000
7.685931,22.219,6.172,23.33,60.85,128.76,2.1161,14.97,-6.44,3.36,49.35,50.00,0.3000,51.77,81.36,40.21,25.89,25.89,40.68,40.68,4248.84,4248.84,4398.57,4398.57,3485.63,5347.09,3251.30,5343.95,-763.22,1098.25,-1147.27,945.38,25.89,25.89,40.68,40.68,-268.46,1977.06,0.0000,0.0000
7.685931,22.202,6.167,23.30,60.77,128.57,2.1155,14.97,-6.43,3.35,49.27,50.00,0.3000,51.70,81.24,40.21,25.85,25.85,40.62,40.62,4248.84,4248.84,4398.57,4398.57,3487.28,5344.03,3254.55,5341.90,-761.56,1095.19,-1144.02,943.33,25.85,25.85,40.62,40.62,-267.16,1972.04,0.0000,0.0000
7.685931,22.185,6.163,23.26,60.70,128.38,2.1151,14.96,-6.42,3.35,49.20,50.00,0.3000,51.62,81.12,40.21,25.81,25.81,40.56,40.56,4248.84,4248.84,4398.57,4398.57,3489.01,5341.13,3257.64,5339.78,-759.83,1092.28,-1140.93,941.21,25.81,25.81,40.56,40.56,-266.09,1967.13,0.0000,0.0000
7.685931,22.169,6.158,23.23,60.62,128.19,2.1147,14.94,-6.41,3.34,49.13,50.00,0.3000,51.54,81.00,40.21,25.77,25.77,40.50,40.50,4248.84,4248.84,4398.57,4398.57,3490.45,5338.68,3260.23,5338.01,-758.39,1089.84,-1138.34,939.44,25.77,25.77,40.50,40.50,-265.17,1963.00,0.0000,0.0000
7.685931,22.153,6.154,23.19,60.54,128.00,2.1145,14.93,-6.40,3.34,49.05,50.00,0.3000,51.47,80.88,40.21,25.73,25.73,40.44,40.44,4248.84,4248.84,4398.57,4398.57,3491.47,5336.77,3262.22,5336.71,-757.38,1087.93,-1136.34,938.14,25.73,25.73,40.44,40.44,-264.38,1959.90,0.0000,0.0000
7.685931,22.137,6.149,23.16,60.45,127.82,2.1143,14.91,-6.39,3.33,48.98,50.00,0.3000,51.39,80.76,40.21,25.70,25.70,40.38,40.38,4248.84,4248.84,4398.57,4398.57,3493.29,5334.15,3265.03,5334.51,-755.55,1085.30,-1133.54,935.94,25.70,25.70,40.38,40.38,-263.68,1955.17,0.0000,0.0000
7.685931,22.121,6.145,23.13,60.37,127.63,2.1143,14.89,-6.38,3.33,48.91,50.00,0.3000,51.32,80.65,40.21,25.66,25.66,40.32,40.32,4248.84,4248.84,4398.57,4398.57,3494.11,5332.62,3266.60,5333.46,-754.73,1083.78,-1131.97,934.89,25.66,25.66,40.32,40.32,-263.06,1952.68,0.0000,0.0000
7.685931,22.105,6.140,23.09,60.28,127.45,2.1143,14.87,-6.37,3.33,48.84,50.00,0.3000,51.24,80.53,40.21,25.62,25.62,40.27,40.27,4248.84,4248.84,4398.57,4398.57,3495.74,5330.31,3269.06,5331.49,-753.11,1081.47,-1129.51,932.92,25.62,25.62,40.27,40.27,-262.48,1948.50,0.0000,0.0000
7.824450,22.089,6.136,23.06,60.19,127.26,2.1145,14.84,-6.36,3.32,48.77,50.00,0.3000,51.17,80.41,40.21,25.59,25.59,40.21,40.21,4248.84,4248.84,4398.57,4398.57,3496.44,5329.00,3270.41,5330.57,-752.41,1080.16,-1128.16,932.00,25.59,25.59,40.21,40.21,-261.95,1946.36,0.0000,0.0000
7.824450,22.072,6.131,23.02,60.09,127.07,2.1147,14.81,-6.35,3.32,48.70,50.00,0.3000,51.09,80.29,40.21,25.55,25.55,40.15,40.15,4248.84,4248.84,4398.57,4398.57,3489.97,5342.10,3255.99,5338.14,-758.87,1093.26,-1142.58,939.57,25.55,25.55,40.15,40.15,-268.70,1967.14,0.0000,0.0000
7.824450,22.055,6.126,22.99,59.99,126.87,2.1151,14.78,-6.34,3.31,48.62,50.00,0.3000,51.01,80.17,40.21,25.51,25.51,40.08,40.08,4248.84,4248.84,4398.57,4398.57,3493.52,5337.30,3261.21,5333.98,-755.33,1088.45,-1137.36,935.41,25.51,25.51,40.08,40.08,-267.53,1958.27,0.0000,0.0000
7.824450,22.038,6.122,22.95,59.88,126.68,2.1155,14.75,-6.34,3.31,48.55,50.00,0.3000,50.94,80.05,40.21,25.47,25.47,40.02,40.02,4248.84,4248.84,4398.57,4398.57,3496.53,5332.55,3266.34,5330.39,-752.31,1083.71,-1132.23,931.81,25.47,25.47,40.02,40.02,-265.91,1950.03,0.0000,0.0000
7.824450,22.022,6.117,22.92,59.78,126.49,2.1160,14.71,-6.33,3.30,48.48,50.00,0.3000,50.86,79.93,40.21,25.43,25.43,39.96,39.96,4248.84,4248.84,4398.57,4398.57,3498.43,5329.21,3269.90,5328.07,-750.41,1080.37,-1128.66,929.50,25.43,25.43,39.96,39.96,-264.56,1944.47,0.0000,0.0000
7.824450,22.006,6.113,22.89,59.67,126.31,2.1167,14.67,-6.32,3.30,48.40,50.00,0.3000,50.79,79.81,40.21,25.39,25.39,39.90,39.90,4248.84,4248.84,4398.57,4398.57,3500.38,5326.08,3273.26,5325.71,-748.47,1077.23,-1125.31,927.14,25.39,25.39,39.90,39.90,-263.47,1939.07,0.0000,0.0000
7.824450,21.989,6.108,22.85,59.56,126.12,2.1174,14.63,-6.31,3.29,48.33,50.00,0.3000,50.71,79.69,40.21,25.36,25.36,39.85,39.85,4248.84,4248.84,4398.57,4398.57,3501.78,5323.67,3275.81,5323.97,-747.07,1074.83,-1122.76,925.40,25.36,25.36,39.85,39.85,-262.56,1935.03,0.0000,0.0000
7.824450,21.973,6.104,22.82,59.45,125.94,2.1182,14.58,-6.30,3.29,48.26,50.00,0.3000,50.64,79.58,40.21,25.32,25.32,39.79,39.79,4248.84,4248.84,4398.57,4398.57,3502.77,5321.79,3277.77,5322.71,-746.07,1072.95,-1120.80,924.14,25.32,25.32,39.79,39.79,-261.77,1931.98,0.0000,0.0000
7.824450,21.958,6.099,22.79,59.34,125.75,2.1191,14.54,-6.29,3.28,48.19,50.00,0.3000,50.56,79.46,40.21,25.28,25.28,39.73,39.73,4248.84,4248.84,4398.57,4398.57,3504.58,5319.20,3280.54,5320.53,-744.26,1070.36,-1118.03,921.96,25.28,25.28,39.73,39.73,-261.09,1927.31,0.0000,0.0000
7.824450,21.942,6.095,22.75,59.23,125.57,2.1201,14.49,-6.28,3.28,48.12,50.00,0.3000,50.49,79.35,40.21,25.25,25.25,39.67,39.67,4248.84,4248.84,4398.57,4398.57,3505.36,5317.73,3282.06,5319.52,-743.48,1068.89,-1116.51,920.95,25.25,25.25,39.67,39.67,-260.48,1924.92,0.0000,0.0000
7.824450,21.926,6.091,22.72,59.12,125.39,2.1211,14.44,-6.27,3.27,48.05,50.00,0.3000,50.42,79.23,40.21,25.21,25.21,39.62,39.62,4248.84,4248.84,4398.57,4398.57,3506.91,5315.53,3284.39,5317.64,-741.94,1066.69,-1114.18,919.07,25.21,25.21,39.62,39.62,-259.93,1920.94,0.0000,0.0000
7.824450,21.910,6.086,22.69,59.00,125.21,2.1223,14.39,-6.26,3.27,47.99,50.00,0.3000,50.35,79.12,40.21,25.17,25.17,39.56,39.56,4248.84,4248.84,4398.57,4398.57,3507.57,5314.27,3285.69,5316.77,-741.27,1065.42,-1112.88,918.20,25.17,25.17,39.56,39.56,-259.42,1918.89,0.0000,0.0000
7.950649,21.895,6.082,22.66,58.88,125.04,2.1234,14.34,-6.25,3.26,47.92,50.00,0.3000,50.27,79.01,40.21,25.14,25.14,39.50,39.50,4248.84,4248.84,4398.57,4398.57,3509.30,5311.96,3288.16,5314.69,-739.54,1063.11,-1110.41,916.12,25.14,25.14,39.50,39.50,-258.93,1914.60,0.0000,0.0000
7.950649,21.878,6.077,22.62,58.76,124.85,2.1247,14.28,-6.24,3.26,47.85,50.00,0.3000,50.20,78.89,40.21,25.10,25.10,39.44,39.44,4248.84,4248.84,4398.57,4398.57,3504.06,5321.77,3277.31,5320.77,-744.78,1072.93,-1121.26,922.20,25.10,25.10,39.44,39.44,-263.60,1930.59,0.0000,0.0000
7.950649,21.862,6.073,22.59,58.64,124.66,2.1260,14.22,-6.23,3.25,47.77,50.00,0.3000,50.12,78.77,40.21,25.06,25.06,39.39,39.39,4248.84,4248.84,4398.57,4398.57,3507.61,5317.16,3282.33,5316.62,-741.24,1068.32,-1116.24,918.05,25.06,25.06,39.39,39.39,-262.64,1921.93,0.0000,0.0000
7.950649,21.846,6.068,22.55,58.51,124.48,2.1274,14.16,-6.23,3.25,47.70,50.00,0.3000,50.05,78.65,40.21,25.03,25.03,39.33,39.33,4248.84,4248.84,4398.57,4398.57,3510.01,5313.43,3286.34,5313.74,-738.83,1064.59,-1112.22,915.17,25.03,25.03,39.33,39.33,-261.40,1915.41,0.0000,0.0000
7.950649,21.830,6.064,22.52,58.39,124.30,2.1288,14.10,-6.22,3.24,47.63,50.00,0.3000,49.98,78.54,40.21,24.99,24.99,39.27,39.27,4248.84,4248.84,4398.57,4398.57,3511.53,5310.76,3289.18,5311.87,-737.31,1061.92,-1109.39,913.30,24.99,24.99,39.27,39.27,-260.35,1910.96,0.0000,0.0000
7.950649,21.814,6.059,22.49,58.26,124.12,2.1302,14.04,-6.21,3.24,47.57,50.00,0.3000,49.90,78.43,40.21,24.95,24.95,39.21,39.21,4248.84,4248.84,4398.57,4398.57,3513.24,5308.08,3292.04,5309.79,-735.60,1059.24,-1106.53,911.22,24.95,24.95,39.21,39.21,-259.47,1906.30,0.0000,0.0000
7.950649,21.798,6.055,22.46,58.14,123.94,2.1317,13.98,-6.20,3.23,47.50,50.00,0.3000,49.83,78.31,40.21,24.92,24.92,39.16,39.16,4248.84,4248.84,4398.57,4398.57,3514.52,5305.97,3294.26,5308.21,-734.32,1057.13,-1104.30,909.64,24.92,24.92,39.16,39.16,-258.73,1902.70,0.0000,0.0000
7.950649,21.783,6.051,22.42,58.02,123.76,2.1332,13.92,-6.19,3.23,47.43,50.00,0.3000,49.76,78.20,40.21,24.88,24.88,39.10,39.10,4248.84,4248.84,4398.57,4398.57,3515.85,5303.91,3296.45,5306.58,-732.99,1055.06,-1102.12,908.01,24.88,24.88,39.10,39.10,-258.09,1899.09,0.0000,0.0000
7.950649,21.767,6.046,22.39,57.89,123.58,2.1347,13.86,-6.18,3.22,47.36,50.00,0.3000,49.69,78.09,40.21,24.85,24.85,39.04,39.04,4248.84,4248.84,4398.57,4398.57,3516.92,5302.17,3298.27,5305.24,-731.92,1053.33,-1100.30,906.67,24.85,24.85,39.04,39.04,-257.52,1896.11,0.0000,0.0000
7.950649,21.752,6.042,22.36,57.77,123.41,2.1362,13.80,-6.17,3.22,47.29,50.00,0.3000,49.62,77.98,40.21,24.81,24.81,38.99,38.99,4248.84,4248.84,4398.57,4398.57,3518.17,5300.31,3300.23,5303.71,-730.68,1051.47,-1098.34,905.14,24.81,24.81,38.99,38.99,-256.99,1892.81,0.0000,0.0000
7.950649,21.736,6.038,22.33,57.65,123.23,2.1377,13.74,-6.16,3.22,47.23,50.00,0.3000,49.55,77.87,40.21,24.77,24.77,38.93,38.93,4248.84,4248.84,4398.57,4398.57,3519.20,5298.70,3301.91,5302.43,-729.65,1049.86,-1096.66,903.86,24.77,24.77,38.93,38.93,-256.50,1890.01,0.0000,0.0000
7.950649,21.721,6.034,22.30,57.52,123.06,2.1392,13.68,-6.15,3.21,47.16,50.00,0.3000,49.48,77.76,40.21,24.74,24.74,38.88,38.88,4248.84,4248.84,4398.57,4398.57,3520.69,5296.67,3304.08,5300.62,-728.15,1047.82,-1094.49,902.05,24.74,24.74,38.88,38.88,-256.05,1886.26,0.0000,0.0000
8.088060,21.705,6.029,22.27,57.40,122.88,2.1407,13.62,-6.15,3.21,47.09,50.00,0.3000,49.41,77.65,40.21,24.70,24.70,38.82,38.82,4248.84,4248.84,4398.57,4398.57,3521.25,5295.60,3305.16,5299.88,-727.60,1046.75,-1093.41,901.31,24.70,24.70,38.82,38.82,-255.63,1884.53,0.0000,0.0000
8.088060,21.690,6.025,22.23,57.28,122.71,2.1421,13.57,-6.14,3.20,47.03,50.00,0.3000,49.34,77.54,40.21,24.67,24.67,38.77,38.77,4248.84,4248.84,4398.57,4398.57,3523.02,5293.32,3307.60,5297.77,-725.83,1044.47,-1090.97,899.20,24.67,24.67,38.77,38.77,-255.21,1880.23,0.0000,0.0000
8.088060,21.675,6.021,22.20,57.17,122.54,2.1435,13.51,-6.13,3.20,46.96,50.00,0.3000,49.27,77.43,40.21,24.63,24.63,38.71,38.71,4248.84,4248.84,4398.57,4398.57,3523.53,5292.34,3308.59,5297.07,-725.31,1043.49,-1089.98,898.50,24.63,24.63,38.71,38.71,-254.83,1878.64,0.0000,0.0000
8.088060,21.659,6.017,22.17,57.05,122.36,2.1448,13.45,-6.12,3.19,46.89,50.00,0.3000,49.20,77.32,40.21,24.60,24.60,38.66,38.66,4248.84,4248.84,4398.57,4398.57,3525.32,5290.06,3311.02,5294.94,-723.52,1041.22,-1087.55,896.37,24.60,24.60,38.66,38.66,-254.44,1874.33,0.0000,0.0000
8.088060,21.644,6.012,22.14,56.94,122.19,2.1461,13.40,-6.11,3.19,46.83,50.00,0.3000,49.13,77.21,40.21,24.57,24.57,38.60,38.60,4248.84,4248.84,4398.57,4398.57,3525.80,5289.13,3311.95,5294.28,-723.04,1040.29,-1086.62,895.71,24.57,24.57,38.60,38.60,-254.08,1872.83,0.0000,0.0000
8.088060,21.629,6.008,22.11,56.83,122.02,2.1473,13.35,-6.10,3.18,46.76,50.00,0.3000,49.06,77.10,40.21,24.53,24.53,38.55,38.55,4248.84,4248.84,4398.57,4398.57,3527.59,5286.89,3314.36,5292.16,-721.26,1038.05,-1084.21,893.59,24.53,24.53,38.55,38.55,-253.71,1868.55,0.0000,0.0000
8.088060,21.614,6.004,22.08,56.72,121.85,2.1484,13.30,-6.09,3.18,46.70,50.00,0.3000,48.99,76.99,40.21,24.50,24.50,38.50,38.50,4248.84,4248.84,4398.57,4398.57,3527.74,5286.49,3314.70,5291.88,-721.10,1037.65,-1083.87,893.31,24.50,24.50,38.50,38.50,-253.55,1867.96,0.0000,0.0000
8.088060,21.599,6.000,22.05,56.61,121.68,2.1494,13.26,-6.09,3.17,46.63,50.00,0.3000,48.92,76.89,40.21,24.46,24.46,38.44,38.44,4248.84,4248.84,4398.57,4398.57,3529.92,5283.65,3317.77,5289.30,-718.92,1034.80,-1080.80,890.73,24.46,24.46,38.44,38.44,-252.98,1862.63,0.0000,0.0000
8.088060,21.584,5.995,22.02,56.51,121.51,2.1503,13.21,-6.08,3.17,46.57,50.00,0.3000,48.86,76.78,40.21,24.43,24.43,38.39,38.39,4248.84,4248.84,4398.57,4398.57,3530.06,5283.27,3318.09,5289.04,-718.78,1034.43,-1080.48,890.47,24.43,24.43,38.39,38.39,-252.83,1862.08,0.0000,0.0000
8.088060,21.569,5.991,21.99,56.41,121.34,2.1511,13.18,-6.07,3.17,46.50,50.00,0.3000,48.79,76.67,40.21,24.39,24.39,38.34,38.34,4248.84,4248.84,4398.57,4398.57,3532.11,5280.60,3320.97,5286.61,-716.73,1031.75,-1077.60,888.04,24.39,24.39,38.34,38.34,-252.30,1857.06,0.0000,0.0000
8.088060,21.553,5.987,21.96,56.31,121.17,2.1518,13.14,-6.06,3.16,46.44,50.00,0.3000,48.72,76.56,40.21,24.36,24.36,38.28,38.28,4248.84,4248.84,4398.57,4398.57,3532.25,5280.24,3321.27,5286.36,-716.60,1031.39,-1077.30,887.79,24.36,24.36,38.28,38.28,-252.15,1856.54,0.0000,0.0000
8.088060,21.538,5.983,21.92,56.22,121.00,2.1523,13.11,-6.05,3.16,46.37,50.00,0.3000,48.65,76.46,40.21,24.33,24.33,38.23,38.23,4248.84,4248.84,4398.57,4398.57,3534.24,5277.64,3324.07,5283.99,-714.60,1028.79,-1074.50,885.42,24.33,24.33,38.23,38.23,-251.64,1851.66,0.0000,0.0000
8.246619,21.523,5.979,21.89,56.13,120.83,2.1526,13.08,-6.04,3.15,46.31,50.00,0.3000,48.58,76.35,40.21,24.29,24.29,38.18,38.18,4248.84,4248.84,4398.57,4398.57,3534.37,5277.29,3324.36,5283.74,-714.47,1028.44,-1074.21,885.17,24.29,24.29,38.18,38.18,-251.51,1851.14,0.0000,0.0000
8.246619,21.508,5.974,21.86,56.04,120.65,2.1528,13.06,-6.03,3.15,46.24,50.00,0.3000,48.51,76.24,40.21,24.26,24.26,38.12,38.12,4248.84,4248.84,4398.57,4398.57,3530.25,5286.17,3314.58,5288.58,-718.60,1037.32,-1083.99,890.01,24.26,24.26,38.12,38.12,-256.35,1864.96,0.0000,0.0000
8.246619,21.492,5.970,21.83,55.96,120.48,2.1528,13.04,-6.02,3.14,46.17,50.00,0.3000,48.44,76.13,40.21,24.22,24.22,38.06,38.06,4248.84,4248.84,4398.57,4398.57,3532.97,5282.49,3318.57,5285.37,-715.87,1033.64,-1080.00,886.80,24.22,24.22,38.06,38.06,-255.49,1858.16,0.0000,0.0000
8.246619,21.476,5.966,21.80,55.88,120.30,2.1527,13.02,-6.02,3.14,46.10,50.00,0.3000,48.37,76.02,40.21,24.19,24.19,38.01,38.01,4248.84,4248.84,4398.57,4398.57,3534.82,5279.37,3321.90,5283.12,-714.02,1030.53,-1076.67,884.55,24.19,24.19,38.01,38.01,-254.31,1852.88,0.0000,0.0000
8.246619,21.461,5.961,21.77,55.81,120.13,2.1523,13.01,-6.01,3.13,46.04,50.00,0.3000,48.30,75.91,40.21,24.15,24.15,37.95,37.95,4248.84,4248.84,4398.57,4398.57,3537.13,5275.98,3325.55,5280.37,-711.72,1027.14,-1073.02,881.80,24.15,24.15,37.95,37.95,-253.32,1846.84,0.0000,0.0000
8.246619,21.445,5.957,21.74,55.75,119.96,2.1517,13.01,-6.00,3.13,45.97,50.00,0.3000,48.23,75.80,40.21,24.12,24.12,37.90,37.90,4248.84,4248.84,4398.57,4398.57,3538.13,5274.10,3327.52,5279.10,-710.71,1025.26,-1071.05,880.53,24.12,24.12,37.90,37.90,-252.53,1843.77,0.0000,0.0000
8.246619,21.430,5.953,21.70,55.69,119.79,2.1509,13.01,-5.99,3.13,45.91,50.00,0.3000,48.16,75.69,40.21,24.08,24.08,37.84,37.84,4248.84,4248.84,4398.57,4398.57,3539.23,5272.23,3329.49,5277.72,-709.61,1023.39,-1069.08,879.15,24.08,24.08,37.84,37.84,-251.85,1840.61,0.0000,0.0000
8.246619,21.415,5.949,21.67,55.64,119.62,2.1499,13.02,-5.98,3.12,45.84,50.00,0.3000,48.10,75.58,40.21,24.05,24.05,37.79,37.79,4248.84,4248.84,4398.57,4398.57,3540.62,5270.18,3331.67,5276.04,-708.23,1021.34,-1066.90,877.47,24.05,24.05,37.79,37.79,-251.27,1836.97,0.0000,0.0000
8.246619,21.400,5.944,21.64,55.59,119.45,2.1486,13.04,-5.97,3.12,45.78,50.00,0.3000,48.03,75.47,40.21,24.01,24.01,37.74,37.74,4248.84,4248.84,4398.57,4398.57,3541.57,5268.63,3333.28,5274.85,-707.28,1019.79,-1065.29,876.28,24.01,24.01,37.74,37.74,-250.76,1834.31,0.0000,0.0000
8.246619,21.385,5.940,21.61,55.55,119.28,2.1471,13.06,-5.97,3.11,45.71,50.00,0.3000,47.96,75.37,40.21,23.98,23.98,37.68,37.68,4248.84,4248.84,4398.57,4398.57,3542.17,5267.46,3334.48,5274.04,-706.67,1018.62,-1064.09,875.47,23.98,23.98,37.68,37.68,-250.28,1832.43,0.0000,0.0000
8.246619,21.370,5.936,21.58,55.52,119.11,2.1453,13.08,-5.96,3.11,45.65,50.00,0.3000,47.89,75.26,40.21,23.95,23.95,37.63,37.63,4248.84,4248.84,4398.57,4398.57,3543.96,5265.15,3336.96,5271.91,-704.88,1016.30,-1061.61,873.34,23.95,23.95,37.63,37.63,-249.85,1828.07,0.0000,0.0000
8.246619,21.355,5.932,21.55,55.50,118.94,2.1433,13.12,-5.95,3.10,45.58,50.00,0.3000,47.83,75.16,40.21,23.91,23.91,37.58,37.58,4248.84,4248.84,4398.57,4398.57,3544.48,5264.15,3337.97,5271.21,-704.36,1015.30,-1060.60,872.64,23.91,23.91,37.58,37.58,-249.45,1826.45,0.0000,0.0000
8.384892,21.340,5.928,21.52,55.48,118.78,2.1411,13.16,-5.94,3.10,45.52,50.00,0.3000,47.76,75.05,40.21,23.88,23.88,37.53,37.53,4248.84,4248.84,4398.57,4398.57,3545.97,5262.19,3340.06,5269.42,-702.87,1013.34,-1058.51,870.85,23.88,23.88,37.53,37.53,-249.06,1822.79,0.0000,0.0000
8.384892,21.325,5.924,21.49,55.46,118.61,2.1385,13.20,-5.93,3.09,45.46,50.00,0.3000,47.69,74.95,40.21,23.85,23.85,37.47,37.47,4248.84,4248.84,4398.57,4398.57,3546.45,5261.25,3340.99,5268.77,-702.39,1012.41,-1057.58,870.20,23.85,23.85,37.47,37.47,-248.70,1821.29,0.0000,0.0000
8.384892,21.310,5.919,21.46,55.46,118.45,2.1358,13.26,-5.92,3.09,45.39,50.00,0.3000,47.63,74.84,40.21,23.81,23.81,37.42,37.42,4248.84,4248.84,4398.57,4398.57,3548.10,5259.16,3343.24,5266.81,-700.75,1010.31,-1055.33,868.24,23.81,23.81,37.42,37.42,-248.33,1817.31,0.0000,0.0000
8.384892,21.295,5.915,21.43,55.46,118.28,2.1327,13.32,-5.92,3.09,45.33,50.00,0.3000,47.56,74.74,40.21,23.78,23.78,37.37,37.37,4248.84,4248.84,4398.57,4398.57,3548.26,5258.76,3343.58,5266.53,-700.59,1009.91,-1054.98,867.96,23.78,23.78,37.37,37.37,-248.18,1816.72,0.0000,0.0000
8.384892,21.280,5.911,21.40,55.47,118.12,2.1294,13.39,-5.91,3.08,45.27,50.00,0.3000,47.49,74.64,40.21,23.75,23.75,37.32,37.32,4248.84,4248.84,4398.57,4398.57,3550.37,5255.99,3346.58,5264.03,-698.47,1007.14,-1051.99,865.46,23.75,23.75,37.32,37.32,-247.60,1811.53,0.0000,0.0000
8.384892,21.266,5.907,21.37,55.49,117.95,2.1258,13.46,-5.90,3.08,45.20,50.00,0.3000,47.43,74.53,40.21,23.71,23.71,37.27,37.27,4248.84,4248.84,4398.57,4398.57,3550.51,5255.61,3346.90,5263.76,-698.33,1006.77,-1051.67,865.19,23.71,23.71,37.27,37.27,-247.46,1810.98,0.0000,0.0000
8.384892,21.251,5.903,21.34,55.51,117.79,2.1220,13.54,-5.89,3.07,45.14,50.00,0.3000,47.36,74.43,40.21,23.68,23.68,37.21,37.21,4248.84,4248.84,4398.57,4398.57,3552.53,5252.98,3349.74,5261.37,-696.31,1004.13,-1048.83,862.80,23.68,23.68,37.21,37.21,-246.93,1806.04,0.0000,0.0000
8.384892,21.236,5.899,21.31,55.54,117.63,2.1179,13.63,-5.88,3.07,45.08,50.00,0.3000,47.30,74.33,40.21,23.65,23.65,37.16,37.16,4248.84,4248.84,4398.57,4398.57,3552.67,5252.62,3350.04,5261.12,-696.17,1003.77,-1048.53,862.55,23.65,23.65,37.16,37.16,-246.79,1805.51,0.0000,0.0000
8.384892,21.221,5.895,21.28,55.58,117.47,2.1136,13.72,-5.87,3.06,45.02,50.00,0.3000,47.23,74.22,40.21,23.62,23.62,37.11,37.11,4248.84,4248.84,4398.57,4398.57,3554.66,5250.04,3352.82,5258.76,-694.18,1001.19,-1045.75,860.19,23.62,23.62,37.11,37.11,-246.28,1800.65,0.0000,0.0000
8.384892,21.207,5.891,21.25,55.62,117.30,2.1090,13.83,-5.87,3.06,44.95,50.00,0.3000,47.17,74.12,40.21,23.58,23.58,37.06,37.06,4248.84,4248.84,4398.57,4398.57,3554.80,5249.69,3353.12,5258.51,-694.05,1000.85,-1045.45,859.94,23.58,23.58,37.06,37.06,-246.15,1800.14,0.0000,0.0000
8.384892,21.192,5.887,21.23,55.67,117.14,2.1042,13.93,-5.86,3.06,44.89,50.00,0.3000,47.10,74.02,40.21,23.55,23.55,37.01,37.01,4248.84,4248.84,4398.57,4398.57,3556.76,5247.14,3355.86,5256.18,-692.08,998.30,-1042.71,857.61,23.55,23.55,37.01,37.01,-245.66,1795.35,0.0000,0.0000
8.384892,21.177,5.883,21.20,55.73,116.98,2.0991,14.05,-5.85,3.05,44.83,50.00,0.3000,47.03,73.92,40.21,23.52,23.52,36.96,36.96,4248.84,4248.84,4398.57,4398.57,3556.90,5246.81,3356.14,5255.93,-691.95,997.96,-1042.43,857.36,23.52,23.52,36.96,36.96,-245.54,1794.85,0.0000,0.0000
8.517559,21.163,5.879,21.17,55.79,116.82,2.0938,14.17,-5.84,3.05,44.77,50.00,0.3000,46.97,73.81,40.21,23.48,23.48,36.91,36.91,4248.84,4248.84,4398.57,4398.57,3558.84,5244.30,3358.84,5253.63,-690.01,995.46,-1039.73,855.06,23.48,23.48,36.91,36.91,-245.06,1790.13,0.0000,0.0000
8.517559,21.148,5.875,21.14,55.86,116.66,2.0883,14.30,-5.83,3.04,44.71,50.00,0.3000,46.91,73.71,40.21,23.45,23.45,36.86,36.86,4248.84,4248.84,4398.57,4398.57,3558.97,5243.97,3359.12,5253.39,-689.88,995.12,-1039.45,854.82,23.45,23.45,36.86,36.86,-244.94,1789.64,0.0000,0.0000
8.517559,21.134,5.870,21.11,55.94,116.49,2.0826,14.43,-5.83,3.04,44.64,50.00,0.3000,46.84,73.61,40.21,23.42,23.42,36.80,36.80,4248.84,4248.84,4398.57,4398.57,3560.88,5241.50,3361.77,5251.12,-687.96,992.66,-1036.79,852.55,23.42,23.42,36.80,36.80,-244.47,1784.98,0.0000,0.0000
8.517559,21.119,5.866,21.08,56.02,116.33,2.0766,14.57,-5.82,3.04,44.58,50.00,0.3000,46.78,73.51,40.21,23.39,23.39,36.75,36.75,4248.84,4248.84,4398.57,4398.57,3561.01,5241.18,3362.04,5250.88,-687.84,992.33,-1036.53,852.31,23.39,23.39,36.75,36.75,-244.35,1784.51,0.0000,0.0000
8.517559,21.104,5.862,21.05,56.11,116.17,2.0705,14.72,-5.81,3.03,44.52,50.00,0.3000,46.71,73.41,40.21,23.36,23.36,36.70,36.70,4248.84,4248.84,4398.57,4398.57,3562.89,5238.75,3364.66,5248.65,-685.95,989.90,-1033.91,850.08,23.36,23.36,36.70,36.70,-243.89,1779.92,0.0000,0.0000
8.517559,21.090,5.858,21.02,56.20,116.01,2.0641,14.87,-5.80,3.03,44.46,50.00,0.3000,46.65,73.31,40.21,23.32,23.32,36.65,36.65,4248.84,4248.84,4398.57,4398.57,3563.01,5238.43,3364.92,5248.42,-685.83,989.58,-1033.65,849.85,23.32,23.32,36.65,36.65,-243.78,1779.45,0.0000,0.0000
8.517559,21.075,5.854,20.99,56.30,115.85,2.0576,15.03,-5.79,3.02,44.40,50.00,0.3000,46.58,73.20,40.21,23.29,23.29,36.60,36.60,4248.84,4248.84,4398.57,4398.57,3564.87,5236.03,3367.50,5246.21,-683.97,987.19,-1031.07,847.64,23.29,23.29,36.60,36.60,-243.32,1774.94,0.0000,0.0000
8.517559,21.061,5.850,20.96,56.41,115.69,2.0510,15.19,-5.79,3.02,44.34,50.00,0.3000,46.52,73.10,40.21,23.26,23.26,36.55,36.55,4248.84,4248.84,4398.57,4398.57,3565.00,5235.72,3367.76,5245.98,-683.85,986.87,-1030.81,847.41,23.26,23.26,36.55,36.55,-243.21,1774.47,0.0000,0.0000
8.517559,21.046,5.846,20.93,56.52,115.53,2.0441,15.36,-5.78,3.01,44.28,50.00,0.3000,46.45,73.00,40.21,23.23,23.23,36.50,36.50,4248.84,4248.84,4398.57,4398.57,3566.83,5233.35,3370.30,5243.80,-682.01,984.51,-1028.27,845.23,23.23,23.23,36.50,36.50,-242.77,1770.00,0.0000,0.0000
8.517559,21.032,5.842,20.91,56.64,115.38,2.0372,15.53,-5.77,3.01,44.22,50.00,0.3000,46.39,72.90,40.21,23.20,23.20,36.45,36.45,4248.84,4248.84,4398.57,4398.57,3566.96,5233.03,3370.57,5243.56,-681.88,984.19,-1028.00,844.99,23.20,23.20,36.45,36.45,-242.66,1769.54,0.0000,0.0000
8.517559,21.017,5.838,20.88,56.76,115.22,2.0301,15.71,-5.76,3.01,44.15,50.00,0.3000,46.33,72.80,40.21,23.16,23.16,36.40,36.40,4248.84,4248.84,4398.57,4398.57,3568.78,5230.69,3373.09,5241.40,-680.06,981.84,-1025.48,842.83,23.16,23.16,36.40,36.40,-242.22,1765.10,0.0000,0.0000
8.517559,21.003,5.834,20.85,56.88,115.06,2.0228,15.89,-5.75,3.00,44.09,50.00,0.3000,46.26,72.70,40.21,23.13,23.13,36.35,36.35,4248.84,4248.84,4398.57,4398.57,3568.78,5230.63,3373.06,5241.32,-680.07,981.79,-1025.51,842.75,23.13,23.13,36.35,36.35,-242.24,1765.06,0.0000,0.0000
8.630805,20.988,5.830,20.82,57.01,114.90,2.0155,16.07,-5.75,3.00,44.03,50.00,0.3000,46.20,72.60,40.21,23.10,23.10,36.30,36.30,4248.84,4248.84,4398.57,4398.57,3570.76,5227.98,3375.93,5238.97,-678.09,979.13,-1022.64,840.40,23.10,23.10,36.30,36.30,-241.64,1760.13,0.0000,0.0000
8.630805,20.974,5.826,20.79,57.14,114.74,2.0080,16.26,-5.74,2.99,43.97,50.00,0.3000,46.14,72.50,40.21,23.07,23.07,36.25,36.25,4248.84,4248.84,4398.57,4398.57,3570.75,5227.93,3375.90,5238.89,-678.09,979.08,-1022.67,840.32,23.07,23.07,36.25,36.25,-241.67,1760.08,0.0000,0.0000
8.630805,20.960,5.822,20.76,57.28,114.58,2.0004,16.45,-5.73,2.99,43.91,50.00,0.3000,46.07,72.40,40.21,23.04,23.04,36.20,36.20,4248.84,4248.84,4398.57,4398.57,3572.68,5225.34,3378.69,5236.60,-676.17,976.49,-1019.88,838.03,23.04,23.04,36.20,36.20,-241.09,1755.29,0.0000,0.0000
8.630805,20.945,5.818,20.73,57.42,114.43,1.9928,16.65,-5.72,2.99,43.85,50.00,0.3000,46.01,72.30,40.21,23.00,23.00,36.15,36.15,4248.84,4248.84,4398.57,4398.57,3572.68,5225.28,3378.66,5236.52,-676.17,976.44,-1019.91,837.95,23.00,23.00,36.15,36.15,-241.12,1755.23,0.0000,0.0000
8.630805,20.931,5.814,20.70,57.56,114.27,1.9851,16.85,-5.71,2.98,43.79,50.00,0.3000,45.95,72.20,40.21,22.97,22.97,36.10,36.10,4248.84,4248.84,4398.57,4398.57,3574.59,5222.72,3381.42,5234.25,-674.25,973.87,-1017.15,835.67,22.97,22.97,36.10,36.10,-240.54,1750.47,0.0000,0.0000
8.630805,20.916,5.810,20.68,57.71,114.11,1.9773,17.06,-5.71,2.98,43.73,50.00,0.3000,45.88,72.10,40.21,22.94,22.94,36.05,36.05,4248.84,4248.84,4398.57,4398.57,3574.58,5222.67,3381.40,5234.17,-674.26,973.82,-1017.17,835.60,22.94,22.94,36.05,36.05,-240.57,1750.43,0.0000,0.0000
8.630805,20.902,5.806,20.65,57.86,113.95,1.9694,17.26,-5.70,2.97,43.67,50.00,0.3000,45.82,72.00,40.21,22.91,22.91,36.00,36.00,4248.84,4248.84,4398.57,4398.57,3576.49,5220.12,3384.14,5231.90,-672.35,971.27,-1014.43,833.33,22.91,22.91,36.00,36.00,-240.01,1745.69,0.0000,0.0000
8.630805,20.888,5.802,20.62,58.01,113.80,1.9615,17.47,-5.69,2.97,43.61,50.00,0.3000,45.76,71.91,40.21,22.88,22.88,35.95,35.95,4248.84,4248.84,4398.57,4398.57,3576.49,5220.06,3384.12,5231.82,-672.35,971.22,-1014.45,833.25,22.88,22.88,35.95,35.95,-240.03,1745.63,0.0000,0.0000
8.630805,20.873,5.798,20.59,58.17,113.64,1.9536,17.68,-5.68,2.97,43.55,50.00,0.3000,45.69,71.81,40.21,22.85,22.85,35.90,35.90,4248.84,4248.84,4398.57,4398.57,3578.40,5217.51,3386.86,5229.55,-670.45,968.67,-1011.71,830.98,22.85,22.85,35.90,35.90,-239.47,1740.90,0.0000,0.0000
8.630805,20.859,5.794,20.56,58.33,113.49,1.9456,17.89,-5.68,2.96,43.49,50.00,0.3000,45.63,71.71,40.21,22.82,22.82,35.85,35.85,4248.84,4248.84,4398.57,4398.57,3578.40,5217.46,3386.84,5229.47,-670.45,968.62,-1011.73,830.90,22.82,22.82,35.85,35.85,-239.50,1740.85,0.0000,0.0000
8.630805,20.845,5.790,20.53,58.49,113.33,1.9377,18.11,-5.67,2.96,43.43,50.00,0.3000,45.57,71.61,40.21,22.78,22.78,35.81,35.81,4248.84,4248.84,4398.57,4398.57,3580.30,5214.92,3389.58,5227.21,-668.54,966.07,-1008.99,828.64,22.78,22.78,35.81,35.81,-238.94,1736.12,0.0000,0.0000
8.630805,20.830,5.786,20.51,58.65,113.18,1.9297,18.33,-5.66,2.95,43.37,50.00,0.3000,45.51,71.51,40.21,22.75,22.75,35.76,35.76,4248.84,4248.84,4398.57,4398.57,3580.30,5214.87,3389.55,5227.13,-668.55,966.02,-1009.02,828.56,22.75,22.75,35.76,35.76,-238.97,1736.07,0.0000,0.0000
8.752620,20.816,5.782,20.48,58.81,113.02,1.9217,18.55,-5.65,2.95,43.31,50.00,0.3000,45.44,71.41,40.21,22.72,22.72,35.71,35.71,4248.84,4248.84,4398.57,4398.57,3582.20,5212.33,3392.29,5224.87,-666.64,963.48,-1006.28,826.30,22.72,22.72,35.71,35.71,-238.41,1731.35,0.0000,0.0000
8.752620,20.802,5.778,20.45,58.98,112.86,1.9137,18.77,-5.64,2.94,43.25,50.00,0.3000,45.38,71.32,40.21,22.69,22.69,35.66,35.66,4248.84,4248.84,4398.57,4398.57,3582.20,5212.28,3392.26,5224.79,-666.65,963.43,-1006.31,826.22,22.69,22.69,35.66,35.66,-238.44,1731.30,0.0000,0.0000
8.752620,20.788,5.774,20.42,59.14,112.71,1.9057,18.99,-5.64,2.94,43.19,50.00,0.3000,45.32,71.22,40.21,22.66,22.66,35.61,35.61,4248.84,4248.84,4398.57,4398.57,3584.10,5209.74,3394.99,5222.53,-664.74,960.90,-1003.58,823.96,22.66,22.66,35.61,35.61,-237.88,1726.59,0.0000,0.0000
8.752620,20.773,5.770,20.39,59.31,112.56,1.8977,19.21,-5.63,2.94,43.14,50.00,0.3000,45.26,71.12,40.21,22.63,22.63,35.56,35.56,4248.84,4248.84,4398.57,4398.57,3584.10,5209.69,3394.97,5222.45,-664.74,960.85,-1003.60,823.88,22.63,22.63,35.56,35.56,-237.91,1726.54,0.0000,0.0000
8.752620,20.759,5.766,20.37,59.48,112.40,1.8897,19.43,-5.62,2.93,43.08,50.00,0.3000,45.19,71.02,40.21,22.60,22.60,35.51,35.51,4248.84,4248.84,4398.57,4398.57,3586.00,5207.15,3397.70,5220.19,-662.84,958.31,-1000.87,821.62,22.60,22.60,35.51,35.51,-237.36,1721.83,0.0000,0.0000
8.752620,20.745,5.762,20.34,59.65,112.25,1.8818,19.66,-5.61,2.93,43.02,50.00,0.3000,45.13,70.93,40.21,22.57,22.57,35.46,35.46,4248.84,4248.84,4398.57,4398.57,3586.00,5207.10,3397.67,5220.11,-662.85,958.26,-1000.90,821.54,22.57,22.57,35.46,35.46,-237.38,1721.77,0.0000,0.0000
8.752620,20.731,5.758,20.31,59.82,112.09,1.8739,19.88,-5.61,2.92,42.96,50.00,0.3000,45.07,70.83,40.21,22.54,22.54,35.41,35.41,4248.84,4248.84,4398.57,4398.57,3587.90,5204.57,3400.40,5217.86,-660.95,955.73,-998.17,819.29,22.54,22.54,35.41,35.41,-236.83,1717.07,0.0000,0.0000
8.752620,20.716,5.755,20.28,59.99,111.94,1.8661,20.10,-5.60,2.92,42.90,50.00,0.3000,45.01,70.73,40.21,22.50,22.50,35.37,35.37,4248.84,4248.84,4398.57,4398.57,3587.89,5204.52,3400.37,5217.78,-660.95,955.68,-998.20,819.21,22.50,22.50,35.37,35.37,-236.86,1717.02,0.0000,0.0000
8.752620,20.702,5.751,20.26,60.16,111.79,1.8582,20.33,-5.59,2.92,42.84,50.00,0.3000,44.95,70.64,40.21,22.47,22.47,35.32,35.32,4248.84,4248.84,4398.57,4398.57,3589.78,5202.00,3403.09,5215.54,-659.06,953.16,-995.48,816.97,22.47,22.47,35.32,35.32,-236.31,1712.33,0.0000,0.0000
8.752620,20.688,5.747,20.23,60.33,111.63,1.8505,20.55,-5.58,2.91,42.78,50.00,0.3000,44.89,70.54,40.21,22.44,22.44,35.27,35.27,4248.84,4248.84,4398.57,4398.57,3589.78,5201.95,3403.06,5215.46,-659.07,953.11,-995.51,816.89,22.44,22.44,35.27,35.27,-236.33,1712.29,0.0000,0.0000
8.752620,20.674,5.743,20.20,60.50,111.48,1.8428,20.78,-5.58,2.91,42.72,50.00,0.3000,44.82,70.44,40.21,22.41,22.41,35.22,35.22,4248.84,4248.84,4398.57,4398.57,3591.67,5199.44,3405.77,5213.22,-657.17,950.59,-992.80,814.65,22.41,22.41,35.22,35.22,-235.79,1707.61,0.0000,0.0000
8.752620,20.660,5.739,20.17,60.67,111.33,1.8351,21.00,-5.57,2.90,42.66,50.00,0.3000,44.76,70.35,40.21,22.38,22.38,35.17,35.17,4248.84,4248.84,4398.57,4398.57,3591.67,5199.39,3405.75,5213.14,-657.18,950.54,-992.82,814.57,22.38,22.38,35.17,35.17,-235.81,1707.55,0.0000,0.0000
8.892038,20.646,5.735,20.14,60.83,111.18,1.8275,21.22,-5.56,2.90,42.61,50.00,0.3000,44.70,70.25,40.21,22.35,22.35,35.12,35.12,4248.84,4248.84,4398.57,4398.57,3593.55,5196.88,3408.45,5210.90,-655.29,948.03,-990.12,812.33,22.35,22.35,35.12,35.12,-235.26,1702.89,0.0000,0.0000
8.892038,20.631,5.731,20.12,61.00,111.02,1.8200,21.45,-5.55,2.90,42.55,50.00,0.3000,44.64,70.15,40.21,22.32,22.32,35.07,35.07,4248.84,4248.84,4398.57,4398.57,3589.50,5204.44,3400.08,5215.59,-659.34,955.60,-998.49,817.02,22.32,22.32,35.07,35.07,-238.86,1715.22,0.0000,0.0000
8.892038,20.616,5.727,20.09,61.17,110.86,1.8125,21.67,-5.54,2.89,42.49,50.00,0.3000,44.58,70.05,40.21,22.29,22.29,35.02,35.02,4248.84,4248.84,4398.57,4398.57,3592.36,5200.77,3404.08,5212.24,-656.48,951.92,-994.49,813.67,22.29,22.29,35.02,35.02,-238.13,1708.28,0.0000,0.0000
8.892038,20.602,5.723,20.06,61.33,110.70,1.8051,21.89,-5.54,2.89,42.43,50.00,0.3000,44.51,69.95,40.21,22.26,22.26,34.98,34.98,4248.84,4248.84,4398.57,4398.57,3593.80,5198.35,3406.65,5210.48,-655.04,949.51,-991.92,811.91,22.26,22.26,34.98,34.98,-237.24,1704.19,0.0000,0.0000
8.892038,20.587,5.719,20.03,61.49,110.55,1.7977,22.11,-5.53,2.88,42.37,50.00,0.3000,44.45,69.85,40.21,22.22,22.22,34.93,34.93,4248.84,4248.84,4398.57,4398.57,3595.45,5195.88,3409.30,5208.49,-653.39,947.03,-989.27,809.92,22.22,22.22,34.93,34.93,-236.49,1699.81,0.0000,0.0000
8.892038,20.573,5.715,20.00,61.66,110.39,1.7905,22.32,-5.52,2.88,42.31,50.00,0.3000,44.39,69.76,40.21,22.19,22.19,34.88,34.88,4248.84,4248.84,4398.57,4398.57,3596.61,5194.03,3411.26,5207.07,-652.23,945.18,-987.31,808.50,22.19,22.19,34.88,34.88,-235.88,1696.61,0.0000,0.0000
8.892038,20.559,5.711,19.98,61.82,110.24,1.7833,22.54,-5.51,2.88,42.25,50.00,0.3000,44.33,69.66,40.21,22.16,22.16,34.83,34.83,4248.84,4248.84,4398.57,4398.57,3597.29,5192.74,3412.59,5206.19,-651.55,943.89,-985.98,807.62,22.16,22.16,34.83,34.83,-235.35,1694.52,0.0000,0.0000
8.892038,20.544,5.707,19.95,61.98,110.09,1.7763,22.75,-5.51,2.87,42.19,50.00,0.3000,44.26,69.56,40.21,22.13,22.13,34.78,34.78,4248.84,4248.84,4398.57,4398.57,3598.95,5190.54,3414.95,5204.21,-649.89,941.70,-983.62,805.64,22.13,22.13,34.78,34.78,-234.89,1690.42,0.0000,0.0000
8.892038,20.530,5.703,19.92,62.13,109.94,1.7693,22.97,-5.50,2.87,42.13,50.00,0.3000,44.20,69.47,40.21,22.10,22.10,34.73,34.73,4248.84,4248.84,4398.57,4398.57,3599.49,5189.53,3415.98,5203.50,-649.35,940.69,-982.59,804.93,22.10,22.10,34.73,34.73,-234.50,1688.78,0.0000,0.0000
8.892038,20.516,5.699,19.89,62.29,109.78,1.7624,23.18,-5.49,2.86,42.07,50.00,0.3000,44.14,69.37,40.21,22.07,22.07,34.69,34.69,4248.84,4248.84,4398.57,4398.57,3600.30,5188.25,3417.31,5202.48,-648.54,939.41,-981.26,803.91,22.07,22.07,34.69,34.69,-234.11,1686.56,0.0000,0.0000
8.892038,20.502,5.695,19.86,62.45,109.63,1.7557,23.39,-5.48,2.86,42.02,50.00,0.3000,44.08,69.27,40.21,22.04,22.04,34.64,34.64,4248.84,4248.84,4398.57,4398.57,3601.54,5186.58,3419.08,5200.98,-647.30,937.74,-979.49,802.41,22.04,22.04,34.64,34.64,-233.76,1683.47,0.0000,0.0000
8.892038,20.488,5.691,19.84,62.60,109.48,1.7490,23.59,-5.48,2.86,41.96,50.00,0.3000,44.02,69.18,40.21,22.01,22.01,34.59,34.59,4248.84,4248.84,4398.57,4398.57,3602.12,5185.77,3419.90,5200.24,-646.72,936.93,-978.67,801.67,22.01,22.01,34.59,34.59,-233.60,1682.00,0.0000,0.0000
9.017966,20.474,5.687,19.81,62.75,109.33,1.7424,23.80,-5.47,2.85,41.90,50.00,0.3000,43.96,69.08,40.21,21.98,21.98,34.54,34.54,4248.84,4248.84,4398.57,4398.57,3603.52,5183.75,3422.06,5198.55,-645.32,934.90,-976.51,799.98,21.98,21.98,34.54,34.54,-233.06,1678.36,0.0000,0.0000
9.017966,20.460,5.683,19.78,62.90,109.18,1.7359,24.00,-5.46,2.85,41.84,50.00,0.3000,43.90,68.99,40.21,21.95,21.95,34.49,34.49,4248.84,4248.84,4398.57,4398.57,3604.10,5182.95,3422.87,5197.80,-644.74,934.11,-975.70,799.23,21.95,21.95,34.49,34.49,-232.92,1676.89,0.0000,0.0000
9.017966,20.446,5.679,19.76,63.04,109.03,1.7295,24.20,-5.45,2.84,41.79,50.00,0.3000,43.84,68.89,40.21,21.92,21.92,34.45,34.45,4248.84,4248.84,4398.57,4398.57,3605.71,5180.77,3425.20,5195.88,-643.13,931.93,-973.37,797.31,21.92,21.92,34.45,34.45,-232.43,1672.87,0.0000,0.0000
9.017966,20.432,5.675,19.73,63.19,108.88,1.7232,24.39,-5.45,2.84,41.73,50.00,0.3000,43.78,68.80,40.21,21.89,21.89,34.40,34.40,4248.84,4248.84,4398.57,4398.57,3605.84,5180.44,3425.49,5195.64,-643.00,931.59,-973.08,797.07,21.89,21.89,34.40,34.40,-232.30,1672.37,0.0000,0.0000
9.017966,20.418,5.672,19.70,63.33,108.73,1.7170,24.59,-5.44,2.84,41.67,50.00,0.3000,43.72,68.71,40.21,21.86,21.86,34.35,34.35,4248.84,4248.84,4398.57,4398.57,3607.66,5178.07,3428.03,5193.49,-641.19,929.23,-970.53,794.92,21.86,21.86,34.35,34.35,-231.83,1667.94,0.0000,0.0000
9.017966,20.404,5.668,19.68,63.47,108.59,1.7110,24.78,-5.43,2.83,41.61,50.00,0.3000,43.66,68.61,40.21,21.83,21.83,34.31,34.31,4248.84,4248.84,4398.57,4398.57,3607.79,5177.75,3428.31,5193.25,-641.06,928.90,-970.26,794.68,21.83,21.83,34.31,34.31,-231.71,1667.45,0.0000,0.0000
9.017966,20.390,5.664,19.65,63.60,108.44,1.7050,24.97,-5.42,2.83,41.56,50.00,0.3000,43.60,68.52,40.21,21.80,21.80,34.26,34.26,4248.84,4248.84,4398.57,4398.57,3609.60,5175.39,3430.85,5191.10,-639.24,926.55,-967.72,792.53,21.80,21.80,34.26,34.26,-231.25,1663.02,0.0000,0.0000
9.017966,20.376,5.660,19.62,63.73,108.29,1.6991,25.15,-5.42,2.83,41.50,50.00,0.3000,43.54,68.43,40.21,21.77,21.77,34.21,34.21,4248.84,4248.84,4398.57,4398.57,3609.73,5175.08,3431.11,5190.87,-639.11,926.23,-967.46,792.30,21.77,21.77,34.21,34.21,-231.14,1662.55,0.0000,0.0000
9.017966,20.362,5.656,19.59,63.86,108.14,1.6934,25.33,-5.41,2.82,41.44,50.00,0.3000,43.48,68.33,40.21,21.74,21.74,34.17,34.17,4248.84,4248.84,4398.57,4398.57,3611.53,5172.76,3433.61,5188.74,-637.31,923.91,-964.96,790.17,21.74,21.74,34.17,34.17,-230.69,1658.17,0.0000,0.0000
9.017966,20.348,5.652,19.57,63.99,107.99,1.6877,25.51,-5.40,2.82,41.39,50.00,0.3000,43.42,68.24,40.21,21.71,21.71,34.12,34.12,4248.84,4248.84,4398.57,4398.57,3611.53,5172.71,3433.59,5188.66,-637.31,923.87,-964.98,790.09,21.71,21.71,34.12,34.12,-230.72,1658.13,0.0000,0.0000
9.017966,20.334,5.648,19.54,64.11,107.85,1.6822,25.69,-5.39,2.81,41.33,50.00,0.3000,43.36,68.15,40.21,21.68,21.68,34.07,34.07,4248.84,4248.84,4398.57,4398.57,3613.49,5170.07,3436.43,5186.34,-635.36,921.23,-962.14,787.77,21.68,21.68,34.07,34.07,-230.12,1653.25,0.0000,0.0000
9.017966,20.320,5.644,19.51,64.23,107.70,1.6768,25.86,-5.39,2.81,41.27,50.00,0.3000,43.30,68.05,40.21,21.65,21.65,34.03,34.03,4248.84,4248.84,4398.57,4398.57,3613.48,5170.03,3436.40,5186.27,-635.37,921.19,-962.17,787.70,21.65,21.65,34.03,34.03,-230.14,1653.21,0.0000,0.0000
9.142843,20.306,5.641,19.49,64.35,107.55,1.6715,26.03,-5.38,2.81,41.22,50.00,0.3000,43.24,67.96,40.21,21.62,21.62,33.98,33.98,4248.84,4248.84,4398.57,4398.57,3615.36,5167.50,3439.13,5184.04,-633.48,918.65,-959.44,785.47,21.62,21.62,33.98,33.98,-229.57,1648.52,0.0000,0.0000
9.142843,20.292,5.637,19.46,64.46,107.41,1.6663,26.19,-5.37,2.80,41.16,50.00,0.3000,43.19,67.87,40.21,21.59,21.59,33.93,33.93,4248.84,4248.84,4398.57,4398.57,3615.36,5167.45,3439.11,5183.97,-633.49,918.61,-959.46,785.40,21.59,21.59,33.93,33.93,-229.59,1648.48,0.0000,0.0000
9.142843,20.279,5.633,19.43,64.57,107.26,1.6612,26.35,-5.36,2.80,41.11,50.00,0.3000,43.13,67.77,40.21,21.56,21.56,33.89,33.89,4248.84,4248.84,4398.57,4398.57,3617.20,5164.97,3441.78,5181.77,-631.64,916.12,-956.79,783.20,21.56,21.56,33.89,33.89,-229.03,1643.87,0.0000,0.0000
9.142843,20.265,5.629,19.41,64.67,107.11,1.6562,26.51,-5.36,2.79,41.05,50.00,0.3000,43.07,67.68,40.21,21.53,21.53,33.84,33.84,4248.84,4248.84,4398.57,4398.57,3617.20,5164.92,3441.76,5181.71,-631.65,916.08,-956.81,783.13,21.53,21.53,33.84,33.84,-229.05,1643.84,0.0000,0.0000
9.142843,20.251,5.625,19.38,64.77,106.97,1.6514,26.66,-5.35,2.79,40.99,50.00,0.3000,43.01,67.59,40.21,21.50,21.50,33.79,33.79,4248.84,4248.84,4398.57,4398.57,3619.03,5162.47,3444.39,5179.53,-629.82,913.63,-954.17,780.96,21.50,21.50,33.79,33.79,-228.51,1639.29,0.0000,0.0000
9.142843,20.237,5.621,19.36,64.87,106.82,1.6466,26.81,-5.34,2.79,40.94,50.00,0.3000,42.95,67.50,40.21,21.48,21.48,33.75,33.75,4248.84,4248.84,4398.57,4398.57,3619.02,5162.43,3444.37,5179.47,-629.83,913.58,-954.20,780.90,21.48,21.48,33.75,33.75,-228.53,1639.26,0.0000,0.0000
9.142843,20.223,5.618,19.33,64.97,106.68,1.6420,26.96,-5.33,2.78,40.88,50.00,0.3000,42.89,67.41,40.21,21.45,21.45,33.70,33.70,4248.84,4248.84,4398.57,4398.57,3620.82,5160.01,3446.98,5177.32,-628.02,911.16,-951.59,778.75,21.45,21.45,33.70,33.70,-227.99,1634.76,0.0000,0.0000
9.142843,20.210,5.614,19.30,65.06,106.53,1.6375,27.10,-5.33,2.78,40.83,50.00,0.3000,42.83,67.31,40.21,21.42,21.42,33.66,33.66,4248.84,4248.84,4398.57,4398.57,3620.82,5159.96,3446.95,5177.25,-628.02,911.12,-951.62,778.68,21.42,21.42,33.66,33.66,-228.02,1634.72,0.0000,0.0000
9.142843,20.196,5.610,19.28,65.14,106.39,1.6331,27.24,-5.32,2.78,40.77,50.00,0.3000,42.78,67.22,40.21,21.39,21.39,33.61,33.61,4248.84,4248.84,4398.57,4398.57,3622.60,5157.56,3449.53,5175.13,-626.24,908.72,-949.04,776.56,21.39,21.39,33.61,33.61,-227.48,1630.27,0.0000,0.0000
9.142843,20.182,5.606,19.25,65.23,106.24,1.6288,27.37,-5.31,2.77,40.71,50.00,0.3000,42.72,67.13,40.21,21.36,21.36,33.57,33.57,4248.84,4248.84,4398.57,4398.57,3622.59,5157.52,3449.50,5175.06,-626.25,908.68,-949.07,776.49,21.36,21.36,33.57,33.57,-227.50,1630.24,0.0000,0.0000
9.142843,20.168,5.602,19.22,65.30,106.10,1.6246,27.50,-5.31,2.77,40.66,50.00,0.3000,42.66,67.04,40.21,21.33,21.33,33.52,33.52,4248.84,4248.84,4398.57,4398.57,3624.37,5155.14,3452.07,5172.95,-624.47,906.29,-946.50,774.38,21.33,21.33,33.52,33.52,-226.97,1625.83,0.0000,0.0000
9.142843,20.155,5.599,19.20,65.38,105.95,1.6206,27.63,-5.30,2.76,40.60,50.00,0.3000,42.60,66.95,40.21,21.30,21.30,33.47,33.47,4248.84,4248.84,4398.57,4398.57,3624.36,5155.09,3452.04,5172.88,-624.48,906.25,-946.53,774.31,21.30,21.30,33.47,33.47,-226.99,1625.79,0.0000,0.0000
9.273648,20.141,5.595,19.17,65.45,105.81,1.6166,27.75,-5.29,2.76,40.55,50.00,0.3000,42.54,66.86,40.21,21.27,21.27,33.43,33.43,4248.84,4248.84,4398.57,4398.57,3626.13,5152.73,3454.59,5170.78,-622.71,903.88,-943.98,772.21,21.27,21.27,33.43,33.43,-226.47,1621.39,0.0000,0.0000
9.273648,20.127,5.591,19.15,65.52,105.66,1.6128,27.87,-5.28,2.76,40.49,50.00,0.3000,42.49,66.77,40.21,21.24,21.24,33.38,33.38,4248.84,4248.84,4398.57,4398.57,3626.12,5152.68,3454.56,5170.72,-622.72,903.84,-944.01,772.15,21.24,21.24,33.38,33.38,-226.49,1621.36,0.0000,0.0000
9.273648,20.114,5.587,19.12,65.58,105.52,1.6091,27.98,-5.28,2.75,40.44,50.00,0.3000,42.43,66.67,40.21,21.21,21.21,33.34,33.34,4248.84,4248.84,4398.57,4398.57,3627.87,5150.33,3457.09,5168.63,-620.97,901.49,-941.48,770.06,21.21,21.21,33.34,33.34,-225.97,1617.00,0.0000,0.0000
9.273648,20.100,5.583,19.09,65.64,105.38,1.6055,28.09,-5.27,2.75,40.38,50.00,0.3000,42.37,66.58,40.21,21.18,21.18,33.29,33.29,4248.84,4248.84,4398.57,4398.57,3627.87,5150.28,3457.07,5168.56,-620.97,901.44,-941.50,769.99,21.18,21.18,33.29,33.29,-225.99,1616.95,0.0000,0.0000
9.273648,20.086,5.579,19.07,65.69,105.23,1.6020,28.20,-5.26,2.75,40.33,50.00,0.3000,42.31,66.49,40.21,21.16,21.16,33.25,33.25,4248.84,4248.84,4398.57,4398.57,3629.62,5147.94,3459.59,5166.49,-619.23,899.10,-938.98,767.92,21.16,21.16,33.25,33.25,-225.47,1612.61,0.0000,0.0000
9.273648,20.073,5.576,19.04,65.74,105.09,1.5986,28.30,-5.26,2.74,40.27,50.00,0.3000,42.25,66.40,40.21,21.13,21.13,33.20,33.20,4248.84,4248.84,4398.57,4398.57,3629.61,5147.89,3459.57,5166.42,-619.24,899.05,-939.00,767.85,21.13,21.13,33.20,33.20,-225.48,1612.57,0.0000,0.0000
9.273648,20.059,5.572,19.02,65.78,104.95,1.5953,28.39,-5.25,2.74,40.22,50.00,0.3000,42.20,66.31,40.21,21.10,21.10,33.16,33.16,4248.84,4248.84,4398.57,4398.57,3631.36,5145.55,3462.09,5164.34,-617.49,896.71,-936.48,765.77,21.10,21.10,33.16,33.16,-224.97,1608.22,0.0000,0.0000
9.273648,20.045,5.568,18.99,65.82,104.80,1.5922,28.48,-5.24,2.73,40.16,50.00,0.3000,42.14,66.22,40.21,21.07,21.07,33.11,33.11,4248.84,4248.84,4398.57,4398.57,3631.34,5145.51,3462.06,5164.28,-617.50,896.67,-936.51,765.71,21.07,21.07,33.11,33.11,-224.98,1608.19,0.0000,0.0000
9.273648,20.032,5.564,18.96,65.86,104.66,1.5891,28.57,-5.23,2.73,40.11,50.00,0.3000,42.08,66.13,40.21,21.04,21.04,33.07,33.07,4248.84,4248.84,4398.57,4398.57,3633.09,5143.17,3464.58,5162.20,-615.75,894.33,-933.99,763.63,21.04,21.04,33.07,33.07,-224.47,1603.85,0.0000,0.0000
9.273648,20.018,5.561,18.94,65.89,104.52,1.5862,28.65,-5.23,2.73,40.06,50.00,0.3000,42.03,66.04,40.21,21.01,21.01,33.02,33.02,4248.84,4248.84,4398.57,4398.57,3633.08,5143.13,3464.55,5162.15,-615.77,894.28,-934.02,763.58,21.01,21.01,33.02,33.02,-224.48,1603.82,0.0000,0.0000
9.273648,20.004,5.557,18.91,65.92,104.38,1.5834,28.73,-5.22,2.72,40.00,50.00,0.3000,41.97,65.95,40.21,20.98,20.98,32.98,32.98,4248.84,4248.84,4398.57,4398.57,3634.82,5140.79,3467.06,5160.07,-614.02,891.95,-931.51,761.50,20.98,20.98,32.98,32.98,-223.97,1599.49,0.0000,0.0000
9.273648,19.991,5.553,18.89,65.94,104.24,1.5807,28.80,-5.21,2.72,39.95,50.00,0.3000,41.91,65.86,40.21,20.96,20.96,32.93,32.93,4248.84,4248.84,4398.57,4398.57,3634.81,5140.75,3467.03,5160.01,-614.03,891.91,-931.53,761.44,20.96,20.96,32.93,32.93,-223.98,1599.46,0.0000,0.0000
9.405138,19.977,5.549,18.86,65.96,104.10,1.5781,28.87,-5.21,2.72,39.89,50.00,0.3000,41.86,65.78,40.21,20.93,20.93,32.89,32.89,4248.84,4248.84,4398.57,4398.57,3636.55,5138.42,3469.54,5157.94,-612.29,889.58,-929.02,759.37,20.93,20.93,32.89,32.89,-223.47,1595.13,0.0000,0.0000
9.405138,19.964,5.545,18.84,65.98,103.95,1.5757,28.94,-5.20,2.71,39.84,50.00,0.3000,41.80,65.69,40.21,20.90,20.90,32.84,32.84,4248.84,4248.84,4398.57,4398.57,3636.54,5138.38,3469.52,5157.88,-612.30,889.53,-929.05,759.31,20.90,20.90,32.84,32.84,-223.49,1595.10,0.0000,0.0000
9.405138,19.950,5.542,18.81,65.98,103.81,1.5733,29.00,-5.19,2.71,39.78,50.00,0.3000,41.74,65.60,40.21,20.87,20.87,32.80,32.80,4248.84,4248.84,4398.57,4398.57,3638.27,5136.05,3472.02,5155.82,-610.57,887.21,-926.55,757.25,20.87,20.87,32.80,32.80,-222.96,1590.79,0.0000,0.0000
9.405138,19.937,5.538,18.78,65.99,103.67,1.5711,29.05,-5.18,2.71,39.73,50.00,0.3000,41.68,65.51,40.21,20.84,20.84,32.75,32.75,4248.84,4248.84,4398.57,4398.57,3638.26,5136.01,3471.99,5155.76,-610.58,887.16,-926.57,757.19,20.84,20.84,32.75,32.75,-222.98,1590.75,0.0000,0.0000
9.405138,19.923,5.534,18.76,65.99,103.53,1.5689,29.10,-5.18,2.70,39.68,50.00,0.3000,41.63,65.42,40.21,20.81,20.81,32.71,32.71,4248.84,4248.84,4398.57,4398.57,3639.99,5133.69,3474.49,5153.70,-608.85,884.84,-924.08,755.13,20.81,20.81,32.71,32.71,-222.47,1586.45,0.0000,0.0000
9.405138,19.910,5.530,18.73,65.99,103.39,1.5669,29.15,-5.17,2.70,39.62,50.00,0.3000,41.57,65.33,40.21,20.79,20.79,32.67,32.67,4248.84,4248.84,4398.57,4398.57,3639.98,5133.64,3474.47,5153.64,-608.86,884.80,-924.10,755.07,20.79,20.79,32.67,32.67,-222.48,1586.42,0.0000,0.0000
9.405138,19.896,5.527,18.71,65.98,103.25,1.5650,29.19,-5.16,2.69,39.57,50.00,0.3000,41.52,65.24,40.21,20.76,20.76,32.62,32.62,4248.84,4248.84,4398.57,4398.57,3641.71,5131.33,3476.96,5151.59,-607.14,882.48,-921.61,753.02,20.76,20.76,32.62,32.62,-221.97,1582.12,0.0000,0.0000
9.405138,19.883,5.523,18.68,65.96,103.11,1.5632,29.23,-5.16,2.69,39.52,50.00,0.3000,41.46,65.15,40.21,20.73,20.73,32.58,32.58,4248.84,4248.84,4398.57,4398.57,3641.70,5131.28,3476.94,5151.53,-607.15,882.44,-921.63,752.96,20.73,20.73,32.58,32.58,-221.98,1582.09,0.0000,0.0000
9.405138,19.869,5.519,18.66,65.95,102.97,1.5615,29.26,-5.15,2.69,39.46,50.00,0.3000,41.40,65.07,40.21,20.70,20.70,32.53,32.53,4248.84,4248.84,4398.57,4398.57,3643.42,5128.97,3479.43,5149.48,-605.42,880.13,-919.14,750.91,20.70,20.70,32.53,32.53,-221.47,1577.80,0.0000,0.0000
9.405138,19.856,5.516,18.63,65.92,102.83,1.5599,29.28,-5.14,2.68,39.41,50.00,0.3000,41.35,64.98,40.21,20.67,20.67,32.49,32.49,4248.84,4248.84,4398.57,4398.57,3643.40,5128.93,3479.40,5149.43,-605.44,880.08,-919.17,750.86,20.67,20.67,32.49,32.49,-221.48,1577.78,0.0000,0.0000
9.405138,19.842,5.512,18.61,65.90,102.69,1.5584,29.31,-5.14,2.68,39.36,50.00,0.3000,41.29,64.89,40.21,20.65,20.65,32.44,32.44,4248.84,4248.84,4398.57,4398.57,3645.12,5126.63,3481.88,5147.38,-603.72,877.78,-916.69,748.81,20.65,20.65,32.44,32.44,-220.97,1573.50,0.0000,0.0000
9.405138,19.829,5.508,18.58,65.86,102.56,1.5571,29.32,-5.13,2.68,39.30,50.00,0.3000,41.24,64.80,40.21,20.62,20.62,32.40,32.40,4248.84,4248.84,4398.57,4398.57,3645.11,5126.58,3481.85,5147.32,-603.74,877.74,-916.72,748.75,20.62,20.62,32.40,32.40,-220.98,1573.47,0.0000,0.0000
9.542723,19.816,5.504,18.56,65.83,102.42,1.5558,29.34,-5.12,2.67,39.25,50.00,0.3000,41.18,64.71,40.21,20.59,20.59,32.36,32.36,4248.84,4248.84,4398.57,4398.57,3646.82,5124.28,3484.33,5145.29,-602.02,875.44,-914.24,746.72,20.59,20.59,32.36,32.36,-220.47,1569.21,0.0000,0.0000
9.542723,19.802,5.501,18.53,65.79,102.28,1.5547,29.35,-5.11,2.67,39.20,50.00,0.3000,41.12,64.63,40.21,20.56,20.56,32.31,32.31,4248.84,4248.84,4398.57,4398.57,3646.81,5124.24,3484.31,5145.23,-602.04,875.39,-914.26,746.66,20.56,20.56,32.31,32.31,-220.48,1569.18,0.0000,0.0000
9.542723,19.789,5.497,18.51,65.74,102.14,1.5537,29.35,-5.11,2.67,39.14,50.00,0.3000,41.07,64.54,40.21,20.53,20.53,32.27,32.27,4248.84,4248.84,4398.57,4398.57,3648.52,5121.95,3486.77,5143.20,-600.33,873.11,-911.80,744.63,20.53,20.53,32.27,32.27,-219.97,1564.93,0.0000,0.0000
9.542723,19.775,5.493,18.48,65.69,102.00,1.5527,29.35,-5.10,2.66,39.09,50.00,0.3000,41.01,64.45,40.21,20.51,20.51,32.23,32.23,4248.84,4248.84,4398.57,4398.57,3648.50,5121.91,3486.74,5143.14,-600.34,873.06,-911.83,744.57,20.51,20.51,32.23,32.23,-219.99,1564.90,0.0000,0.0000
9.542723,19.762,5.489,18.46,65.64,101.86,1.5519,29.34,-5.09,2.66,39.04,50.00,0.3000,40.96,64.37,40.21,20.48,20.48,32.18,32.18,4248.84,4248.84,4398.57,4398.57,3650.20,5119.62,3489.20,5141.12,-598.64,870.78,-909.36,742.55,20.48,20.48,32.18,32.18,-219.47,1560.67,0.0000,0.0000
9.542723,19.749,5.486,18.43,65.58,101.73,1.5512,29.33,-5.09,2.65,38.99,50.00,0.3000,40.90,64.28,40.21,20.45,20.45,32.14,32.14,4248.84,4248.84,4398.57,4398.57,3650.19,5119.58,3489.18,5141.07,-598.66,870.73,-909.39,742.50,20.45,20.45,32.14,32.14,-219.48,1560.64,0.0000,0.0000
9.542723,19.735,5.482,18.41,65.52,101.59,1.5506,29.32,-5.08,2.65,38.93,50.00,0.3000,40.85,64.19,40.21,20.42,20.42,32.10,32.10,4248.84,4248.84,4398.57,4398.57,3651.88,5117.30,3491.63,5139.05,-596.96,868.46,-906.94,740.48,20.42,20.42,32.10,32.10,-218.97,1556.42,0.0000,0.0000
9.542723,19.722,5.478,18.38,65.45,101.45,1.5501,29.30,-5.07,2.65,38.88,50.00,0.3000,40.79,64.11,40.21,20.40,20.40,32.05,32.05,4248.84,4248.84,4398.57,4398.57,3651.86,5117.26,3491.61,5139.00,-596.98,868.41,-906.96,740.43,20.40,20.40,32.05,32.05,-218.98,1556.39,0.0000,0.0000
9.542723,19.709,5.475,18.36,65.38,101.32,1.5497,29.28,-5.07,2.64,38.83,50.00,0.3000,40.74,64.02,40.21,20.37,20.37,32.01,32.01,4248.84,4248.84,4398.57,4398.57,3653.56,5114.99,3494.05,5136.99,-595.29,866.15,-904.52,738.42,20.37,20.37,32.01,32.01,-218.48,1552.19,0.0000,0.0000
9.542723,19.695,5.471,18.33,65.30,101.18,1.5495,29.25,-5.06,2.64,38.78,50.00,0.3000,40.68,63.93,40.21,20.34,20.34,31.97,31.97,4248.84,4248.84,4398.57,4398.57,3653.54,5114.95,3494.02,5136.94,-595.31,866.10,-904.55,738.37,20.34,20.34,31.97,31.97,-218.49,1552.16,0.0000,0.0000
9.542723,19.682,5.467,18.31,65.22,101.04,1.5493,29.22,-5.05,2.64,38.72,50.00,0.3000,40.63,63.85,40.21,20.31,20.31,31.92,31.92,4248.84,4248.84,4398.57,4398.57,3655.22,5112.69,3496.46,5134.93,-593.62,863.84,-902.11,736.36,20.31,20.31,31.92,31.92,-217.99,1547.97,0.0000,0.0000
9.542723,19.669,5.464,18.28,65.13,100.91,1.5493,29.18,-5.05,2.63,38.67,50.00,0.3000,40.57,63.76,40.21,20.29,20.29,31.88,31.88,4248.84,4248.84,4398.57,4398.57,3655.21,5112.64,3496.43,5134.88,-593.64,863.80,-902.14,736.31,20.29,20.29,31.88,31.88,-218.00,1547.94,0.0000,0.0000
9.662243,19.656,5.460,18.26,65.04,100.77,1.5493,29.14,-5.04,2.63,38.62,50.00,0.3000,40.52,63.67,40.21,20.26,20.26,31.84,31.84,4248.84,4248.84,4398.57,4398.57,3656.88,5110.39,3498.85,5132.89,-591.96,861.55,-899.71,734.32,20.26,20.26,31.84,31.84,-217.49,1543.77,0.0000,0.0000
9.662243,19.642,5.456,18.23,64.95,100.63,1.5495,29.09,-5.03,2.63,38.57,50.00,0.3000,40.46,63.59,40.21,20.23,20.23,31.79,31.79,4248.84,4248.84,4398.57,4398.57,3656.86,5110.35,3498.83,5132.84,-591.98,861.51,-899.74,734.27,20.23,20.23,31.79,31.79,-217.50,1543.75,0.0000,0.0000
9.662243,19.629,5.453,18.21,64.85,100.50,1.5497,29.04,-5.03,2.62,38.51,50.00,0.3000,40.41,63.50,40.21,20.20,20.20,31.75,31.75,4248.84,4248.84,4398.57,4398.57,3658.54,5108.10,3501.25,5130.85,-590.31,859.26,-897.32,732.28,20.20,20.20,31.75,31.75,-217.00,1539.58,0.0000,0.0000
9.662243,19.616,5.449,18.19,64.75,100.36,1.5501,28.99,-5.02,2.62,38.46,50.00,0.3000,40.35,63.42,40.21,20.18,20.18,31.71,31.71,4248.84,4248.84,4398.57,4398.57,3658.52,5108.06,3501.22,5130.80,-590.33,859.22,-897.34,732.23,20.18,20.18,31.71,31.71,-217.00,1539.56,0.0000,0.0000
9.662243,19.603,5.445,18.16,64.64,100.23,1.5506,28.93,-5.01,2.62,38.41,50.00,0.3000,40.30,63.33,40.21,20.15,20.15,31.67,31.67,4248.84,4248.84,4398.57,4398.57,3660.18,5105.82,3503.64,5128.82,-588.66,856.98,-894.93,730.25,20.15,20.15,31.67,31.67,-216.50,1535.41,0.0000,0.0000
9.662243,19.590,5.442,18.14,64.53,100.09,1.5511,28.87,-5.01,2.61,38.36,50.00,0.3000,40.25,63.25,40.21,20.12,20.12,31.62,31.62,4248.84,4248.84,4398.57,4398.57,3660.17,5105.78,3503.61,5128.76,-588.68,856.93,-894.96,730.19,20.12,20.12,31.62,31.62,-216.51,1535.38,0.0000,0.0000
9.662243,19.576,5.438,18.11,64.41,99.96,1.5518,28.80,-5.00,2.61,38.31,50.00,0.3000,40.19,63.16,40.21,20.10,20.10,31.58,31.58,4248.84,4248.84,4398.57,4398.57,3661.82,5103.55,3506.01,5126.80,-587.02,854.71,-892.56,728.23,20.10,20.10,31.58,31.58,-216.01,1531.26,0.0000,0.0000
9.662243,19.563,5.434,18.09,64.29,99.83,1.5526,28.73,-4.99,2.60,38.26,50.00,0.3000,40.14,63.08,40.21,20.07,20.07,31.54,31.54,4248.84,4248.84,4398.57,4398.57,3661.80,5103.51,3505.99,5126.74,-587.04,854.66,-892.58,728.17,20.07,20.07,31.54,31.54,-216.02,1531.23,0.0000,0.0000
9.662243,19.550,5.431,18.06,64.17,99.69,1.5535,28.65,-4.99,2.60,38.21,50.00,0.3000,40.08,62.99,40.21,20.04,20.04,31.50,31.50,4248.84,4248.84,4398.57,4398.57,3663.45,5101.28,3508.38,5124.78,-585.39,852.44,-890.19,726.21,20.04,20.04,31.50,31.50,-215.51,1527.12,0.0000,0.0000
9.662243,19.537,5.427,18.04,64.04,99.56,1.5545,28.57,-4.98,2.60,38.15,50.00,0.3000,40.03,62.91,40.21,20.02,20.02,31.45,31.45,4248.84,4248.84,4398.57,4398.57,3663.44,5101.24,3508.35,5124.73,-585.41,852.40,-890.21,726.16,20.02,20.02,31.45,31.45,-215.52,1527.09,0.0000,0.0000
9.662243,19.524,5.423,18.02,63.91,99.42,1.5556,28.49,-4.97,2.59,38.10,50.00,0.3000,39.98,62.82,40.21,19.99,19.99,31.41,31.41,4248.84,4248.84,4398.57,4398.57,3665.08,5099.03,3510.74,5122.78,-583.76,850.18,-887.83,724.21,19.99,19.99,31.41,31.41,-215.02,1522.99,0.0000,0.0000
9.662243,19.511,5.420,17.99,63.78,99.29,1.5568,28.40,-4.97,2.59,38.05,50.00,0.3000,39.92,62.74,40.21,19.96,19.96,31.37,31.37,4248.84,4248.84,4398.57,4398.57,3665.06,5098.99,3510.71,5122.73,-583.78,850.14,-887.86,724.16,19.96,19.96,31.37,31.37,-215.03,1522.97,0.0000,0.0000
9.795867,19.498,5.416,17.97,63.64,99.16,1.5582,28.31,-4.96,2.59,38.00,50.00,0.3000,39.87,62.65,40.21,19.93,19.93,31.33,31.33,4248.84,4248.84,4398.57,4398.57,3666.70,5096.78,3513.09,5120.78,-582.14,847.93,-885.48,722.21,19.93,19.93,31.33,31.33,-214.53,1518.88,0.0000,0.0000
9.795867,19.485,5.412,17.94,63.49,99.02,1.5596,28.21,-4.95,2.58,37.95,50.00,0.3000,39.82,62.57,40.21,19.91,19.91,31.29,31.29,4248.84,4248.84,4398.57,4398.57,3666.69,5096.74,3513.07,5120.72,-582.16,847.89,-885.50,722.15,19.91,19.91,31.29,31.29,-214.54,1518.85,0.0000,0.0000
9.795867,19.472,5.409,17.92,63.35,98.89,1.5611,28.11,-4.95,2.58,37.90,50.00,0.3000,39.76,62.49,40.21,19.88,19.88,31.24,31.24,4248.84,4248.84,4398.57,4398.57,3668.32,5094.53,3515.44,5118.78,-580.52,845.68,-883.12,720.21,19.88,19.88,31.24,31.24,-214.04,1514.77,0.0000,0.0000
9.795867,19.459,5.405,17.89,63.20,98.76,1.5627,28.01,-4.94,2.58,37.85,50.00,0.3000,39.71,62.40,40.21,19.85,19.85,31.20,31.20,4248.84,4248.84,4398.57,4398.57,3668.31,5094.49,3515.42,5118.73,-580.54,845.64,-883.15,720.16,19.85,19.85,31.20,31.20,-214.05,1514.74,0.0000,0.0000
9.795867,19.446,5.402,17.87,63.04,98.63,1.5645,27.90,-4.93,2.57,37.80,50.00,0.3000,39.66,62.32,40.21,19.83,19.83,31.16,31.16,4248.84,4248.84,4398.57,4398.57,3669.93,5092.30,3517.78,5116.80,-578.91,843.45,-880.79,718.23,19.83,19.83,31.16,31.16,-213.55,1510.69,0.0000,0.0000
9.795867,19.432,5.398,17.85,62.88,98.50,1.5663,27.79,-4.93,2.57,37.75,50.00,0.3000,39.60,62.24,40.21,19.80,19.80,31.12,31.12,4248.84,4248.84,4398.57,4398.57,3669.91,5092.25,3517.75,5116.75,-578.93,843.41,-880.82,718.18,19.80,19.80,31.12,31.12,-213.56,1510.67,0.0000,0.0000
9.795867,19.419,5.394,17.82,62.72,98.36,1.5683,27.68,-4.92,2.57,37.70,50.00,0.3000,39.55,62.15,40.21,19.78,19.78,31.08,31.08,4248.84,4248.84,4398.57,4398.57,3671.53,5090.07,3520.11,5114.82,-577.31,841.23,-878.46,716.25,19.78,19.78,31.08,31.08,-213.06,1506.63,0.0000,0.0000
9.795867,19.406,5.391,17.80,62.56,98.23,1.5703,27.56,-4.91,2.56,37.65,50.00,0.3000,39.50,62.07,40.21,19.75,19.75,31.03,31.03,4248.84,4248.84,4398.57,4398.57,3671.51,5090.03,3520.08,5114.77,-577.33,841.19,-878.49,716.20,19.75,19.75,31.03,31.03,-213.07,1506.60,0.0000,0.0000
9.795867,19.394,5.387,17.78,62.39,98.10,1.5725,27.43,-4.91,2.56,37.60,50.00,0.3000,39.44,61.99,40.21,19.72,19.72,30.99,30.99,4248.84,4248.84,4398.57,4398.57,3673.13,5087.85,3522.43,5112.85,-575.71,839.00,-876.14,714.28,19.72,19.72,30.99,30.99,-212.57,1502.57,0.0000,0.0000
9.795867,19.381,5.383,17.75,62.21,97.97,1.5747,27.31,-4.90,2.56,37.55,50.00,0.3000,39.39,61.90,40.21,19.70,19.70,30.95,30.95,4248.84,4248.84,4398.57,4398.57,3673.11,5087.80,3522.41,5112.80,-575.73,838.96,-876.16,714.23,19.70,19.70,30.95,30.95,-212.58,1502.54,0.0000,0.0000
9.795867,19.368,5.380,17.73,62.04,97.84,1.5771,27.18,-4.89,2.55,37.49,50.00,0.3000,39.34,61.82,40.21,19.67,19.67,30.91,30.91,4248.84,4248.84,4398.57,4398.57,3674.72,5085.63,3524.74,5110.89,-574.12,836.79,-873.83,712.32,19.67,19.67,30.91,30.91,-212.09,1498.53,0.0000,0.0000
9.795867,19.355,5.376,17.70,61.86,97.71,1.5795,27.05,-4.89,2.55,37.44,50.00,0.3000,39.29,61.74,40.21,19.64,19.64,30.87,30.87,4248.84,4248.84,4398.57,4398.57,3674.70,5085.59,3524.72,5110.84,-574.14,836.75,-873.85,712.27,19.64,19.64,30.87,30.87,-212.10,1498.50,0.0000,0.0000
9.925127,19.342,5.373,17.68,61.68,97.58,1.5821,26.91,-4.88,2.55,37.39,50.00,0.3000,39.23,61.66,40.21,19.62,19.62,30.83,30.83,4248.84,4248.84,4398.57,4398.57,3676.31,5083.43,3527.05,5108.93,-572.54,834.58,-871.52,710.36,19.62,19.62,30.83,30.83,-211.60,1494.50,0.0000,0.0000
9.925127,19.342,5.373,17.68,61.60,97.58,1.5841,26.83,-4.88,2.55,37.40,50.00,0.3000,39.24,61.66,40.21,19.62,19.62,30.83,30.83,4248.84,4248.84,4398.57,4398.57,3782.43,4889.54,3739.57,4984.18,-466.41,640.69,-659.00,585.61,19.62,19.62,30.83,30.83,-123.84,1175.85,0.0000,0.0000
9.925127,19.348,5.375,17.69,61.57,97.64,1.5860,26.78,-4.88,2.55,37.42,50.00,0.3000,39.26,61.70,40.21,19.63,19.63,30.85,30.85,4248.84,4248.84,4398.57,4398.57,3813.51,4822.61,3812.62,4947.04,-435.33,573.76,-585.95,548.47,19.63,19.63,30.85,30.85,-87.95,1071.76,0.0000,0.0000
9.925127,19.373,5.382,17.74,61.68,97.90,1.5871,26.80,-4.90,2.55,37.52,50.00,0.3000,39.36,61.86,40.21,19.68,19.68,30.93,30.93,4248.84,4248.84,4398.57,4398.57,3935.54,4583.77,4074.00,4802.74,-313.30,334.92,-324.57,404.17,19.68,19.68,30.93,30.93,28.99,688.48,0.0000,0.0000
9.925127,19.400,5.389,17.79,61.81,98.16,1.5882,26.83,-4.91,2.56,37.62,50.00,0.3000,39.47,62.03,40.21,19.73,19.73,31.01,31.01,4248.84,4248.84,4398.57,4398.57,3940.72,4571.24,4087.77,4796.60,-308.13,322.39,-310.80,398.03,19.73,19.73,31.01,31.01,36.48,669.67,0.0000,0.0000
9.925127,19.432,5.398,17.85,61.99,98.49,1.5889,26.89,-4.93,2.57,37.74,50.00,0.3000,39.60,62.23,40.21,19.80,19.80,31.12,31.12,4248.84,4248.84,4398.57,4398.57,4014.62,4450.66,4220.60,4710.78,-234.22,201.81,-177.97,312.21,19.80,19.80,31.12,31.12,83.33,463.11,0.0000,0.0000
9.925127,19.467,5.408,17.91,62.19,98.85,1.5895,26.97,-4.94,2.58,37.88,50.00,0.3000,39.75,62.46,40.21,19.87,19.87,31.23,31.23,4248.84,4248.84,4398.57,4398.57,4042.64,4401.33,4274.91,4678.15,-206.21,152.49,-123.66,279.58,19.87,19.87,31.23,31.23,104.82,380.97,0.0000,0.0000
9.925127,19.496,5.416,17.96,62.34,99.14,1.5904,27.01,-4.96,2.59,37.99,50.00,0.3000,39.86,62.64,40.21,19.93,19.93,31.32,31.32,4248.84,4248.84,4398.57,4398.57,3973.54,4516.21,4148.76,4758.83,-275.31,267.37,-249.81,360.26,19.93,19.93,31.32,31.32,59.19,576.37,0.0000,0.0000
9.925127,19.525,5.424,18.02,62.50,99.44,1.5911,27.07,-4.97,2.59,38.11,50.00,0.3000,39.98,62.83,40.21,19.99,19.99,31.42,31.42,4248.84,4248.84,4398.57,4398.57,4033.45,4437.77,4235.94,4690.48,-215.40,188.93,-162.63,291.91,19.99,19.99,31.42,31.42,77.87,429.43,0.0000,0.0000
9.925127,19.555,5.432,18.07,62.67,99.75,1.5916,27.13,-4.99,2.60,38.23,50.00,0.3000,40.11,63.03,40.21,20.05,20.05,31.51,31.51,4248.84,4248.84,4398.57,4398.57,4071.24,4385.89,4293.55,4647.28,-177.61,137.04,-105.02,248.71,20.05,20.05,31.51,31.51,92.13,334.19,0.0000,0.0000
9.925127,19.587,5.441,18.13,62.86,100.07,1.5920,27.20,-5.00,2.61,38.35,50.00,0.3000,40.24,63.23,40.21,20.12,20.12,31.62,31.62,4248.84,4248.84,4398.57,4398.57,4083.58,4363.70,4318.06,4632.96,-165.26,114.85,-80.51,234.39,20.12,20.12,31.62,31.62,102.14,297.51,0.0000,0.0000
9.925127,19.618,5.450,18.19,63.05,100.39,1.5922,27.28,-5.02,2.62,38.47,50.00,0.3000,40.36,63.43,40.21,20.18,20.18,31.72,31.72,4248.84,4248.84,4398.57,4398.57,4123.95,4316.44,4370.92,4587.32,-124.90,67.60,-27.65,188.75,20.18,20.18,31.72,31.72,109.20,204.45,0.0000,0.0000
10.060803,19.649,5.458,18.25,63.24,100.70,1.5923,27.36,-5.04,2.63,38.59,50.00,0.3000,40.49,63.63,40.21,20.24,20.24,31.81,31.81,4248.84,4248.84,4398.57,4398.57,4158.01,4277.52,4414.54,4548.89,-90.84,28.67,15.97,150.32,20.24,20.24,31.81,31.81,114.22,126.93,0.0000,0.0000
10.060803,19.678,5.466,18.30,63.43,101.00,1.5923,27.44,-5.05,2.64,38.71,50.00,0.3000,40.61,63.82,40.21,20.31,20.31,31.91,31.91,4248.84,4248.84,4398.57,4398.57,4187.85,4244.83,4451.26,4515.32,-61.00,-4.01,52.69,116.75,20.31,20.31,31.91,31.91,117.23,60.52,0.0000,0.0000
10.060803,19.707,5.474,18.35,63.62,101.29,1.5923,27.53,-5.07,2.64,38.82,50.00,0.3000,40.73,64.00,40.21,20.36,20.36,32.00,32.00,4248.84,4248.84,4398.57,4398.57,4203.44,4232.36,4465.63,4498.14,-45.40,-16.49,67.06,99.56,20.36,20.36,32.00,32.00,114.26,30.71,0.0000,0.0000
10.060803,19.734,5.482,18.41,63.80,101.58,1.5921,27.61,-5.08,2.65,38.93,50.00,0.3000,40.84,64.18,40.21,20.42,20.42,32.09,32.09,4248.84,4248.84,4398.57,4398.57,4184.28,4245.53,4450.60,4519.45,-64.56,-3.32,52.03,120.88,20.42,20.42,32.09,32.09,120.39,65.04,0.0000,0.0000
10.060803,19.761,5.489,18.45,63.99,101.85,1.5918,27.70,-5.09,2.66,39.03,50.00,0.3000,40.95,64.36,40.21,20.48,20.48,32.18,32.18,4248.84,4248.84,4398.57,4398.57,4166.26,4265.47,4428.44,4539.97,-82.58,16.63,29.87,141.40,20.48,20.48,32.18,32.18,118.61,105.37,0.0000,0.0000
10.060803,19.786,5.496,18.50,64.16,102.11,1.5914,27.78,-5.11,2.66,39.13,50.00,0.3000,41.06,64.52,40.21,20.53,20.53,32.26,32.26,4248.84,4248.84,4398.57,4398.57,4147.24,4286.49,4405.06,4561.61,-101.61,37.65,6.49,163.04,20.53,20.53,32.26,32.26,116.75,147.90,0.0000,0.0000
10.060803,19.809,5.503,18.55,64.33,102.35,1.5910,27.87,-5.12,2.67,39.23,50.00,0.3000,41.15,64.67,40.21,20.58,20.58,32.34,32.34,4248.84,4248.84,4398.57,4398.57,4129.44,4306.66,4382.67,4581.90,-119.41,57.81,-15.90,183.32,20.58,20.58,32.34,32.34,114.51,188.22,0.0000,0.0000
10.060803,19.832,5.509,18.59,64.50,102.59,1.5905,27.95,-5.13,2.68,39.31,50.00,0.3000,41.25,64.82,40.21,20.62,20.62,32.41,32.41,4248.84,4248.84,4398.57,4398.57,4112.85,4325.92,4361.29,4600.83,-135.99,77.08,-37.27,202.26,20.62,20.62,32.41,32.41,111.95,226.30,0.0000,0.0000
10.060803,19.853,5.515,18.63,64.66,102.81,1.5899,28.03,-5.14,2.68,39.40,50.00,0.3000,41.34,64.96,40.21,20.67,20.67,32.48,32.48,4248.84,4248.84,4398.57,4398.57,4097.47,4344.28,4340.96,4618.42,-151.37,95.43,-57.61,219.85,20.67,20.67,32.48,32.48,109.09,262.13,0.0000,0.0000
10.060803,19.873,5.520,18.67,64.81,103.01,1.5894,28.11,-5.15,2.69,39.48,50.00,0.3000,41.42,65.09,40.21,20.71,20.71,32.55,32.55,4248.84,4248.84,4398.57,4398.57,4083.25,4361.76,4321.62,4634.72,-165.60,112.91,-76.95,236.15,20.71,20.71,32.55,32.55,105.94,295.81,0.0000,0.0000
10.060803,19.892,5.526,18.70,64.96,103.21,1.5887,28.19,-5.16,2.69,39.55,50.00,0.3000,41.50,65.21,40.21,20.75,20.75,32.61,32.61,4248.84,4248.84,4398.57,4398.57,4070.07,4378.45,4303.17,4649.86,-178.78,129.61,-95.40,251.29,20.75,20.75,32.61,32.61,102.52,327.54,0.0000,0.0000
10.060803,19.910,5.531,18.73,65.11,103.40,1.5881,28.27,-5.17,2.70,39.62,50.00,0.3000,41.57,65.33,40.21,20.79,20.79,32.67,32.67,4248.84,4248.84,4398.57,4398.57,4072.87,4379.33,4302.50,4647.02,-175.97,130.49,-96.07,248.45,20.79,20.79,32.67,32.67,98.93,325.49,0.0000,0.0000
10.176332,19.927,5.535,18.77,65.24,103.57,1.5874,28.34,-5.18,2.70,39.69,50.00,0.3000,41.64,65.44,40.21,20.82,20.82,32.72,32.72,4248.84,4248.84,4398.57,4398.57,4053.42,4402.36,4276.92,4669.20,-195.42,153.52,-121.65,270.63,20.82,20.82,32.72,32.72,95.44,370.61,0.0000,0.0000
10.176332,19.941,5.539,18.79,65.37,103.72,1.5866,28.42,-5.19,2.71,39.75,50.00,0.3000,41.70,65.54,40.21,20.85,20.85,32.77,32.77,4248.84,4248.84,4398.57,4398.57,4025.23,4434.85,4240.75,4701.24,-223.61,186.01,-157.82,302.67,20.85,20.85,32.77,32.77,91.22,435.06,0.0000,0.0000
10.176332,19.955,5.543,18.82,65.49,103.86,1.5858,28.49,-5.19,2.71,39.80,50.00,0.3000,41.76,65.63,40.21,20.88,20.88,32.81,32.81,4248.84,4248.84,4398.57,4398.57,4020.53,4444.29,4230.50,4706.89,-228.31,195.45,-168.07,308.32,20.88,20.88,32.81,32.81,86.56,450.07,0.0000,0.0000
10.176332,19.967,5.547,18.84,65.61,103.99,1.5850,28.56,-5.20,2.71,39.85,50.00,0.3000,41.81,65.71,40.21,20.91,20.91,32.86,32.86,4248.84,4248.84,4398.57,4398.57,4013.01,4456.26,4217.39,4715.69,-235.83,207.42,-181.18,317.12,20.91,20.91,32.86,32.86,82.18,470.77,0.0000,0.0000
10.176332,19.979,5.550,18.86,65.72,104.11,1.5842,28.63,-5.21,2.72,39.90,50.00,0.3000,41.86,65.78,40.21,20.93,20.93,32.89,32.89,4248.84,4248.84,4398.57,4398.57,4004.67,4469.16,4203.24,4725.42,-244.18,220.31,-195.33,326.84,20.93,20.93,32.89,32.89,77.69,493.33,0.0000,0.0000
10.176332,19.989,5.552,18.88,65.82,104.21,1.5833,28.69,-5.21,2.72,39.94,50.00,0.3000,41.90,65.85,40.21,20.95,20.95,32.93,32.93,4248.84,4248.84,4398.57,4398.57,3995.88,4482.59,4188.48,4735.64,-252.97,233.74,-210.09,337.07,20.95,20.95,32.93,32.93,73.10,516.93,0.0000,0.0000
10.176332,19.998,5.555,18.90,65.92,104.31,1.5824,28.75,-5.22,2.72,39.97,50.00,0.3000,41.94,65.91,40.21,20.97,20.97,32.95,32.95,4248.84,4248.84,4398.57,4398.57,3986.88,4496.33,4173.38,4746.10,-261.97,247.48,-225.19,347.53,20.97,20.97,32.95,32.95,68.41,541.09,0.0000,0.0000
10.176332,20.005,5.557,18.91,66.00,104.39,1.5815,28.81,-5.22,2.72,40.00,50.00,0.3000,41.97,65.96,40.21,20.99,20.99,32.98,32.98,4248.84,4248.84,4398.57,4398.57,3977.73,4510.29,4158.02,4756.72,-271.11,261.45,-240.55,358.15,20.99,20.99,32.98,32.98,63.63,565.63,0.0000,0.0000
10.176332,20.012,5.559,18.93,66.09,104.45,1.5806,28.87,-5.22,2.73,40.03,50.00,0.3000,42.00,66.00,40.21,21.00,21.00,33.00,33.00,4248.84,4248.84,4398.57,4398.57,3968.46,4524.48,4142.41,4767.48,-280.38,275.63,-256.16,368.91,21.00,21.00,33.00,33.00,58.75,590.55,0.0000,0.0000
10.176332,20.016,5.560,18.94,66.15,104.50,1.5798,28.92,-5.23,2.73,40.05,50.00,0.3000,42.02,66.03,40.21,21.01,21.01,33.02,33.02,4248.84,4248.84,4398.57,4398.57,4012.43,4491.23,4180.48,4718.74,-236.41,242.38,-218.09,320.17,21.01,21.01,33.02,33.02,48.05,508.53,0.0000,0.0000
10.176332,20.018,5.561,18.94,66.18,104.52,1.5794,28.94,-5.23,2.73,40.06,50.00,0.3000,42.03,66.04,40.21,21.01,21.01,33.02,33.02,4248.84,4248.84,4398.57,4398.57,4152.53,4372.23,4315.58,4562.56,-96.31,123.38,-82.99,163.99,21.01,21.01,33.02,33.02,26.96,233.34,0.0000,0.0000
10.176332,20.017,5.560,18.94,66.18,104.51,1.5793,28.94,-5.23,2.73,40.05,50.00,0.3000,42.02,66.04,40.21,21.01,21.01,33.02,33.02,4248.84,4248.84,4398.57,4398.57,4241.09,4299.29,4398.55,4463.97,-7.75,50.44,-0.02,65.40,21.01,21.01,33.02,33.02,11.34,61.81,0.0000,0.0000
10.509901,20.014,5.560,18.93,66.15,104.48,1.5794,28.93,-5.23,2.73,40.04,50.00,0.3000,42.01,66.02,40.21,21.01,21.01,33.01,33.01,4248.84,4248.84,4398.57,4398.57,4254.13,4297.70,4401.02,4450.01,5.28,48.86,2.45,51.44,21.01,21.01,33.01,33.01,-0.13,46.28,0.0000,0.0000
10.509901,20.013,5.559,18.93,66.16,104.47,1.5790,28.94,-5.22,2.73,40.04,50.00,0.3000,42.00,66.01,40.21,21.00,21.00,33.01,33.01,4248.84,4248.84,4398.57,4398.57,4143.82,4392.94,4293.01,4573.07,-105.02,144.10,-105.56,174.50,21.00,21.00,33.01,33.01,14.93,264.59,0.0000,0.0000
10.509901,20.012,5.559,18.93,66.18,104.46,1.5784,28.96,-5.22,2.73,40.03,50.00,0.3000,42.00,66.00,40.21,21.00,21.00,33.00,33.00,4248.84,4248.84,4398.57,4398.57,4070.19,4460.47,4216.71,4655.46,-178.65,211.63,-181.86,256.89,21.00,21.00,33.00,33.00,21.03,414.51,0.0000,0.0000
10.509901,20.011,5.559,18.93,66.20,104.45,1.5777,28.99,-5.22,2.73,40.03,50.00,0.3000,42.00,66.00,40.21,21.00,21.00,33.00,33.00,4248.84,4248.84,4398.57,4398.57,4029.73,4499.12,4173.15,4700.83,-219.11,250.27,-225.42,302.26,21.00,21.00,33.00,33.00,22.84,498.53,0.0000,0.0000
10.509901,20.010,5.558,18.92,66.23,104.44,1.5769,29.02,-5.22,2.72,40.02,50.00,0.3000,41.99,65.99,40.21,21.00,21.00,33.00,33.00,4248.84,4248.84,4398.57,4398.57,4015.56,4514.76,4155.64,4716.85,-233.29,265.92,-242.92,318.28,21.00,21.00,33.00,33.00,21.36,530.20,0.0000,0.0000
10.509901,20.007,5.558,18.92,66.22,104.41,1.5766,29.03,-5.22,2.72,40.01,50.00,0.3000,41.98,65.97,40.21,20.99,20.99,32.99,32.99,4248.84,4248.84,4398.57,4398.57,4161.66,4382.79,4304.87,4553.46,-87.19,133.95,-93.70,154.89,20.99,20.99,32.99,32.99,7.21,234.87,0.0000,0.0000
10.509901,20.003,5.556,18.91,66.20,104.36,1.5765,29.02,-5.22,2.72,39.99,50.00,0.3000,41.96,65.94,40.21,20.98,20.98,32.97,32.97,4248.84,4248.84,4398.57,4398.57,4250.24,4304.37,4393.63,4454.49,1.39,55.53,-4.94,55.92,20.98,20.98,32.97,32.97,-2.97,57.50,0.0000,0.0000
10.509901,19.999,5.555,18.90,66.19,104.32,1.5761,29.02,-5.22,2.72,39.98,50.00,0.3000,41.95,65.92,40.21,20.97,20.97,32.96,32.96,4248.84,4248.84,4398.57,4398.57,4159.60,4388.51,4298.62,4555.96,-89.24,139.67,-99.95,157.39,20.97,20.97,32.96,32.96,3.50,243.12,0.0000,0.0000
10.509901,19.993,5.554,18.89,66.14,104.26,1.5762,29.00,-5.21,2.72,39.95,50.00,0.3000,41.92,65.88,40.21,20.96,20.96,32.94,32.94,4248.84,4248.84,4398.57,4398.57,4244.63,4319.05,4377.64,4461.30,-4.21,70.21,-20.93,62.73,20.96,20.96,32.94,32.94,-12.10,79.04,0.0000,0.0000
10.509901,19.986,5.552,18.88,66.06,104.19,1.5772,28.94,-5.21,2.72,39.93,50.00,0.3000,41.89,65.83,40.21,20.95,20.95,32.92,32.92,4248.84,4248.84,4398.57,4398.57,3992.99,4584.48,4080.06,4745.02,-255.86,335.64,-318.51,346.45,20.95,20.95,32.92,32.92,-25.92,628.23,0.0000,0.0000
10.509901,19.979,5.550,18.86,65.99,104.11,1.5776,28.90,-5.21,2.72,39.90,50.00,0.3000,41.86,65.78,40.21,20.93,20.93,32.89,32.89,4248.84,4248.84,4398.57,4398.57,4155.34,4417.31,4267.66,4562.16,-93.50,168.47,-130.91,163.59,20.93,20.93,32.89,32.89,-21.14,278.24,0.0000,0.0000
10.509901,19.969,5.547,18.85,65.92,104.01,1.5780,28.86,-5.20,2.71,39.86,50.00,0.3000,41.82,65.72,40.21,20.91,20.91,32.86,32.86,4248.84,4248.84,4398.57,4398.57,4171.17,4408.06,4278.41,4544.72,-77.67,159.22,-120.16,146.15,20.91,20.91,32.86,32.86,-27.77,251.60,0.0000,0.0000
10.843575,19.959,5.544,18.83,65.83,103.91,1.5784,28.81,-5.20,2.71,39.82,50.00,0.3000,41.78,65.66,40.21,20.89,20.89,32.83,32.83,4248.84,4248.84,4398.57,4398.57,4145.49,4436.69,4246.36,4573.72,-103.35,187.85,-152.21,175.15,20.89,20.89,32.83,32.83,-30.78,309.28,0.0000,0.0000
10.843575,19.953,5.542,18.82,65.80,103.84,1.5782,28.80,-5.19,2.71,39.79,50.00,0.3000,41.75,65.61,40.21,20.88,20.88,32.81,32.81,4248.84,4248.84,4398.57,4398.57,4196.57,4363.61,4327.12,4514.90,-52.28,114.76,-71.45,116.33,20.88,20.88,32.81,32.81,-8.80,177.41,0.0000,0.0000
10.843575,19.948,5.541,18.81,65.78,103.79,1.5779,28.80,-5.19,2.71,39.77,50.00,0.3000,41.73,65.58,40.21,20.87,20.87,32.79,32.79,4248.84,4248.84,4398.57,4398.57,4179.98,4373.55,4315.50,4533.11,-68.87,124.71,-83.07,134.54,20.87,20.87,32.79,32.79,-2.19,205.60,0.0000,0.0000
10.843575,19.943,5.540,18.80,65.77,103.74,1.5774,28.81,-5.19,2.71,39.76,50.00,0.3000,41.71,65.55,40.21,20.86,20.86,32.77,32.77,4248.84,4248.84,4398.57,4398.57,4116.22,4434.57,4246.71,4604.59,-132.62,185.73,-151.86,206.02,20.86,20.86,32.77,32.77,0.52,338.11,0.0000,0.0000
10.843575,19.938,5.538,18.79,65.76,103.68,1.5767,28.82,-5.19,2.71,39.73,50.00,0.3000,41.69,65.51,40.21,20.84,20.84,32.76,32.76,4248.84,4248.84,4398.57,4398.57,4073.87,4477.12,4198.86,4652.19,-174.97,228.27,-199.71,253.62,20.84,20.84,32.76,32.76,0.30,428.29,0.0000,0.0000
10.843575,19.932,5.537,18.78,65.75,103.62,1.5760,28.83,-5.18,2.70,39.71,50.00,0.3000,41.66,65.47,40.21,20.83,20.83,32.74,32.74,4248.84,4248.84,4398.57,4398.57,4032.87,4520.08,4150.64,4698.37,-215.98,271.24,-247.93,299.80,20.83,20.83,32.74,32.74,-1.69,517.47,0.0000,0.0000
10.843575,19.924,5.535,18.76,65.74,103.55,1.5752,28.84,-5.18,2.70,39.68,50.00,0.3000,41.63,65.43,40.21,20.82,20.82,32.71,32.71,4248.84,4248.84,4398.57,4398.57,3995.49,4560.65,4105.20,4740.55,-253.36,311.80,-293.37,341.98,20.82,20.82,32.71,32.71,-4.91,600.26,0.0000,0.0000
10.843575,19.916,5.532,18.75,65.72,103.46,1.5742,28.86,-5.17,2.70,39.65,50.00,0.3000,41.60,65.37,40.21,20.80,20.80,32.69,32.69,4248.84,4248.84,4398.57,4398.57,3959.94,4600.24,4060.90,4780.72,-288.90,351.39,-337.67,382.15,20.80,20.80,32.69,32.69,-9.00,680.06,0.0000,0.0000
10.843575,19.907,5.530,18.73,65.70,103.36,1.5732,28.88,-5.17,2.70,39.61,50.00,0.3000,41.56,65.31,40.21,20.78,20.78,32.66,32.66,4248.84,4248.84,4398.57,4398.57,3925.93,4638.94,4017.63,4819.20,-322.91,390.10,-380.94,420.63,20.78,20.78,32.66,32.66,-13.75,757.29,0.0000,0.0000
10.843575,19.897,5.527,18.71,65.67,103.27,1.5725,28.88,-5.16,2.69,39.57,50.00,0.3000,41.52,65.25,40.21,20.76,20.76,32.63,32.63,4248.84,4248.84,4398.57,4398.57,4028.96,4539.11,4130.01,4703.52,-219.88,290.27,-268.56,304.95,20.76,20.76,32.63,32.63,-17.00,541.83,0.0000,0.0000
10.843575,19.888,5.524,18.69,65.63,103.17,1.5719,28.88,-5.16,2.69,39.54,50.00,0.3000,41.48,65.19,40.21,20.74,20.74,32.59,32.59,4248.84,4248.84,4398.57,4398.57,4080.42,4489.65,4185.69,4645.74,-168.43,240.80,-212.88,247.17,20.74,20.74,32.59,32.59,-19.04,434.64,0.0000,0.0000
10.843575,19.878,5.522,18.68,65.59,103.07,1.5714,28.87,-5.15,2.69,39.50,50.00,0.3000,41.44,65.13,40.21,20.72,20.72,32.56,32.56,4248.84,4248.84,4398.57,4398.57,4116.24,4455.17,4224.48,4605.51,-132.61,206.32,-174.09,206.94,20.72,20.72,32.56,32.56,-20.43,359.98,0.0000,0.0000
11.177137,19.869,5.519,18.66,65.54,102.97,1.5710,28.86,-5.15,2.69,39.46,50.00,0.3000,41.40,65.06,40.21,20.70,20.70,32.53,32.53,4248.84,4248.84,4398.57,4398.57,4142.69,4429.62,4253.20,4575.78,-106.16,180.78,-145.37,177.21,20.70,20.70,32.53,32.53,-21.39,304.75,0.0000,0.0000
11.177137,19.858,5.516,18.64,65.51,102.86,1.5702,28.86,-5.14,2.68,39.42,50.00,0.3000,41.36,64.99,40.21,20.68,20.68,32.50,32.50,4248.84,4248.84,4398.57,4398.57,3980.15,4592.83,4069.71,4758.49,-268.70,343.99,-328.86,359.92,20.68,20.68,32.50,32.50,-22.12,650.73,0.0000,0.0000
11.177137,19.848,5.513,18.62,65.47,102.75,1.5696,28.86,-5.14,2.68,39.38,50.00,0.3000,41.32,64.93,40.21,20.66,20.66,32.46,32.46,4248.84,4248.84,4398.57,4398.57,4060.49,4513.60,4158.80,4668.18,-188.35,264.76,-239.77,269.61,20.66,20.66,32.46,32.46,-23.29,481.24,0.0000,0.0000
11.177137,19.838,5.511,18.60,65.42,102.65,1.5691,28.85,-5.13,2.68,39.34,50.00,0.3000,41.27,64.86,40.21,20.64,20.64,32.43,32.43,4248.84,4248.84,4398.57,4398.57,4104.10,4470.23,4207.52,4619.12,-144.74,221.38,-191.05,220.55,20.64,20.64,32.43,32.43,-23.57,388.86,0.0000,0.0000
11.177137,19.828,5.508,18.58,65.37,102.54,1.5687,28.83,-5.13,2.68,39.30,50.00,0.3000,41.23,64.80,40.21,20.62,20.62,32.40,32.40,4248.84,4248.84,4398.57,4398.57,4131.83,4442.61,4238.52,4587.90,-117.02,193.77,-160.05,189.33,20.62,20.62,32.40,32.40,-23.73,330.08,0.0000,0.0000
11.177137,19.818,5.505,18.56,65.35,102.44,1.5677,28.85,-5.12,2.67,39.26,50.00,0.3000,41.19,64.73,40.21,20.59,20.59,32.36,32.36,4248.84,4248.84,4398.57,4398.57,3890.29,4683.45,3967.67,4859.34,-358.55,434.61,-430.90,460.77,20.59,20.59,32.36,32.36,-23.10,842.41,0.0000,0.0000
11.177137,19.808,5.502,18.54,65.27,102.34,1.5678,28.81,-5.12,2.67,39.22,50.00,0.3000,41.15,64.67,40.21,20.57,20.57,32.33,32.33,4248.84,4248.84,4398.57,4398.57,4225.94,4348.82,4343.87,4482.02,-22.91,99.98,-54.70,83.45,20.57,20.57,32.33,32.33,-24.16,130.51,0.0000,0.0000
11.177137,19.798,5.500,18.52,65.23,102.24,1.5674,28.80,-5.11,2.67,39.18,50.00,0.3000,41.11,64.60,40.21,20.55,20.55,32.30,32.30,4248.84,4248.84,4398.57,4398.57,4118.25,4456.25,4223.03,4603.01,-130.60,207.40,-175.54,204.44,20.55,20.55,32.30,32.30,-23.95,358.99,0.0000,0.0000
11.177137,19.788,5.497,18.51,65.17,102.14,1.5673,28.78,-5.11,2.66,39.14,50.00,0.3000,41.07,64.54,40.21,20.53,20.53,32.27,32.27,4248.84,4248.84,4398.57,4398.57,4259.83,4314.84,4381.96,4443.81,10.98,66.00,-16.61,45.24,20.53,20.53,32.27,32.27,-24.18,58.43,0.0000,0.0000
11.177137,19.779,5.494,18.49,65.11,102.03,1.5671,28.76,-5.10,2.66,39.10,50.00,0.3000,41.03,64.47,40.21,20.51,20.51,32.24,32.24,4248.84,4248.84,4398.57,4398.57,4203.58,4370.97,4318.80,4506.98,-45.26,122.12,-79.77,108.41,20.51,20.51,32.24,32.24,-24.11,177.78,0.0000,0.0000
11.177137,19.769,5.491,18.47,65.05,101.93,1.5670,28.73,-5.10,2.66,39.06,50.00,0.3000,40.99,64.41,40.21,20.49,20.49,32.20,32.20,4248.84,4248.84,4398.57,4398.57,4252.59,4321.98,4373.82,4451.83,3.75,73.14,-24.75,53.26,20.49,20.49,32.20,32.20,-24.19,73.70,0.0000,0.0000
11.177137,19.759,5.489,18.45,64.99,101.83,1.5669,28.71,-5.09,2.66,39.03,50.00,0.3000,40.94,64.34,40.21,20.47,20.47,32.17,32.17,4248.84,4248.84,4398.57,4398.57,4246.12,4328.40,4366.55,4459.05,-2.72,79.55,-32.02,60.48,20.47,20.47,32.17,32.17,-24.18,87.39,0.0000,0.0000
11.275284,19.749,5.486,18.43,64.93,101.73,1.5669,28.68,-5.09,2.65,38.99,50.00,0.3000,40.90,64.28,40.21,20.45,20.45,32.14,32.14,4248.84,4248.84,4398.57,4398.57,4267.25,4307.93,4389.55,4435.29,18.40,59.09,-9.02,36.72,20.45,20.45,32.14,32.14,-24.90,43.21,0.0000,0.0000
11.275284,19.739,5.483,18.41,64.88,101.63,1.5666,28.67,-5.08,2.65,38.95,50.00,0.3000,40.86,64.22,40.21,20.43,20.43,32.11,32.11,4248.84,4248.84,4398.57,4398.57,4149.22,4425.47,4257.33,4567.89,-99.63,176.62,-141.24,169.32,20.43,20.43,32.11,32.11,-24.46,293.41,0.0000,0.0000
11.275284,19.730,5.480,18.40,64.81,101.53,1.5667,28.63,-5.08,2.65,38.91,50.00,0.3000,40.82,64.15,40.21,20.41,20.41,32.08,32.08,4248.84,4248.84,4398.57,4398.57,4243.85,4330.74,4363.77,4461.45,-4.99,81.89,-34.80,62.88,20.41,20.41,32.08,32.08,-24.41,92.28,0.0000,0.0000
11.275284,19.720,5.478,18.38,64.75,101.43,1.5666,28.61,-5.07,2.65,38.87,50.00,0.3000,40.78,64.09,40.21,20.39,20.39,32.05,32.05,4248.84,4248.84,4398.57,4398.57,4254.26,4320.20,4375.56,4449.69,5.41,71.36,-23.01,51.12,20.39,20.39,32.05,32.05,-24.33,70.04,0.0000,0.0000
11.275284,19.710,5.475,18.36,64.68,101.33,1.5666,28.58,-5.07,2.64,38.83,50.00,0.3000,40.74,64.03,40.21,20.37,20.37,32.01,32.01,4248.84,4248.84,4398.57,4398.57,4267.69,4306.69,4390.69,4434.53,18.85,57.85,-7.88,35.96,20.37,20.37,32.01,32.01,-24.31,41.42,0.0000,0.0000
11.275284,19.701,5.472,18.34,64.62,101.23,1.5666,28.55,-5.06,2.64,38.80,50.00,0.3000,40.70,63.97,40.21,20.35,20.35,31.98,31.98,4248.84,4248.84,4398.57,4398.57,4285.67,4288.65,4410.91,4414.27,36.82,39.81,12.34,15.70,20.35,20.35,31.98,31.98,-24.30,3.17,0.0000,0.0000
11.275284,19.691,5.470,18.32,64.55,101.13,1.5667,28.52,-5.06,2.64,38.76,50.00,0.3000,40.66,63.90,40.21,20.33,20.33,31.95,31.95,4248.84,4248.84,4398.57,4398.57,4267.77,4306.50,4390.79,4434.34,18.92,57.65,-7.78,35.77,20.33,20.33,31.95,31.95,-24.29,41.14,0.0000,0.0000
11.275284,19.681,5.467,18.31,64.49,101.03,1.5667,28.49,-5.05,2.64,38.72,50.00,0.3000,40.62,63.84,40.21,20.31,20.31,31.92,31.92,4248.84,4248.84,4398.57,4398.57,4270.51,4303.71,4393.88,4431.19,21.67,54.86,-4.69,32.62,20.31,20.31,31.92,31.92,-24.30,35.25,0.0000,0.0000
11.275284,19.672,5.464,18.29,64.42,100.93,1.5668,28.46,-5.05,2.63,38.68,50.00,0.3000,40.58,63.78,40.21,20.29,20.29,31.89,31.89,4248.84,4248.84,4398.57,4398.57,4263.82,4310.35,4386.35,4438.67,14.98,61.51,-12.22,40.09,20.29,20.29,31.89,31.89,-24.30,49.42,0.0000,0.0000
11.275284,19.662,5.462,18.27,64.36,100.84,1.5668,28.43,-5.04,2.63,38.64,50.00,0.3000,40.54,63.72,40.21,20.27,20.27,31.86,31.86,4248.84,4248.84,4398.57,4398.57,4263.57,4310.56,4386.07,4438.89,14.73,61.71,-12.50,40.32,20.27,20.27,31.86,31.86,-24.31,49.90,0.0000,0.0000
11.275284,19.652,5.459,18.25,64.29,100.74,1.5669,28.40,-5.04,2.63,38.61,50.00,0.3000,40.50,63.65,40.21,20.25,20.25,31.83,31.83,4248.84,4248.84,4398.57,4398.57,4261.27,4312.81,4383.48,4441.42,12.43,63.97,-15.09,42.85,20.25,20.25,31.83,31.83,-24.32,54.74,0.0000,0.0000
11.275284,19.643,5.456,18.23,64.22,100.64,1.5670,28.37,-5.03,2.63,38.57,50.00,0.3000,40.46,63.59,40.21,20.23,20.23,31.79,31.79,4248.84,4248.84,4398.57,4398.57,4261.27,4312.77,4383.47,4441.37,12.42,63.93,-15.10,42.80,20.23,20.23,31.79,31.79,-24.32,54.70,0.0000,0.0000
11.367870,19.633,5.454,18.22,64.16,100.54,1.5670,28.34,-5.03,2.62,38.53,50.00,0.3000,40.42,63.53,40.21,20.21,20.21,31.76,31.76,4248.84,4248.84,4398.57,4398.57,4260.69,4315.46,4380.52,4442.10,11.84,66.62,-18.04,43.53,20.21,20.21,31.76,31.76,-26.49,58.18,0.0000,0.0000
11.367870,19.624,5.451,18.20,64.10,100.44,1.5671,28.31,-5.02,2.62,38.49,50.00,0.3000,40.39,63.47,40.21,20.19,20.19,31.73,31.73,4248.84,4248.84,4398.57,4398.57,4261.00,4313.85,4382.21,4441.63,12.15,65.00,-16.36,43.06,20.19,20.19,31.73,31.73,-25.23,56.13,0.0000,0.0000
11.367870,19.614,5.448,18.18,64.03,100.35,1.5671,28.28,-5.02,2.62,38.46,50.00,0.3000,40.35,63.41,40.21,20.17,20.17,31.70,31.70,4248.84,4248.84,4398.57,4398.57,4264.12,4310.26,4386.17,4438.03,15.28,61.41,-12.40,39.46,20.17,20.17,31.70,31.70,-24.81,49.00,0.0000,0.0000
11.367870,19.605,5.446,18.17,63.97,100.25,1.5672,28.25,-5.01,2.62,38.42,50.00,0.3000,40.31,63.35,40.21,20.16,20.16,31.67,31.67,4248.84,4248.84,4398.57,4398.57,4264.35,4309.75,4386.67,4437.71,15.50,60.91,-11.90,39.14,20.16,20.16,31.67,31.67,-24.58,48.22,0.0000,0.0000
11.367870,19.596,5.443,18.15,63.91,100.16,1.5672,28.22,-5.01,2.61,38.38,50.00,0.3000,40.27,63.29,40.21,20.14,20.14,31.64,31.64,4248.84,4248.84,4398.57,4398.57,4266.68,4307.26,4389.42,4435.04,17.83,58.41,-9.15,36.47,20.14,20.14,31.64,31.64,-24.46,43.10,0.0000,0.0000
11.367870,19.587,5.441,18.13,63.85,100.07,1.5673,28.20,-5.00,2.61,38.35,50.00,0.3000,40.24,63.23,40.21,20.12,20.12,31.62,31.62,4248.84,4248.84,4398.57,4398.57,4268.31,4305.53,4391.31,4433.15,19.46,56.68,-7.26,34.58,20.12,20.12,31.62,31.62,-24.41,39.53,0.0000,0.0000
11.367870,19.578,5.438,18.11,63.79,99.97,1.5673,28.17,-5.00,2.61,38.31,50.00,0.3000,40.20,63.17,40.21,20.10,20.10,31.59,31.59,4248.84,4248.84,4398.57,4398.57,4270.58,4303.18,4393.89,4430.54,21.74,54.34,-4.68,31.97,20.10,20.10,31.59,31.59,-24.39,34.62,0.0000,0.0000
11.367870,19.569,5.436,18.10,63.73,99.88,1.5673,28.14,-5.00,2.61,38.28,50.00,0.3000,40.16,63.11,40.21,20.08,20.08,31.56,31.56,4248.84,4248.84,4398.57,4398.57,4272.67,4301.03,4396.26,4428.14,23.83,52.19,-2.31,29.57,20.08,20.08,31.56,31.56,-24.38,30.12,0.0000,0.0000
11.367870,19.560,5.433,18.08,63.67,99.79,1.5674,28.11,-4.99,2.60,38.24,50.00,0.3000,40.12,63.05,40.21,20.06,20.06,31.53,31.53,4248.84,4248.84,4398.57,4398.57,4274.94,4298.72,4398.81,4425.54,26.09,49.88,0.24,26.97,20.06,20.06,31.53,31.53,-24.38,25.26,0.0000,0.0000
11.367870,19.551,5.431,18.06,63.61,99.70,1.5674,28.09,-4.99,2.60,38.21,50.00,0.3000,40.09,63.00,40.21,20.04,20.04,31.50,31.50,4248.84,4248.84,4398.57,4398.57,4277.05,4296.54,4401.20,4423.11,28.21,47.70,2.63,24.54,20.04,20.04,31.50,31.50,-24.37,20.70,0.0000,0.0000
11.367870,19.542,5.428,18.05,63.55,99.60,1.5674,28.06,-4.98,2.60,38.17,50.00,0.3000,40.05,62.94,40.21,20.02,20.02,31.47,31.47,4248.84,4248.84,4398.57,4398.57,4279.17,4294.40,4403.57,4420.68,30.33,45.55,5.00,22.11,20.02,20.02,31.47,31.47,-24.38,16.17,0.0000,0.0000
11.367870,19.532,5.426,18.03,63.49,99.51,1.5674,28.03,-4.98,2.60,38.14,50.00,0.3000,40.01,62.88,40.21,20.01,20.01,31.44,31.44,4248.84,4248.84,4398.57,4398.57,4281.14,4292.39,4405.77,4418.42,32.29,43.55,7.20,19.85,20.01,20.01,31.44,31.44,-24.39,11.95,0.0000,0.0000
11.454888,19.523,5.423,18.01,63.43,99.42,1.5674,28.01,-4.97,2.59,38.10,50.00,0.3000,39.97,62.82,40.21,19.99,19.99,31.41,31.41,4248.84,4248.84,4398.57,4398.57,4282.63,4289.96,4408.40,4416.63,33.79,41.11,9.83,18.06,19.99,19.99,31.41,31.41,-23.50,7.78,0.0000,0.0000
11.454888,19.514,5.421,18.00,63.37,99.32,1.5674,27.98,-4.97,2.59,38.06,50.00,0.3000,39.94,62.76,40.21,19.97,19.97,31.38,31.38,4248.84,4248.84,4398.57,4398.57,4284.49,4288.57,4409.94,4414.52,35.65,39.72,11.37,15.95,19.97,19.97,31.38,31.38,-24.03,4.33,0.0000,0.0000
11.454888,19.505,5.418,17.98,63.31,99.23,1.5674,27.95,-4.96,2.59,38.03,50.00,0.3000,39.90,62.70,40.21,19.95,19.95,31.35,31.35,4248.84,4248.84,4398.57,4398.57,4286.02,4287.18,4411.46,4412.77,37.17,38.34,12.89,14.20,19.95,19.95,31.35,31.35,-24.21,1.24,0.0000,0.0000
11.454888,19.496,5.415,17.96,63.25,99.14,1.5674,27.93,-4.96,2.59,37.99,50.00,0.3000,39.86,62.64,40.21,19.93,19.93,31.32,31.32,4248.84,4248.84,4398.57,4398.57,4285.82,4287.42,4411.14,4412.94,36.98,38.58,12.57,14.37,19.93,19.93,31.32,31.32,-24.31,1.70,0.0000,0.0000
11.454888,19.486,5.413,17.95,63.19,99.04,1.5674,27.90,-4.95,2.58,37.96,50.00,0.3000,39.82,62.58,40.21,19.91,19.91,31.29,31.29,4248.84,4248.84,4398.57,4398.57,4284.70,4288.56,4409.82,4414.16,35.85,39.71,11.25,15.59,19.91,19.91,31.29,31.29,-24.37,4.10,0.0000,0.0000
11.454888,19.477,5.410,17.93,63.13,98.95,1.5674,27.87,-4.95,2.58,37.92,50.00,0.3000,39.78,62.52,40.21,19.89,19.89,31.26,31.26,4248.84,4248.84,4398.57,4398.57,4283.77,4289.47,4408.75,4415.15,34.92,40.62,10.18,16.58,19.89,19.89,31.26,31.26,-24.39,6.05,0.0000,0.0000
11.454888,19.468,5.408,17.91,63.07,98.85,1.5674,27.85,-4.94,2.58,37.88,50.00,0.3000,39.75,62.46,40.21,19.87,19.87,31.23,31.23,4248.84,4248.84,4398.57,4398.57,4283.00,4290.20,4407.88,4415.97,34.15,41.35,9.31,17.40,19.87,19.87,31.23,31.23,-24.40,7.64,0.0000,0.0000
11.454888,19.458,5.405,17.89,63.01,98.76,1.5674,27.82,-4.94,2.58,37.85,50.00,0.3000,39.71,62.40,40.21,19.85,19.85,31.20,31.20,4248.84,4248.84,4398.57,4398.57,4282.48,4290.71,4407.25,4416.50,33.63,41.87,8.68,17.93,19.85,19.85,31.20,31.20,-24.45,8.74,0.0000,0.0000
11.454888,19.449,5.402,17.88,62.95,98.66,1.5674,27.79,-4.93,2.57,37.81,50.00,0.3000,39.67,62.34,40.21,19.84,19.84,31.17,31.17,4248.84,4248.84,4398.57,4398.57,4282.07,4291.07,4406.79,4416.91,33.22,42.23,8.22,18.34,19.84,19.84,31.17,31.17,-24.45,9.56,0.0000,0.0000
11.454888,19.440,5.400,17.86,62.89,98.57,1.5674,27.77,-4.93,2.57,37.77,50.00,0.3000,39.63,62.28,40.21,19.82,19.82,31.14,31.14,4248.84,4248.84,4398.57,4398.57,4281.86,4291.24,4406.55,4417.09,33.02,42.40,7.98,18.52,19.82,19.82,31.14,31.14,-24.46,9.96,0.0000,0.0000
11.454888,19.430,5.397,17.84,62.83,98.47,1.5674,27.74,-4.92,2.57,37.74,50.00,0.3000,39.59,62.22,40.21,19.80,19.80,31.11,31.11,4248.84,4248.84,4398.57,4398.57,4281.79,4291.27,4406.46,4417.12,32.95,42.43,7.89,18.55,19.80,19.80,31.11,31.11,-24.47,10.07,0.0000,0.0000
11.534321,19.421,5.395,17.83,62.77,98.38,1.5674,27.72,-4.92,2.57,37.70,50.00,0.3000,39.56,62.16,40.21,19.78,19.78,31.08,31.08,4248.84,4248.84,4398.57,4398.57,4281.79,4291.08,4406.62,4417.06,32.95,42.23,8.05,18.49,19.78,19.78,31.08,31.08,-24.32,9.86,0.0000,0.0000
11.534321,19.412,5.392,17.81,62.71,98.28,1.5674,27.69,-4.92,2.56,37.67,50.00,0.3000,39.52,62.10,40.21,19.76,19.76,31.05,31.05,4248.84,4248.84,4398.57,4398.57,4282.00,4290.90,4406.77,4416.78,33.16,42.05,8.20,18.21,19.76,19.76,31.05,31.05,-24.40,9.45,0.0000,0.0000
11.534321,19.402,5.390,17.79,62.65,98.19,1.5673,27.66,-4.91,2.56,37.63,50.00,0.3000,39.48,62.04,40.21,19.74,19.74,31.02,31.02,4248.84,4248.84,4398.57,4398.57,4282.25,4290.64,4407.01,4416.44,33.41,41.80,8.44,17.87,19.74,19.74,31.02,31.02,-24.44,8.91,0.0000,0.0000
11.534321,19.393,5.387,17.77,62.59,98.10,1.5673,27.64,-4.91,2.56,37.59,50.00,0.3000,39.44,61.98,40.21,19.72,19.72,30.99,30.99,4248.84,4248.84,4398.57,4398.57,4282.62,4290.23,4407.43,4415.98,33.78,41.38,8.86,17.41,19.72,19.72,30.99,30.99,-24.45,8.08,0.0000,0.0000
11.534321,19.384,5.384,17.76,62.53,98.00,1.5673,27.61,-4.90,2.56,37.56,50.00,0.3000,39.40,61.92,40.21,19.70,19.70,30.96,30.96,4248.84,4248.84,4398.57,4398.57,4283.00,4289.84,4407.81,4415.50,34.16,41.00,9.24,16.93,19.70,19.70,30.96,30.96,-24.49,7.26,0.0000,0.0000
11.534321,19.374,5.382,17.74,62.47,97.91,1.5673,27.58,-4.90,2.55,37.52,50.00,0.3000,39.37,61.86,40.21,19.68,19.68,30.93,30.93,4248.84,4248.84,4398.57,4398.57,4283.47,4289.33,4408.33,4414.92,34.63,40.49,9.76,16.35,19.68,19.68,30.93,30.93,-24.50,6.23,0.0000,0.0000
11.534321,19.365,5.379,17.72,62.41,97.81,1.5673,27.56,-4.89,2.55,37.48,50.00,0.3000,39.33,61.80,40.21,19.66,19.66,30.90,30.90,4248.84,4248.84,4398.57,4398.57,4283.90,4288.86,4408.81,4414.39,35.06,40.02,10.24,15.81,19.66,19.66,30.90,30.90,-24.51,5.27,0.0000,0.0000
11.534321,19.356,5.377,17.71,62.35,97.72,1.5673,27.53,-4.89,2.55,37.45,50.00,0.3000,39.29,61.75,40.21,19.65,19.65,30.87,30.87,4248.84,4248.84,4398.57,4398.57,4284.40,4288.32,4409.37,4413.78,35.55,39.48,10.80,15.21,19.65,19.65,30.87,30.87,-24.51,4.17,0.0000,0.0000
11.534321,19.346,5.374,17.69,62.29,97.62,1.5673,27.51,-4.88,2.55,37.41,50.00,0.3000,39.25,61.69,40.21,19.63,19.63,30.84,30.84,4248.84,4248.84,4398.57,4398.57,4284.84,4287.84,4409.86,4413.23,36.00,39.00,11.29,14.66,19.63,19.63,30.84,30.84,-24.52,3.19,0.0000,0.0000
11.534321,19.337,5.371,17.67,62.23,97.53,1.5673,27.48,-4.88,2.54,37.38,50.00,0.3000,39.21,61.63,40.21,19.61,19.61,30.81,30.81,4248.84,4248.84,4398.57,4398.57,4285.32,4287.32,4410.39,4412.64,36.48,38.48,11.82,14.06,19.61,19.61,30.81,30.81,-24.54,2.12,0.0000,0.0000
11.690911,19.328,5.369,17.65,62.17,97.44,1.5673,27.45,-4.87,2.54,37.34,50.00,0.3000,39.18,61.57,40.21,19.59,19.59,30.78,30.78,4248.84,4248.84,4398.57,4398.57,4284.92,4286.01,4411.70,4412.94,36.07,37.17,13.13,14.37,19.59,19.59,30.78,30.78,-22.87,1.17,0.0000,0.0000
11.690911,19.318,5.366,17.64,62.11,97.34,1.5673,27.43,-4.87,2.54,37.30,50.00,0.3000,39.14,61.51,40.21,19.57,19.57,30.75,30.75,4248.84,4248.84,4398.57,4398.57,4285.78,4286.05,4411.67,4411.97,36.94,37.21,13.10,13.40,19.57,19.57,30.75,30.75,-23.83,0.29,0.0000,0.0000
11.690911,19.308,5.363,17.62,62.04,97.24,1.5673,27.40,-4.86,2.54,37.27,50.00,0.3000,39.10,61.44,40.21,19.55,19.55,30.72,30.72,4248.84,4248.84,4398.57,4398.57,4285.83,4286.30,4411.35,4411.88,36.99,37.46,12.78,13.31,19.55,19.55,30.72,30.72,-24.18,0.50,0.0000,0.0000
11.690911,19.299,5.361,17.60,61.98,97.14,1.5673,27.37,-4.86,2.53,37.23,50.00,0.3000,39.06,61.38,40.21,19.53,19.53,30.69,30.69,4248.84,4248.84,4398.57,4398.57,4285.51,4286.77,4410.79,4412.20,36.67,37.92,12.22,13.63,19.53,19.53,30.69,30.69,-24.37,1.33,0.0000,0.0000
11.690911,19.289,5.358,17.58,61.92,97.04,1.5673,27.34,-4.85,2.53,37.19,50.00,0.3000,39.02,61.32,40.21,19.51,19.51,30.66,30.66,4248.84,4248.84,4398.57,4398.57,4285.25,4287.08,4410.39,4412.45,36.41,38.23,11.82,13.88,19.51,19.51,30.66,30.66,-24.47,1.94,0.0000,0.0000
11.690911,19.279,5.355,17.57,61.86,96.95,1.5673,27.31,-4.85,2.53,37.15,50.00,0.3000,38.98,61.26,40.21,19.49,19.49,30.63,30.63,4248.84,4248.84,4398.57,4398.57,4284.98,4287.35,4410.03,4412.70,36.13,38.51,11.46,14.13,19.49,19.49,30.63,30.63,-24.53,2.52,0.0000,0.0000
11.690911,19.269,5.353,17.55,61.79,96.85,1.5673,27.29,-4.84,2.53,37.12,50.00,0.3000,38.94,61.20,40.21,19.47,19.47,30.60,30.60,4248.84,4248.84,4398.57,4398.57,4284.75,4287.55,4409.76,4412.90,35.91,38.71,11.19,14.33,19.47,19.47,30.60,30.60,-24.55,2.97,0.0000,0.0000
11.690911,19.260,5.350,17.53,61.73,96.75,1.5673,27.26,-4.84,2.52,37.08,50.00,0.3000,38.90,61.13,40.21,19.45,19.45,30.57,30.57,4248.84,4248.84,4398.57,4398.57,4284.57,4287.71,4409.53,4413.05,35.73,38.86,10.96,14.48,19.45,19.45,30.57,30.57,-24.57,3.33,0.0000,0.0000
11.690911,19.250,5.347,17.51,61.67,96.65,1.5673,27.23,-4.83,2.52,37.04,50.00,0.3000,38.86,61.07,40.21,19.43,19.43,30.54,30.54,4248.84,4248.84,4398.57,4398.57,4284.44,4287.81,4409.36,4413.15,35.59,38.97,10.79,14.58,19.43,19.43,30.54,30.54,-24.59,3.58,0.0000,0.0000
11.690911,19.240,5.344,17.49,61.60,96.55,1.5673,27.20,-4.83,2.52,37.00,50.00,0.3000,38.82,61.01,40.21,19.41,19.41,30.50,30.50,4248.84,4248.84,4398.57,4398.57,4284.34,4287.87,4409.24,4413.21,35.49,39.02,10.67,14.64,19.41,19.41,30.50,30.50,-24.60,3.75,0.0000,0.0000
11.690911,19.230,5.342,17.48,61.54,96.45,1.5673,27.18,-4.82,2.52,36.96,50.00,0.3000,38.78,60.95,40.21,19.39,19.39,30.47,30.47,4248.84,4248.84,4398.57,4398.57,4284.27,4287.89,4409.17,4413.23,35.43,39.04,10.60,14.66,19.39,19.39,30.47,30.47,-24.61,3.84,0.0000,0.0000
11.690911,19.220,5.339,17.46,61.48,96.36,1.5673,27.15,-4.82,2.51,36.93,50.00,0.3000,38.74,60.89,40.21,19.37,19.37,30.44,30.44,4248.84,4248.84,4398.57,4398.57,4284.25,4287.87,4409.13,4413.20,35.41,39.03,10.56,14.63,19.37,19.37,30.44,30.44,-24.62,3.85,0.0000,0.0000
11.779372,19.211,5.336,17.44,61.42,96.26,1.5673,27.12,-4.81,2.51,36.89,50.00,0.3000,38.70,60.82,40.21,19.35,19.35,30.41,30.41,4248.84,4248.84,4398.57,4398.57,4284.83,4288.54,4408.41,4412.58,35.99,39.69,9.84,14.01,19.35,19.35,30.41,30.41,-25.92,3.94,0.0000,0.0000
11.779372,19.201,5.334,17.42,61.35,96.16,1.5673,27.09,-4.81,2.51,36.85,50.00,0.3000,38.67,60.76,40.21,19.33,19.33,30.38,30.38,4248.84,4248.84,4398.57,4398.57,4284.49,4288.09,4408.81,4412.86,35.65,39.24,10.25,14.29,19.33,19.33,30.38,30.38,-25.18,3.82,0.0000,0.0000
11.779372,19.191,5.331,17.41,61.29,96.07,1.5674,27.07,-4.80,2.51,36.82,50.00,0.3000,38.63,60.70,40.21,19.31,19.31,30.35,30.35,4248.84,4248.84,4398.57,4398.57,4284.50,4287.79,4409.09,4412.79,35.65,38.94,10.52,14.22,19.31,19.31,30.35,30.35,-24.93,3.49,0.0000,0.0000
11.779372,19.182,5.328,17.39,61.23,95.97,1.5674,27.04,-4.80,2.50,36.78,50.00,0.3000,38.59,60.64,40.21,19.29,19.29,30.32,30.32,4248.84,4248.84,4398.57,4398.57,4284.45,4287.64,4409.19,4412.78,35.61,38.79,10.62,14.21,19.29,19.29,30.32,30.32,-24.79,3.38,0.0000,0.0000
11.779372,19.173,5.326,17.37,61.17,95.88,1.5674,27.01,-4.79,2.50,36.74,50.00,0.3000,38.55,60.58,40.21,19.28,19.28,30.29,30.29,4248.84,4248.84,4398.57,4398.57,4284.49,4287.49,4409.30,4412.68,35.65,38.65,10.73,14.11,19.28,19.28,30.29,30.29,-24.73,3.19,0.0000,0.0000
11.779372,19.163,5.323,17.36,61.11,95.78,1.5674,26.98,-4.79,2.50,36.71,50.00,0.3000,38.51,60.52,40.21,19.26,19.26,30.26,30.26,4248.84,4248.84,4398.57,4398.57,4284.57,4287.33,4409.43,4412.54,35.72,38.49,10.86,13.97,19.26,19.26,30.26,30.26,-24.69,2.94,0.0000,0.0000
11.779372,19.154,5.320,17.34,61.05,95.69,1.5674,26.96,-4.79,2.50,36.67,50.00,0.3000,38.47,60.46,40.21,19.24,19.24,30.23,30.23,4248.84,4248.84,4398.57,4398.57,4284.63,4287.23,4409.49,4412.42,35.78,38.38,10.92,13.85,19.24,19.24,30.23,30.23,-24.70,2.76,0.0000,0.0000
11.779372,19.144,5.318,17.32,60.99,95.59,1.5674,26.93,-4.78,2.49,36.64,50.00,0.3000,38.44,60.40,40.21,19.22,19.22,30.20,30.20,4248.84,4248.84,4398.57,4398.57,4284.72,4287.06,4409.63,4412.26,35.88,38.22,11.06,13.69,19.22,19.22,30.20,30.20,-24.68,2.48,0.0000,0.0000
11.779372,19.135,5.315,17.30,60.93,95.50,1.5674,26.90,-4.78,2.49,36.60,50.00,0.3000,38.40,60.34,40.21,19.20,19.20,30.17,30.17,4248.84,4248.84,4398.57,4398.57,4284.78,4286.96,4409.69,4412.14,35.94,38.12,11.12,13.57,19.20,19.20,30.17,30.17,-24.68,2.31,0.0000,0.0000
11.779372,19.125,5.313,17.29,60.87,95.41,1.5674,26.88,-4.77,2.49,36.56,50.00,0.3000,38.36,60.28,40.21,19.18,19.18,30.14,30.14,4248.84,4248.84,4398.57,4398.57,4284.89,4286.82,4409.80,4411.97,36.04,37.97,11.23,13.40,19.18,19.18,30.14,30.14,-24.69,2.05,0.0000,0.0000
11.779372,19.116,5.310,17.27,60.81,95.31,1.5674,26.85,-4.77,2.49,36.53,50.00,0.3000,38.32,60.23,40.21,19.16,19.16,30.11,30.11,4248.84,4248.84,4398.57,4398.57,4284.94,4286.72,4409.86,4411.86,36.09,37.88,11.29,13.29,19.16,19.16,30.11,30.11,-24.70,1.90,0.0000,0.0000
11.888150,19.106,5.307,17.25,60.75,95.22,1.5674,26.82,-4.76,2.48,36.49,50.00,0.3000,38.29,60.17,40.21,19.14,19.14,30.08,30.08,4248.84,4248.84,4398.57,4398.57,4284.43,4285.94,4410.61,4412.30,35.59,37.09,12.04,13.73,19.14,19.14,30.08,30.08,-23.46,1.60,0.0000,0.0000
11.888150,19.097,5.305,17.24,60.69,95.12,1.5674,26.80,-4.76,2.48,36.45,50.00,0.3000,38.25,60.11,40.21,19.12,19.12,30.05,30.05,4248.84,4248.84,4398.57,4398.57,4284.84,4286.20,4410.30,4411.84,35.99,37.36,11.73,13.27,19.12,19.12,30.05,30.05,-24.18,1.45,0.0000,0.0000
11.888150,19.087,5.302,17.22,60.63,95.03,1.5674,26.77,-4.75,2.48,36.42,50.00,0.3000,38.21,60.04,40.21,19.10,19.10,30.02,30.02,4248.84,4248.84,4398.57,4398.57,4284.98,4286.28,4410.18,4411.65,36.13,37.44,11.61,13.07,19.10,19.10,30.02,30.02,-24.44,1.39,0.0000,0.0000
11.888150,19.077,5.299,17.20,60.57,94.93,1.5674,26.74,-4.75,2.48,36.38,50.00,0.3000,38.17,59.98,40.21,19.08,19.08,29.99,29.99,4248.84,4248.84,4398.57,4398.57,4285.11,4286.24,4410.17,4411.45,36.26,37.40,11.60,12.88,19.08,19.08,29.99,29.99,-24.59,1.21,0.0000,0.0000
11.888150,19.068,5.297,17.18,60.50,94.83,1.5674,26.72,-4.74,2.47,36.34,50.00,0.3000,38.13,59.92,40.21,19.07,19.07,29.96,29.96,4248.84,4248.84,4398.57,4398.57,4285.18,4286.20,4410.18,4411.32,36.33,37.35,11.61,12.75,19.07,19.07,29.96,29.96,-24.66,1.08,0.0000,0.0000
11.888150,19.058,5.294,17.17,60.44,94.73,1.5674,26.69,-4.74,2.47,36.31,50.00,0.3000,38.09,59.86,40.21,19.05,19.05,29.93,29.93,4248.84,4248.84,4398.57,4398.57,4285.20,4286.17,4410.16,4411.25,36.35,37.32,11.59,12.68,19.05,19.05,29.93,29.93,-24.70,1.03,0.0000,0.0000
11.888150,19.048,5.291,17.15,60.38,94.64,1.5674,26.66,-4.73,2.47,36.27,50.00,0.3000,38.05,59.80,40.21,19.03,19.03,29.90,29.90,4248.84,4248.84,4398.57,4398.57,4285.22,4286.11,4410.18,4411.17,36.38,37.26,11.61,12.60,19.03,19.03,29.90,29.90,-24.71,0.94,0.0000,0.0000
11.888150,19.038,5.288,17.13,60.32,94.54,1.5674,26.63,-4.73,2.47,36.23,50.00,0.3000,38.01,59.74,40.21,19.01,19.01,29.87,29.87,4248.84,4248.84,4398.57,4398.57,4285.25,4286.07,4410.17,4411.09,36.40,37.22,11.60,12.52,19.01,19.01,29.87,29.87,-24.75,0.87,0.0000,0.0000
11.888150,19.029,5.286,17.11,60.26,94.44,1.5674,26.61,-4.72,2.46,36.19,50.00,0.3000,37.97,59.68,40.21,18.99,18.99,29.84,29.84,4248.84,4248.84,4398.57,4398.57,4285.22,4286.05,4410.13,4411.07,36.38,37.21,11.56,12.50,18.99,18.99,29.84,29.84,-24.76,0.88,0.0000,0.0000
11.888150,19.019,5.283,17.10,60.19,94.35,1.5674,26.58,-4.72,2.46,36.16,50.00,0.3000,37.94,59.62,40.21,18.97,18.97,29.81,29.81,4248.84,4248.84,4398.57,4398.57,4285.22,4286.01,4410.13,4411.02,36.37,37.17,11.56,12.45,18.97,18.97,29.81,29.81,-24.77,0.84,0.0000,0.0000
11.888150,19.009,5.280,17.08,60.13,94.25,1.5674,26.55,-4.71,2.46,36.12,50.00,0.3000,37.90,59.55,40.21,18.95,18.95,29.78,29.78,4248.84,4248.84,4398.57,4398.57,4285.20,4285.98,4410.11,4410.99,36.36,37.14,11.54,12.42,18.95,18.95,29.78,29.78,-24.77,0.83,0.0000,0.0000
11.888150,18.999,5.278,17.06,60.07,94.15,1.5674,26.52,-4.71,2.46,36.08,50.00,0.3000,37.86,59.49,40.21,18.93,18.93,29.75,29.75,4248.84,4248.84,4398.57,4398.57,4285.16,4285.99,4410.05,4410.99,36.31,37.14,11.48,12.42,18.93,18.93,29.75,29.75,-24.78,0.88,0.0000,0.0000
12.016807,18.990,5.275,17.04,60.01,94.06,1.5674,26.50,-4.70,2.45,36.05,50.00,0.3000,37.82,59.43,40.21,18.91,18.91,29.72,29.72,4248.84,4248.84,4398.57,4398.57,4285.13,4285.97,4410.02,4410.96,36.29,37.13,11.45,12.39,18.91,18.91,29.72,29.72,-24.79,0.89,0.0000,0.0000
12.016807,18.980,5.272,17.02,59.95,93.96,1.5674,26.47,-4.70,2.45,36.01,50.00,0.3000,37.78,59.37,40.21,18.89,18.89,29.69,29.69,4248.84,4248.84,4398.57,4398.57,4285.10,4285.95,4409.98,4410.94,36.26,37.11,11.41,12.37,18.89,18.89,29.69,29.69,-24.79,0.90,0.0000,0.0000
12.016807,18.970,5.269,17.01,59.88,93.86,1.5674,26.44,-4.69,2.45,35.97,50.00,0.3000,37.74,59.31,40.21,18.87,18.87,29.65,29.65,4248.84,4248.84,4398.57,4398.57,4285.04,4285.97,4409.91,4410.95,36.20,37.12,11.34,12.38,18.87,18.87,29.65,29.65,-24.80,0.98,0.0000,0.0000
12.016807,18.960,5.267,16.99,59.82,93.77,1.5674,26.42,-4.69,2.45,35.93,50.00,0.3000,37.70,59.25,40.21,18.85,18.85,29.62,29.62,4248.84,4248.84,4398.57,4398.57,4285.03,4285.95,4409.89,4410.92,36.18,37.10,11.32,12.35,18.85,18.85,29.62,29.62,-24.81,0.98,0.0000,0.0000
12.016807,18.951,5.264,16.97,59.76,93.67,1.5674,26.39,-4.68,2.44,35.90,50.00,0.3000,37.66,59.19,40.21,18.83,18.83,29.59,29.59,4248.84,4248.84,4398.57,4398.57,4284.96,4285.97,4409.80,4410.95,36.11,37.13,11.23,12.38,18.83,18.83,29.59,29.59,-24.81,1.08,0.0000,0.0000
12.016807,18.941,5.261,16.96,59.70,93.57,1.5674,26.36,-4.68,2.44,35.86,50.00,0.3000,37.62,59.13,40.21,18.81,18.81,29.56,29.56,4248.84,4248.84,4398.57,4398.57,4284.94,4285.95,4409.78,4410.91,36.10,37.11,11.21,12.34,18.81,18.81,29.56,29.56,-24.83,1.07,0.0000,0.0000
12.016807,18.931,5.259,16.94,59.64,93.48,1.5674,26.33,-4.67,2.44,35.82,50.00,0.3000,37.59,59.07,40.21,18.79,18.79,29.53,29.53,4248.84,4248.84,4398.57,4398.57,4284.87,4285.98,4409.69,4410.94,36.02,37.13,11.12,12.37,18.79,18.79,29.53,29.53,-24.83,1.18,0.0000,0.0000
12.016807,18.921,5.256,16.92,59.58,93.38,1.5674,26.31,-4.67,2.44,35.79,50.00,0.3000,37.55,59.01,40.21,18.77,18.77,29.50,29.50,4248.84,4248.84,4398.57,4398.57,4284.85,4285.95,4409.68,4410.91,36.01,37.10,11.11,12.34,18.77,18.77,29.50,29.50,-24.83,1.16,0.0000,0.0000
12.016807,18.912,5.253,16.90,59.52,93.29,1.5674,26.28,-4.67,2.43,35.75,50.00,0.3000,37.51,58.94,40.21,18.75,18.75,29.47,29.47,4248.84,4248.84,4398.57,4398.57,4284.78,4285.98,4409.58,4410.94,35.94,37.14,11.02,12.36,18.75,18.75,29.47,29.47,-24.85,1.27,0.0000,0.0000
12.016807,18.902,5.251,16.89,59.45,93.19,1.5674,26.25,-4.66,2.43,35.71,50.00,0.3000,37.47,58.88,40.21,18.73,18.73,29.44,29.44,4248.84,4248.84,4398.57,4398.57,4284.77,4285.95,4409.57,4410.89,35.93,37.10,11.00,12.32,18.73,18.73,29.44,29.44,-24.85,1.25,0.0000,0.0000
12.016807,18.892,5.248,16.87,59.39,93.09,1.5674,26.23,-4.66,2.43,35.68,50.00,0.3000,37.43,58.82,40.21,18.72,18.72,29.41,29.41,4248.84,4248.84,4398.57,4398.57,4284.71,4285.96,4409.50,4410.90,35.87,37.11,10.94,12.33,18.72,18.72,29.41,29.41,-24.86,1.32,0.0000,0.0000
12.016807,18.882,5.245,16.85,59.33,93.00,1.5674,26.20,-4.65,2.43,35.64,50.00,0.3000,37.39,58.76,40.21,18.70,18.70,29.38,29.38,4248.84,4248.84,4398.57,4398.57,4284.67,4285.96,4409.45,4410.90,35.83,37.11,10.88,12.33,18.70,18.70,29.38,29.38,-24.87,1.36,0.0000,0.0000
12.141430,18.873,5.242,16.83,59.27,92.90,1.5674,26.17,-4.65,2.42,35.60,50.00,0.3000,37.35,58.70,40.21,18.68,18.68,29.35,29.35,4248.84,4248.84,4398.57,4398.57,4284.65,4285.93,4409.43,4410.87,35.81,37.09,10.86,12.30,18.68,18.68,29.35,29.35,-24.87,1.36,0.0000,0.0000
12.141430,18.863,5.240,16.82,59.21,92.80,1.5674,26.14,-4.64,2.42,35.57,50.00,0.3000,37.32,58.64,40.21,18.66,18.66,29.32,29.32,4248.84,4248.84,4398.57,4398.57,4284.61,4285.93,4409.38,4410.86,35.77,37.09,10.81,12.29,18.66,18.66,29.32,29.32,-24.88,1.40,0.0000,0.0000
12.141430,18.853,5.237,16.80,59.15,92.71,1.5674,26.12,-4.64,2.42,35.53,50.00,0.3000,37.28,58.58,40.21,18.64,18.64,29.29,29.29,4248.84,4248.84,4398.57,4398.57,4284.58,4285.93,4409.33,4410.85,35.73,37.08,10.76,12.28,18.64,18.64,29.29,29.29,-24.89,1.43,0.0000,0.0000
12.141430,18.843,5.234,16.78,59.09,92.61,1.5674,26.09,-4.63,2.42,35.49,50.00,0.3000,37.24,58.52,40.21,18.62,18.62,29.26,29.26,4248.84,4248.84,4398.57,4398.57,4284.57,4285.91,4409.30,4410.81,35.72,37.06,10.73,12.24,18.62,18.62,29.26,29.26,-24.91,1.42,0.0000,0.0000
12.141430,18.834,5.232,16.76,59.03,92.52,1.5674,26.06,-4.63,2.41,35.46,50.00,0.3000,37.20,58.46,40.21,18.60,18.60,29.23,29.23,4248.84,4248.84,4398.57,4398.57,4284.53,4285.89,4409.27,4410.79,35.69,37.05,10.70,12.22,18.60,18.60,29.23,29.23,-24.91,1.44,0.0000,0.0000
12.141430,18.824,5.229,16.75,58.96,92.42,1.5674,26.04,-4.62,2.41,35.42,50.00,0.3000,37.16,58.40,40.21,18.58,18.58,29.20,29.20,4248.84,4248.84,4398.57,4398.57,4284.51,4285.87,4409.24,4410.77,35.67,37.02,10.67,12.20,18.58,18.58,29.20,29.20,-24.91,1.44,0.0000,0.0000
12.141430,18.814,5.226,16.73,58.90,92.33,1.5674,26.01,-4.62,2.41,35.38,50.00,0.3000,37.12,58.34,40.21,18.56,18.56,29.17,29.17,4248.84,4248.84,4398.57,4398.57,4284.48,4285.85,4409.21,4410.75,35.64,37.00,10.64,12.18,18.56,18.56,29.17,29.17,-24.91,1.45,0.0000,0.0000
12.141430,18.804,5.223,16.71,58.84,92.23,1.5674,25.98,-4.61,2.41,35.35,50.00,0.3000,37.08,58.28,40.21,18.54,18.54,29.14,29.14,4248.84,4248.84,4398.57,4398.57,4284.46,4285.82,4409.19,4410.72,35.62,36.98,10.62,12.15,18.54,18.54,29.14,29.14,-24.92,1.44,0.0000,0.0000
12.141430,18.795,5.221,16.69,58.78,92.14,1.5674,25.95,-4.61,2.40,35.31,50.00,0.3000,37.05,58.22,40.21,18.52,18.52,29.11,29.11,4248.84,4248.84,4398.57,4398.57,4284.44,4285.81,4409.15,4410.69,35.60,36.96,10.59,12.12,18.52,18.52,29.11,29.11,-24.93,1.45,0.0000,0.0000
12.141430,18.785,5.218,16.68,58.72,92.04,1.5674,25.93,-4.60,2.40,35.27,50.00,0.3000,37.01,58.16,40.21,18.50,18.50,29.08,29.08,4248.84,4248.84,4398.57,4398.57,4284.43,4285.77,4409.14,4410.65,35.59,36.93,10.57,12.08,18.50,18.50,29.08,29.08,-24.93,1.43,0.0000,0.0000
12.141430,18.775,5.215,16.66,58.66,91.94,1.5674,25.90,-4.60,2.40,35.24,50.00,0.3000,36.97,58.10,40.21,18.48,18.48,29.05,29.05,4248.84,4248.84,4398.57,4398.57,4284.41,4285.75,4409.11,4410.62,35.56,36.91,10.54,12.05,18.48,18.48,29.05,29.05,-24.94,1.43,0.0000,0.0000
12.141430,18.765,5.213,16.64,58.60,91.85,1.5674,25.87,-4.59,2.40,35.20,50.00,0.3000,36.93,58.04,40.21,18.47,18.47,29.02,29.02,4248.84,4248.84,4398.57,4398.57,4284.40,4285.73,4409.08,4410.59,35.55,36.89,10.51,12.02,18.47,18.47,29.02,29.02,-24.95,1.42,0.0000,0.0000
12.265703,18.756,5.210,16.63,58.54,91.75,1.5674,25.85,-4.59,2.39,35.16,50.00,0.3000,36.89,57.98,40.21,18.45,18.45,28.99,28.99,4248.84,4248.84,4398.57,4398.57,4284.38,4285.71,4409.06,4410.55,35.54,36.86,10.49,11.98,18.45,18.45,28.99,28.99,-24.97,1.41,0.0000,0.0000
12.265703,18.746,5.207,16.61,58.48,91.66,1.5674,25.82,-4.58,2.39,35.13,50.00,0.3000,36.85,57.92,40.21,18.43,18.43,28.96,28.96,4248.84,4248.84,4398.57,4398.57,4284.37,4285.68,4409.03,4410.51,35.52,36.84,10.46,11.94,18.43,18.43,28.96,28.96,-24.98,1.40,0.0000,0.0000
12.265703,18.736,5.205,16.59,58.42,91.56,1.5674,25.79,-4.58,2.39,35.09,50.00,0.3000,36.82,57.86,40.21,18.41,18.41,28.93,28.93,4248.84,4248.84,4398.57,4398.57,4284.35,4285.66,4409.01,4410.48,35.51,36.81,10.44,11.91,18.41,18.41,28.93,28.93,-24.98,1.39,0.0000,0.0000
12.265703,18.726,5.202,16.57,58.36,91.47,1.5674,25.77,-4.57,2.39,35.05,50.00,0.3000,36.78,57.80,40.21,18.39,18.39,28.90,28.90,4248.84,4248.84,4398.57,4398.57,4284.33,4285.63,4408.99,4410.45,35.49,36.78,10.42,11.88,18.39,18.39,28.90,28.90,-24.98,1.37,0.0000,0.0000
12.265703,18.717,5.199,16.56,58.29,91.37,1.5674,25.74,-4.57,2.38,35.02,50.00,0.3000,36.74,57.74,40.21,18.37,18.37,28.87,28.87,4248.84,4248.84,4398.57,4398.57,4284.31,4285.59,4408.98,4410.42,35.47,36.75,10.41,11.85,18.37,18.37,28.87,28.87,-24.98,1.36,0.0000,0.0000
12.265703,18.707,5.196,16.54,58.23,91.28,1.5674,25.71,-4.56,2.38,34.98,50.00,0.3000,36.70,57.68,40.21,18.35,18.35,28.84,28.84,4248.84,4248.84,4398.57,4398.57,4284.30,4285.57,4408.95,4410.39,35.45,36.73,10.38,11.82,18.35,18.35,28.84,28.84,-24.99,1.35,0.0000,0.0000
12.265703,18.697,5.194,16.52,58.17,91.18,1.5674,25.69,-4.56,2.38,34.94,50.00,0.3000,36.66,57.62,40.21,18.33,18.33,28.81,28.81,4248.84,4248.84,4398.57,4398.57,4284.28,4285.54,4408.94,4410.35,35.43,36.69,10.37,11.78,18.33,18.33,28.81,28.81,-24.99,1.34,0.0000,0.0000
12.265703,18.688,5.191,16.50,58.11,91.09,1.5674,25.66,-4.56,2.38,34.91,50.00,0.3000,36.63,57.56,40.21,18.31,18.31,28.78,28.78,4248.84,4248.84,4398.57,4398.57,4284.28,4285.50,4408.92,4410.31,35.43,36.66,10.35,11.74,18.31,18.31,28.78,28.78,-25.00,1.31,0.0000,0.0000
12.265703,18.678,5.188,16.49,58.05,90.99,1.5674,25.63,-4.55,2.37,34.87,50.00,0.3000,36.59,57.50,40.21,18.29,18.29,28.75,28.75,4248.84,4248.84,4398.57,4398.57,4284.25,4285.50,4408.87,4410.29,35.40,36.66,10.31,11.72,18.29,18.29,28.75,28.75,-25.02,1.33,0.0000,0.0000
12.265703,18.668,5.186,16.47,57.99,90.90,1.5674,25.61,-4.55,2.37,34.84,50.00,0.3000,36.55,57.44,40.21,18.27,18.27,28.72,28.72,4248.84,4248.84,4398.57,4398.57,4284.24,4285.47,4408.86,4410.25,35.40,36.63,10.29,11.67,18.27,18.27,28.72,28.72,-25.03,1.31,0.0000,0.0000
12.265703,18.658,5.183,16.45,57.93,90.80,1.5675,25.58,-4.54,2.37,34.80,50.00,0.3000,36.51,57.38,40.21,18.26,18.26,28.69,28.69,4248.84,4248.84,4398.57,4398.57,4284.22,4285.45,4408.83,4410.22,35.37,36.61,10.26,11.65,18.26,18.26,28.69,28.69,-25.04,1.31,0.0000,0.0000
12.265703,18.649,5.180,16.44,57.87,90.71,1.5675,25.55,-4.54,2.37,34.76,50.00,0.3000,36.47,57.32,40.21,18.24,18.24,28.66,28.66,4248.84,4248.84,4398.57,4398.57,4284.20,4285.43,4408.81,4410.19,35.36,36.58,10.24,11.61,18.24,18.24,28.66,28.66,-25.04,1.30,0.0000,0.0000
12.398561,18.639,5.177,16.42,57.81,90.62,1.5675,25.53,-4.53,2.36,34.73,50.00,0.3000,36.43,57.26,40.21,18.22,18.22,28.63,28.63,4248.84,4248.84,4398.57,4398.57,4284.17,4285.40,4408.78,4410.16,35.33,36.56,10.21,11.59,18.22,18.22,28.63,28.63,-25.04,1.30,0.0000,0.0000
12.398561,18.629,5.175,16.40,57.75,90.52,1.5675,25.50,-4.53,2.36,34.69,50.00,0.3000,36.40,57.20,40.21,18.20,18.20,28.60,28.60,4248.84,4248.84,4398.57,4398.57,4284.15,4285.37,4408.76,4410.13,35.31,36.53,10.19,11.56,18.20,18.20,28.60,28.60,-25.04,1.30,0.0000,0.0000
12.398561,18.620,5.172,16.38,57.69,90.43,1.5675,25.47,-4.52,2.36,34.65,50.00,0.3000,36.36,57.14,40.21,18.18,18.18,28.57,28.57,4248.84,4248.84,4398.57,4398.57,4284.13,4285.35,4408.73,4410.11,35.29,36.51,10.16,11.54,18.18,18.18,28.57,28.57,-25.05,1.30,0.0000,0.0000
12.398561,18.610,5.169,16.37,57.63,90.33,1.5675,25.45,-4.52,2.36,34.62,50.00,0.3000,36.32,57.08,40.21,18.16,18.16,28.54,28.54,4248.84,4248.84,4398.57,4398.57,4284.13,4285.32,4408.72,4410.06,35.28,36.47,10.15,11.49,18.16,18.16,28.54,28.54,-25.05,1.26,0.0000,0.0000
12.398561,18.600,5.167,16.35,57.57,90.24,1.5675,25.42,-4.51,2.35,34.58,50.00,0.3000,36.28,57.02,40.21,18.14,18.14,28.51,28.51,4248.84,4248.84,4398.57,4398.57,4284.09,4285.32,4408.67,4410.05,35.24,36.48,10.10,11.48,18.14,18.14,28.51,28.51,-25.07,1.31,0.0000,0.0000
12.398561,18.590,5.164,16.33,57.51,90.14,1.5675,25.39,-4.51,2.35,34.55,50.00,0.3000,36.25,56.96,40.21,18.12,18.12,28.48,28.48,4248.84,4248.84,4398.57,4398.57,4284.08,4285.29,4408.65,4410.01,35.24,36.45,10.08,11.44,18.12,18.12,28.48,28.48,-25.08,1.28,0.0000,0.0000
12.398561,18.581,5.161,16.32,57.45,90.05,1.5675,25.37,-4.50,2.35,34.51,50.00,0.3000,36.21,56.90,40.21,18.10,18.10,28.45,28.45,4248.84,4248.84,4398.57,4398.57,4284.05,4285.28,4408.62,4409.99,35.21,36.43,10.05,11.42,18.10,18.10,28.45,28.45,-25.09,1.30,0.0000,0.0000
12.398561,18.571,5.159,16.30,57.39,89.96,1.5675,25.34,-4.50,2.35,34.47,50.00,0.3000,36.17,56.84,40.21,18.08,18.08,28.42,28.42,4248.84,4248.84,4398.57,4398.57,4284.05,4285.24,4408.60,4409.94,35.21,36.40,10.04,11.37,18.08,18.08,28.42,28.42,-25.10,1.26,0.0000,0.0000
12.398561,18.561,5.156,16.28,57.33,89.86,1.5675,25.31,-4.49,2.34,34.44,50.00,0.3000,36.13,56.78,40.21,18.07,18.07,28.39,28.39,4248.84,4248.84,4398.57,4398.57,4284.00,4285.24,4408.55,4409.94,35.16,36.39,9.99,11.37,18.07,18.07,28.39,28.39,-25.10,1.31,0.0000,0.0000
12.398561,18.552,5.153,16.27,57.27,89.77,1.5675,25.29,-4.49,2.34,34.40,50.00,0.3000,36.09,56.72,40.21,18.05,18.05,28.36,28.36,4248.84,4248.84,4398.57,4398.57,4283.99,4285.20,4408.55,4409.90,35.15,36.36,9.98,11.33,18.05,18.05,28.36,28.36,-25.10,1.28,0.0000,0.0000
12.398561,18.542,5.151,16.25,57.21,89.67,1.5675,25.26,-4.48,2.34,34.37,50.00,0.3000,36.06,56.66,40.21,18.03,18.03,28.33,28.33,4248.84,4248.84,4398.57,4398.57,4283.96,4285.19,4408.51,4409.89,35.12,36.34,9.94,11.32,18.03,18.03,28.33,28.33,-25.10,1.30,0.0000,0.0000
12.398561,18.532,5.148,16.23,57.15,89.58,1.5675,25.23,-4.48,2.34,34.33,50.00,0.3000,36.02,56.60,40.21,18.01,18.01,28.30,28.30,4248.84,4248.84,4398.57,4398.57,4283.95,4285.17,4408.48,4409.85,35.10,36.33,9.91,11.28,18.01,18.01,28.30,28.30,-25.12,1.30,0.0000,0.0000
12.522727,18.522,5.145,16.21,57.09,89.49,1.5675,25.21,-4.48,2.33,34.29,50.00,0.3000,35.98,56.54,40.21,17.99,17.99,28.27,28.27,4248.84,4248.84,4398.57,4398.57,4283.94,4285.13,4408.47,4409.81,35.09,36.29,9.90,11.24,17.99,17.99,28.27,28.27,-25.12,1.27,0.0000,0.0000
12.522727,18.513,5.142,16.20,57.03,89.39,1.5675,25.18,-4.47,2.33,34.26,50.00,0.3000,35.94,56.48,40.21,17.97,17.97,28.24,28.24,4248.84,4248.84,4398.57,4398.57,4283.90,4285.14,4408.41,4409.80,35.06,36.29,9.84,11.23,17.97,17.97,28.24,28.24,-25.13,1.31,0.0000,0.0000
12.522727,18.503,5.140,16.18,56.97,89.30,1.5675,25.15,-4.47,2.33,34.22,50.00,0.3000,35.91,56.42,40.21,17.95,17.95,28.21,28.21,4248.84,4248.84,4398.57,4398.57,4283.90,4285.09,4408.41,4409.75,35.06,36.25,9.84,11.18,17.95,17.95,28.21,28.21,-25.14,1.27,0.0000,0.0000
12.522727,18.493,5.137,16.16,56.91,89.20,1.5675,25.13,-4.46,2.33,34.19,50.00,0.3000,35.87,56.37,40.21,17.93,17.93,28.18,28.18,4248.84,4248.84,4398.57,4398.57,4283.86,4285.10,4408.35,4409.75,35.02,36.26,9.78,11.18,17.93,17.93,28.18,28.18,-25.16,1.32,0.0000,0.0000
12.522727,18.484,5.134,16.15,56.85,89.11,1.5675,25.10,-4.46,2.33,34.15,50.00,0.3000,35.83,56.31,40.21,17.91,17.91,28.15,28.15,4248.84,4248.84,4398.57,4398.57,4283.86,4285.05,4408.35,4409.70,35.02,36.21,9.79,11.12,17.91,17.91,28.15,28.15,-25.16,1.27,0.0000,0.0000
12.522727,18.474,5.132,16.13,56.79,89.02,1.5675,25.07,-4.45,2.32,34.11,50.00,0.3000,35.79,56.25,40.21,17.90,17.90,28.12,28.12,4248.84,4248.84,4398.57,4398.57,4283.83,4285.04,4408.31,4409.68,34.98,36.20,9.75,11.11,17.90,17.90,28.12,28.12,-25.16,1.29,0.0000,0.0000
12.522727,18.464,5.129,16.11,56.73,88.92,1.5675,25.05,-4.45,2.32,34.08,50.00,0.3000,35.75,56.19,40.21,17.88,17.88,28.09,28.09,4248.84,4248.84,4398.57,4398.57,4283.79,4285.02,4408.28,4409.67,34.95,36.18,9.71,11.10,17.88,17.88,28.09,28.09,-25.16,1.31,0.0000,0.0000
12.522727,18.454,5.126,16.10,56.67,88.83,1.5675,25.02,-4.44,2.32,34.04,50.00,0.3000,35.72,56.13,40.21,17.86,17.86,28.06,28.06,4248.84,4248.84,4398.57,4398.57,4283.79,4284.99,4408.27,4409.62,34.94,36.14,9.71,11.05,17.86,17.86,28.06,28.06,-25.17,1.27,0.0000,0.0000
12.522727,18.445,5.124,16.08,56.61,88.74,1.5675,25.00,-4.44,2.32,34.01,50.00,0.3000,35.68,56.07,40.21,17.84,17.84,28.04,28.04,4248.84,4248.84,4398.57,4398.57,4283.75,4284.99,4408.22,4409.62,34.91,36.15,9.65,11.05,17.84,17.84,28.04,28.04,-25.18,1.32,0.0000,0.0000
12.522727,18.435,5.121,16.06,56.55,88.64,1.5675,24.97,-4.43,2.31,33.97,50.00,0.3000,35.64,56.01,40.21,17.82,17.82,28.01,28.01,4248.84,4248.84,4398.57,4398.57,4283.76,4284.95,4408.21,4409.56,34.91,36.11,9.65,10.99,17.82,17.82,28.01,28.01,-25.20,1.27,0.0000,0.0000
12.522727,18.425,5.118,16.04,56.49,88.55,1.5675,24.94,-4.43,2.31,33.94,50.00,0.3000,35.60,55.95,40.21,17.80,17.80,27.98,27.98,4248.84,4248.84,4398.57,4398.57,4283.71,4284.96,4408.16,4409.56,34.87,36.11,9.59,10.99,17.80,17.80,27.98,27.98,-25.20,1.32,0.0000,0.0000
12.522727,18.416,5.115,16.03,56.43,88.46,1.5675,24.92,-4.42,2.31,33.90,50.00,0.3000,35.57,55.89,40.21,17.78,17.78,27.95,27.95,4248.84,4248.84,4398.57,4398.57,4283.72,4284.91,4408.16,4409.50,34.87,36.06,9.59,10.93,17.78,17.78,27.95,27.95,-25.21,1.26,0.0000,0.0000
12.633438,18.406,5.113,16.01,56.37,88.36,1.5675,24.89,-4.42,2.31,33.86,50.00,0.3000,35.53,55.83,40.21,17.76,17.76,27.92,27.92,4248.84,4248.84,4398.57,4398.57,4283.68,4284.90,4408.12,4409.49,34.84,36.05,9.55,10.92,17.76,17.76,27.92,27.92,-25.21,1.29,0.0000,0.0000
12.633438,18.396,5.110,15.99,56.31,88.27,1.5675,24.86,-4.41,2.30,33.83,50.00,0.3000,35.49,55.78,40.21,17.75,17.75,27.89,27.89,4248.84,4248.84,4398.57,4398.57,4283.67,4284.87,4408.10,4409.45,34.83,36.03,9.53,10.88,17.75,17.75,27.89,27.89,-25.22,1.27,0.0000,0.0000
12.633438,18.387,5.107,15.98,56.25,88.18,1.5675,24.84,-4.41,2.30,33.79,50.00,0.3000,35.45,55.72,40.21,17.73,17.73,27.86,27.86,4248.84,4248.84,4398.57,4398.57,4283.65,4284.85,4408.07,4409.43,34.80,36.01,9.50,10.86,17.73,17.73,27.86,27.86,-25.22,1.28,0.0000,0.0000
12.633438,18.377,5.105,15.96,56.19,88.09,1.5675,24.81,-4.41,2.30,33.76,50.00,0.3000,35.42,55.66,40.21,17.71,17.71,27.83,27.83,4248.84,4248.84,4398.57,4398.57,4283.63,4284.82,4408.05,4409.40,34.78,35.98,9.49,10.83,17.71,17.71,27.83,27.83,-25.22,1.27,0.0000,0.0000
12.633438,18.367,5.102,15.94,56.14,87.99,1.5675,24.78,-4.40,2.30,33.72,50.00,0.3000,35.38,55.60,40.21,17.69,17.69,27.80,27.80,4248.84,4248.84,4398.57,4398.57,4283.60,4284.81,4408.02,4409.38,34.76,35.96,9.45,10.80,17.69,17.69,27.80,27.80,-25.23,1.28,0.0000,0.0000
12.633438,18.358,5.099,15.93,56.08,87.90,1.5675,24.76,-4.40,2.29,33.69,50.00,0.3000,35.34,55.54,40.21,17.67,17.67,27.77,27.77,4248.84,4248.84,4398.57,4398.57,4283.58,4284.78,4408.00,4409.35,34.74,35.94,9.43,10.77,17.67,17.67,27.77,27.77,-25.24,1.27,0.0000,0.0000
12.633438,18.348,5.097,15.91,56.02,87.81,1.5675,24.73,-4.39,2.29,33.65,50.00,0.3000,35.31,55.48,40.21,17.65,17.65,27.74,27.74,4248.84,4248.84,4398.57,4398.57,4283.57,4284.77,4407.97,4409.31,34.72,35.92,9.40,10.74,17.65,17.65,27.74,27.74,-25.25,1.27,0.0000,0.0000
12.633438,18.338,5.094,15.89,55.96,87.71,1.5675,24.71,-4.39,2.29,33.61,50.00,0.3000,35.27,55.42,40.21,17.63,17.63,27.71,27.71,4248.84,4248.84,4398.57,4398.57,4283.55,4284.75,4407.94,4409.28,34.71,35.90,9.37,10.71,17.63,17.63,27.71,27.71,-25.26,1.27,0.0000,0.0000
12.633438,18.328,5.091,15.88,55.90,87.62,1.5675,24.68,-4.38,2.29,33.58,50.00,0.3000,35.23,55.37,40.21,17.62,17.62,27.68,27.68,4248.84,4248.84,4398.57,4398.57,4283.53,4284.72,4407.92,4409.26,34.69,35.88,9.35,10.69,17.62,17.62,27.68,27.68,-25.27,1.27,0.0000,0.0000
12.633438,18.319,5.089,15.86,55.84,87.53,1.5675,24.65,-4.38,2.28,33.54,50.00,0.3000,35.19,55.31,40.21,17.60,17.60,27.65,27.65,4248.84,4248.84,4398.57,4398.57,4283.51,4284.70,4407.89,4409.23,34.66,35.86,9.32,10.66,17.60,17.60,27.65,27.65,-25.27,1.27,0.0000,0.0000
12.633438,18.309,5.086,15.84,55.78,87.44,1.5675,24.63,-4.37,2.28,33.51,50.00,0.3000,35.16,55.25,40.21,17.58,17.58,27.62,27.62,4248.84,4248.84,4398.57,4398.57,4283.49,4284.68,4407.86,4409.20,34.65,35.83,9.29,10.63,17.58,17.58,27.62,27.62,-25.28,1.26,0.0000,0.0000
12.633438,18.299,5.083,15.83,55.72,87.34,1.5675,24.60,-4.37,2.28,33.47,50.00,0.3000,35.12,55.19,40.21,17.56,17.56,27.60,27.60,4248.84,4248.84,4398.57,4398.57,4283.47,4284.66,4407.83,4409.17,34.63,35.82,9.26,10.60,17.56,17.56,27.60,27.60,-25.29,1.26,0.0000,0.0000
12.741911,18.290,5.080,15.81,55.66,87.25,1.5675,24.58,-4.36,2.28,33.44,50.00,0.3000,35.08,55.13,40.21,17.54,17.54,27.57,27.57,4248.84,4248.84,4398.57,4398.57,4283.45,4284.64,4407.81,4409.15,34.61,35.79,9.24,10.58,17.54,17.54,27.57,27.57,-25.29,1.26,0.0000,0.0000
12.741911,18.280,5.078,15.79,55.60,87.16,1.5675,24.55,-4.36,2.27,33.40,50.00,0.3000,35.05,55.07,40.21,17.52,17.52,27.54,27.54,4248.84,4248.84,4398.57,4398.57,4283.43,4284.62,4407.78,4409.12,34.58,35.77,9.21,10.55,17.52,17.52,27.54,27.54,-25.29,1.26,0.0000,0.0000
12.741911,18.270,5.075,15.78,55.54,87.07,1.5675,24.52,-4.35,2.27,33.37,50.00,0.3000,35.01,55.02,40.21,17.50,17.50,27.51,27.51,4248.84,4248.84,4398.57,4398.57,4283.40,4284.59,4407.76,4409.10,34.56,35.74,9.19,10.53,17.50,17.50,27.51,27.51,-25.29,1.26,0.0000,0.0000
12.741911,18.261,5.072,15.76,55.49,86.97,1.5675,24.50,-4.35,2.27,33.33,50.00,0.3000,34.97,54.96,40.21,17.49,17.49,27.48,27.48,4248.84,4248.84,4398.57,4398.57,4283.39,4284.57,4407.73,4409.06,34.54,35.73,9.16,10.49,17.49,17.49,27.48,27.48,-25.31,1.26,0.0000,0.0000
12.741911,18.251,5.070,15.74,55.43,86.88,1.5675,24.47,-4.34,2.27,33.30,50.00,0.3000,34.93,54.90,40.21,17.47,17.47,27.45,27.45,4248.84,4248.84,4398.57,4398.57,4283.37,4284.56,4407.70,4409.04,34.52,35.71,9.13,10.47,17.47,17.47,27.45,27.45,-25.32,1.26,0.0000,0.0000
12.741911,18.241,5.067,15.73,55.37,86.79,1.5675,24.45,-4.34,2.26,33.26,50.00,0.3000,34.90,54.84,40.21,17.45,17.45,27.42,27.42,4248.84,4248.84,4398.57,4398.57,4283.35,4284.54,4407.67,4409.00,34.51,35.69,9.10,10.43,17.45,17.45,27.42,27.42,-25.33,1.26,0.0000,0.0000
12.741911,18.232,5.064,15.71,55.31,86.70,1.5675,24.42,-4.34,2.26,33.23,50.00,0.3000,34.86,54.78,40.21,17.43,17.43,27.39,27.39,4248.84,4248.84,4398.57,4398.57,4283.34,4284.50,4407.66,4408.96,34.50,35.65,9.09,10.39,17.43,17.43,27.39,27.39,-25.33,1.23,0.0000,0.0000
12.741911,18.222,5.062,15.69,55.25,86.61,1.5675,24.39,-4.33,2.26,33.19,50.00,0.3000,34.82,54.72,40.21,17.41,17.41,27.36,27.36,4248.84,4248.84,4398.57,4398.57,4283.30,4284.50,4407.61,4408.96,34.46,35.66,9.04,10.39,17.41,17.41,27.36,27.36,-25.34,1.27,0.0000,0.0000
12.741911,18.212,5.059,15.68,55.19,86.51,1.5675,24.37,-4.33,2.26,33.16,50.00,0.3000,34.79,54.67,40.21,17.39,17.39,27.33,27.33,4248.84,4248.84,4398.57,4398.57,4283.29,4284.46,4407.60,4408.92,34.45,35.62,9.03,10.35,17.39,17.39,27.33,27.33,-25.35,1.24,0.0000,0.0000
12.741911,18.203,5.056,15.66,55.13,86.42,1.5675,24.34,-4.32,2.25,33.12,50.00,0.3000,34.75,54.61,40.21,17.37,17.37,27.30,27.30,4248.84,4248.84,4398.57,4398.57,4283.27,4284.46,4407.56,4408.90,34.42,35.61,8.99,10.33,17.37,17.37,27.30,27.30,-25.35,1.26,0.0000,0.0000
12.741911,18.193,5.054,15.64,55.07,86.33,1.5675,24.32,-4.32,2.25,33.08,50.00,0.3000,34.71,54.55,40.21,17.36,17.36,27.27,27.27,4248.84,4248.84,4398.57,4398.57,4283.25,4284.43,4407.54,4408.86,34.41,35.58,8.97,10.29,17.36,17.36,27.27,27.27,-25.36,1.25,0.0000,0.0000
12.741911,18.183,5.051,15.63,55.02,86.24,1.5675,24.29,-4.31,2.25,33.05,50.00,0.3000,34.68,54.49,40.21,17.34,17.34,27.25,27.25,4248.84,4248.84,4398.57,4398.57,4283.22,4284.41,4407.52,4408.85,34.38,35.56,8.95,10.28,17.34,17.34,27.25,27.25,-25.36,1.26,0.0000,0.0000
12.903304,18.174,5.048,15.61,54.96,86.15,1.5675,24.26,-4.31,2.25,33.01,50.00,0.3000,34.64,54.43,40.21,17.32,17.32,27.22,27.22,4248.84,4248.84,4398.57,4398.57,4283.21,4284.39,4407.49,4408.82,34.36,35.54,8.92,10.25,17.32,17.32,27.22,27.22,-25.37,1.25,0.0000,0.0000
12.903304,18.164,5.046,15.59,54.90,86.06,1.5675,24.24,-4.30,2.25,32.98,50.00,0.3000,34.60,54.38,40.21,17.30,17.30,27.19,27.19,4248.84,4248.84,4398.57,4398.57,4283.19,4284.36,4407.47,4408.79,34.34,35.52,8.90,10.22,17.30,17.30,27.19,27.19,-25.37,1.25,0.0000,0.0000
12.903304,18.154,5.043,15.58,54.84,85.96,1.5675,24.21,-4.30,2.24,32.94,50.00,0.3000,34.56,54.32,40.21,17.28,17.28,27.16,27.16,4248.84,4248.84,4398.57,4398.57,4283.17,4284.35,4407.43,4408.76,34.32,35.51,8.86,10.19,17.28,17.28,27.16,27.16,-25.39,1.26,0.0000,0.0000
12.903304,18.145,5.040,15.56,54.78,85.87,1.5675,24.19,-4.29,2.24,32.91,50.00,0.3000,34.53,54.26,40.21,17.26,17.26,27.13,27.13,4248.84,4248.84,4398.57,4398.57,4283.15,4284.33,4407.41,4408.73,34.31,35.48,8.84,10.16,17.26,17.26,27.13,27.13,-25.40,1.25,0.0000,0.0000
12.903304,18.135,5.037,15.54,54.72,85.78,1.5675,24.16,-4.29,2.24,32.87,50.00,0.3000,34.49,54.20,40.21,17.25,17.25,27.10,27.10,4248.84,4248.84,4398.57,4398.57,4283.13,4284.31,4407.38,4408.71,34.28,35.47,8.81,10.14,17.25,17.25,27.10,27.10,-25.40,1.26,0.0000,0.0000
12.903304,18.125,5.035,15.53,54.66,85.69,1.5675,24.13,-4.29,2.24,32.84,50.00,0.3000,34.45,54.14,40.21,17.23,17.23,27.07,27.07,4248.84,4248.84,4398.57,4398.57,4283.12,4284.27,4407.37,4408.66,34.28,35.42,8.80,10.09,17.23,17.23,27.07,27.07,-25.41,1.22,0.0000,0.0000
12.903304,18.116,5.032,15.51,54.61,85.60,1.5675,24.11,-4.28,2.23,32.80,50.00,0.3000,34.42,54.09,40.21,17.21,17.21,27.04,27.04,4248.84,4248.84,4398.57,4398.57,4283.08,4284.27,4407.32,4408.66,34.24,35.43,8.75,10.09,17.21,17.21,27.04,27.04,-25.41,1.27,0.0000,0.0000
12.903304,18.106,5.029,15.49,54.55,85.51,1.5675,24.08,-4.28,2.23,32.77,50.00,0.3000,34.38,54.03,40.21,17.19,17.19,27.01,27.01,4248.84,4248.84,4398.57,4398.57,4283.09,4284.23,4407.32,4408.60,34.25,35.39,8.75,10.03,17.19,17.19,27.01,27.01,-25.43,1.21,0.0000,0.0000
12.903304,18.096,5.027,15.48,54.49,85.42,1.5675,24.06,-4.27,2.23,32.73,50.00,0.3000,34.34,53.97,40.21,17.17,17.17,26.99,26.99,4248.84,4248.84,4398.57,4398.57,4283.04,4284.23,4407.27,4408.61,34.19,35.38,8.70,10.04,17.17,17.17,26.99,26.99,-25.42,1.26,0.0000,0.0000
12.903304,18.087,5.024,15.46,54.43,85.32,1.5675,24.03,-4.27,2.23,32.70,50.00,0.3000,34.31,53.91,40.21,17.15,17.15,26.96,26.96,4248.84,4248.84,4398.57,4398.57,4283.04,4284.18,4407.27,4408.55,34.20,35.34,8.70,9.98,17.15,17.15,26.96,26.96,-25.42,1.21,0.0000,0.0000
12.903304,18.077,5.021,15.44,54.37,85.23,1.5675,24.01,-4.26,2.22,32.66,50.00,0.3000,34.27,53.86,40.21,17.14,17.14,26.93,26.93,4248.84,4248.84,4398.57,4398.57,4283.00,4284.19,4407.22,4408.56,34.15,35.34,8.65,9.98,17.14,17.14,26.93,26.93,-25.43,1.26,0.0000,0.0000
12.903304,18.067,5.019,15.43,54.32,85.14,1.5676,23.98,-4.26,2.22,32.63,50.00,0.3000,34.23,53.80,40.21,17.12,17.12,26.90,26.90,4248.84,4248.84,4398.57,4398.57,4283.01,4284.15,4407.21,4408.49,34.16,35.30,8.64,9.92,17.12,17.12,26.90,26.90,-25.45,1.21,0.0000,0.0000
13.034208,18.058,5.016,15.41,54.26,85.05,1.5676,23.95,-4.25,2.22,32.59,50.00,0.3000,34.20,53.74,40.21,17.10,17.10,26.87,26.87,4248.84,4248.84,4398.57,4398.57,4282.97,4284.15,4407.16,4408.49,34.12,35.31,8.59,9.92,17.10,17.10,26.87,26.87,-25.46,1.26,0.0000,0.0000
13.034208,18.048,5.013,15.39,54.20,84.96,1.5676,23.93,-4.25,2.22,32.56,50.00,0.3000,34.16,53.68,40.21,17.08,17.08,26.84,26.84,4248.84,4248.84,4398.57,4398.57,4282.97,4284.10,4407.16,4408.44,34.13,35.26,8.59,9.87,17.08,17.08,26.84,26.84,-25.46,1.20,0.0000,0.0000
13.034208,18.038,5.011,15.38,54.14,84.87,1.5676,23.90,-4.24,2.21,32.52,50.00,0.3000,34.12,53.63,40.21,17.06,17.06,26.81,26.81,4248.84,4248.84,4398.57,4398.57,4282.92,4284.11,4407.11,4408.44,34.08,35.26,8.54,9.87,17.06,17.06,26.81,26.81,-25.47,1.26,0.0000,0.0000
13.034208,18.029,5.008,15.36,54.08,84.78,1.5676,23.88,-4.24,2.21,32.49,50.00,0.3000,34.09,53.57,40.21,17.04,17.04,26.78,26.78,4248.84,4248.84,4398.57,4398.57,4282.93,4284.06,4407.11,4408.38,34.08,35.22,8.54,9.81,17.04,17.04,26.78,26.78,-25.48,1.20,0.0000,0.0000
13.034208,18.019,5.005,15.34,54.03,84.69,1.5676,23.85,-4.24,2.21,32.46,50.00,0.3000,34.05,53.51,40.21,17.03,17.03,26.76,26.76,4248.84,4248.84,4398.57,4398.57,4282.89,4284.07,4407.05,4408.38,34.04,35.22,8.48,9.81,17.03,17.03,26.76,26.76,-25.49,1.25,0.0000,0.0000
13.034208,18.009,5.003,15.33,53.97,84.60,1.5676,23.83,-4.23,2.21,32.42,50.00,0.3000,34.01,53.45,40.21,17.01,17.01,26.73,26.73,4248.84,4248.84,4398.57,4398.57,4282.89,4284.02,4407.06,4408.33,34.05,35.18,8.49,9.76,17.01,17.01,26.73,26.73,-25.49,1.20,0.0000,0.0000
13.034208,18.000,5.000,15.31,53.91,84.51,1.5676,23.80,-4.23,2.20,32.39,50.00,0.3000,33.98,53.40,40.21,16.99,16.99,26.70,26.70,4248.84,4248.84,4398.57,4398.57,4282.85,4284.01,4407.02,4408.32,34.01,35.17,8.45,9.75,16.99,16.99,26.70,26.70,-25.49,1.23,0.0000,0.0000
13.034208,17.990,4.997,15.30,53.85,84.42,1.5676,23.78,-4.22,2.20,32.35,50.00,0.3000,33.94,53.34,40.21,16.97,16.97,26.67,26.67,4248.84,4248.84,4398.57,4398.57,4282.84,4283.98,4407.00,4408.29,34.00,35.14,8.43,9.72,16.97,16.97,26.67,26.67,-25.49,1.21,0.0000,0.0000
13.034208,17.980,4.995,15.28,53.79,84.33,1.5676,23.75,-4.22,2.20,32.32,50.00,0.3000,33.91,53.28,40.21,16.95,16.95,26.64,26.64,4248.84,4248.84,4398.57,4398.57,4282.82,4283.96,4406.97,4408.26,33.98,35.12,8.40,9.69,16.95,16.95,26.64,26.64,-25.50,1.21,0.0000,0.0000
13.034208,17.971,4.992,15.26,53.74,84.23,1.5676,23.72,-4.21,2.20,32.28,50.00,0.3000,33.87,53.23,40.21,16.93,16.93,26.61,26.61,4248.84,4248.84,4398.57,4398.57,4282.81,4283.94,4406.95,4408.23,33.96,35.10,8.38,9.66,16.93,16.93,26.61,26.61,-25.51,1.21,0.0000,0.0000
13.034208,17.961,4.989,15.25,53.68,84.14,1.5676,23.70,-4.21,2.20,32.25,50.00,0.3000,33.83,53.17,40.21,16.92,16.92,26.58,26.58,4248.84,4248.84,4398.57,4398.57,4282.79,4283.93,4406.91,4408.20,33.94,35.08,8.34,9.63,16.92,16.92,26.58,26.58,-25.53,1.21,0.0000,0.0000
13.034208,17.951,4.987,15.23,53.62,84.05,1.5676,23.67,-4.20,2.19,32.21,50.00,0.3000,33.80,53.11,40.21,16.90,16.90,26.56,26.56,4248.84,4248.84,4398.57,4398.57,4282.76,4283.92,4406.87,4408.18,33.91,35.08,8.30,9.61,16.90,16.90,26.56,26.56,-25.54,1.24,0.0000,0.0000
13.163013,17.942,4.984,15.21,53.56,83.96,1.5676,23.65,-4.20,2.19,32.18,50.00,0.3000,33.76,53.05,40.21,16.88,16.88,26.53,26.53,4248.84,4248.84,4398.57,4398.57,4282.75,4283.88,4406.88,4408.14,33.91,35.03,8.31,9.57,16.88,16.88,26.53,26.53,-25.53,1.19,0.0000,0.0000
13.163013,17.932,4.981,15.20,53.51,83.87,1.5676,23.62,-4.19,2.19,32.14,50.00,0.3000,33.72,53.00,40.21,16.86,16.86,26.50,26.50,4248.84,4248.84,4398.57,4398.57,4282.72,4283.87,4406.84,4408.12,33.88,35.02,8.27,9.55,16.86,16.86,26.50,26.50,-25.54,1.21,0.0000,0.0000
13.163013,17.923,4.978,15.18,53.45,83.78,1.5676,23.60,-4.19,2.19,32.11,50.00,0.3000,33.69,52.94,40.21,16.84,16.84,26.47,26.47,4248.84,4248.84,4398.57,4398.57,4282.71,4283.84,4406.81,4408.09,33.86,35.00,8.25,9.52,16.84,16.84,26.47,26.47,-25.55,1.20,0.0000,0.0000
13.163013,17.913,4.976,15.16,53.39,83.69,1.5676,23.57,-4.19,2.18,32.07,50.00,0.3000,33.65,52.88,40.21,16.83,16.83,26.44,26.44,4248.84,4248.84,4398.57,4398.57,4282.69,4283.82,4406.79,4408.06,33.84,34.98,8.22,9.49,16.83,16.83,26.44,26.44,-25.55,1.21,0.0000,0.0000
13.163013,17.903,4.973,15.15,53.33,83.60,1.5676,23.55,-4.18,2.18,32.04,50.00,0.3000,33.62,52.83,40.21,16.81,16.81,26.41,26.41,4248.84,4248.84,4398.57,4398.57,4282.67,4283.80,4406.76,4408.04,33.82,34.96,8.19,9.47,16.81,16.81,26.41,26.41,-25.56,1.20,0.0000,0.0000
13.163013,17.894,4.970,15.13,53.28,83.51,1.5676,23.52,-4.18,2.18,32.00,50.00,0.3000,33.58,52.77,40.21,16.79,16.79,26.38,26.38,4248.84,4248.84,4398.57,4398.57,4282.64,4283.78,4406.74,4408.02,33.80,34.93,8.17,9.45,16.79,16.79,26.38,26.38,-25.56,1.21,0.0000,0.0000
13.163013,17.884,4.968,15.12,53.22,83.42,1.5676,23.50,-4.17,2.18,31.97,50.00,0.3000,33.54,52.71,40.21,16.77,16.77,26.36,26.36,4248.84,4248.84,4398.57,4398.57,4282.63,4283.76,4406.71,4407.99,33.78,34.92,8.14,9.42,16.77,16.77,26.36,26.36,-25.57,1.20,0.0000,0.0000
13.163013,17.874,4.965,15.10,53.16,83.33,1.5676,23.47,-4.17,2.17,31.94,50.00,0.3000,33.51,52.66,40.21,16.75,16.75,26.33,26.33,4248.84,4248.84,4398.57,4398.57,4282.61,4283.74,4406.68,4407.96,33.77,34.90,8.11,9.39,16.75,16.75,26.33,26.33,-25.58,1.20,0.0000,0.0000
13.163013,17.865,4.962,15.08,53.10,83.24,1.5676,23.44,-4.16,2.17,31.90,50.00,0.3000,33.47,52.60,40.21,16.74,16.74,26.30,26.30,4248.84,4248.84,4398.57,4398.57,4282.59,4283.73,4406.65,4407.93,33.75,34.88,8.08,9.36,16.74,16.74,26.30,26.30,-25.60,1.21,0.0000,0.0000
13.163013,17.855,4.960,15.07,53.05,83.15,1.5676,23.42,-4.16,2.17,31.87,50.00,0.3000,33.43,52.54,40.21,16.72,16.72,26.27,26.27,4248.84,4248.84,4398.57,4398.57,4282.57,4283.70,4406.63,4407.90,33.73,34.86,8.06,9.33,16.72,16.72,26.27,26.27,-25.60,1.20,0.0000,0.0000
13.163013,17.845,4.957,15.05,52.99,83.06,1.5676,23.39,-4.15,2.17,31.83,50.00,0.3000,33.40,52.49,40.21,16.70,16.70,26.24,26.24,4248.84,4248.84,4398.57,4398.57,4282.55,4283.68,4406.60,4407.88,33.71,34.84,8.03,9.31,16.70,16.70,26.24,26.24,-25.60,1.20,0.0000,0.0000
13.163013,17.836,4.954,15.03,52.93,82.97,1.5676,23.37,-4.15,2.16,31.80,50.00,0.3000,33.36,52.43,40.21,16.68,16.68,26.21,26.21,4248.84,4248.84,4398.57,4398.57,4282.53,4283.66,4406.58,4407.85,33.69,34.82,8.01,9.28,16.68,16.68,26.21,26.21,-25.61,1.20,0.0000,0.0000
13.291265,17.826,4.952,15.02,52.87,82.88,1.5676,23.34,-4.15,2.16,31.76,50.00,0.3000,33.33,52.37,40.21,16.66,16.66,26.19,26.19,4248.84,4248.84,4398.57,4398.57,4282.51,4283.64,4406.55,4407.82,33.67,34.80,7.98,9.25,16.66,16.66,26.19,26.19,-25.62,1.20,0.0000,0.0000
13.291265,17.817,4.949,15.00,52.82,82.79,1.5676,23.32,-4.14,2.16,31.73,50.00,0.3000,33.29,52.32,40.21,16.65,16.65,26.16,26.16,4248.84,4248.84,4398.57,4398.57,4282.49,4283.62,4406.53,4407.80,33.64,34.77,7.96,9.23,16.65,16.65,26.16,26.16,-25.61,1.20,0.0000,0.0000
13.291265,17.807,4.946,14.99,52.76,82.71,1.5676,23.29,-4.14,2.16,31.70,50.00,0.3000,33.25,52.26,40.21,16.63,16.63,26.13,26.13,4248.84,4248.84,4398.57,4398.57,4282.47,4283.60,4406.50,4407.77,33.63,34.75,7.93,9.20,16.63,16.63,26.13,26.13,-25.62,1.20,0.0000,0.0000
13.291265,17.797,4.944,14.97,52.70,82.62,1.5676,23.27,-4.13,2.16,31.66,50.00,0.3000,33.22,52.20,40.21,16.61,16.61,26.10,26.10,4248.84,4248.84,4398.57,4398.57,4282.45,4283.58,4406.48,4407.75,33.60,34.73,7.91,9.18,16.61,16.61,26.10,26.10,-25.62,1.20,0.0000,0.0000
13.291265,17.788,4.941,14.95,52.65,82.53,1.5676,23.24,-4.13,2.15,31.63,50.00,0.3000,33.18,52.15,40.21,16.59,16.59,26.07,26.07,4248.84,4248.84,4398.57,4398.57,4282.43,4283.56,4406.45,4407.72,33.59,34.72,7.88,9.15,16.59,16.59,26.07,26.07,-25.64,1.20,0.0000,0.0000
13.291265,17.778,4.938,14.94,52.59,82.44,1.5676,23.22,-4.12,2.15,31.59,50.00,0.3000,33.15,52.09,40.21,16.57,16.57,26.04,26.04,4248.84,4248.84,4398.57,4398.57,4282.41,4283.54,4406.42,4407.69,33.57,34.70,7.85,9.12,16.57,16.57,26.04,26.04,-25.65,1.20,0.0000,0.0000
13.291265,17.768,4.936,14.92,52.53,82.35,1.5676,23.19,-4.12,2.15,31.56,50.00,0.3000,33.11,52.03,40.21,16.56,16.56,26.02,26.02,4248.84,4248.84,4398.57,4398.57,4282.40,4283.52,4406.39,4407.66,33.55,34.68,7.82,9.09,16.56,16.56,26.02,26.02,-25.66,1.19,0.0000,0.0000
13.291265,17.759,4.933,14.90,52.47,82.26,1.5676,23.17,-4.11,2.15,31.52,50.00,0.3000,33.07,51.98,40.21,16.54,16.54,25.99,25.99,4248.84,4248.84,4398.57,4398.57,4282.37,4283.50,4406.37,4407.64,33.53,34.66,7.80,9.07,16.54,16.54,25.99,25.99,-25.66,1.20,0.0000,0.0000
13.291265,17.749,4.930,14.89,52.42,82.17,1.5676,23.14,-4.11,2.14,31.49,50.00,0.3000,33.04,51.92,40.21,16.52,16.52,25.96,25.96,4248.84,4248.84,4398.57,4398.57,4282.35,4283.48,4406.34,4407.61,33.51,34.64,7.77,9.04,16.52,16.52,25.96,25.96,-25.67,1.19,0.0000,0.0000
13.291265,17.739,4.928,14.87,52.36,82.08,1.5676,23.12,-4.10,2.14,31.46,50.00,0.3000,33.00,51.86,40.21,16.50,16.50,25.93,25.93,4248.84,4248.84,4398.57,4398.57,4282.34,4283.46,4406.32,4407.58,33.49,34.61,7.75,9.01,16.50,16.50,25.93,25.93,-25.67,1.19,0.0000,0.0000
13.291265,17.730,4.925,14.86,52.30,81.99,1.5676,23.09,-4.10,2.14,31.42,50.00,0.3000,32.97,51.81,40.21,16.48,16.48,25.90,25.90,4248.84,4248.84,4398.57,4398.57,4282.32,4283.44,4406.29,4407.55,33.48,34.60,7.72,8.98,16.48,16.48,25.90,25.90,-25.69,1.19,0.0000,0.0000
13.291265,17.720,4.922,14.84,52.25,81.90,1.5676,23.07,-4.10,2.14,31.39,50.00,0.3000,32.93,51.75,40.21,16.47,16.47,25.88,25.88,4248.84,4248.84,4398.57,4398.57,4282.29,4283.42,4406.27,4407.53,33.45,34.57,7.70,8.96,16.47,16.47,25.88,25.88,-25.68,1.19,0.0000,0.0000
13.418266,17.711,4.920,14.82,52.19,81.81,1.5676,23.04,-4.09,2.13,31.35,50.00,0.3000,32.90,51.70,40.21,16.45,16.45,25.85,25.85,4248.84,4248.84,4398.57,4398.57,4282.27,4283.40,4406.24,4407.51,33.43,34.55,7.67,8.94,16.45,16.45,25.85,25.85,-25.68,1.19,0.0000,0.0000
13.418266,17.701,4.917,14.81,52.13,81.72,1.5676,23.02,-4.09,2.13,31.32,50.00,0.3000,32.86,51.64,40.21,16.43,16.43,25.82,25.82,4248.84,4248.84,4398.57,4398.57,4282.25,4283.38,4406.22,4407.48,33.41,34.53,7.65,8.91,16.43,16.43,25.82,25.82,-25.69,1.19,0.0000,0.0000
13.418266,17.691,4.914,14.79,52.08,81.64,1.5676,22.99,-4.08,2.13,31.29,50.00,0.3000,32.82,51.58,40.21,16.41,16.41,25.79,25.79,4248.84,4248.84,4398.57,4398.57,4282.24,4283.36,4406.19,4407.45,33.39,34.52,7.62,8.88,16.41,16.41,25.79,25.79,-25.71,1.19,0.0000,0.0000
13.418266,17.682,4.912,14.78,52.02,81.55,1.5676,22.97,-4.08,2.13,31.25,50.00,0.3000,32.79,51.53,40.21,16.39,16.39,25.76,25.76,4248.84,4248.84,4398.57,4398.57,4282.22,4283.34,4406.16,4407.42,33.38,34.50,7.59,8.85,16.39,16.39,25.76,25.76,-25.72,1.19,0.0000,0.0000
13.418266,17.672,4.909,14.76,51.96,81.46,1.5676,22.94,-4.07,2.13,31.22,50.00,0.3000,32.75,51.47,40.21,16.38,16.38,25.74,25.74,4248.84,4248.84,4398.57,4398.57,4282.20,4283.32,4406.13,4407.39,33.36,34.48,7.56,8.82,16.38,16.38,25.74,25.74,-25.72,1.19,0.0000,0.0000
13.418266,17.663,4.906,14.74,51.91,81.37,1.5676,22.92,-4.07,2.12,31.18,50.00,0.3000,32.72,51.42,40.21,16.36,16.36,25.71,25.71,4248.84,4248.84,4398.57,4398.57,4282.19,4283.29,4406.12,4407.35,33.35,34.44,7.55,8.78,16.36,16.36,25.71,25.71,-25.73,1.16,0.0000,0.0000
13.418266,17.653,4.904,14.73,51.85,81.28,1.5676,22.89,-4.06,2.12,31.15,50.00,0.3000,32.68,51.36,40.21,16.34,16.34,25.68,25.68,4248.84,4248.84,4398.57,4398.57,4282.16,4283.28,4406.08,4407.35,33.31,34.44,7.51,8.78,16.34,16.34,25.68,25.68,-25.73,1.20,0.0000,0.0000
13.418266,17.643,4.901,14.71,51.79,81.19,1.5676,22.87,-4.06,2.12,31.12,50.00,0.3000,32.65,51.30,40.21,16.32,16.32,25.65,25.65,4248.84,4248.84,4398.57,4398.57,4282.16,4283.25,4406.08,4407.30,33.31,34.40,7.51,8.73,16.32,16.32,25.65,25.65,-25.74,1.16,0.0000,0.0000
13.418266,17.634,4.898,14.70,51.74,81.10,1.5676,22.84,-4.06,2.12,31.08,50.00,0.3000,32.61,51.25,40.21,16.31,16.31,25.62,25.62,4248.84,4248.84,4398.57,4398.57,4282.12,4283.25,4406.02,4407.29,33.28,34.41,7.45,8.72,16.31,16.31,25.62,25.62,-25.75,1.20,0.0000,0.0000
13.418266,17.624,4.896,14.68,51.68,81.02,1.5676,22.82,-4.05,2.11,31.05,50.00,0.3000,32.58,51.19,40.21,16.29,16.29,25.60,25.60,4248.84,4248.84,4398.57,4398.57,4282.11,4283.21,4406.02,4407.26,33.26,34.37,7.45,8.69,16.29,16.29,25.60,25.60,-25.75,1.17,0.0000,0.0000
13.418266,17.614,4.893,14.66,51.62,80.93,1.5676,22.79,-4.05,2.11,31.01,50.00,0.3000,32.54,51.14,40.21,16.27,16.27,25.57,25.57,4248.84,4248.84,4398.57,4398.57,4282.09,4283.19,4406.00,4407.23,33.25,34.34,7.43,8.66,16.27,16.27,25.57,25.57,-25.75,1.16,0.0000,0.0000
13.418266,17.605,4.890,14.65,51.57,80.84,1.5676,22.77,-4.04,2.11,30.98,50.00,0.3000,32.50,51.08,40.21,16.25,16.25,25.54,25.54,4248.84,4248.84,4398.57,4398.57,4282.06,4283.18,4405.96,4407.22,33.21,34.33,7.39,8.65,16.25,16.25,25.54,25.54,-25.75,1.19,0.0000,0.0000
13.547992,17.595,4.888,14.63,51.51,80.75,1.5676,22.74,-4.04,2.11,30.95,50.00,0.3000,32.47,51.02,40.21,16.23,16.23,25.51,25.51,4248.84,4248.84,4398.57,4398.57,4282.06,4283.14,4405.95,4407.17,33.22,34.30,7.38,8.59,16.23,16.23,25.51,25.51,-25.77,1.15,0.0000,0.0000
13.547992,17.586,4.885,14.62,51.46,80.66,1.5676,22.72,-4.03,2.10,30.91,50.00,0.3000,32.43,50.97,40.21,16.22,16.22,25.48,25.48,4248.84,4248.84,4398.57,4398.57,4282.02,4283.15,4405.90,4407.16,33.18,34.30,7.33,8.59,16.22,16.22,25.48,25.48,-25.78,1.19,0.0000,0.0000
13.547992,17.576,4.882,14.60,51.40,80.57,1.5676,22.69,-4.03,2.10,30.88,50.00,0.3000,32.40,50.91,40.21,16.20,16.20,25.46,25.46,4248.84,4248.84,4398.57,4398.57,4282.03,4283.10,4405.90,4407.10,33.19,34.26,7.33,8.53,16.20,16.20,25.46,25.46,-25.79,1.14,0.0000,0.0000
13.547992,17.566,4.880,14.58,51.34,80.49,1.5676,22.67,-4.03,2.10,30.85,50.00,0.3000,32.36,50.86,40.21,16.18,16.18,25.43,25.43,4248.84,4248.84,4398.57,4398.57,4282.00,4283.10,4405.86,4407.10,33.15,34.25,7.29,8.53,16.18,16.18,25.43,25.43,-25.79,1.17,0.0000,0.0000
13.547992,17.557,4.877,14.57,51.29,80.40,1.5676,22.64,-4.02,2.10,30.81,50.00,0.3000,32.33,50.80,40.21,16.16,16.16,25.40,25.40,4248.84,4248.84,4398.57,4398.57,4281.97,4283.08,4405.83,4407.08,33.13,34.24,7.26,8.51,16.16,16.16,25.40,25.40,-25.80,1.18,0.0000,0.0000
13.547992,17.547,4.874,14.55,51.23,80.31,1.5676,22.62,-4.02,2.10,30.78,50.00,0.3000,32.29,50.75,40.21,16.15,16.15,25.37,25.37,4248.84,4248.84,4398.57,4398.57,4281.97,4283.05,4405.82,4407.03,33.12,34.20,7.25,8.46,16.15,16.15,25.37,25.37,-25.81,1.15,0.0000,0.0000
13.547992,17.538,4.872,14.54,51.17,80.22,1.5676,22.59,-4.01,2.09,30.74,50.00,0.3000,32.26,50.69,40.21,16.13,16.13,25.35,25.35,4248.84,4248.84,4398.57,4398.57,4281.94,4283.03,4405.79,4407.01,33.10,34.19,7.22,8.44,16.13,16.13,25.35,25.35,-25.81,1.16,0.0000,0.0000
13.547992,17.528,4.869,14.52,51.12,80.13,1.5676,22.57,-4.01,2.09,30.71,50.00,0.3000,32.22,50.64,40.21,16.11,16.11,25.32,25.32,4248.84,4248.84,4398.57,4398.57,4281.92,4283.01,4405.77,4406.99,33.08,34.16,7.20,8.42,16.11,16.11,25.32,25.32,-25.81,1.15,0.0000,0.0000
13.547992,17.518,4.866,14.50,51.06,80.05,1.5676,22.54,-4.00,2.09,30.68,50.00,0.3000,32.19,50.58,40.21,16.09,16.09,25.29,25.29,4248.84,4248.84,4398.57,4398.57,4281.90,4282.99,4405.74,4406.96,33.06,34.14,7.17,8.39,16.09,16.09,25.29,25.29,-25.82,1.15,0.0000,0.0000
13.547992,17.509,4.864,14.49,51.01,79.96,1.5676,22.52,-4.00,2.09,30.64,50.00,0.3000,32.15,50.52,40.21,16.08,16.08,25.26,25.26,4248.84,4248.84,4398.57,4398.57,4281.87,4282.98,4405.70,4406.95,33.03,34.14,7.13,8.38,16.08,16.08,25.26,25.26,-25.82,1.18,0.0000,0.0000
13.547992,17.499,4.861,14.47,50.95,79.87,1.5676,22.49,-3.99,2.08,30.61,50.00,0.3000,32.12,50.47,40.21,16.06,16.06,25.23,25.23,4248.84,4248.84,4398.57,4398.57,4281.88,4282.94,4405.70,4406.90,33.03,34.10,7.13,8.33,16.06,16.06,25.23,25.23,-25.84,1.13,0.0000,0.0000
13.547992,17.490,4.858,14.46,50.89,79.78,1.5676,22.47,-3.99,2.08,30.58,50.00,0.3000,32.08,50.41,40.21,16.04,16.04,25.21,25.21,4248.84,4248.84,4398.57,4398.57,4281.84,4282.93,4405.66,4406.89,33.00,34.09,7.09,8.31,16.04,16.04,25.21,25.21,-25.84,1.16,0.0000,0.0000
13.662711,17.480,4.856,14.44,50.84,79.70,1.5676,22.44,-3.99,2.08,30.54,50.00,0.3000,32.04,50.36,40.21,16.02,16.02,25.18,25.18,4248.84,4248.84,4398.57,4398.57,4281.84,4282.91,4405.64,4406.85,32.99,34.07,7.07,8.28,16.02,16.02,25.18,25.18,-25.86,1.14,0.0000,0.0000
13.662711,17.470,4.853,14.42,50.78,79.61,1.5677,22.42,-3.98,2.08,30.51,50.00,0.3000,32.01,50.30,40.21,16.00,16.00,25.15,25.15,4248.84,4248.84,4398.57,4398.57,4281.81,4282.89,4405.61,4406.83,32.97,34.04,7.05,8.26,16.00,16.00,25.15,25.15,-25.86,1.14,0.0000,0.0000
13.662711,17.461,4.850,14.41,50.73,79.52,1.5677,22.39,-3.98,2.07,30.48,50.00,0.3000,31.97,50.25,40.21,15.99,15.99,25.12,25.12,4248.84,4248.84,4398.57,4398.57,4281.78,4282.88,4405.57,4406.82,32.93,34.04,7.00,8.25,15.99,15.99,25.12,25.12,-25.86,1.17,0.0000,0.0000
13.662711,17.451,4.848,14.39,50.67,79.43,1.5677,22.37,-3.97,2.07,30.44,50.00,0.3000,31.94,50.19,40.21,15.97,15.97,25.10,25.10,4248.84,4248.84,4398.57,4398.57,4281.78,4282.84,4405.57,4406.77,32.94,34.00,7.00,8.20,15.97,15.97,25.10,25.10,-25.87,1.13,0.0000,0.0000
13.662711,17.442,4.845,14.38,50.62,79.35,1.5677,22.34,-3.97,2.07,30.41,50.00,0.3000,31.90,50.14,40.21,15.95,15.95,25.07,25.07,4248.84,4248.84,4398.57,4398.57,4281.75,4282.84,4405.53,4406.75,32.91,33.99,6.96,8.18,15.95,15.95,25.07,25.07,-25.88,1.15,0.0000,0.0000
13.662711,17.432,4.842,14.36,50.56,79.26,1.5677,22.32,-3.96,2.07,30.37,50.00,0.3000,31.87,50.08,40.21,15.93,15.93,25.04,25.04,4248.84,4248.84,4398.57,4398.57,4281.73,4282.81,4405.52,4406.72,32.89,33.96,6.95,8.15,15.93,15.93,25.04,25.04,-25.88,1.14,0.0000,0.0000
13.662711,17.422,4.840,14.35,50.50,79.17,1.5677,22.30,-3.96,2.07,30.34,50.00,0.3000,31.83,50.03,40.21,15.92,15.92,25.01,25.01,4248.84,4248.84,4398.57,4398.57,4281.71,4282.79,4405.49,4406.70,32.87,33.95,6.92,8.13,15.92,15.92,25.01,25.01,-25.89,1.15,0.0000,0.0000
13.662711,17.413,4.837,14.33,50.45,79.09,1.5677,22.27,-3.96,2.06,30.31,50.00,0.3000,31.80,49.97,40.21,15.90,15.90,24.99,24.99,4248.84,4248.84,4398.57,4398.57,4281.70,4282.77,4405.47,4406.67,32.85,33.92,6.90,8.10,15.90,15.90,24.99,24.99,-25.89,1.13,0.0000,0.0000
13.662711,17.403,4.834,14.31,50.39,79.00,1.5677,22.25,-3.95,2.06,30.27,50.00,0.3000,31.76,49.92,40.21,15.88,15.88,24.96,24.96,4248.84,4248.84,4398.57,4398.57,4281.67,4282.76,4405.43,4406.65,32.83,33.91,6.86,8.08,15.88,15.88,24.96,24.96,-25.90,1.15,0.0000,0.0000
13.662711,17.394,4.832,14.30,50.34,78.91,1.5677,22.22,-3.95,2.06,30.24,50.00,0.3000,31.73,49.86,40.21,15.86,15.86,24.93,24.93,4248.84,4248.84,4398.57,4398.57,4281.66,4282.73,4405.41,4406.62,32.82,33.89,6.84,8.05,15.86,15.86,24.93,24.93,-25.91,1.14,0.0000,0.0000
13.662711,17.384,4.829,14.28,50.28,78.82,1.5677,22.20,-3.94,2.06,30.21,50.00,0.3000,31.69,49.81,40.21,15.85,15.85,24.90,24.90,4248.84,4248.84,4398.57,4398.57,4281.64,4282.72,4405.38,4406.59,32.80,33.88,6.81,8.02,15.85,15.85,24.90,24.90,-25.92,1.14,0.0000,0.0000
13.662711,17.374,4.826,14.27,50.23,78.74,1.5677,22.17,-3.94,2.05,30.17,50.00,0.3000,31.66,49.75,40.21,15.83,15.83,24.88,24.88,4248.84,4248.84,4398.57,4398.57,4281.62,4282.69,4405.36,4406.56,32.78,33.85,6.79,7.99,15.83,15.83,24.88,24.88,-25.92,1.13,0.0000,0.0000
13.773923,17.365,4.824,14.25,50.17,78.65,1.5677,22.15,-3.93,2.05,30.14,50.00,0.3000,31.62,49.70,40.21,15.81,15.81,24.85,24.85,4248.84,4248.84,4398.57,4398.57,4281.60,4282.67,4405.33,4406.54,32.76,33.83,6.77,7.97,15.81,15.81,24.85,24.85,-25.93,1.14,0.0000,0.0000
13.773923,17.355,4.821,14.24,50.11,78.56,1.5677,22.12,-3.93,2.05,30.11,50.00,0.3000,31.59,49.64,40.21,15.79,15.79,24.82,24.82,4248.84,4248.84,4398.57,4398.57,4281.58,4282.66,4405.31,4406.51,32.74,33.81,6.74,7.94,15.79,15.79,24.82,24.82,-25.94,1.14,0.0000,0.0000
13.773923,17.346,4.818,14.22,50.06,78.48,1.5677,22.10,-3.92,2.05,30.08,50.00,0.3000,31.55,49.59,40.21,15.78,15.78,24.79,24.79,4248.84,4248.84,4398.57,4398.57,4281.57,4282.64,4405.28,4406.49,32.72,33.79,6.71,7.92,15.78,15.78,24.79,24.79,-25.94,1.14,0.0000,0.0000
13.773923,17.336,4.816,14.20,50.00,78.39,1.5677,22.07,-3.92,2.05,30.04,50.00,0.3000,31.52,49.53,40.21,15.76,15.76,24.77,24.77,4248.84,4248.84,4398.57,4398.57,4281.54,4282.61,4405.26,4406.46,32.70,33.77,6.69,7.89,15.76,15.76,24.77,24.77,-25.94,1.14,0.0000,0.0000
13.773923,17.327,4.813,14.19,49.95,78.30,1.5677,22.05,-3.92,2.04,30.01,50.00,0.3000,31.48,49.48,40.21,15.74,15.74,24.74,24.74,4248.84,4248.84,4398.57,4398.57,4281.52,4282.59,4405.24,4406.44,32.68,33.75,6.67,7.87,15.74,15.74,24.74,24.74,-25.94,1.14,0.0000,0.0000
13.773923,17.317,4.810,14.17,49.89,78.22,1.5677,22.03,-3.91,2.04,29.98,50.00,0.3000,31.45,49.42,40.21,15.72,15.72,24.71,24.71,4248.84,4248.84,4398.57,4398.57,4281.51,4282.57,4405.21,4406.41,32.66,33.73,6.64,7.84,15.72,15.72,24.71,24.71,-25.96,1.13,0.0000,0.0000
13.773923,17.307,4.808,14.16,49.84,78.13,1.5677,22.00,-3.91,2.04,29.94,50.00,0.3000,31.41,49.37,40.21,15.71,15.71,24.68,24.68,4248.84,4248.84,4398.57,4398.57,4281.49,4282.56,4405.18,4406.38,32.65,33.71,6.61,7.81,15.71,15.71,24.68,24.68,-25.97,1.13,0.0000,0.0000
13.773923,17.298,4.805,14.14,49.78,78.04,1.5677,21.98,-3.90,2.04,29.91,50.00,0.3000,31.38,49.31,40.21,15.69,15.69,24.66,24.66,4248.84,4248.84,4398.57,4398.57,4281.47,4282.54,4405.15,4406.35,32.63,33.70,6.58,7.78,15.69,15.69,24.66,24.66,-25.98,1.14,0.0000,0.0000
13.773923,17.288,4.802,14.13,49.73,77.96,1.5677,21.95,-3.90,2.03,29.88,50.00,0.3000,31.35,49.26,40.21,15.67,15.67,24.63,24.63,4248.84,4248.84,4398.57,4398.57,4281.46,4282.52,4405.13,4406.33,32.61,33.68,6.56,7.76,15.67,15.67,24.63,24.63,-25.99,1.13,0.0000,0.0000
13.773923,17.279,4.800,14.11,49.67,77.87,1.5677,21.93,-3.89,2.03,29.84,50.00,0.3000,31.31,49.20,40.21,15.66,15.66,24.60,24.60,4248.84,4248.84,4398.57,4398.57,4281.43,4282.50,4405.11,4406.31,32.59,33.65,6.54,7.74,15.66,15.66,24.60,24.60,-25.98,1.13,0.0000,0.0000
13.773923,17.269,4.797,14.09,49.62,77.79,1.5677,21.90,-3.89,2.03,29.81,50.00,0.3000,31.28,49.15,40.21,15.64,15.64,24.58,24.58,4248.84,4248.84,4398.57,4398.57,4281.41,4282.48,4405.08,4406.28,32.57,33.63,6.51,7.71,15.64,15.64,24.58,24.58,-25.99,1.13,0.0000,0.0000
13.773923,17.260,4.794,14.08,49.56,77.70,1.5677,21.88,-3.89,2.03,29.78,50.00,0.3000,31.24,49.10,40.21,15.62,15.62,24.55,24.55,4248.84,4248.84,4398.57,4398.57,4281.39,4282.46,4405.06,4406.26,32.55,33.61,6.49,7.69,15.62,15.62,24.55,24.55,-26.00,1.13,0.0000,0.0000
13.932018,17.250,4.792,14.06,49.51,77.61,1.5677,21.86,-3.88,2.03,29.74,50.00,0.3000,31.21,49.04,40.21,15.60,15.60,24.52,24.52,4248.84,4248.84,4398.57,4398.57,4281.39,4282.42,4405.05,4406.22,32.54,33.58,6.48,7.65,15.60,15.60,24.52,24.52,-26.00,1.10,0.0000,0.0000
13.932018,17.240,4.789,14.05,49.45,77.53,1.5677,21.83,-3.88,2.02,29.71,50.00,0.3000,31.17,48.99,40.21,15.59,15.59,24.49,24.49,4248.84,4248.84,4398.57,4398.57,4281.35,4282.42,4405.00,4406.21,32.51,33.58,6.43,7.64,15.59,15.59,24.49,24.49,-26.01,1.14,0.0000,0.0000
13.932018,17.231,4.786,14.03,49.40,77.44,1.5677,21.81,-3.87,2.02,29.68,50.00,0.3000,31.14,48.93,40.21,15.57,15.57,24.47,24.47,4248.84,4248.84,4398.57,4398.57,4281.34,4282.40,4404.99,4406.17,32.50,33.55,6.42,7.60,15.57,15.57,24.47,24.47,-26.01,1.12,0.0000,0.0000
13.932018,17.221,4.784,14.02,49.34,77.35,1.5677,21.78,-3.87,2.02,29.64,50.00,0.3000,31.10,48.88,40.21,15.55,15.55,24.44,24.44,4248.84,4248.84,4398.57,4398.57,4281.33,4282.37,4404.97,4406.14,32.49,33.53,6.40,7.57,15.55,15.55,24.44,24.44,-26.02,1.10,0.0000,0.0000
13.932018,17.212,4.781,14.00,49.29,77.27,1.5677,21.76,-3.86,2.02,29.61,50.00,0.3000,31.07,48.82,40.21,15.53,15.53,24.41,24.41,4248.84,4248.84,4398.57,4398.57,4281.30,4282.37,4404.93,4406.13,32.45,33.52,6.36,7.56,15.53,15.53,24.41,24.41,-26.03,1.13,0.0000,0.0000
13.932018,17.202,4.778,13.99,49.23,77.18,1.5677,21.73,-3.86,2.01,29.58,50.00,0.3000,31.03,48.77,40.21,15.52,15.52,24.38,24.38,4248.84,4248.84,4398.57,4398.57,4281.29,4282.34,4404.91,4406.10,32.44,33.50,6.34,7.52,15.52,15.52,24.38,24.38,-26.04,1.12,0.0000,0.0000
13.932018,17.193,4.776,13.97,49.18,77.10,1.5677,21.71,-3.86,2.01,29.55,50.00,0.3000,31.00,48.72,40.21,15.50,15.50,24.36,24.36,4248.84,4248.84,4398.57,4398.57,4281.28,4282.31,4404.89,4406.06,32.43,33.47,6.32,7.49,15.50,15.50,24.36,24.36,-26.05,1.10,0.0000,0.0000
13.932018,17.183,4.773,13.95,49.12,77.01,1.5677,21.69,-3.85,2.01,29.51,50.00,0.3000,30.96,48.66,40.21,15.48,15.48,24.33,24.33,4248.84,4248.84,4398.57,4398.57,4281.24,4282.31,4404.85,4406.05,32.40,33.47,6.28,7.48,15.48,15.48,24.33,24.33,-26.05,1.14,0.0000,0.0000
13.932018,17.173,4.770,13.94,49.07,76.93,1.5677,21.66,-3.85,2.01,29.48,50.00,0.3000,30.93,48.61,40.21,15.47,15.47,24.30,24.30,4248.84,4248.84,4398.57,4398.57,4281.25,4282.27,4404.85,4406.00,32.40,33.42,6.28,7.43,15.47,15.47,24.30,24.30,-26.06,1.08,0.0000,0.0000
13.932018,17.164,4.768,13.92,49.01,76.84,1.5677,21.64,-3.84,2.00,29.45,50.00,0.3000,30.90,48.55,40.21,15.45,15.45,24.28,24.28,4248.84,4248.84,4398.57,4398.57,4281.20,4282.27,4404.80,4406.00,32.36,33.43,6.23,7.43,15.45,15.45,24.28,24.28,-26.06,1.14,0.0000,0.0000
13.932018,17.154,4.765,13.91,48.96,76.75,1.5677,21.61,-3.84,2.00,29.41,50.00,0.3000,30.86,48.50,40.21,15.43,15.43,24.25,24.25,4248.84,4248.84,4398.57,4398.57,4281.21,4282.23,4404.80,4405.95,32.36,33.38,6.23,7.38,15.43,15.43,24.25,24.25,-26.07,1.08,0.0000,0.0000
13.932018,17.145,4.762,13.89,48.90,76.67,1.5677,21.59,-3.83,2.00,29.38,50.00,0.3000,30.83,48.44,40.21,15.41,15.41,24.22,24.22,4248.84,4248.84,4398.57,4398.57,4281.17,4282.22,4404.77,4405.94,32.33,33.37,6.20,7.37,15.41,15.41,24.22,24.22,-26.07,1.11,0.0000,0.0000
14.058599,17.135,4.760,13.88,48.85,76.58,1.5677,21.56,-3.83,2.00,29.35,50.00,0.3000,30.79,48.39,40.21,15.40,15.40,24.20,24.20,4248.84,4248.84,4398.57,4398.57,4281.15,4282.21,4404.73,4405.92,32.31,33.36,6.16,7.35,15.40,15.40,24.20,24.20,-26.08,1.12,0.0000,0.0000
14.058599,17.126,4.757,13.86,48.80,76.50,1.5677,21.54,-3.83,2.00,29.32,50.00,0.3000,30.76,48.34,40.21,15.38,15.38,24.17,24.17,4248.84,4248.84,4398.57,4398.57,4281.15,4282.17,4404.73,4405.88,32.30,33.32,6.16,7.31,15.38,15.38,24.17,24.17,-26.08,1.08,0.0000,0.0000
14.058599,17.116,4.754,13.85,48.74,76.41,1.5677,21.52,-3.82,1.99,29.28,50.00,0.3000,30.72,48.28,40.21,15.36,15.36,24.14,24.14,4248.84,4248.84,4398.57,4398.57,4281.12,4282.16,4404.69,4405.86,32.28,33.32,6.12,7.29,15.36,15.36,24.14,24.14,-26.09,1.11,0.0000,0.0000
14.058599,17.106,4.752,13.83,48.69,76.33,1.5677,21.49,-3.82,1.99,29.25,50.00,0.3000,30.69,48.23,40.21,15.34,15.34,24.11,24.11,4248.84,4248.84,4398.57,4398.57,4281.10,4282.15,4404.66,4405.84,32.25,33.30,6.09,7.27,15.34,15.34,24.11,24.11,-26.10,1.11,0.0000,0.0000
14.058599,17.097,4.749,13.81,48.63,76.24,1.5677,21.47,-3.81,1.99,29.22,50.00,0.3000,30.66,48.17,40.21,15.33,15.33,24.09,24.09,4248.84,4248.84,4398.57,4398.57,4281.10,4282.12,4404.65,4405.80,32.25,33.27,6.08,7.23,15.33,15.33,24.09,24.09,-26.11,1.08,0.0000,0.0000
14.058599,17.087,4.746,13.80,48.58,76.16,1.5677,21.44,-3.81,1.99,29.19,50.00,0.3000,30.62,48.12,40.21,15.31,15.31,24.06,24.06,4248.84,4248.84,4398.57,4398.57,4281.07,4282.10,4404.62,4405.78,32.22,33.26,6.05,7.21,15.31,15.31,24.06,24.06,-26.11,1.10,0.0000,0.0000
14.058599,17.078,4.744,13.78,48.52,76.07,1.5677,21.42,-3.80,1.98,29.15,50.00,0.3000,30.59,48.07,40.21,15.29,15.29,24.03,24.03,4248.84,4248.84,4398.57,4398.57,4281.04,4282.09,4404.58,4405.77,32.20,33.25,6.01,7.20,15.29,15.29,24.03,24.03,-26.12,1.12,0.0000,0.0000
14.058599,17.068,4.741,13.77,48.47,75.99,1.5677,21.40,-3.80,1.98,29.12,50.00,0.3000,30.55,48.01,40.21,15.28,15.28,24.01,24.01,4248.84,4248.84,4398.57,4398.57,4281.04,4282.05,4404.58,4405.72,32.20,33.21,6.01,7.15,15.28,15.28,24.01,24.01,-26.12,1.07,0.0000,0.0000
14.058599,17.059,4.739,13.75,48.41,75.90,1.5677,21.37,-3.80,1.98,29.09,50.00,0.3000,30.52,47.96,40.21,15.26,15.26,23.98,23.98,4248.84,4248.84,4398.57,4398.57,4281.01,4282.05,4404.54,4405.71,32.17,33.20,5.97,7.14,15.26,15.26,23.98,23.98,-26.13,1.10,0.0000,0.0000
14.058599,17.049,4.736,13.74,48.36,75.82,1.5677,21.35,-3.79,1.98,29.06,50.00,0.3000,30.48,47.91,40.21,15.24,15.24,23.95,23.95,4248.84,4248.84,4398.57,4398.57,4280.99,4282.03,4404.51,4405.69,32.14,33.19,5.94,7.12,15.24,15.24,23.95,23.95,-26.13,1.11,0.0000,0.0000
14.058599,17.040,4.733,13.72,48.31,75.73,1.5677,21.32,-3.79,1.98,29.02,50.00,0.3000,30.45,47.85,40.21,15.23,15.23,23.93,23.93,4248.84,4248.84,4398.57,4398.57,4280.98,4282.00,4404.50,4405.65,32.13,33.15,5.93,7.08,15.23,15.23,23.93,23.93,-26.14,1.08,0.0000,0.0000
14.058599,17.030,4.731,13.71,48.25,75.65,1.5677,21.30,-3.78,1.97,28.99,50.00,0.3000,30.42,47.80,40.21,15.21,15.21,23.90,23.90,4248.84,4248.84,4398.57,4398.57,4280.96,4281.98,4404.47,4405.63,32.11,33.14,5.90,7.06,15.21,15.21,23.90,23.90,-26.15,1.09,0.0000,0.0000
14.189140,17.020,4.728,13.69,48.20,75.56,1.5677,21.28,-3.78,1.97,28.96,50.00,0.3000,30.38,47.75,40.21,15.19,15.19,23.87,23.87,4248.84,4248.84,4398.57,4398.57,4280.93,4281.98,4404.43,4405.61,32.09,33.13,5.86,7.04,15.19,15.19,23.87,23.87,-26.16,1.11,0.0000,0.0000
14.189140,17.011,4.725,13.68,48.14,75.48,1.5677,21.25,-3.77,1.97,28.93,50.00,0.3000,30.35,47.69,40.21,15.17,15.17,23.85,23.85,4248.84,4248.84,4398.57,4398.57,4280.93,4281.94,4404.43,4405.57,32.08,33.10,5.86,7.00,15.17,15.17,23.85,23.85,-26.16,1.07,0.0000,0.0000
14.189140,17.001,4.723,13.66,48.09,75.39,1.5677,21.23,-3.77,1.97,28.89,50.00,0.3000,30.31,47.64,40.21,15.16,15.16,23.82,23.82,4248.84,4248.84,4398.57,4398.57,4280.90,4281.94,4404.39,4405.55,32.06,33.09,5.82,6.98,15.16,15.16,23.82,23.82,-26.17,1.10,0.0000,0.0000
14.189140,16.992,4.720,13.65,48.04,75.31,1.5677,21.20,-3.77,1.96,28.86,50.00,0.3000,30.28,47.58,40.21,15.14,15.14,23.79,23.79,4248.84,4248.84,4398.57,4398.57,4280.89,4281.91,4404.37,4405.52,32.04,33.06,5.81,6.95,15.14,15.14,23.79,23.79,-26.18,1.08,0.0000,0.0000
14.189140,16.982,4.717,13.63,47.98,75.22,1.5677,21.18,-3.76,1.96,28.83,50.00,0.3000,30.25,47.53,40.21,15.12,15.12,23.77,23.77,4248.84,4248.84,4398.57,4398.57,4280.87,4281.89,4404.35,4405.50,32.02,33.05,5.78,6.93,15.12,15.12,23.77,23.77,-26.18,1.09,0.0000,0.0000
14.189140,16.973,4.715,13.61,47.93,75.14,1.5677,21.16,-3.76,1.96,28.80,50.00,0.3000,30.21,47.48,40.21,15.11,15.11,23.74,23.74,4248.84,4248.84,4398.57,4398.57,4280.85,4281.87,4404.33,4405.47,32.01,33.02,5.76,6.90,15.11,15.11,23.74,23.74,-26.19,1.08,0.0000,0.0000
14.189140,16.963,4.712,13.60,47.87,75.05,1.5677,21.13,-3.75,1.96,28.76,50.00,0.3000,30.18,47.42,40.21,15.09,15.09,23.71,23.71,4248.84,4248.84,4398.57,4398.57,4280.83,4281.85,4404.30,4405.45,31.99,33.01,5.73,6.88,15.09,15.09,23.71,23.71,-26.19,1.09,0.0000,0.0000
14.189140,16.954,4.709,13.58,47.82,74.97,1.5677,21.11,-3.75,1.96,28.73,50.00,0.3000,30.14,47.37,40.21,15.07,15.07,23.69,23.69,4248.84,4248.84,4398.57,4398.57,4280.81,4281.83,4404.28,4405.42,31.97,32.98,5.71,6.85,15.07,15.07,23.69,23.69,-26.20,1.08,0.0000,0.0000
14.189140,16.944,4.707,13.57,47.77,74.88,1.5677,21.09,-3.74,1.95,28.70,50.00,0.3000,30.11,47.32,40.21,15.05,15.05,23.66,23.66,4248.84,4248.84,4398.57,4398.57,4280.79,4281.81,4404.25,4405.40,31.95,32.97,5.68,6.83,15.05,15.05,23.66,23.66,-26.20,1.08,0.0000,0.0000
14.189140,16.935,4.704,13.55,47.71,74.80,1.5677,21.06,-3.74,1.95,28.67,50.00,0.3000,30.08,47.26,40.21,15.04,15.04,23.63,23.63,4248.84,4248.84,4398.57,4398.57,4280.78,4281.79,4404.23,4405.37,31.93,32.95,5.66,6.80,15.04,15.04,23.63,23.63,-26.21,1.08,0.0000,0.0000
14.189140,16.925,4.701,13.54,47.66,74.72,1.5677,21.04,-3.74,1.95,28.63,50.00,0.3000,30.04,47.21,40.21,15.02,15.02,23.61,23.61,4248.84,4248.84,4398.57,4398.57,4280.76,4281.77,4404.20,4405.35,31.91,32.93,5.63,6.78,15.02,15.02,23.61,23.61,-26.22,1.08,0.0000,0.0000
14.189140,16.915,4.699,13.52,47.60,74.63,1.5677,21.01,-3.73,1.95,28.60,50.00,0.3000,30.01,47.16,40.21,15.00,15.00,23.58,23.58,4248.84,4248.84,4398.57,4398.57,4280.74,4281.75,4404.18,4405.32,31.90,32.91,5.61,6.75,15.00,15.00,23.58,23.58,-26.22,1.07,0.0000,0.0000
14.321806,16.906,4.696,13.51,47.55,74.55,1.5677,20.99,-3.73,1.95,28.57,50.00,0.3000,29.97,47.10,40.21,14.99,14.99,23.55,23.55,4248.84,4248.84,4398.57,4398.57,4280.72,4281.74,4404.15,4405.30,31.88,32.90,5.58,6.73,14.99,14.99,23.55,23.55,-26.24,1.08,0.0000,0.0000
14.321806,16.896,4.693,13.49,47.50,74.46,1.5677,20.97,-3.72,1.94,28.54,50.00,0.3000,29.94,47.05,40.21,14.97,14.97,23.53,23.53,4248.84,4248.84,4398.57,4398.57,4280.71,4281.72,4404.13,4405.27,31.86,32.87,5.56,6.70,14.97,14.97,23.53,23.53,-26.24,1.07,0.0000,0.0000
14.321806,16.887,4.691,13.48,47.44,74.38,1.5677,20.94,-3.72,1.94,28.50,50.00,0.3000,29.91,47.00,40.21,14.95,14.95,23.50,23.50,4248.84,4248.84,4398.57,4398.57,4280.68,4281.70,4404.10,4405.25,31.84,32.86,5.53,6.68,14.95,14.95,23.50,23.50,-26.24,1.08,0.0000,0.0000
14.321806,16.877,4.688,13.46,47.39,74.30,1.5677,20.92,-3.72,1.94,28.47,50.00,0.3000,29.87,46.95,40.21,14.94,14.94,23.47,23.47,4248.84,4248.84,4398.57,4398.57,4280.67,4281.68,4404.08,4405.22,31.83,32.83,5.51,6.65,14.94,14.94,23.47,23.47,-26.25,1.07,0.0000,0.0000
14.321806,16.868,4.685,13.45,47.34,74.21,1.5678,20.90,-3.71,1.94,28.44,50.00,0.3000,29.84,46.89,40.21,14.92,14.92,23.45,23.45,4248.84,4248.84,4398.57,4398.57,4280.65,4281.66,4404.06,4405.20,31.80,32.82,5.49,6.63,14.92,14.92,23.45,23.45,-26.25,1.08,0.0000,0.0000
14.321806,16.858,4.683,13.43,47.28,74.13,1.5678,20.87,-3.71,1.93,28.41,50.00,0.3000,29.81,46.84,40.21,14.90,14.90,23.42,23.42,4248.84,4248.84,4398.57,4398.57,4280.63,4281.64,4404.03,4405.17,31.78,32.80,5.46,6.60,14.90,14.90,23.42,23.42,-26.26,1.07,0.0000,0.0000
14.321806,16.849,4.680,13.42,47.23,74.04,1.5678,20.85,-3.70,1.93,28.38,50.00,0.3000,29.77,46.79,40.21,14.89,14.89,23.39,23.39,4248.84,4248.84,4398.57,4398.57,4280.62,4281.61,4404.02,4405.13,31.78,32.77,5.45,6.56,14.89,14.89,23.39,23.39,-26.26,1.05,0.0000,0.0000
14.321806,16.839,4.678,13.40,47.18,73.96,1.5678,20.82,-3.70,1.93,28.34,50.00,0.3000,29.74,46.73,40.21,14.87,14.87,23.37,23.37,4248.84,4248.84,4398.57,4398.57,4280.59,4281.60,4403.98,4405.13,31.74,32.76,5.41,6.56,14.87,14.87,23.37,23.37,-26.27,1.08,0.0000,0.0000
14.321806,16.830,4.675,13.39,47.12,73.88,1.5678,20.80,-3.69,1.93,28.31,50.00,0.3000,29.70,46.68,40.21,14.85,14.85,23.34,23.34,4248.84,4248.84,4398.57,4398.57,4280.58,4281.58,4403.96,4405.09,31.73,32.74,5.39,6.52,14.85,14.85,23.34,23.34,-26.28,1.07,0.0000,0.0000
14.321806,16.820,4.672,13.37,47.07,73.79,1.5678,20.78,-3.69,1.93,28.28,50.00,0.3000,29.67,46.63,40.21,14.84,14.84,23.31,23.31,4248.84,4248.84,4398.57,4398.57,4280.56,4281.57,4403.93,4405.07,31.71,32.72,5.36,6.50,14.84,14.84,23.31,23.31,-26.29,1.07,0.0000,0.0000
14.321806,16.811,4.670,13.36,47.02,73.71,1.5678,20.75,-3.69,1.92,28.25,50.00,0.3000,29.64,46.57,40.21,14.82,14.82,23.29,23.29,4248.84,4248.84,4398.57,4398.57,4280.56,4281.54,4403.92,4405.02,31.71,32.69,5.35,6.45,14.82,14.82,23.29,23.29,-26.30,1.04,0.0000,0.0000
14.321806,16.801,4.667,13.34,46.96,73.63,1.5678,20.73,-3.68,1.92,28.22,50.00,0.3000,29.60,46.52,40.21,14.80,14.80,23.26,23.26,4248.84,4248.84,4398.57,4398.57,4280.51,4281.53,4403.88,4405.02,31.67,32.69,5.31,6.45,14.80,14.80,23.26,23.26,-26.30,1.08,0.0000,0.0000
14.447517,16.791,4.664,13.33,46.91,73.54,1.5678,20.71,-3.68,1.92,28.18,50.00,0.3000,29.57,46.47,40.21,14.78,14.78,23.23,23.23,4248.84,4248.84,4398.57,4398.57,4280.51,4281.51,4403.87,4404.99,31.66,32.66,5.30,6.42,14.78,14.78,23.23,23.23,-26.30,1.06,0.0000,0.0000
14.447517,16.782,4.662,13.31,46.86,73.46,1.5678,20.68,-3.67,1.92,28.15,50.00,0.3000,29.54,46.42,40.21,14.77,14.77,23.21,23.21,4248.84,4248.84,4398.57,4398.57,4280.50,4281.48,4403.85,4404.96,31.65,32.64,5.28,6.39,14.77,14.77,23.21,23.21,-26.31,1.05,0.0000,0.0000
14.447517,16.772,4.659,13.30,46.80,73.38,1.5678,20.66,-3.67,1.91,28.12,50.00,0.3000,29.50,46.36,40.21,14.75,14.75,23.18,23.18,4248.84,4248.84,4398.57,4398.57,4280.46,4281.48,4403.81,4404.95,31.62,32.63,5.24,6.38,14.75,14.75,23.18,23.18,-26.32,1.07,0.0000,0.0000
14.447517,16.763,4.656,13.28,46.75,73.29,1.5678,20.64,-3.67,1.91,28.09,50.00,0.3000,29.47,46.31,40.21,14.73,14.73,23.16,23.16,4248.84,4248.84,4398.57,4398.57,4280.46,4281.43,4403.81,4404.90,31.62,32.59,5.24,6.33,14.73,14.73,23.16,23.16,-26.32,1.03,0.0000,0.0000
14.447517,16.753,4.654,13.26,46.70,73.21,1.5678,20.61,-3.66,1.91,28.06,50.00,0.3000,29.44,46.26,40.21,14.72,14.72,23.13,23.13,4248.84,4248.84,4398.57,4398.57,4280.42,4281.44,4403.76,4404.90,31.58,32.60,5.19,6.33,14.72,14.72,23.13,23.13,-26.32,1.08,0.0000,0.0000
14.447517,16.744,4.651,13.25,46.64,73.13,1.5678,20.59,-3.66,1.91,28.02,50.00,0.3000,29.40,46.21,40.21,14.70,14.70,23.10,23.10,4248.84,4248.84,4398.57,4398.57,4280.43,4281.39,4403.76,4404.85,31.59,32.55,5.19,6.28,14.70,14.70,23.10,23.10,-26.33,1.02,0.0000,0.0000
14.447517,16.734,4.648,13.23,46.59,73.04,1.5678,20.57,-3.65,1.91,27.99,50.00,0.3000,29.37,46.15,40.21,14.68,14.68,23.08,23.08,4248.84,4248.84,4398.57,4398.57,4280.39,4281.40,4403.71,4404.85,31.54,32.56,5.14,6.28,14.68,14.68,23.08,23.08,-26.34,1.08,0.0000,0.0000
14.447517,16.725,4.646,13.22,46.54,72.96,1.5678,20.54,-3.65,1.90,27.96,50.00,0.3000,29.34,46.10,40.21,14.67,14.67,23.05,23.05,4248.84,4248.84,4398.57,4398.57,4280.40,4281.36,4403.71,4404.80,31.55,32.52,5.14,6.23,14.67,14.67,23.05,23.05,-26.35,1.03,0.0000,0.0000
14.447517,16.715,4.643,13.20,46.48,72.88,1.5678,20.52,-3.64,1.90,27.93,50.00,0.3000,29.30,46.05,40.21,14.65,14.65,23.02,23.02,4248.84,4248.84,4398.57,4398.57,4280.36,4281.37,4403.66,4404.80,31.51,32.52,5.09,6.23,14.65,14.65,23.02,23.02,-26.36,1.07,0.0000,0.0000
14.447517,16.706,4.640,13.19,46.43,72.79,1.5678,20.50,-3.64,1.90,27.90,50.00,0.3000,29.27,46.00,40.21,14.63,14.63,23.00,23.00,4248.84,4248.84,4398.57,4398.57,4280.36,4281.32,4403.66,4404.75,31.52,32.48,5.09,6.18,14.63,14.63,23.00,23.00,-26.36,1.02,0.0000,0.0000
14.447517,16.696,4.638,13.17,46.38,72.71,1.5678,20.47,-3.64,1.90,27.86,50.00,0.3000,29.24,45.94,40.21,14.62,14.62,22.97,22.97,4248.84,4248.84,4398.57,4398.57,4280.32,4281.33,4403.61,4404.75,31.47,32.48,5.04,6.18,14.62,14.62,22.97,22.97,-26.37,1.08,0.0000,0.0000
14.447517,16.687,4.635,13.16,46.32,72.63,1.5678,20.45,-3.63,1.89,27.83,50.00,0.3000,29.20,45.89,40.21,14.60,14.60,22.95,22.95,4248.84,4248.84,4398.57,4398.57,4280.32,4281.28,4403.62,4404.70,31.48,32.44,5.05,6.13,14.60,14.60,22.95,22.95,-26.37,1.02,0.0000,0.0000
14.576650,16.677,4.633,13.14,46.27,72.54,1.5678,20.43,-3.63,1.89,27.80,50.00,0.3000,29.17,45.84,40.21,14.58,14.58,22.92,22.92,4248.84,4248.84,4398.57,4398.57,4280.28,4281.29,4403.56,4404.70,31.44,32.45,5.00,6.13,14.58,14.58,22.92,22.92,-26.38,1.07,0.0000,0.0000
14.576650,16.668,4.630,13.13,46.22,72.46,1.5678,20.40,-3.62,1.89,27.77,50.00,0.3000,29.14,45.79,40.21,14.57,14.57,22.89,22.89,4248.84,4248.84,4398.57,4398.57,4280.28,4281.25,4403.57,4404.65,31.44,32.40,5.00,6.08,14.57,14.57,22.89,22.89,-26.38,1.02,0.0000,0.0000
14.576650,16.658,4.627,13.11,46.17,72.38,1.5678,20.38,-3.62,1.89,27.74,50.00,0.3000,29.10,45.73,40.21,14.55,14.55,22.87,22.87,4248.84,4248.84,4398.57,4398.57,4280.24,4281.25,4403.52,4404.65,31.40,32.41,4.95,6.08,14.55,14.55,22.87,22.87,-26.39,1.07,0.0000,0.0000
14.576650,16.649,4.625,13.10,46.11,72.30,1.5678,20.36,-3.62,1.89,27.71,50.00,0.3000,29.07,45.68,40.21,14.53,14.53,22.84,22.84,4248.84,4248.84,4398.57,4398.57,4280.25,4281.21,4403.52,4404.60,31.40,32.36,4.95,6.03,14.53,14.53,22.84,22.84,-26.39,1.02,0.0000,0.0000
14.576650,16.639,4.622,13.08,46.06,72.21,1.5678,20.33,-3.61,1.88,27.67,50.00,0.3000,29.04,45.63,40.21,14.52,14.52,22.81,22.81,4248.84,4248.84,4398.57,4398.57,4280.21,4281.22,4403.47,4404.60,31.36,32.37,4.90,6.03,14.52,14.52,22.81,22.81,-26.40,1.07,0.0000,0.0000
14.576650,16.630,4.619,13.07,46.01,72.13,1.5678,20.31,-3.61,1.88,27.64,50.00,0.3000,29.00,45.58,40.21,14.50,14.50,22.79,22.79,4248.84,4248.84,4398.57,4398.57,4280.21,4281.17,4403.47,4404.55,31.37,32.33,4.90,5.98,14.50,14.50,22.79,22.79,-26.41,1.02,0.0000,0.0000
14.576650,16.620,4.617,13.05,45.96,72.05,1.5678,20.29,-3.60,1.88,27.61,50.00,0.3000,28.97,45.53,40.21,14.48,14.48,22.76,22.76,4248.84,4248.84,4398.57,4398.57,4280.19,4281.17,4403.43,4404.54,31.34,32.33,4.86,5.97,14.48,14.48,22.76,22.76,-26.42,1.04,0.0000,0.0000
14.576650,16.611,4.614,13.04,45.90,71.97,1.5678,20.26,-3.60,1.88,27.58,50.00,0.3000,28.94,45.47,40.21,14.47,14.47,22.74,22.74,4248.84,4248.84,4398.57,4398.57,4280.16,4281.15,4403.40,4404.52,31.32,32.31,4.83,5.95,14.47,14.47,22.74,22.74,-26.42,1.05,0.0000,0.0000
14.576650,16.601,4.611,13.02,45.85,71.88,1.5678,20.24,-3.59,1.88,27.55,50.00,0.3000,28.90,45.42,40.21,14.45,14.45,22.71,22.71,4248.84,4248.84,4398.57,4398.57,4280.16,4281.12,4403.39,4404.48,31.31,32.28,4.82,5.91,14.45,14.45,22.71,22.71,-26.43,1.02,0.0000,0.0000
14.576650,16.592,4.609,13.01,45.80,71.80,1.5678,20.22,-3.59,1.87,27.52,50.00,0.3000,28.87,45.37,40.21,14.44,14.44,22.68,22.68,4248.84,4248.84,4398.57,4398.57,4280.13,4281.11,4403.37,4404.46,31.29,32.26,4.80,5.89,14.44,14.44,22.68,22.68,-26.43,1.04,0.0000,0.0000
14.576650,16.582,4.606,13.00,45.75,71.72,1.5678,20.19,-3.59,1.87,27.49,50.00,0.3000,28.84,45.32,40.21,14.42,14.42,22.66,22.66,4248.84,4248.84,4398.57,4398.57,4280.12,4281.09,4403.34,4404.43,31.27,32.24,4.77,5.86,14.42,14.42,22.66,22.66,-26.44,1.03,0.0000,0.0000
14.576650,16.573,4.603,12.98,45.69,71.64,1.5678,20.17,-3.58,1.87,27.45,50.00,0.3000,28.80,45.27,40.21,14.40,14.40,22.63,22.63,4248.84,4248.84,4398.57,4398.57,4280.08,4281.08,4403.31,4404.43,31.24,32.24,4.74,5.86,14.40,14.40,22.63,22.63,-26.44,1.06,0.0000,0.0000
14.694841,16.563,4.601,12.97,45.64,71.55,1.5678,20.15,-3.58,1.87,27.42,50.00,0.3000,28.77,45.21,40.21,14.39,14.39,22.61,22.61,4248.84,4248.84,4398.57,4398.57,4280.08,4281.04,4403.30,4404.38,31.24,32.20,4.73,5.81,14.39,14.39,22.61,22.61,-26.45,1.02,0.0000,0.0000
14.694841,16.554,4.598,12.95,45.59,71.47,1.5678,20.12,-3.57,1.86,27.39,50.00,0.3000,28.74,45.16,40.21,14.37,14.37,22.58,22.58,4248.84,4248.84,4398.57,4398.57,4280.06,4281.03,4403.27,4404.37,31.21,32.19,4.70,5.80,14.37,14.37,22.58,22.58,-26.45,1.03,0.0000,0.0000
14.694841,16.544,4.596,12.94,45.54,71.39,1.5678,20.10,-3.57,1.86,27.36,50.00,0.3000,28.70,45.11,40.21,14.35,14.35,22.55,22.55,4248.84,4248.84,4398.57,4398.57,4280.03,4281.03,4403.23,4404.35,31.19,32.18,4.66,5.78,14.35,14.35,22.55,22.55,-26.46,1.05,0.0000,0.0000
14.694841,16.535,4.593,12.92,45.48,71.31,1.5678,20.08,-3.57,1.86,27.33,50.00,0.3000,28.67,45.06,40.21,14.34,14.34,22.53,22.53,4248.84,4248.84,4398.57,4398.57,4280.04,4280.99,4403.23,4404.30,31.19,32.15,4.66,5.73,14.34,14.34,22.53,22.53,-26.48,1.02,0.0000,0.0000
14.694841,16.525,4.590,12.91,45.43,71.23,1.5678,20.05,-3.56,1.86,27.30,50.00,0.3000,28.64,45.01,40.21,14.32,14.32,22.50,22.50,4248.84,4248.84,4398.57,4398.57,4280.01,4280.98,4403.19,4404.29,31.16,32.14,4.62,5.72,14.32,14.32,22.50,22.50,-26.48,1.04,0.0000,0.0000
14.694841,16.516,4.588,12.89,45.38,71.14,1.5678,20.03,-3.56,1.86,27.27,50.00,0.3000,28.61,44.95,40.21,14.30,14.30,22.48,22.48,4248.84,4248.84,4398.57,4398.57,4280.00,4280.96,4403.18,4404.26,31.15,32.11,4.61,5.69,14.30,14.30,22.48,22.48,-26.48,1.02,0.0000,0.0000
14.694841,16.506,4.585,12.88,45.33,71.06,1.5678,20.01,-3.55,1.85,27.23,50.00,0.3000,28.57,44.90,40.21,14.29,14.29,22.45,22.45,4248.84,4248.84,4398.57,4398.57,4279.97,4280.94,4403.15,4404.24,31.13,32.10,4.58,5.67,14.29,14.29,22.45,22.45,-26.49,1.03,0.0000,0.0000
14.694841,16.497,4.582,12.86,45.27,70.98,1.5678,19.98,-3.55,1.85,27.20,50.00,0.3000,28.54,44.85,40.21,14.27,14.27,22.43,22.43,4248.84,4248.84,4398.57,4398.57,4279.96,4280.92,4403.13,4404.21,31.12,32.07,4.56,5.64,14.27,14.27,22.43,22.43,-26.49,1.02,0.0000,0.0000
14.694841,16.487,4.580,12.85,45.22,70.90,1.5678,19.96,-3.55,1.85,27.17,50.00,0.3000,28.51,44.80,40.21,14.25,14.25,22.40,22.40,4248.84,4248.84,4398.57,4398.57,4279.94,4280.91,4403.10,4404.19,31.09,32.06,4.53,5.62,14.25,14.25,22.40,22.40,-26.50,1.03,0.0000,0.0000
14.694841,16.478,4.577,12.83,45.17,70.82,1.5678,19.94,-3.54,1.85,27.14,50.00,0.3000,28.47,44.75,40.21,14.24,14.24,22.37,22.37,4248.84,4248.84,4398.57,4398.57,4279.92,4280.88,4403.08,4404.16,31.08,32.04,4.51,5.59,14.24,14.24,22.37,22.37,-26.51,1.02,0.0000,0.0000
14.694841,16.468,4.574,12.82,45.12,70.74,1.5678,19.92,-3.54,1.85,27.11,50.00,0.3000,28.44,44.70,40.21,14.22,14.22,22.35,22.35,4248.84,4248.84,4398.57,4398.57,4279.90,4280.86,4403.06,4404.14,31.06,32.02,4.49,5.57,14.22,14.22,22.35,22.35,-26.50,1.02,0.0000,0.0000
14.694841,16.459,4.572,12.80,45.07,70.65,1.5678,19.89,-3.53,1.84,27.08,50.00,0.3000,28.41,44.64,40.21,14.20,14.20,22.32,22.32,4248.84,4248.84,4398.57,4398.57,4279.88,4280.85,4403.04,4404.12,31.04,32.00,4.47,5.55,14.20,14.20,22.32,22.32,-26.51,1.02,0.0000,0.0000
14.806213,16.449,4.569,12.79,45.01,70.57,1.5678,19.87,-3.53,1.84,27.05,50.00,0.3000,28.38,44.59,40.21,14.19,14.19,22.30,22.30,4248.84,4248.84,4398.57,4398.57,4279.87,4280.83,4403.01,4404.09,31.02,31.98,4.44,5.52,14.19,14.19,22.30,22.30,-26.52,1.02,0.0000,0.0000
14.806213,16.440,4.567,12.77,44.96,70.49,1.5678,19.85,-3.53,1.84,27.01,50.00,0.3000,28.34,44.54,40.21,14.17,14.17,22.27,22.27,4248.84,4248.84,4398.57,4398.57,4279.85,4280.81,4402.99,4404.07,31.01,31.96,4.42,5.50,14.17,14.17,22.27,22.27,-26.53,1.02,0.0000,0.0000
14.806213,16.430,4.564,12.76,44.91,70.41,1.5678,19.82,-3.52,1.84,26.98,50.00,0.3000,28.31,44.49,40.21,14.16,14.16,22.25,22.25,4248.84,4248.84,4398.57,4398.57,4279.83,4280.80,4402.96,4404.04,30.99,31.95,4.39,5.47,14.16,14.16,22.25,22.25,-26.54,1.02,0.0000,0.0000
14.806213,16.421,4.561,12.74,44.86,70.33,1.5678,19.80,-3.52,1.84,26.95,50.00,0.3000,28.28,44.44,40.21,14.14,14.14,22.22,22.22,4248.84,4248.84,4398.57,4398.57,4279.82,4280.77,4402.94,4404.01,30.97,31.93,4.37,5.44,14.14,14.14,22.22,22.22,-26.54,1.01,0.0000,0.0000
14.806213,16.411,4.559,12.73,44.81,70.25,1.5678,19.78,-3.51,1.83,26.92,50.00,0.3000,28.25,44.39,40.21,14.12,14.12,22.19,22.19,4248.84,4248.84,4398.57,4398.57,4279.80,4280.76,4402.91,4403.99,30.95,31.91,4.34,5.42,14.12,14.12,22.19,22.19,-26.55,1.02,0.0000,0.0000
14.806213,16.402,4.556,12.71,44.75,70.17,1.5678,19.75,-3.51,1.83,26.89,50.00,0.3000,28.21,44.34,40.21,14.11,14.11,22.17,22.17,4248.84,4248.84,4398.57,4398.57,4279.78,4280.74,4402.89,4403.97,30.94,31.89,4.32,5.40,14.11,14.11,22.17,22.17,-26.55,1.01,0.0000,0.0000
14.806213,16.392,4.553,12.70,44.70,70.09,1.5678,19.73,-3.50,1.83,26.86,50.00,0.3000,28.18,44.28,40.21,14.09,14.09,22.14,22.14,4248.84,4248.84,4398.57,4398.57,4279.76,4280.72,4402.87,4403.94,30.92,31.87,4.30,5.37,14.09,14.09,22.14,22.14,-26.56,1.02,0.0000,0.0000
14.806213,16.383,4.551,12.68,44.65,70.00,1.5678,19.71,-3.50,1.83,26.83,50.00,0.3000,28.15,44.23,40.21,14.07,14.07,22.12,22.12,4248.84,4248.84,4398.57,4398.57,4279.74,4280.70,4402.85,4403.92,30.90,31.85,4.28,5.35,14.07,14.07,22.12,22.12,-26.56,1.01,0.0000,0.0000
14.806213,16.373,4.548,12.67,44.60,69.92,1.5678,19.69,-3.50,1.82,26.80,50.00,0.3000,28.11,44.18,40.21,14.06,14.06,22.09,22.09,4248.84,4248.84,4398.57,4398.57,4279.74,4280.67,4402.84,4403.88,30.89,31.82,4.27,5.31,14.06,14.06,22.09,22.09,-26.57,0.99,0.0000,0.0000
14.806213,16.364,4.545,12.65,44.55,69.84,1.5678,19.66,-3.49,1.82,26.77,50.00,0.3000,28.08,44.13,40.21,14.04,14.04,22.07,22.07,4248.84,4248.84,4398.57,4398.57,4279.70,4280.67,4402.79,4403.88,30.86,31.82,4.22,5.31,14.04,14.04,22.07,22.07,-26.57,1.02,0.0000,0.0000
14.806213,16.354,4.543,12.64,44.50,69.76,1.5678,19.64,-3.49,1.82,26.73,50.00,0.3000,28.05,44.08,40.21,14.02,14.02,22.04,22.04,4248.84,4248.84,4398.57,4398.57,4279.70,4280.64,4402.78,4403.84,30.85,31.80,4.21,5.27,14.02,14.02,22.04,22.04,-26.59,1.01,0.0000,0.0000
14.806213,16.345,4.540,12.63,44.44,69.68,1.5678,19.62,-3.48,1.82,26.70,50.00,0.3000,28.02,44.03,40.21,14.01,14.01,22.01,22.01,4248.84,4248.84,4398.57,4398.57,4279.67,4280.63,4402.75,4403.82,30.83,31.78,4.18,5.25,14.01,14.01,22.01,22.01,-26.59,1.01,0.0000,0.0000
14.964434,16.335,4.538,12.61,44.39,69.60,1.5678,19.59,-3.48,1.82,26.67,50.00,0.3000,27.98,43.98,40.21,13.99,13.99,21.99,21.99,4248.84,4248.84,4398.57,4398.57,4279.66,4280.61,4402.73,4403.79,30.82,31.76,4.16,5.22,13.99,13.99,21.99,21.99,-26.60,1.01,0.0000,0.0000
14.964434,16.326,4.535,12.60,44.34,69.52,1.5678,19.57,-3.48,1.81,26.64,50.00,0.3000,27.95,43.93,40.21,13.98,13.98,21.96,21.96,4248.84,4248.84,4398.57,4398.57,4279.65,4280.58,4402.72,4403.76,30.81,31.74,4.15,5.19,13.98,13.98,21.96,21.96,-26.60,0.99,0.0000,0.0000
14.964434,16.316,4.532,12.58,44.29,69.44,1.5678,19.55,-3.47,1.81,26.61,50.00,0.3000,27.92,43.88,40.21,13.96,13.96,21.94,21.94,4248.84,4248.84,4398.57,4398.57,4279.62,4280.58,4402.67,4403.75,30.77,31.73,4.10,5.18,13.96,13.96,21.94,21.94,-26.61,1.02,0.0000,0.0000
14.964434,16.307,4.530,12.57,44.24,69.36,1.5678,19.53,-3.47,1.81,26.58,50.00,0.3000,27.89,43.82,40.21,13.94,13.94,21.91,21.91,4248.84,4248.84,4398.57,4398.57,4279.62,4280.54,4402.67,4403.71,30.78,31.69,4.11,5.14,13.94,13.94,21.91,21.91,-26.61,0.97,0.0000,0.0000
14.964434,16.297,4.527,12.55,44.19,69.28,1.5678,19.50,-3.46,1.81,26.55,50.00,0.3000,27.85,43.77,40.21,13.93,13.93,21.89,21.89,4248.84,4248.84,4398.57,4398.57,4279.58,4280.54,4402.62,4403.71,30.74,31.70,4.06,5.14,13.93,13.93,21.89,21.89,-26.62,1.02,0.0000,0.0000
14.964434,16.288,4.524,12.54,44.13,69.20,1.5678,19.48,-3.46,1.81,26.52,50.00,0.3000,27.82,43.72,40.21,13.91,13.91,21.86,21.86,4248.84,4248.84,4398.57,4398.57,4279.57,4280.51,4402.61,4403.67,30.73,31.67,4.05,5.10,13.91,13.91,21.86,21.86,-26.63,1.00,0.0000,0.0000
14.964434,16.278,4.522,12.52,44.08,69.12,1.5678,19.46,-3.46,1.80,26.49,50.00,0.3000,27.79,43.67,40.21,13.90,13.90,21.84,21.84,4248.84,4248.84,4398.57,4398.57,4279.56,4280.49,4402.60,4403.64,30.71,31.64,4.03,5.07,13.90,13.90,21.84,21.84,-26.62,0.98,0.0000,0.0000
14.964434,16.269,4.519,12.51,44.03,69.04,1.5678,19.44,-3.45,1.80,26.46,50.00,0.3000,27.76,43.62,40.21,13.88,13.88,21.81,21.81,4248.84,4248.84,4398.57,4398.57,4279.53,4280.48,4402.56,4403.63,30.69,31.64,3.99,5.06,13.88,13.88,21.81,21.81,-26.64,1.01,0.0000,0.0000
14.964434,16.259,4.516,12.49,43.98,68.95,1.5678,19.41,-3.45,1.80,26.43,50.00,0.3000,27.73,43.57,40.21,13.86,13.86,21.79,21.79,4248.84,4248.84,4398.57,4398.57,4279.53,4280.45,4402.56,4403.59,30.69,31.60,3.99,5.02,13.86,13.86,21.79,21.79,-26.64,0.97,0.0000,0.0000
14.964434,16.250,4.514,12.48,43.93,68.87,1.5678,19.39,-3.44,1.80,26.39,50.00,0.3000,27.69,43.52,40.21,13.85,13.85,21.76,21.76,4248.84,4248.84,4398.57,4398.57,4279.49,4280.45,4402.51,4403.59,30.65,31.61,3.94,5.02,13.85,13.85,21.76,21.76,-26.65,1.02,0.0000,0.0000
14.964434,16.240,4.511,12.47,43.88,68.79,1.5679,19.37,-3.44,1.79,26.36,50.00,0.3000,27.66,43.47,40.21,13.83,13.83,21.73,21.73,4248.84,4248.84,4398.57,4398.57,4279.49,4280.42,4402.50,4403.55,30.65,31.58,3.93,4.98,13.83,13.83,21.73,21.73,-26.66,0.99,0.0000,0.0000
14.964434,16.231,4.509,12.45,43.83,68.71,1.5679,19.34,-3.44,1.79,26.33,50.00,0.3000,27.63,43.42,40.21,13.81,13.81,21.71,21.71,4248.84,4248.84,4398.57,4398.57,4279.48,4280.40,4402.48,4403.52,30.63,31.56,3.91,4.95,13.81,13.81,21.71,21.71,-26.66,0.98,0.0000,0.0000
15.091625,16.221,4.506,12.44,43.78,68.63,1.5679,19.32,-3.43,1.79,26.30,50.00,0.3000,27.60,43.37,40.21,13.80,13.80,21.68,21.68,4248.84,4248.84,4398.57,4398.57,4279.44,4280.39,4402.44,4403.51,30.60,31.55,3.87,4.94,13.80,13.80,21.68,21.68,-26.67,1.01,0.0000,0.0000
15.091625,16.212,4.503,12.42,43.72,68.55,1.5679,19.30,-3.43,1.79,26.27,50.00,0.3000,27.56,43.32,40.21,13.78,13.78,21.66,21.66,4248.84,4248.84,4398.57,4398.57,4279.44,4280.36,4402.44,4403.47,30.60,31.52,3.87,4.90,13.78,13.78,21.66,21.66,-26.67,0.97,0.0000,0.0000
15.091625,16.202,4.501,12.41,43.67,68.47,1.5679,19.28,-3.42,1.79,26.24,50.00,0.3000,27.53,43.27,40.21,13.77,13.77,21.63,21.63,4248.84,4248.84,4398.57,4398.57,4279.41,4280.36,4402.39,4403.46,30.57,31.52,3.83,4.89,13.77,13.77,21.63,21.63,-26.68,1.01,0.0000,0.0000
15.091625,16.193,4.498,12.39,43.62,68.39,1.5679,19.25,-3.42,1.78,26.21,50.00,0.3000,27.50,43.22,40.21,13.75,13.75,21.61,21.61,4248.84,4248.84,4398.57,4398.57,4279.41,4280.32,4402.39,4403.42,30.57,31.48,3.82,4.85,13.75,13.75,21.61,21.61,-26.69,0.97,0.0000,0.0000
15.091625,16.184,4.495,12.38,43.57,68.31,1.5679,19.23,-3.42,1.78,26.18,50.00,0.3000,27.47,43.17,40.21,13.73,13.73,21.58,21.58,4248.84,4248.84,4398.57,4398.57,4279.38,4280.31,4402.36,4403.41,30.54,31.47,3.79,4.84,13.73,13.73,21.58,21.58,-26.68,0.99,0.0000,0.0000
15.091625,16.174,4.493,12.36,43.52,68.23,1.5679,19.21,-3.41,1.78,26.15,50.00,0.3000,27.44,43.11,40.21,13.72,13.72,21.56,21.56,4248.84,4248.84,4398.57,4398.57,4279.36,4280.30,4402.33,4403.39,30.52,31.46,3.76,4.82,13.72,13.72,21.56,21.56,-26.70,1.00,0.0000,0.0000
15.091625,16.165,4.490,12.35,43.47,68.15,1.5679,19.19,-3.41,1.78,26.12,50.00,0.3000,27.40,43.06,40.21,13.70,13.70,21.53,21.53,4248.84,4248.84,4398.57,4398.57,4279.35,4280.26,4402.33,4403.35,30.51,31.42,3.76,4.78,13.70,13.70,21.53,21.53,-26.70,0.97,0.0000,0.0000
15.091625,16.155,4.488,12.33,43.42,68.07,1.5679,19.16,-3.40,1.78,26.09,50.00,0.3000,27.37,43.01,40.21,13.69,13.69,21.51,21.51,4248.84,4248.84,4398.57,4398.57,4279.33,4280.26,4402.29,4403.33,30.49,31.41,3.72,4.76,13.69,13.69,21.51,21.51,-26.71,0.98,0.0000,0.0000
15.091625,16.146,4.485,12.32,43.37,67.99,1.5679,19.14,-3.40,1.77,26.06,50.00,0.3000,27.34,42.96,40.21,13.67,13.67,21.48,21.48,4248.84,4248.84,4398.57,4398.57,4279.32,4280.23,4402.27,4403.30,30.48,31.39,3.71,4.73,13.67,13.67,21.48,21.48,-26.71,0.97,0.0000,0.0000
15.091625,16.136,4.482,12.31,43.32,67.91,1.5679,19.12,-3.40,1.77,26.03,50.00,0.3000,27.31,42.91,40.21,13.65,13.65,21.46,21.46,4248.84,4248.84,4398.57,4398.57,4279.29,4280.23,4402.23,4403.30,30.44,31.39,3.66,4.73,13.65,13.65,21.46,21.46,-26.72,1.00,0.0000,0.0000
15.091625,16.127,4.480,12.29,43.27,67.83,1.5679,19.10,-3.39,1.77,26.00,50.00,0.3000,27.28,42.86,40.21,13.64,13.64,21.43,21.43,4248.84,4248.84,4398.57,4398.57,4279.29,4280.19,4402.23,4403.25,30.45,31.35,3.67,4.68,13.64,13.64,21.43,21.43,-26.73,0.96,0.0000,0.0000
15.091625,16.117,4.477,12.28,43.21,67.76,1.5679,19.07,-3.39,1.77,25.97,50.00,0.3000,27.24,42.81,40.21,13.62,13.62,21.41,21.41,4248.84,4248.84,4398.57,4398.57,4279.26,4280.19,4402.20,4403.24,30.42,31.34,3.63,4.67,13.62,13.62,21.41,21.41,-26.73,0.98,0.0000,0.0000
15.224926,16.108,4.474,12.26,43.16,67.68,1.5679,19.05,-3.38,1.77,25.94,50.00,0.3000,27.21,42.76,40.21,13.61,13.61,21.38,21.38,4248.84,4248.84,4398.57,4398.57,4279.25,4280.16,4402.18,4403.21,30.41,31.32,3.61,4.64,13.61,13.61,21.38,21.38,-26.74,0.97,0.0000,0.0000
15.224926,16.098,4.472,12.25,43.11,67.60,1.5679,19.03,-3.38,1.76,25.91,50.00,0.3000,27.18,42.71,40.21,13.59,13.59,21.36,21.36,4248.84,4248.84,4398.57,4398.57,4279.23,4280.15,4402.16,4403.19,30.39,31.30,3.59,4.61,13.59,13.59,21.36,21.36,-26.74,0.97,0.0000,0.0000
15.224926,16.089,4.469,12.23,43.06,67.52,1.5679,19.01,-3.38,1.76,25.87,50.00,0.3000,27.15,42.66,40.21,13.57,13.57,21.33,21.33,4248.84,4248.84,4398.57,4398.57,4279.22,4280.13,4402.14,4403.16,30.37,31.28,3.57,4.59,13.57,13.57,21.33,21.33,-26.75,0.97,0.0000,0.0000
15.224926,16.079,4.467,12.22,43.01,67.44,1.5679,18.98,-3.37,1.76,25.84,50.00,0.3000,27.12,42.61,40.21,13.56,13.56,21.31,21.31,4248.84,4248.84,4398.57,4398.57,4279.19,4280.11,4402.11,4403.14,30.35,31.27,3.54,4.57,13.56,13.56,21.31,21.31,-26.75,0.97,0.0000,0.0000
15.224926,16.070,4.464,12.20,42.96,67.36,1.5679,18.96,-3.37,1.76,25.81,50.00,0.3000,27.08,42.56,40.21,13.54,13.54,21.28,21.28,4248.84,4248.84,4398.57,4398.57,4279.18,4280.09,4402.09,4403.11,30.34,31.24,3.52,4.54,13.54,13.54,21.28,21.28,-26.76,0.96,0.0000,0.0000
15.224926,16.061,4.461,12.19,42.91,67.28,1.5679,18.94,-3.36,1.76,25.78,50.00,0.3000,27.05,42.51,40.21,13.53,13.53,21.26,21.26,4248.84,4248.84,4398.57,4398.57,4279.16,4280.07,4402.07,4403.09,30.32,31.23,3.50,4.52,13.53,13.53,21.26,21.26,-26.76,0.97,0.0000,0.0000
15.224926,16.051,4.459,12.18,42.86,67.20,1.5679,18.92,-3.36,1.75,25.75,50.00,0.3000,27.02,42.46,40.21,13.51,13.51,21.23,21.23,4248.84,4248.84,4398.57,4398.57,4279.15,4280.06,4402.04,4403.06,30.30,31.21,3.47,4.49,13.51,13.51,21.23,21.23,-26.77,0.97,0.0000,0.0000
15.224926,16.042,4.456,12.16,42.81,67.12,1.5679,18.90,-3.36,1.75,25.72,50.00,0.3000,26.99,42.41,40.21,13.49,13.49,21.21,21.21,4248.84,4248.84,4398.57,4398.57,4279.13,4280.04,4402.02,4403.04,30.29,31.20,3.45,4.47,13.49,13.49,21.21,21.21,-26.78,0.96,0.0000,0.0000
15.224926,16.032,4.453,12.15,42.76,67.04,1.5679,18.87,-3.35,1.75,25.69,50.00,0.3000,26.96,42.36,40.21,13.48,13.48,21.18,21.18,4248.84,4248.84,4398.57,4398.57,4279.11,4280.02,4402.00,4403.02,30.27,31.17,3.43,4.45,13.48,13.48,21.18,21.18,-26.78,0.96,0.0000,0.0000
15.224926,16.023,4.451,12.13,42.71,66.96,1.5679,18.85,-3.35,1.75,25.66,50.00,0.3000,26.92,42.31,40.21,13.46,13.46,21.16,21.16,4248.84,4248.84,4398.57,4398.57,4279.09,4280.00,4401.97,4402.99,30.25,31.16,3.40,4.42,13.46,13.46,21.16,21.16,-26.79,0.97,0.0000,0.0000
15.224926,16.013,4.448,12.12,42.66,66.88,1.5679,18.83,-3.34,1.75,25.63,50.00,0.3000,26.89,42.26,40.21,13.45,13.45,21.13,21.13,4248.84,4248.84,4398.57,4398.57,4279.08,4279.98,4401.95,4402.97,30.23,31.14,3.38,4.40,13.45,13.45,21.13,21.13,-26.79,0.96,0.0000,0.0000
15.224926,16.004,4.445,12.10,42.61,66.80,1.5679,18.81,-3.34,1.74,25.60,50.00,0.3000,26.86,42.21,40.21,13.43,13.43,21.11,21.11,4248.84,4248.84,4398.57,4398.57,4279.06,4279.97,4401.92,4402.95,30.21,31.12,3.36,4.38,13.43,13.43,21.11,21.11,-26.80,0.97,0.0000,0.0000
15.351119,15.994,4.443,12.09,42.56,66.73,1.5679,18.78,-3.34,1.74,25.57,50.00,0.3000,26.83,42.16,40.21,13.41,13.41,21.08,21.08,4248.84,4248.84,4398.57,4398.57,4279.05,4279.95,4401.91,4402.92,30.20,31.10,3.34,4.35,13.41,13.41,21.08,21.08,-26.81,0.96,0.0000,0.0000
15.351119,15.985,4.440,12.08,42.51,66.65,1.5679,18.76,-3.33,1.74,25.54,50.00,0.3000,26.80,42.11,40.21,13.40,13.40,21.06,21.06,4248.84,4248.84,4398.57,4398.57,4279.03,4279.93,4401.88,4402.90,30.18,31.09,3.31,4.33,13.40,13.40,21.06,21.06,-26.81,0.96,0.0000,0.0000
15.351119,15.975,4.438,12.06,42.46,66.57,1.5679,18.74,-3.33,1.74,25.51,50.00,0.3000,26.77,42.06,40.21,13.38,13.38,21.03,21.03,4248.84,4248.84,4398.57,4398.57,4279.01,4279.91,4401.86,4402.88,30.16,31.07,3.29,4.31,13.38,13.38,21.03,21.03,-26.81,0.96,0.0000,0.0000
15.351119,15.966,4.435,12.05,42.41,66.49,1.5679,18.72,-3.33,1.73,25.48,50.00,0.3000,26.73,42.01,40.21,13.37,13.37,21.01,21.01,4248.84,4248.84,4398.57,4398.57,4279.00,4279.88,4401.85,4402.84,30.16,31.04,3.28,4.27,13.37,13.37,21.01,21.01,-26.82,0.93,0.0000,0.0000
15.351119,15.957,4.432,12.03,42.36,66.41,1.5679,18.70,-3.32,1.73,25.45,50.00,0.3000,26.70,41.96,40.21,13.35,13.35,20.98,20.98,4248.84,4248.84,4398.57,4398.57,4278.97,4279.88,4401.81,4402.83,30.13,31.04,3.24,4.26,13.35,13.35,20.98,20.98,-26.83,0.97,0.0000,0.0000
15.351119,15.947,4.430,12.02,42.31,66.33,1.5679,18.67,-3.32,1.73,25.42,50.00,0.3000,26.67,41.91,40.21,13.34,13.34,20.96,20.96,4248.84,4248.84,4398.57,4398.57,4278.96,4279.86,4401.79,4402.80,30.12,31.02,3.22,4.23,13.34,13.34,20.96,20.96,-26.84,0.95,0.0000,0.0000
15.351119,15.938,4.427,12.00,42.26,66.25,1.5679,18.65,-3.31,1.73,25.39,50.00,0.3000,26.64,41.86,40.21,13.32,13.32,20.93,20.93,4248.84,4248.84,4398.57,4398.57,4278.94,4279.84,4401.77,4402.78,30.10,31.00,3.20,4.21,13.32,13.32,20.93,20.93,-26.84,0.96,0.0000,0.0000
15.351119,15.928,4.424,11.99,42.21,66.17,1.5679,18.63,-3.31,1.73,25.36,50.00,0.3000,26.61,41.81,40.21,13.30,13.30,20.91,20.91,4248.84,4248.84,4398.57,4398.57,4278.92,4279.82,4401.74,4402.76,30.08,30.98,3.17,4.19,13.30,13.30,20.91,20.91,-26.85,0.96,0.0000,0.0000
15.351119,15.919,4.422,11.98,42.16,66.10,1.5679,18.61,-3.31,1.72,25.33,50.00,0.3000,26.58,41.76,40.21,13.29,13.29,20.88,20.88,4248.84,4248.84,4398.57,4398.57,4278.92,4279.79,4401.74,4402.72,30.08,30.95,3.17,4.15,13.29,13.29,20.88,20.88,-26.85,0.93,0.0000,0.0000
15.351119,15.909,4.419,11.96,42.11,66.02,1.5679,18.58,-3.30,1.72,25.30,50.00,0.3000,26.54,41.71,40.21,13.27,13.27,20.86,20.86,4248.84,4248.84,4398.57,4398.57,4278.88,4279.80,4401.69,4402.72,30.04,30.95,3.12,4.15,13.27,13.27,20.86,20.86,-26.86,0.97,0.0000,0.0000
15.351119,15.900,4.417,11.95,42.06,65.94,1.5679,18.56,-3.30,1.72,25.27,50.00,0.3000,26.51,41.67,40.21,13.26,13.26,20.83,20.83,4248.84,4248.84,4398.57,4398.57,4278.88,4279.77,4401.68,4402.68,30.03,30.92,3.11,4.11,13.26,13.26,20.83,20.83,-26.87,0.95,0.0000,0.0000
15.351119,15.890,4.414,11.93,42.01,65.86,1.5679,18.54,-3.29,1.72,25.24,50.00,0.3000,26.48,41.62,40.21,13.24,13.24,20.81,20.81,4248.84,4248.84,4398.57,4398.57,4278.85,4279.75,4401.65,4402.67,30.01,30.91,3.08,4.10,13.24,13.24,20.81,20.81,-26.87,0.96,0.0000,0.0000
15.482358,15.881,4.411,11.92,41.96,65.78,1.5679,18.52,-3.29,1.72,25.21,50.00,0.3000,26.45,41.57,40.21,13.23,13.23,20.78,20.78,4248.84,4248.84,4398.57,4398.57,4278.85,4279.72,4401.65,4402.62,30.01,30.88,3.08,4.05,13.23,13.23,20.78,20.78,-26.88,0.92,0.0000,0.0000
15.482358,15.872,4.409,11.91,41.91,65.70,1.5679,18.50,-3.29,1.71,25.18,50.00,0.3000,26.42,41.52,40.21,13.21,13.21,20.76,20.76,4248.84,4248.84,4398.57,4398.57,4278.81,4279.73,4401.60,4402.63,29.97,30.88,3.03,4.06,13.21,13.21,20.76,20.76,-26.88,0.97,0.0000,0.0000
15.482358,15.862,4.406,11.89,41.86,65.63,1.5679,18.47,-3.28,1.71,25.15,50.00,0.3000,26.39,41.47,40.21,13.19,13.19,20.73,20.73,4248.84,4248.84,4398.57,4398.57,4278.81,4279.70,4401.59,4402.59,29.97,30.85,3.02,4.02,13.19,13.19,20.73,20.73,-26.89,0.94,0.0000,0.0000
15.482358,15.853,4.404,11.88,41.81,65.55,1.5679,18.45,-3.28,1.71,25.12,50.00,0.3000,26.36,41.42,40.21,13.18,13.18,20.71,20.71,4248.84,4248.84,4398.57,4398.57,4278.79,4279.69,4401.56,4402.57,29.94,30.84,2.99,4.00,13.18,13.18,20.71,20.71,-26.90,0.96,0.0000,0.0000
15.482358,15.843,4.401,11.86,41.76,65.47,1.5679,18.43,-3.27,1.71,25.09,50.00,0.3000,26.32,41.37,40.21,13.16,13.16,20.68,20.68,4248.84,4248.84,4398.57,4398.57,4278.78,4279.65,4401.55,4402.53,29.94,30.81,2.98,3.96,13.16,13.16,20.68,20.68,-26.90,0.92,0.0000,0.0000
15.482358,15.834,4.398,11.85,41.71,65.39,1.5679,18.41,-3.27,1.71,25.06,50.00,0.3000,26.29,41.32,40.21,13.15,13.15,20.66,20.66,4248.84,4248.84,4398.57,4398.57,4278.75,4279.66,4401.51,4402.53,29.90,30.81,2.94,3.96,13.15,13.15,20.66,20.66,-26.91,0.97,0.0000,0.0000
15.482358,15.824,4.396,11.83,41.66,65.31,1.5679,18.39,-3.27,1.70,25.03,50.00,0.3000,26.26,41.27,40.21,13.13,13.13,20.64,20.64,4248.84,4248.84,4398.57,4398.57,4278.74,4279.63,4401.50,4402.49,29.90,30.78,2.93,3.92,13.13,13.13,20.64,20.64,-26.91,0.94,0.0000,0.0000
15.482358,15.815,4.393,11.82,41.61,65.24,1.5679,18.36,-3.26,1.70,25.00,50.00,0.3000,26.23,41.22,40.21,13.12,13.12,20.61,20.61,4248.84,4248.84,4398.57,4398.57,4278.72,4279.62,4401.47,4402.48,29.87,30.77,2.90,3.91,13.12,13.12,20.61,20.61,-26.92,0.96,0.0000,0.0000
15.482358,15.805,4.390,11.81,41.56,65.16,1.5679,18.34,-3.26,1.70,24.97,50.00,0.3000,26.20,41.17,40.21,13.10,13.10,20.59,20.59,4248.84,4248.84,4398.57,4398.57,4278.72,4279.58,4401.46,4402.44,29.87,30.74,2.90,3.87,13.10,13.10,20.59,20.59,-26.92,0.92,0.0000,0.0000
15.482358,15.796,4.388,11.79,41.51,65.08,1.5679,18.32,-3.25,1.70,24.94,50.00,0.3000,26.17,41.12,40.21,13.08,13.08,20.56,20.56,4248.84,4248.84,4398.57,4398.57,4278.68,4279.58,4401.42,4402.44,29.83,30.74,2.85,3.87,13.08,13.08,20.56,20.56,-26.92,0.96,0.0000,0.0000
15.482358,15.787,4.385,11.78,41.46,65.00,1.5679,18.30,-3.25,1.70,24.91,50.00,0.3000,26.14,41.07,40.21,13.07,13.07,20.54,20.54,4248.84,4248.84,4398.57,4398.57,4278.68,4279.55,4401.42,4402.39,29.84,30.70,2.85,3.82,13.07,13.07,20.54,20.54,-26.94,0.91,0.0000,0.0000
15.482358,15.777,4.383,11.76,41.41,64.93,1.5679,18.28,-3.25,1.69,24.88,50.00,0.3000,26.11,41.02,40.21,13.05,13.05,20.51,20.51,4248.84,4248.84,4398.57,4398.57,4278.64,4279.55,4401.37,4402.39,29.80,30.71,2.80,3.82,13.05,13.05,20.51,20.51,-26.94,0.96,0.0000,0.0000
15.611840,15.768,4.380,11.75,41.36,64.85,1.5679,18.25,-3.24,1.69,24.85,50.00,0.3000,26.07,40.98,40.21,13.04,13.04,20.49,20.49,4248.84,4248.84,4398.57,4398.57,4278.65,4279.51,4401.38,4402.34,29.81,30.66,2.81,3.77,13.04,13.04,20.49,20.49,-26.95,0.91,0.0000,0.0000
15.611840,15.758,4.377,11.74,41.31,64.77,1.5679,18.23,-3.24,1.69,24.82,50.00,0.3000,26.04,40.93,40.21,13.02,13.02,20.46,20.46,4248.84,4248.84,4398.57,4398.57,4278.61,4279.52,4401.33,4402.35,29.77,30.67,2.76,3.77,13.02,13.02,20.46,20.46,-26.95,0.96,0.0000,0.0000
15.611840,15.749,4.375,11.72,41.26,64.69,1.5679,18.21,-3.24,1.69,24.79,50.00,0.3000,26.01,40.88,40.21,13.01,13.01,20.44,20.44,4248.84,4248.84,4398.57,4398.57,4278.62,4279.47,4401.33,4402.29,29.78,30.63,2.76,3.72,13.01,13.01,20.44,20.44,-26.96,0.91,0.0000,0.0000
15.611840,15.739,4.372,11.71,41.21,64.62,1.5679,18.19,-3.23,1.69,24.76,50.00,0.3000,25.98,40.83,40.21,12.99,12.99,20.41,20.41,4248.84,4248.84,4398.57,4398.57,4278.58,4279.48,4401.28,4402.30,29.73,30.64,2.71,3.73,12.99,12.99,20.41,20.41,-26.97,0.96,0.0000,0.0000
15.611840,15.730,4.369,11.69,41.16,64.54,1.5679,18.17,-3.23,1.68,24.73,50.00,0.3000,25.95,40.78,40.21,12.97,12.97,20.39,20.39,4248.84,4248.84,4398.57,4398.57,4278.58,4279.44,4401.29,4402.25,29.74,30.60,2.72,3.68,12.97,12.97,20.39,20.39,-26.97,0.91,0.0000,0.0000
15.611840,15.721,4.367,11.68,41.11,64.46,1.5679,18.15,-3.22,1.68,24.70,50.00,0.3000,25.92,40.73,40.21,12.96,12.96,20.37,20.37,4248.84,4248.84,4398.57,4398.57,4278.56,4279.43,4401.25,4402.24,29.71,30.59,2.68,3.67,12.96,12.96,20.37,20.37,-26.97,0.93,0.0000,0.0000
15.611840,15.711,4.364,11.67,41.06,64.38,1.5679,18.12,-3.22,1.68,24.67,50.00,0.3000,25.89,40.68,40.21,12.94,12.94,20.34,20.34,4248.84,4248.84,4398.57,4398.57,4278.54,4279.41,4401.24,4402.21,29.70,30.56,2.67,3.64,12.94,12.94,20.34,20.34,-26.98,0.92,0.0000,0.0000
15.611840,15.702,4.362,11.65,41.01,64.31,1.5679,18.10,-3.22,1.68,24.64,50.00,0.3000,25.86,40.63,40.21,12.93,12.93,20.32,20.32,4248.84,4248.84,4398.57,4398.57,4278.53,4279.39,4401.21,4402.19,29.68,30.55,2.64,3.61,12.93,12.93,20.32,20.32,-26.99,0.92,0.0000,0.0000
15.611840,15.692,4.359,11.64,40.96,64.23,1.5679,18.08,-3.21,1.68,24.61,50.00,0.3000,25.83,40.58,40.21,12.91,12.91,20.29,20.29,4248.84,4248.84,4398.57,4398.57,4278.51,4279.37,4401.19,4402.16,29.67,30.53,2.62,3.59,12.91,12.91,20.29,20.29,-26.99,0.92,0.0000,0.0000
15.611840,15.683,4.356,11.62,40.91,64.15,1.5679,18.06,-3.21,1.67,24.59,50.00,0.3000,25.79,40.54,40.21,12.90,12.90,20.27,20.27,4248.84,4248.84,4398.57,4398.57,4278.49,4279.36,4401.17,4402.14,29.65,30.51,2.60,3.57,12.90,12.90,20.27,20.27,-26.99,0.92,0.0000,0.0000
15.611840,15.673,4.354,11.61,40.87,64.07,1.5679,18.04,-3.20,1.67,24.56,50.00,0.3000,25.76,40.49,40.21,12.88,12.88,20.24,20.24,4248.84,4248.84,4398.57,4398.57,4278.47,4279.34,4401.15,4402.12,29.63,30.49,2.58,3.55,12.88,12.88,20.24,20.24,-27.00,0.92,0.0000,0.0000
15.611840,15.664,4.351,11.60,40.82,64.00,1.5679,18.01,-3.20,1.67,24.53,50.00,0.3000,25.73,40.44,40.21,12.87,12.87,20.22,20.22,4248.84,4248.84,4398.57,4398.57,4278.46,4279.32,4401.12,4402.09,29.62,30.48,2.56,3.52,12.87,12.87,20.22,20.22,-27.01,0.91,0.0000,0.0000
15.728211,15.655,4.349,11.58,40.77,63.92,1.5679,17.99,-3.20,1.67,24.50,50.00,0.3000,25.70,40.39,40.21,12.85,12.85,20.19,20.19,4248.84,4248.84,4398.57,4398.57,4278.45,4279.31,4401.10,4402.07,29.60,30.46,2.53,3.50,12.85,12.85,20.19,20.19,-27.02,0.91,0.0000,0.0000
15.728211,15.645,4.346,11.57,40.72,63.84,1.5679,17.97,-3.19,1.67,24.47,50.00,0.3000,25.67,40.34,40.21,12.84,12.84,20.17,20.17,4248.84,4248.84,4398.57,4398.57,4278.43,4279.29,4401.08,4402.04,29.58,30.44,2.51,3.47,12.84,12.84,20.17,20.17,-27.02,0.91,0.0000,0.0000
15.728211,15.636,4.343,11.55,40.67,63.77,1.5679,17.95,-3.19,1.66,24.44,50.00,0.3000,25.64,40.29,40.21,12.82,12.82,20.15,20.15,4248.84,4248.84,4398.57,4398.57,4278.41,4279.27,4401.06,4402.02,29.57,30.43,2.49,3.45,12.82,12.82,20.15,20.15,-27.03,0.91,0.0000,0.0000
15.728211,15.626,4.341,11.54,40.62,63.69,1.5679,17.93,-3.19,1.66,24.41,50.00,0.3000,25.61,40.24,40.21,12.80,12.80,20.12,20.12,4248.84,4248.84,4398.57,4398.57,4278.39,4279.25,4401.04,4402.00,29.55,30.41,2.47,3.43,12.80,12.80,20.12,20.12,-27.03,0.91,0.0000,0.0000
15.728211,15.617,4.338,11.53,40.57,63.61,1.5679,17.91,-3.18,1.66,24.38,50.00,0.3000,25.58,40.20,40.21,12.79,12.79,20.10,20.10,4248.84,4248.84,4398.57,4398.57,4278.38,4279.23,4401.01,4401.98,29.53,30.39,2.44,3.41,12.79,12.79,20.10,20.10,-27.04,0.91,0.0000,0.0000
15.728211,15.608,4.335,11.51,40.52,63.54,1.5679,17.89,-3.18,1.66,24.35,50.00,0.3000,25.55,40.15,40.21,12.77,12.77,20.07,20.07,4248.84,4248.84,4398.57,4398.57,4278.36,4279.22,4400.99,4401.95,29.52,30.38,2.42,3.38,12.77,12.77,20.07,20.07,-27.05,0.91,0.0000,0.0000
15.728211,15.598,4.333,11.50,40.47,63.46,1.5679,17.86,-3.17,1.66,24.32,50.00,0.3000,25.52,40.10,40.21,12.76,12.76,20.05,20.05,4248.84,4248.84,4398.57,4398.57,4278.35,4279.20,4400.97,4401.93,29.50,30.36,2.40,3.36,12.76,12.76,20.05,20.05,-27.05,0.91,0.0000,0.0000
15.728211,15.589,4.330,11.48,40.42,63.38,1.5680,17.84,-3.17,1.65,24.29,50.00,0.3000,25.49,40.05,40.21,12.74,12.74,20.03,20.03,4248.84,4248.84,4398.57,4398.57,4278.33,4279.18,4400.94,4401.91,29.48,30.34,2.38,3.34,12.74,12.74,20.03,20.03,-27.06,0.91,0.0000,0.0000
15.728211,15.579,4.328,11.47,40.38,63.31,1.5680,17.82,-3.17,1.65,24.26,50.00,0.3000,25.45,40.00,40.21,12.73,12.73,20.00,20.00,4248.84,4248.84,4398.57,4398.57,4278.31,4279.16,4400.93,4401.89,29.47,30.32,2.36,3.32,12.73,12.73,20.00,20.00,-27.06,0.91,0.0000,0.0000
15.728211,15.570,4.325,11.46,40.33,63.23,1.5680,17.80,-3.16,1.65,24.23,50.00,0.3000,25.42,39.95,40.21,12.71,12.71,19.98,19.98,4248.84,4248.84,4398.57,4398.57,4278.29,4279.15,4400.90,4401.86,29.45,30.30,2.33,3.29,12.71,12.71,19.98,19.98,-27.06,0.91,0.0000,0.0000
15.728211,15.560,4.322,11.44,40.28,63.15,1.5680,17.78,-3.16,1.65,24.20,50.00,0.3000,25.39,39.91,40.21,12.70,12.70,19.95,19.95,4248.84,4248.84,4398.57,4398.57,4278.28,4279.13,4400.88,4401.84,29.43,30.29,2.31,3.27,12.70,12.70,19.95,19.95,-27.07,0.91,0.0000,0.0000
15.728211,15.551,4.320,11.43,40.23,63.08,1.5680,17.76,-3.15,1.65,24.17,50.00,0.3000,25.36,39.86,40.21,12.68,12.68,19.93,19.93,4248.84,4248.84,4398.57,4398.57,4278.26,4279.11,4400.86,4401.81,29.42,30.27,2.29,3.24,12.68,12.68,19.93,19.93,-27.08,0.90,0.0000,0.0000
15.838963,15.542,4.317,11.42,40.18,63.00,1.5680,17.73,-3.15,1.64,24.14,50.00,0.3000,25.33,39.81,40.21,12.67,12.67,19.90,19.90,4248.84,4248.84,4398.57,4398.57,4278.24,4279.10,4400.83,4401.80,29.40,30.26,2.26,3.23,12.67,12.67,19.90,19.90,-27.08,0.91,0.0000,0.0000
15.838963,15.532,4.315,11.40,40.13,62.93,1.5680,17.71,-3.15,1.64,24.12,50.00,0.3000,25.30,39.76,40.21,12.65,12.65,19.88,19.88,4248.84,4248.84,4398.57,4398.57,4278.23,4279.08,4400.82,4401.77,29.38,30.23,2.25,3.20,12.65,12.65,19.88,19.88,-27.08,0.90,0.0000,0.0000
15.838963,15.523,4.312,11.39,40.08,62.85,1.5680,17.69,-3.14,1.64,24.09,50.00,0.3000,25.27,39.71,40.21,12.64,12.64,19.86,19.86,4248.84,4248.84,4398.57,4398.57,4278.21,4279.07,4400.78,4401.75,29.36,30.22,2.21,3.18,12.64,12.64,19.86,19.86,-27.10,0.91,0.0000,0.0000
15.838963,15.513,4.309,11.37,40.03,62.77,1.5680,17.67,-3.14,1.64,24.06,50.00,0.3000,25.24,39.66,40.21,12.62,12.62,19.83,19.83,4248.84,4248.84,4398.57,4398.57,4278.20,4279.05,4400.77,4401.72,29.35,30.20,2.20,3.15,12.62,12.62,19.83,19.83,-27.10,0.90,0.0000,0.0000
15.838963,15.504,4.307,11.36,39.99,62.70,1.5680,17.65,-3.14,1.64,24.03,50.00,0.3000,25.21,39.62,40.21,12.60,12.60,19.81,19.81,4248.84,4248.84,4398.57,4398.57,4278.18,4279.03,4400.74,4401.70,29.33,30.19,2.17,3.13,12.60,12.60,19.81,19.81,-27.11,0.91,0.0000,0.0000
15.838963,15.495,4.304,11.35,39.94,62.62,1.5680,17.63,-3.13,1.63,24.00,50.00,0.3000,25.18,39.57,40.21,12.59,12.59,19.78,19.78,4248.84,4248.84,4398.57,4398.57,4278.16,4279.01,4400.72,4401.68,29.32,30.17,2.15,3.11,12.59,12.59,19.78,19.78,-27.11,0.90,0.0000,0.0000
15.838963,15.485,4.301,11.33,39.89,62.54,1.5680,17.61,-3.13,1.63,23.97,50.00,0.3000,25.15,39.52,40.21,12.57,12.57,19.76,19.76,4248.84,4248.84,4398.57,4398.57,4278.15,4278.98,4400.71,4401.65,29.31,30.14,2.15,3.08,12.57,12.57,19.76,19.76,-27.11,0.88,0.0000,0.0000
15.838963,15.476,4.299,11.32,39.84,62.47,1.5680,17.58,-3.12,1.63,23.94,50.00,0.3000,25.12,39.47,40.21,12.56,12.56,19.74,19.74,4248.84,4248.84,4398.57,4398.57,4278.12,4278.98,4400.67,4401.64,29.28,30.14,2.10,3.07,12.56,12.56,19.74,19.74,-27.12,0.91,0.0000,0.0000
15.838963,15.466,4.296,11.31,39.79,62.39,1.5680,17.56,-3.12,1.63,23.91,50.00,0.3000,25.09,39.42,40.21,12.54,12.54,19.71,19.71,4248.84,4248.84,4398.57,4398.57,4278.11,4278.96,4400.66,4401.61,29.27,30.11,2.09,3.04,12.54,12.54,19.71,19.71,-27.13,0.90,0.0000,0.0000
15.838963,15.457,4.294,11.29,39.74,62.32,1.5680,17.54,-3.12,1.63,23.88,50.00,0.3000,25.06,39.38,40.21,12.53,12.53,19.69,19.69,4248.84,4248.84,4398.57,4398.57,4278.09,4278.94,4400.63,4401.59,29.25,30.10,2.06,3.02,12.53,12.53,19.69,19.69,-27.13,0.90,0.0000,0.0000
15.838963,15.448,4.291,11.28,39.70,62.24,1.5680,17.52,-3.11,1.62,23.85,50.00,0.3000,25.03,39.33,40.21,12.51,12.51,19.66,19.66,4248.84,4248.84,4398.57,4398.57,4278.08,4278.93,4400.61,4401.57,29.23,30.08,2.04,3.00,12.51,12.51,19.66,19.66,-27.14,0.90,0.0000,0.0000
15.838963,15.438,4.288,11.26,39.65,62.17,1.5680,17.50,-3.11,1.62,23.82,50.00,0.3000,25.00,39.28,40.21,12.50,12.50,19.64,19.64,4248.84,4248.84,4398.57,4398.57,4278.06,4278.91,4400.59,4401.54,29.22,30.07,2.02,2.97,12.50,12.50,19.64,19.64,-27.15,0.90,0.0000,0.0000
16.000458,15.429,4.286,11.25,39.60,62.09,1.5680,17.48,-3.11,1.62,23.79,50.00,0.3000,24.97,39.23,40.21,12.48,12.48,19.62,19.62,4248.84,4248.84,4398.57,4398.57,4278.05,4278.89,4400.57,4401.52,29.20,30.05,2.00,2.95,12.48,12.48,19.62,19.62,-27.15,0.90,0.0000,0.0000
16.000458,15.419,4.283,11.24,39.55,62.01,1.5680,17.46,-3.10,1.62,23.77,50.00,0.3000,24.93,39.19,40.21,12.47,12.47,19.59,19.59,4248.84,4248.84,4398.57,4398.57,4278.03,4278.88,4400.54,4401.50,29.18,30.03,1.98,2.93,12.47,12.47,19.59,19.59,-27.16,0.90,0.0000,0.0000
16.000458,15.410,4.281,11.22,39.50,61.94,1.5680,17.43,-3.10,1.62,23.74,50.00,0.3000,24.90,39.14,40.21,12.45,12.45,19.57,19.57,4248.84,4248.84,4398.57,4398.57,4278.01,4278.86,4400.52,4401.47,29.17,30.01,1.96,2.90,12.45,12.45,19.57,19.57,-27.16,0.90,0.0000,0.0000
16.000458,15.401,4.278,11.21,39.45,61.86,1.5680,17.41,-3.09,1.61,23.71,50.00,0.3000,24.87,39.09,40.21,12.44,12.44,19.54,19.54,4248.84,4248.84,4398.57,4398.57,4277.99,4278.84,4400.50,4401.45,29.15,30.00,1.93,2.88,12.44,12.44,19.54,19.54,-27.17,0.90,0.0000,0.0000
16.000458,15.391,4.275,11.20,39.41,61.79,1.5680,17.39,-3.09,1.61,23.68,50.00,0.3000,24.84,39.04,40.21,12.42,12.42,19.52,19.52,4248.84,4248.84,4398.57,4398.57,4277.99,4278.81,4400.50,4401.42,29.15,29.96,1.93,2.85,12.42,12.42,19.52,19.52,-27.17,0.87,0.0000,0.0000
16.000458,15.382,4.273,11.18,39.36,61.71,1.5680,17.37,-3.09,1.61,23.65,50.00,0.3000,24.81,38.99,40.21,12.41,12.41,19.50,19.50,4248.84,4248.84,4398.57,4398.57,4277.96,4278.81,4400.45,4401.42,29.11,29.97,1.88,2.85,12.41,12.41,19.50,19.50,-27.18,0.91,0.0000,0.0000
16.000458,15.372,4.270,11.17,39.31,61.64,1.5680,17.35,-3.08,1.61,23.62,50.00,0.3000,24.78,38.95,40.21,12.39,12.39,19.47,19.47,4248.84,4248.84,4398.57,4398.57,4277.96,4278.78,4400.45,4401.37,29.12,29.93,1.88,2.80,12.39,12.39,19.47,19.47,-27.19,0.86,0.0000,0.0000
16.000458,15.363,4.268,11.15,39.26,61.56,1.5680,17.33,-3.08,1.61,23.59,50.00,0.3000,24.75,38.90,40.21,12.38,12.38,19.45,19.45,4248.84,4248.84,4398.57,4398.57,4277.93,4278.78,4400.40,4401.37,29.08,29.94,1.83,2.80,12.38,12.38,19.45,19.45,-27.20,0.91,0.0000,0.0000
16.000458,15.354,4.265,11.14,39.21,61.49,1.5680,17.31,-3.07,1.60,23.56,50.00,0.3000,24.72,38.85,40.21,12.36,12.36,19.43,19.43,4248.84,4248.84,4398.57,4398.57,4277.93,4278.74,4400.41,4401.32,29.09,29.90,1.84,2.75,12.36,12.36,19.43,19.43,-27.20,0.86,0.0000,0.0000
16.000458,15.357,4.266,11.15,39.23,61.51,1.5680,17.31,-3.08,1.60,23.57,50.00,0.3000,24.73,38.87,40.21,12.37,12.37,19.43,19.43,4248.84,4248.84,4398.57,4398.57,4255.19,4256.11,4423.04,4424.08,6.35,7.27,24.47,25.51,12.37,12.37,19.43,19.43,18.18,0.97,0.0000,0.0000
16.000458,15.353,4.265,11.14,39.21,61.48,1.5680,17.31,-3.07,1.60,23.56,50.00,0.3000,24.72,38.85,40.21,12.36,12.36,19.43,19.43,4248.84,4248.84,4398.57,4398.57,4266.73,4267.53,4411.62,4412.52,17.89,18.69,13.05,13.95,12.36,12.36,19.43,19.43,-4.79,0.85,0.0000,0.0000
16.000458,15.353,4.265,11.14,39.21,61.48,1.5680,17.31,-3.07,1.60,23.56,50.00,0.3000,24.72,38.85,40.21,12.36,12.36,19.43,19.43,4248.84,4248.84,4398.57,4398.57,4260.90,4261.78,4417.37,4418.35,12.06,12.94,18.80,19.78,12.36,12.36,19.43,19.43,6.79,0.93,0.0000,0.0000
16.127823,15.349,4.264,11.13,39.19,61.45,1.5680,17.30,-3.07,1.60,23.55,50.00,0.3000,24.71,38.83,40.21,12.35,12.35,19.41,19.41,4248.84,4248.84,4398.57,4398.57,4268.90,4269.72,4409.41,4410.34,20.05,20.88,10.84,11.77,12.35,12.35,19.41,19.41,-9.16,0.88,0.0000,0.0000
16.127823,15.344,4.262,11.13,39.16,61.41,1.5680,17.28,-3.07,1.60,23.53,50.00,0.3000,24.69,38.80,40.21,12.35,12.35,19.40,19.40,4248.84,4248.84,4398.57,4398.57,4269.68,4270.53,4408.58,4409.53,20.84,21.68,10.01,10.96,12.35,12.35,19.40,19.40,-10.77,0.89,0.0000,0.0000
16.127823,15.338,4.260,11.12,39.13,61.36,1.5680,17.27,-3.07,1.60,23.51,50.00,0.3000,24.67,38.77,40.21,12.34,12.34,19.39,19.39,4248.84,4248.84,4398.57,4398.57,4272.58,4273.42,4405.66,4406.61,23.74,24.58,7.09,8.04,12.34,12.34,19.39,19.39,-16.60,0.90,0.0000,0.0000
16.127823,15.330,4.258,11.11,39.09,61.30,1.5680,17.25,-3.07,1.60,23.49,50.00,0.3000,24.65,38.73,40.21,12.32,12.32,19.37,19.37,4248.84,4248.84,4398.57,4398.57,4274.14,4274.96,4404.09,4405.01,25.30,26.12,5.52,6.44,12.32,12.32,19.37,19.37,-19.73,0.87,0.0000,0.0000
16.127823,15.322,4.256,11.10,39.05,61.23,1.5680,17.24,-3.06,1.60,23.47,50.00,0.3000,24.62,38.69,40.21,12.31,12.31,19.35,19.35,4248.84,4248.84,4398.57,4398.57,4275.53,4276.38,4402.64,4403.59,26.69,27.54,4.07,5.02,12.31,12.31,19.35,19.35,-22.56,0.90,0.0000,0.0000
16.127823,15.313,4.254,11.08,39.01,61.16,1.5680,17.22,-3.06,1.60,23.44,50.00,0.3000,24.59,38.65,40.21,12.30,12.30,19.32,19.32,4248.84,4248.84,4398.57,4398.57,4276.77,4277.59,4401.40,4402.31,27.93,28.74,2.83,3.74,12.30,12.30,19.32,19.32,-25.05,0.86,0.0000,0.0000
16.127823,15.304,4.251,11.07,38.96,61.09,1.5680,17.19,-3.06,1.59,23.41,50.00,0.3000,24.56,38.60,40.21,12.28,12.28,19.30,19.30,4248.84,4248.84,4398.57,4398.57,4277.57,4278.42,4400.52,4401.48,28.73,29.58,1.95,2.91,12.28,12.28,19.30,19.30,-26.72,0.90,0.0000,0.0000
16.127823,15.294,4.248,11.06,38.91,61.01,1.5680,17.17,-3.05,1.59,23.38,50.00,0.3000,24.53,38.55,40.21,12.27,12.27,19.28,19.28,4248.84,4248.84,4398.57,4398.57,4278.25,4279.06,4399.85,4400.76,29.40,30.21,1.28,2.19,12.27,12.27,19.28,19.28,-28.07,0.86,0.0000,0.0000
16.127823,15.285,4.246,11.04,38.86,60.93,1.5680,17.15,-3.05,1.59,23.35,50.00,0.3000,24.50,38.50,40.21,12.25,12.25,19.25,19.25,4248.84,4248.84,4398.57,4398.57,4278.65,4279.50,4399.36,4400.32,29.81,30.66,0.79,1.75,12.25,12.25,19.25,19.25,-28.96,0.90,0.0000,0.0000
16.127823,15.275,4.243,11.03,38.81,60.85,1.5680,17.13,-3.04,1.59,23.32,50.00,0.3000,24.47,38.45,40.21,12.23,12.23,19.23,19.23,4248.84,4248.84,4398.57,4398.57,4278.96,4279.77,4399.05,4399.96,30.12,30.93,0.49,1.39,12.23,12.23,19.23,19.23,-29.58,0.86,0.0000,0.0000
16.127823,15.264,4.240,11.01,38.76,60.77,1.5680,17.11,-3.04,1.59,23.29,50.00,0.3000,24.44,38.40,40.21,12.22,12.22,19.20,19.20,4248.84,4248.84,4398.57,4398.57,4279.11,4279.94,4398.84,4399.77,30.27,31.09,0.27,1.20,12.22,12.22,19.20,19.20,-29.95,0.88,0.0000,0.0000
16.127823,15.254,4.237,11.00,38.71,60.69,1.5680,17.08,-3.04,1.58,23.26,50.00,0.3000,24.40,38.35,40.21,12.20,12.20,19.18,19.18,4248.84,4248.84,4398.57,4398.57,4279.20,4280.01,4398.73,4399.64,30.36,31.17,0.16,1.07,12.20,12.20,19.18,19.18,-30.15,0.86,0.0000,0.0000
16.256205,15.244,4.234,10.98,38.66,60.61,1.5680,17.06,-3.03,1.58,23.23,50.00,0.3000,24.37,38.30,40.21,12.19,12.19,19.15,19.15,4248.84,4248.84,4398.57,4398.57,4279.22,4280.04,4398.66,4399.58,30.38,31.19,0.09,1.01,12.19,12.19,19.15,19.15,-30.23,0.87,0.0000,0.0000
16.256205,15.234,4.232,10.97,38.60,60.53,1.5680,17.04,-3.03,1.58,23.20,50.00,0.3000,24.34,38.25,40.21,12.17,12.17,19.12,19.12,4248.84,4248.84,4398.57,4398.57,4279.20,4280.01,4398.64,4399.55,30.36,31.17,0.08,0.98,12.17,12.17,19.12,19.12,-30.23,0.86,0.0000,0.0000
16.256205,15.224,4.229,10.95,38.55,60.45,1.5680,17.01,-3.02,1.58,23.17,50.00,0.3000,24.31,38.20,40.21,12.15,12.15,19.10,19.10,4248.84,4248.84,4398.57,4398.57,4279.15,4279.96,4398.65,4399.57,30.30,31.12,0.08,1.00,12.15,12.15,19.10,19.10,-30.17,0.86,0.0000,0.0000
16.256205,15.213,4.226,10.94,38.50,60.37,1.5680,16.99,-3.02,1.58,23.14,50.00,0.3000,24.27,38.15,40.21,12.14,12.14,19.07,19.07,4248.84,4248.84,4398.57,4398.57,4279.08,4279.88,4398.69,4399.60,30.23,31.04,0.12,1.03,12.14,12.14,19.07,19.07,-30.06,0.86,0.0000,0.0000
16.256205,15.203,4.223,10.92,38.45,60.29,1.5680,16.97,-3.02,1.57,23.10,50.00,0.3000,24.24,38.10,40.21,12.12,12.12,19.05,19.05,4248.84,4248.84,4398.57,4398.57,4278.99,4279.80,4398.73,4399.64,30.15,30.96,0.16,1.07,12.12,12.12,19.05,19.05,-29.94,0.86,0.0000,0.0000
16.256205,15.193,4.220,10.91,38.40,60.21,1.5680,16.95,-3.01,1.57,23.07,50.00,0.3000,24.21,38.04,40.21,12.10,12.10,19.02,19.02,4248.84,4248.84,4398.57,4398.57,4278.91,4279.71,4398.78,4399.68,30.06,30.87,0.21,1.11,12.10,12.10,19.02,19.02,-29.80,0.85,0.0000,0.0000
16.256205,15.183,4.218,10.90,38.35,60.13,1.5680,16.92,-3.01,1.57,23.04,50.00,0.3000,24.18,37.99,40.21,12.09,12.09,19.00,19.00,4248.84,4248.84,4398.57,4398.57,4278.81,4279.62,4398.83,4399.73,29.97,30.78,0.26,1.16,12.09,12.09,19.00,19.00,-29.66,0.86,0.0000,0.0000
16.256205,15.173,4.215,10.88,38.30,60.05,1.5680,16.90,-3.00,1.57,23.01,50.00,0.3000,24.15,37.94,40.21,12.07,12.07,18.97,18.97,4248.84,4248.84,4398.57,4398.57,4278.72,4279.53,4398.88,4399.79,29.88,30.68,0.31,1.22,12.07,12.07,18.97,18.97,-29.51,0.85,0.0000,0.0000
16.256205,15.163,4.212,10.87,38.25,59.97,1.5680,16.88,-3.00,1.56,22.98,50.00,0.3000,24.11,37.89,40.21,12.06,12.06,18.95,18.95,4248.84,4248.84,4398.57,4398.57,4278.63,4279.43,4398.94,4399.84,29.78,30.59,0.37,1.27,12.06,12.06,18.95,18.95,-29.36,0.86,0.0000,0.0000
16.256205,15.153,4.209,10.85,38.20,59.89,1.5680,16.86,-3.00,1.56,22.95,50.00,0.3000,24.08,37.85,40.21,12.04,12.04,18.92,18.92,4248.84,4248.84,4398.57,4398.57,4278.54,4279.34,4398.99,4399.89,29.69,30.50,0.42,1.32,12.04,12.04,18.92,18.92,-29.22,0.85,0.0000,0.0000
16.256205,15.144,4.207,10.84,38.15,59.82,1.5680,16.84,-2.99,1.56,22.92,50.00,0.3000,24.05,37.80,40.21,12.03,12.03,18.90,18.90,4248.84,4248.84,4398.57,4398.57,4278.45,4279.25,4399.04,4399.94,29.60,30.40,0.47,1.37,12.03,12.03,18.90,18.90,-29.08,0.85,0.0000,0.0000
16.256205,15.134,4.204,10.82,38.10,59.74,1.5680,16.81,-2.99,1.56,22.89,50.00,0.3000,24.02,37.75,40.21,12.01,12.01,18.87,18.87,4248.84,4248.84,4398.57,4398.57,4278.36,4279.17,4399.08,4399.99,29.52,30.32,0.51,1.42,12.01,12.01,18.87,18.87,-28.96,0.86,0.0000,0.0000
16.354635,15.124,4.201,10.81,38.05,59.66,1.5680,16.79,-2.98,1.56,22.86,50.00,0.3000,23.99,37.70,40.21,11.99,11.99,18.85,18.85,4248.84,4248.84,4398.57,4398.57,4278.56,4279.37,4398.84,4399.75,29.71,30.52,0.27,1.18,11.99,11.99,18.85,18.85,-29.40,0.86,0.0000,0.0000
16.354635,15.114,4.198,10.80,38.00,59.58,1.5680,16.77,-2.98,1.55,22.83,50.00,0.3000,23.96,37.65,40.21,11.98,11.98,18.83,18.83,4248.84,4248.84,4398.57,4398.57,4278.29,4279.13,4399.03,4399.98,29.45,30.29,0.46,1.41,11.98,11.98,18.83,18.83,-28.94,0.89,0.0000,0.0000
16.354635,15.105,4.196,10.78,37.95,59.51,1.5680,16.75,-2.98,1.55,22.81,50.00,0.3000,23.93,37.60,40.21,11.96,11.96,18.80,18.80,4248.84,4248.84,4398.57,4398.57,4278.22,4278.99,4399.14,4400.01,29.37,30.15,0.57,1.44,11.96,11.96,18.80,18.80,-28.76,0.82,0.0000,0.0000
16.354635,15.095,4.193,10.77,37.90,59.43,1.5680,16.73,-2.97,1.55,22.78,50.00,0.3000,23.90,37.55,40.21,11.95,11.95,18.78,18.78,4248.84,4248.84,4398.57,4398.57,4278.09,4278.92,4399.17,4400.10,29.25,30.08,0.60,1.53,11.95,11.95,18.78,18.78,-28.60,0.88,0.0000,0.0000
16.354635,15.086,4.190,10.76,37.86,59.36,1.5680,16.71,-2.97,1.55,22.75,50.00,0.3000,23.87,37.51,40.21,11.93,11.93,18.75,18.75,4248.84,4248.84,4398.57,4398.57,4278.03,4278.81,4399.24,4400.12,29.19,29.96,0.67,1.55,11.93,11.93,18.75,18.75,-28.46,0.83,0.0000,0.0000
16.354635,15.076,4.188,10.74,37.81,59.28,1.5680,16.69,-2.96,1.55,22.72,50.00,0.3000,23.84,37.46,40.21,11.92,11.92,18.73,18.73,4248.84,4248.84,4398.57,4398.57,4277.94,4278.76,4399.25,4400.18,29.09,29.92,0.68,1.61,11.92,11.92,18.73,18.73,-28.37,0.88,0.0000,0.0000
16.354635,15.067,4.185,10.73,37.76,59.21,1.5680,16.67,-2.96,1.54,22.69,50.00,0.3000,23.81,37.41,40.21,11.90,11.90,18.71,18.71,4248.84,4248.84,4398.57,4398.57,4277.56,4278.34,4399.64,4400.52,28.71,29.49,1.07,1.95,11.90,11.90,18.71,18.71,-27.60,0.83,0.0000,0.0000
16.354635,15.058,4.183,10.72,37.72,59.14,1.5680,16.64,-2.96,1.54,22.66,50.00,0.3000,23.78,37.37,40.21,11.89,11.89,18.68,18.68,4248.84,4248.84,4398.57,4398.57,4277.34,4278.14,4399.80,4400.70,28.49,29.29,1.23,2.13,11.89,11.89,18.68,18.68,-27.21,0.85,0.0000,0.0000
16.354635,15.049,4.180,10.70,37.67,59.07,1.5680,16.62,-2.95,1.54,22.64,50.00,0.3000,23.75,37.32,40.21,11.87,11.87,18.66,18.66,4248.84,4248.84,4398.57,4398.57,4277.34,4278.14,4399.77,4400.66,28.50,29.29,1.20,2.09,11.87,11.87,18.66,18.66,-27.25,0.84,0.0000,0.0000
16.354635,15.039,4.178,10.69,37.62,58.99,1.5680,16.60,-2.95,1.54,22.61,50.00,0.3000,23.72,37.28,40.21,11.86,11.86,18.64,18.64,4248.84,4248.84,4398.57,4398.57,4277.35,4278.16,4399.70,4400.62,28.50,29.32,1.13,2.05,11.86,11.86,18.64,18.64,-27.32,0.87,0.0000,0.0000
16.354635,15.030,4.175,10.68,37.58,58.92,1.5680,16.58,-2.95,1.54,22.58,50.00,0.3000,23.69,37.23,40.21,11.85,11.85,18.62,18.62,4248.84,4248.84,4398.57,4398.57,4277.37,4278.15,4399.68,4400.56,28.52,29.30,1.11,1.99,11.85,11.85,18.62,18.62,-27.36,0.83,0.0000,0.0000
16.354635,15.021,4.172,10.66,37.53,58.85,1.5680,16.56,-2.94,1.54,22.55,50.00,0.3000,23.66,37.19,40.21,11.83,11.83,18.59,18.59,4248.84,4248.84,4398.57,4398.57,4277.35,4278.15,4399.64,4400.54,28.50,29.30,1.07,1.97,11.83,11.83,18.59,18.59,-27.38,0.85,0.0000,0.0000
16.510101,15.012,4.170,10.65,37.49,58.78,1.5680,16.54,-2.94,1.53,22.53,50.00,0.3000,23.63,37.14,40.21,11.82,11.82,18.57,18.57,4248.84,4248.84,4398.57,4398.57,4277.08,4277.85,4399.90,4400.77,28.23,29.01,1.33,2.20,11.82,11.82,18.57,18.57,-26.86,0.82,0.0000,0.0000
16.510101,15.002,4.167,10.64,37.44,58.71,1.5680,16.52,-2.94,1.53,22.50,50.00,0.3000,23.60,37.09,40.21,11.80,11.80,18.55,18.55,4248.84,4248.84,4398.57,4398.57,4277.22,4278.00,4399.71,4400.59,28.38,29.16,1.15,2.02,11.80,11.80,18.55,18.55,-27.18,0.83,0.0000,0.0000
16.510101,14.993,4.165,10.62,37.39,58.63,1.5680,16.50,-2.93,1.53,22.47,50.00,0.3000,23.58,37.05,40.21,11.79,11.79,18.52,18.52,4248.84,4248.84,4398.57,4398.57,4277.23,4278.04,4399.64,4400.54,28.39,29.19,1.07,1.97,11.79,11.79,18.52,18.52,-27.27,0.85,0.0000,0.0000
16.510101,14.984,4.162,10.61,37.35,58.56,1.5680,16.48,-2.93,1.53,22.44,50.00,0.3000,23.55,37.00,40.21,11.77,11.77,18.50,18.50,4248.84,4248.84,4398.57,4398.57,4277.26,4278.05,4399.58,4400.48,28.41,29.21,1.02,1.91,11.77,11.77,18.50,18.50,-27.35,0.85,0.0000,0.0000
16.510101,14.974,4.160,10.60,37.30,58.49,1.5680,16.46,-2.92,1.53,22.41,50.00,0.3000,23.52,36.96,40.21,11.76,11.76,18.48,18.48,4248.84,4248.84,4398.57,4398.57,4277.26,4278.06,4399.54,4400.44,28.41,29.21,0.98,1.87,11.76,11.76,18.48,18.48,-27.39,0.85,0.0000,0.0000
16.510101,14.965,4.157,10.58,37.25,58.41,1.5680,16.44,-2.92,1.52,22.39,50.00,0.3000,23.49,36.91,40.21,11.74,11.74,18.45,18.45,4248.84,4248.84,4398.57,4398.57,4277.24,4278.04,4399.52,4400.42,28.40,29.19,0.95,1.85,11.74,11.74,18.45,18.45,-27.40,0.84,0.0000,0.0000
16.510101,14.956,4.154,10.57,37.21,58.34,1.5681,16.42,-2.92,1.52,22.36,50.00,0.3000,23.46,36.86,40.21,11.73,11.73,18.43,18.43,4248.84,4248.84,4398.57,4398.57,4277.24,4278.04,4399.49,4400.38,28.40,29.19,0.92,1.81,11.73,11.73,18.43,18.43,-27.43,0.85,0.0000,0.0000
16.510101,14.946,4.152,10.56,37.16,58.27,1.5681,16.40,-2.91,1.52,22.33,50.00,0.3000,23.43,36.82,40.21,11.71,11.71,18.41,18.41,4248.84,4248.84,4398.57,4398.57,4277.23,4278.02,4399.46,4400.36,28.38,29.18,0.90,1.79,11.71,11.71,18.41,18.41,-27.44,0.84,0.0000,0.0000
16.510101,14.937,4.149,10.54,37.11,58.19,1.5681,16.38,-2.91,1.52,22.30,50.00,0.3000,23.40,36.77,40.21,11.70,11.70,18.39,18.39,4248.84,4248.84,4398.57,4398.57,4277.21,4278.00,4399.44,4400.34,28.37,29.16,0.88,1.77,11.70,11.70,18.39,18.39,-27.44,0.84,0.0000,0.0000
16.510101,14.928,4.147,10.53,37.07,58.12,1.5681,16.36,-2.91,1.52,22.27,50.00,0.3000,23.37,36.73,40.21,11.68,11.68,18.36,18.36,4248.84,4248.84,4398.57,4398.57,4277.21,4277.98,4399.43,4400.30,28.36,29.13,0.87,1.73,11.68,11.68,18.36,18.36,-27.45,0.82,0.0000,0.0000
16.510101,14.918,4.144,10.52,37.02,58.05,1.5681,16.34,-2.90,1.51,22.25,50.00,0.3000,23.34,36.68,40.21,11.67,11.67,18.34,18.34,4248.84,4248.84,4398.57,4398.57,4277.18,4277.98,4399.40,4400.30,28.33,29.13,0.83,1.73,11.67,11.67,18.34,18.34,-27.45,0.85,0.0000,0.0000
16.510101,14.909,4.141,10.50,36.97,57.98,1.5681,16.32,-2.90,1.51,22.22,50.00,0.3000,23.31,36.63,40.21,11.66,11.66,18.32,18.32,4248.84,4248.84,4398.57,4398.57,4277.18,4277.94,4399.40,4400.26,28.33,29.10,0.83,1.69,11.66,11.66,18.32,18.32,-27.46,0.81,0.0000,0.0000
16.636728,14.899,4.139,10.49,36.93,57.90,1.5681,16.30,-2.90,1.51,22.19,50.00,0.3000,23.28,36.59,40.21,11.64,11.64,18.29,18.29,4248.84,4248.84,4398.57,4398.57,4277.14,4277.94,4399.35,4400.26,28.30,29.10,0.78,1.69,11.64,11.64,18.29,18.29,-27.46,0.85,0.0000,0.0000
16.636728,14.890,4.136,10.48,36.88,57.83,1.5681,16.28,-2.89,1.51,22.16,50.00,0.3000,23.25,36.54,40.21,11.63,11.63,18.27,18.27,4248.84,4248.84,4398.57,4398.57,4277.15,4277.91,4399.35,4400.21,28.30,29.06,0.79,1.64,11.63,11.63,18.27,18.27,-27.47,0.81,0.0000,0.0000
16.636728,14.881,4.134,10.47,36.83,57.76,1.5681,16.26,-2.89,1.51,22.13,50.00,0.3000,23.22,36.50,40.21,11.61,11.61,18.25,18.25,4248.84,4248.84,4398.57,4398.57,4277.11,4277.91,4399.31,4400.21,28.27,29.07,0.74,1.64,11.61,11.61,18.25,18.25,-27.48,0.85,0.0000,0.0000
16.636728,14.871,4.131,10.45,36.79,57.69,1.5681,16.24,-2.88,1.51,22.11,50.00,0.3000,23.19,36.45,40.21,11.60,11.60,18.22,18.22,4248.84,4248.84,4398.57,4398.57,4277.11,4277.88,4399.31,4400.17,28.27,29.03,0.74,1.60,11.60,11.60,18.22,18.22,-27.48,0.81,0.0000,0.0000
16.636728,14.862,4.128,10.44,36.74,57.61,1.5681,16.21,-2.88,1.50,22.08,50.00,0.3000,23.17,36.40,40.21,11.58,11.58,18.20,18.20,4248.84,4248.84,4398.57,4398.57,4277.08,4277.88,4399.27,4400.17,28.23,29.03,0.70,1.60,11.58,11.58,18.20,18.20,-27.48,0.85,0.0000,0.0000
16.636728,14.853,4.126,10.43,36.69,57.54,1.5681,16.19,-2.88,1.50,22.05,50.00,0.3000,23.14,36.36,40.21,11.57,11.57,18.18,18.18,4248.84,4248.84,4398.57,4398.57,4277.08,4277.84,4399.27,4400.12,28.24,29.00,0.70,1.55,11.57,11.57,18.18,18.18,-27.49,0.80,0.0000,0.0000
16.636728,14.843,4.123,10.41,36.65,57.47,1.5681,16.17,-2.87,1.50,22.02,50.00,0.3000,23.11,36.31,40.21,11.55,11.55,18.16,18.16,4248.84,4248.84,4398.57,4398.57,4277.06,4277.84,4399.24,4400.12,28.21,28.99,0.67,1.54,11.55,11.55,18.16,18.16,-27.49,0.83,0.0000,0.0000
16.636728,14.834,4.121,10.40,36.60,57.40,1.5681,16.15,-2.87,1.50,22.00,50.00,0.3000,23.08,36.27,40.21,11.54,11.54,18.13,18.13,4248.84,4248.84,4398.57,4398.57,4277.05,4277.81,4399.23,4400.08,28.21,28.97,0.66,1.51,11.54,11.54,18.13,18.13,-27.50,0.81,0.0000,0.0000
16.636728,14.825,4.118,10.39,36.56,57.32,1.5681,16.13,-2.87,1.50,21.97,50.00,0.3000,23.05,36.22,40.21,11.52,11.52,18.11,18.11,4248.84,4248.84,4398.57,4398.57,4277.02,4277.81,4399.19,4400.08,28.17,28.97,0.62,1.51,11.52,11.52,18.11,18.11,-27.51,0.84,0.0000,0.0000
16.636728,14.815,4.115,10.37,36.51,57.25,1.5681,16.11,-2.86,1.49,21.94,50.00,0.3000,23.02,36.18,40.21,11.51,11.51,18.09,18.09,4248.84,4248.84,4398.57,4398.57,4277.01,4277.77,4399.20,4400.04,28.17,28.92,0.63,1.47,11.51,11.51,18.09,18.09,-27.50,0.80,0.0000,0.0000
16.636728,14.806,4.113,10.36,36.46,57.18,1.5681,16.09,-2.86,1.49,21.91,50.00,0.3000,22.99,36.13,40.21,11.50,11.50,18.06,18.06,4248.84,4248.84,4398.57,4398.57,4276.99,4277.76,4399.16,4400.04,28.14,28.92,0.60,1.46,11.50,11.50,18.06,18.06,-27.50,0.82,0.0000,0.0000
16.636728,14.797,4.110,10.35,36.42,57.11,1.5681,16.07,-2.86,1.49,21.89,50.00,0.3000,22.96,36.08,40.21,11.48,11.48,18.04,18.04,4248.84,4248.84,4398.57,4398.57,4276.98,4277.74,4399.15,4400.01,28.13,28.89,0.58,1.44,11.48,11.48,18.04,18.04,-27.50,0.81,0.0000,0.0000
16.770082,14.787,4.108,10.33,36.37,57.03,1.5681,16.05,-2.85,1.49,21.86,50.00,0.3000,22.93,36.04,40.21,11.47,11.47,18.02,18.02,4248.84,4248.84,4398.57,4398.57,4276.96,4277.73,4399.12,4399.98,28.12,28.89,0.55,1.41,11.47,11.47,18.02,18.02,-27.53,0.82,0.0000,0.0000
16.770082,14.778,4.105,10.32,36.33,56.96,1.5681,16.03,-2.85,1.49,21.83,50.00,0.3000,22.90,35.99,40.21,11.45,11.45,18.00,18.00,4248.84,4248.84,4398.57,4398.57,4276.96,4277.71,4399.10,4399.95,28.11,28.87,0.53,1.38,11.45,11.45,18.00,18.00,-27.53,0.81,0.0000,0.0000
16.770082,14.769,4.102,10.31,36.28,56.89,1.5681,16.01,-2.85,1.48,21.80,50.00,0.3000,22.87,35.95,40.21,11.44,11.44,17.97,17.97,4248.84,4248.84,4398.57,4398.57,4276.93,4277.71,4399.06,4399.95,28.08,28.87,0.49,1.38,11.44,11.44,17.97,17.97,-27.54,0.83,0.0000,0.0000
16.770082,14.759,4.100,10.30,36.23,56.82,1.5681,15.99,-2.84,1.48,21.77,50.00,0.3000,22.85,35.90,40.21,11.42,11.42,17.95,17.95,4248.84,4248.84,4398.57,4398.57,4276.93,4277.68,4399.06,4399.90,28.09,28.83,0.49,1.33,11.42,11.42,17.95,17.95,-27.55,0.80,0.0000,0.0000
16.770082,14.750,4.097,10.28,36.19,56.75,1.5681,15.97,-2.84,1.48,21.75,50.00,0.3000,22.82,35.86,40.21,11.41,11.41,17.93,17.93,4248.84,4248.84,4398.57,4398.57,4276.90,4277.67,4399.03,4399.89,28.06,28.83,0.46,1.32,11.41,11.41,17.93,17.93,-27.55,0.81,0.0000,0.0000
16.770082,14.741,4.095,10.27,36.14,56.67,1.5681,15.95,-2.83,1.48,21.72,50.00,0.3000,22.79,35.81,40.21,11.39,11.39,17.91,17.91,4248.84,4248.84,4398.57,4398.57,4276.89,4277.65,4399.02,4399.87,28.05,28.81,0.45,1.30,11.39,11.39,17.91,17.91,-27.56,0.81,0.0000,0.0000
16.770082,14.731,4.092,10.26,36.10,56.60,1.5681,15.93,-2.83,1.48,21.69,50.00,0.3000,22.76,35.77,40.21,11.38,11.38,17.88,17.88,4248.84,4248.84,4398.57,4398.57,4276.87,4277.63,4399.00,4399.85,28.02,28.79,0.43,1.28,11.38,11.38,17.88,17.88,-27.55,0.81,0.0000,0.0000
16.770082,14.722,4.089,10.24,36.05,56.53,1.5681,15.91,-2.83,1.48,21.66,50.00,0.3000,22.73,35.72,40.21,11.37,11.37,17.86,17.86,4248.84,4248.84,4398.57,4398.57,4276.84,4277.62,4398.97,4399.85,28.00,28.78,0.40,1.28,11.37,11.37,17.86,17.86,-27.55,0.83,0.0000,0.0000
16.770082,14.713,4.087,10.23,36.01,56.46,1.5681,15.89,-2.82,1.47,21.64,50.00,0.3000,22.70,35.68,40.21,11.35,11.35,17.84,17.84,4248.84,4248.84,4398.57,4398.57,4276.84,4277.59,4398.96,4399.81,28.00,28.75,0.39,1.24,11.35,11.35,17.84,17.84,-27.56,0.80,0.0000,0.0000
16.770082,14.703,4.084,10.22,35.96,56.39,1.5681,15.87,-2.82,1.47,21.61,50.00,0.3000,22.67,35.63,40.21,11.34,11.34,17.81,17.81,4248.84,4248.84,4398.57,4398.57,4276.82,4277.58,4398.93,4399.80,27.97,28.74,0.37,1.23,11.34,11.34,17.81,17.81,-27.56,0.81,0.0000,0.0000
16.770082,14.694,4.082,10.20,35.91,56.32,1.5681,15.85,-2.82,1.47,21.58,50.00,0.3000,22.64,35.58,40.21,11.32,11.32,17.79,17.79,4248.84,4248.84,4398.57,4398.57,4276.81,4277.57,4398.91,4399.76,27.97,28.72,0.34,1.19,11.32,11.32,17.79,17.79,-27.58,0.80,0.0000,0.0000
16.770082,14.685,4.079,10.19,35.87,56.24,1.5681,15.83,-2.81,1.47,21.55,50.00,0.3000,22.62,35.54,40.21,11.31,11.31,17.77,17.77,4248.84,4248.84,4398.57,4398.57,4276.80,4277.56,4398.88,4399.74,27.95,28.72,0.31,1.17,11.31,11.31,17.77,17.77,-27.59,0.81,0.0000,0.0000
16.869905,14.675,4.076,10.18,35.82,56.17,1.5681,15.81,-2.81,1.47,21.53,50.00,0.3000,22.59,35.49,40.21,11.29,11.29,17.75,17.75,4248.84,4248.84,4398.57,4398.57,4276.81,4277.57,4398.84,4399.69,27.97,28.73,0.27,1.12,11.29,11.29,17.75,17.75,-27.66,0.80,0.0000,0.0000
16.869905,14.666,4.074,10.17,35.78,56.10,1.5681,15.79,-2.81,1.46,21.50,50.00,0.3000,22.56,35.45,40.21,11.28,11.28,17.72,17.72,4248.84,4248.84,4398.57,4398.57,4276.77,4277.53,4398.84,4399.70,27.92,28.68,0.27,1.13,11.28,11.28,17.72,17.72,-27.60,0.81,0.0000,0.0000
16.869905,14.657,4.071,10.15,35.73,56.03,1.5681,15.77,-2.80,1.46,21.47,50.00,0.3000,22.53,35.40,40.21,11.26,11.26,17.70,17.70,4248.84,4248.84,4398.57,4398.57,4276.75,4277.51,4398.82,4399.67,27.91,28.66,0.26,1.10,11.26,11.26,17.70,17.70,-27.61,0.80,0.0000,0.0000
16.869905,14.647,4.069,10.14,35.69,55.96,1.5681,15.75,-2.80,1.46,21.45,50.00,0.3000,22.50,35.36,40.21,11.25,11.25,17.68,17.68,4248.84,4248.84,4398.57,4398.57,4276.74,4277.49,4398.80,4399.66,27.89,28.65,0.23,1.08,11.25,11.25,17.68,17.68,-27.61,0.80,0.0000,0.0000
16.869905,14.638,4.066,10.13,35.64,55.89,1.5681,15.73,-2.79,1.46,21.42,50.00,0.3000,22.47,35.31,40.21,11.24,11.24,17.66,17.66,4248.84,4248.84,4398.57,4398.57,4276.72,4277.48,4398.78,4399.63,27.88,28.63,0.21,1.06,11.24,11.24,17.66,17.66,-27.62,0.80,0.0000,0.0000
16.869905,14.629,4.064,10.11,35.60,55.82,1.5681,15.71,-2.79,1.46,21.39,50.00,0.3000,22.44,35.27,40.21,11.22,11.22,17.63,17.63,4248.84,4248.84,4398.57,4398.57,4276.71,4277.46,4398.76,4399.61,27.86,28.62,0.19,1.04,11.22,11.22,17.63,17.63,-27.62,0.80,0.0000,0.0000
16.869905,14.619,4.061,10.10,35.55,55.75,1.5681,15.69,-2.79,1.45,21.36,50.00,0.3000,22.41,35.22,40.21,11.21,11.21,17.61,17.61,4248.84,4248.84,4398.57,4398.57,4276.69,4277.44,4398.74,4399.59,27.85,28.60,0.17,1.02,11.21,11.21,17.61,17.61,-27.63,0.80,0.0000,0.0000
16.869905,14.610,4.058,10.09,35.50,55.68,1.5681,15.67,-2.78,1.45,21.34,50.00,0.3000,22.39,35.18,40.21,11.19,11.19,17.59,17.59,4248.84,4248.84,4398.57,4398.57,4276.67,4277.43,4398.72,4399.57,27.83,28.58,0.15,1.00,11.19,11.19,17.59,17.59,-27.63,0.81,0.0000,0.0000
16.869905,14.601,4.056,10.08,35.46,55.60,1.5681,15.65,-2.78,1.45,21.31,50.00,0.3000,22.36,35.13,40.21,11.18,11.18,17.57,17.57,4248.84,4248.84,4398.57,4398.57,4276.65,4277.40,4398.71,4399.56,27.81,28.56,0.14,0.99,11.18,11.18,17.57,17.57,-27.62,0.80,0.0000,0.0000
16.869905,14.591,4.053,10.06,35.41,55.53,1.5681,15.63,-2.78,1.45,21.28,50.00,0.3000,22.33,35.09,40.21,11.16,11.16,17.54,17.54,4248.84,4248.84,4398.57,4398.57,4276.63,4277.39,4398.69,4399.54,27.79,28.54,0.12,0.97,11.16,11.16,17.54,17.54,-27.62,0.80,0.0000,0.0000
16.869905,14.582,4.051,10.05,35.37,55.46,1.5681,15.61,-2.77,1.45,21.26,50.00,0.3000,22.30,35.05,40.21,11.15,11.15,17.52,17.52,4248.84,4248.84,4398.57,4398.57,4276.63,4277.36,4398.68,4399.50,27.79,28.52,0.11,0.93,11.15,11.15,17.52,17.52,-27.63,0.78,0.0000,0.0000
16.869905,14.573,4.048,10.04,35.32,55.39,1.5681,15.59,-2.77,1.45,21.23,50.00,0.3000,22.27,35.00,40.21,11.14,11.14,17.50,17.50,4248.84,4248.84,4398.57,4398.57,4276.60,4277.36,4398.64,4399.50,27.75,28.52,0.07,0.93,11.14,11.14,17.50,17.50,-27.64,0.81,0.0000,0.0000
17.020317,14.564,4.045,10.02,35.28,55.32,1.5681,15.57,-2.77,1.44,21.20,50.00,0.3000,22.24,34.96,40.21,11.12,11.12,17.48,17.48,4248.84,4248.84,4398.57,4398.57,4276.57,4277.31,4398.66,4399.49,27.73,28.47,0.09,0.92,11.12,11.12,17.48,17.48,-27.59,0.79,0.0000,0.0000
17.020317,14.554,4.043,10.01,35.23,55.25,1.5681,15.55,-2.76,1.44,21.17,50.00,0.3000,22.22,34.91,40.21,11.11,11.11,17.46,17.46,4248.84,4248.84,4398.57,4398.57,4276.58,4277.31,4398.62,4399.44,27.74,28.47,0.05,0.87,11.11,11.11,17.46,17.46,-27.64,0.78,0.0000,0.0000
17.020317,14.545,4.040,10.00,35.19,55.18,1.5681,15.53,-2.76,1.44,21.15,50.00,0.3000,22.19,34.87,40.21,11.09,11.09,17.43,17.43,4248.84,4248.84,4398.57,4398.57,4276.55,4277.31,4398.59,4399.44,27.71,28.46,0.02,0.87,11.09,11.09,17.43,17.43,-27.64,0.80,0.0000,0.0000
17.020317,14.536,4.038,9.99,35.14,55.11,1.5681,15.51,-2.76,1.44,21.12,50.00,0.3000,22.16,34.82,40.21,11.08,11.08,17.41,17.41,4248.84,4248.84,4398.57,4398.57,4276.55,4277.29,4398.57,4399.40,27.71,28.44,-0.00,0.83,11.08,11.08,17.41,17.41,-27.66,0.78,0.0000,0.0000
17.020317,14.526,4.035,9.97,35.10,55.04,1.5681,15.49,-2.75,1.44,21.09,50.00,0.3000,22.13,34.78,40.21,11.06,11.06,17.39,17.39,4248.84,4248.84,4398.57,4398.57,4276.54,4277.27,4398.55,4399.38,27.69,28.43,-0.02,0.81,11.06,11.06,17.39,17.39,-27.67,0.78,0.0000,0.0000
17.020317,14.517,4.032,9.96,35.05,54.97,1.5681,15.47,-2.75,1.43,21.07,50.00,0.3000,22.10,34.73,40.21,11.05,11.05,17.37,17.37,4248.84,4248.84,4398.57,4398.57,4276.51,4277.27,4398.52,4399.37,27.67,28.42,-0.05,0.80,11.05,11.05,17.37,17.37,-27.67,0.80,0.0000,0.0000
17.020317,14.508,4.030,9.95,35.01,54.90,1.5681,15.45,-2.75,1.43,21.04,50.00,0.3000,22.07,34.69,40.21,11.04,11.04,17.34,17.34,4248.84,4248.84,4398.57,4398.57,4276.51,4277.25,4398.50,4399.33,27.66,28.40,-0.07,0.76,11.04,11.04,17.34,17.34,-27.68,0.79,0.0000,0.0000
17.020317,14.498,4.027,9.93,34.96,54.83,1.5681,15.43,-2.74,1.43,21.01,50.00,0.3000,22.04,34.64,40.21,11.02,11.02,17.32,17.32,4248.84,4248.84,4398.57,4398.57,4276.50,4277.22,4398.49,4399.31,27.65,28.38,-0.08,0.74,11.02,11.02,17.32,17.32,-27.69,0.77,0.0000,0.0000
17.020317,14.489,4.025,9.92,34.92,54.76,1.5681,15.41,-2.74,1.43,20.98,50.00,0.3000,22.02,34.60,40.21,11.01,11.01,17.30,17.30,4248.84,4248.84,4398.57,4398.57,4276.47,4277.22,4398.46,4399.30,27.62,28.38,-0.11,0.73,11.01,11.01,17.30,17.30,-27.69,0.80,0.0000,0.0000
17.020317,14.480,4.022,9.91,34.87,54.69,1.5681,15.39,-2.73,1.43,20.96,50.00,0.3000,21.99,34.55,40.21,10.99,10.99,17.28,17.28,4248.84,4248.84,4398.57,4398.57,4276.46,4277.20,4398.44,4399.27,27.61,28.35,-0.13,0.70,10.99,10.99,17.28,17.28,-27.70,0.78,0.0000,0.0000
17.020317,14.470,4.020,9.90,34.83,54.62,1.5681,15.37,-2.73,1.43,20.93,50.00,0.3000,21.96,34.51,40.21,10.98,10.98,17.25,17.25,4248.84,4248.84,4398.57,4398.57,4276.45,4277.17,4398.43,4399.24,27.61,28.33,-0.14,0.67,10.98,10.98,17.25,17.25,-27.70,0.77,0.0000,0.0000
17.020317,14.461,4.017,9.88,34.78,54.55,1.5681,15.35,-2.73,1.42,20.90,50.00,0.3000,21.93,34.47,40.21,10.97,10.97,17.23,17.23,4248.84,4248.84,4398.57,4398.57,4276.42,4277.17,4398.39,4399.24,27.58,28.33,-0.17,0.67,10.97,10.97,17.23,17.23,-27.70,0.80,0.0000,0.0000
17.148212,14.452,4.014,9.87,34.74,54.47,1.5681,15.33,-2.72,1.42,20.88,50.00,0.3000,21.90,34.42,40.21,10.95,10.95,17.21,17.21,4248.84,4248.84,4398.57,4398.57,4276.42,4277.14,4398.39,4399.20,27.58,28.29,-0.18,0.63,10.95,10.95,17.21,17.21,-27.71,0.76,0.0000,0.0000
17.148212,14.442,4.012,9.86,34.69,54.40,1.5681,15.31,-2.72,1.42,20.85,50.00,0.3000,21.88,34.38,40.21,10.94,10.94,17.19,17.19,4248.84,4248.84,4398.57,4398.57,4276.39,4277.14,4398.35,4399.20,27.54,28.29,-0.22,0.63,10.94,10.94,17.19,17.19,-27.71,0.80,0.0000,0.0000
17.148212,14.433,4.009,9.85,34.65,54.33,1.5681,15.29,-2.72,1.42,20.82,50.00,0.3000,21.85,34.33,40.21,10.92,10.92,17.17,17.17,4248.84,4248.84,4398.57,4398.57,4276.39,4277.10,4398.35,4399.16,27.55,28.26,-0.21,0.59,10.92,10.92,17.17,17.17,-27.72,0.76,0.0000,0.0000
17.148212,14.424,4.007,9.83,34.60,54.26,1.5681,15.27,-2.71,1.42,20.80,50.00,0.3000,21.82,34.29,40.21,10.91,10.91,17.14,17.14,4248.84,4248.84,4398.57,4398.57,4276.37,4277.10,4398.32,4399.14,27.53,28.26,-0.25,0.57,10.91,10.91,17.14,17.14,-27.73,0.78,0.0000,0.0000
17.148212,14.414,4.004,9.82,34.56,54.19,1.5681,15.25,-2.71,1.41,20.77,50.00,0.3000,21.79,34.24,40.21,10.90,10.90,17.12,17.12,4248.84,4248.84,4398.57,4398.57,4276.35,4277.09,4398.29,4399.13,27.51,28.25,-0.27,0.56,10.90,10.90,17.12,17.12,-27.74,0.78,0.0000,0.0000
17.148212,14.405,4.001,9.81,34.52,54.12,1.5681,15.23,-2.71,1.41,20.74,50.00,0.3000,21.76,34.20,40.21,10.88,10.88,17.10,17.10,4248.84,4248.84,4398.57,4398.57,4276.35,4277.07,4398.28,4399.09,27.51,28.22,-0.29,0.52,10.88,10.88,17.10,17.10,-27.75,0.76,0.0000,0.0000
17.148212,14.396,3.999,9.79,34.47,54.05,1.5681,15.21,-2.70,1.41,20.72,50.00,0.3000,21.73,34.16,40.21,10.87,10.87,17.08,17.08,4248.84,4248.84,4398.57,4398.57,4276.33,4277.06,4398.26,4399.07,27.49,28.21,-0.31,0.50,10.87,10.87,17.08,17.08,-27.75,0.77,0.0000,0.0000
17.148212,14.387,3.996,9.78,34.43,53.98,1.5681,15.19,-2.70,1.41,20.69,50.00,0.3000,21.71,34.11,40.21,10.85,10.85,17.06,17.06,4248.84,4248.84,4398.57,4398.57,4276.31,4277.04,4398.23,4399.06,27.46,28.20,-0.34,0.49,10.85,10.85,17.06,17.06,-27.75,0.79,0.0000,0.0000
17.148212,14.377,3.994,9.77,34.38,53.91,1.5681,15.17,-2.70,1.41,20.66,50.00,0.3000,21.68,34.07,40.21,10.84,10.84,17.03,17.03,4248.84,4248.84,4398.57,4398.57,4276.30,4277.01,4398.23,4399.03,27.46,28.17,-0.34,0.46,10.84,10.84,17.03,17.03,-27.75,0.76,0.0000,0.0000
17.148212,14.368,3.991,9.76,34.34,53.84,1.5681,15.15,-2.69,1.40,20.64,50.00,0.3000,21.65,34.02,40.21,10.83,10.83,17.01,17.01,4248.84,4248.84,4398.57,4398.57,4276.28,4277.00,4398.20,4399.02,27.43,28.16,-0.37,0.45,10.83,10.83,17.01,17.01,-27.75,0.77,0.0000,0.0000
17.148212,14.359,3.988,9.74,34.29,53.78,1.5681,15.13,-2.69,1.40,20.61,50.00,0.3000,21.62,33.98,40.21,10.81,10.81,16.99,16.99,4248.84,4248.84,4398.57,4398.57,4276.25,4276.99,4398.18,4399.01,27.41,28.15,-0.39,0.44,10.81,10.81,16.99,16.99,-27.76,0.78,0.0000,0.0000
17.148212,14.349,3.986,9.73,34.25,53.71,1.5681,15.11,-2.69,1.40,20.58,50.00,0.3000,21.59,33.94,40.21,10.80,10.80,16.97,16.97,4248.84,4248.84,4398.57,4398.57,4276.25,4276.96,4398.17,4398.97,27.41,28.12,-0.40,0.40,10.80,10.80,16.97,16.97,-27.76,0.76,0.0000,0.0000
17.280674,14.340,3.983,9.72,34.20,53.64,1.5681,15.09,-2.68,1.40,20.56,50.00,0.3000,21.57,33.89,40.21,10.78,10.78,16.95,16.95,4248.84,4248.84,4398.57,4398.57,4276.23,4276.96,4398.14,4398.95,27.39,28.11,-0.43,0.38,10.78,10.78,16.95,16.95,-27.77,0.77,0.0000,0.0000
17.280674,14.331,3.981,9.71,34.16,53.57,1.5681,15.07,-2.68,1.40,20.53,50.00,0.3000,21.54,33.85,40.21,10.77,10.77,16.92,16.92,4248.84,4248.84,4398.57,4398.57,4276.21,4276.95,4398.11,4398.94,27.37,28.10,-0.46,0.37,10.77,10.77,16.92,16.92,-27.78,0.78,0.0000,0.0000
17.280674,14.321,3.978,9.69,34.11,53.50,1.5681,15.05,-2.68,1.40,20.50,50.00,0.3000,21.51,33.80,40.21,10.76,10.76,16.90,16.90,4248.84,4248.84,4398.57,4398.57,4276.22,4276.93,4398.10,4398.90,27.37,28.08,-0.47,0.33,10.76,10.76,16.90,16.90,-27.80,0.75,0.0000,0.0000
17.280674,14.312,3.976,9.68,34.07,53.43,1.5681,15.03,-2.67,1.39,20.48,50.00,0.3000,21.48,33.76,40.21,10.74,10.74,16.88,16.88,4248.84,4248.84,4398.57,4398.57,4276.20,4276.92,4398.07,4398.88,27.35,28.07,-0.50,0.31,10.74,10.74,16.88,16.88,-27.80,0.76,0.0000,0.0000
17.280674,14.303,3.973,9.67,34.03,53.36,1.5681,15.02,-2.67,1.39,20.45,50.00,0.3000,21.45,33.72,40.21,10.73,10.73,16.86,16.86,4248.84,4248.84,4398.57,4398.57,4276.17,4276.90,4398.05,4398.88,27.32,28.06,-0.52,0.31,10.73,10.73,16.86,16.86,-27.80,0.78,0.0000,0.0000
17.280674,14.293,3.970,9.66,33.98,53.29,1.5681,15.00,-2.66,1.39,20.42,50.00,0.3000,21.43,33.67,40.21,10.71,10.71,16.84,16.84,4248.84,4248.84,4398.57,4398.57,4276.17,4276.87,4398.05,4398.84,27.32,28.03,-0.52,0.27,10.71,10.71,16.84,16.84,-27.80,0.75,0.0000,0.0000
17.280674,14.284,3.968,9.64,33.94,53.22,1.5681,14.98,-2.66,1.39,20.40,50.00,0.3000,21.40,33.63,40.21,10.70,10.70,16.81,16.81,4248.84,4248.84,4398.57,4398.57,4276.14,4276.86,4398.02,4398.83,27.29,28.02,-0.55,0.26,10.70,10.70,16.81,16.81,-27.80,0.77,0.0000,0.0000
17.280674,14.275,3.965,9.63,33.89,53.15,1.5681,14.96,-2.66,1.39,20.37,50.00,0.3000,21.37,33.58,40.21,10.69,10.69,16.79,16.79,4248.84,4248.84,4398.57,4398.57,4276.12,4276.85,4398.00,4398.82,27.27,28.01,-0.57,0.25,10.69,10.69,16.79,16.79,-27.80,0.78,0.0000,0.0000
17.280674,14.266,3.963,9.62,33.85,53.08,1.5681,14.94,-2.65,1.38,20.34,50.00,0.3000,21.34,33.54,40.21,10.67,10.67,16.77,16.77,4248.84,4248.84,4398.57,4398.57,4276.12,4276.82,4397.99,4398.78,27.27,27.98,-0.58,0.21,10.67,10.67,16.77,16.77,-27.81,0.75,0.0000,0.0000
17.280674,14.256,3.960,9.61,33.81,53.01,1.5682,14.92,-2.65,1.38,20.32,50.00,0.3000,21.31,33.50,40.21,10.66,10.66,16.75,16.75,4248.84,4248.84,4398.57,4398.57,4276.09,4276.82,4397.96,4398.77,27.25,27.97,-0.61,0.20,10.66,10.66,16.75,16.75,-27.82,0.77,0.0000,0.0000
17.280674,14.247,3.957,9.59,33.76,52.94,1.5682,14.90,-2.65,1.38,20.29,50.00,0.3000,21.29,33.45,40.21,10.64,10.64,16.73,16.73,4248.84,4248.84,4398.57,4398.57,4276.09,4276.80,4397.94,4398.74,27.25,27.95,-0.63,0.17,10.64,10.64,16.73,16.73,-27.83,0.75,0.0000,0.0000
17.280674,14.238,3.955,9.58,33.72,52.87,1.5682,14.88,-2.64,1.38,20.26,50.00,0.3000,21.26,33.41,40.21,10.63,10.63,16.70,16.70,4248.84,4248.84,4398.57,4398.57,4276.08,4276.79,4397.91,4398.72,27.23,27.95,-0.65,0.15,10.63,10.63,16.70,16.70,-27.84,0.76,0.0000,0.0000
17.388166,14.228,3.952,9.57,33.67,52.80,1.5682,14.86,-2.64,1.38,20.24,50.00,0.3000,21.23,33.37,40.21,10.62,10.62,16.68,16.68,4248.84,4248.84,4398.57,4398.57,4276.06,4276.77,4397.90,4398.69,27.22,27.93,-0.67,0.12,10.62,10.62,16.68,16.68,-27.85,0.75,0.0000,0.0000
17.388166,14.219,3.950,9.56,33.63,52.74,1.5682,14.84,-2.64,1.38,20.21,50.00,0.3000,21.20,33.32,40.21,10.60,10.60,16.66,16.66,4248.84,4248.84,4398.57,4398.57,4276.04,4276.75,4397.88,4398.68,27.20,27.91,-0.69,0.11,10.60,10.60,16.66,16.66,-27.85,0.76,0.0000,0.0000
17.388166,14.210,3.947,9.54,33.58,52.67,1.5682,14.82,-2.63,1.37,20.18,50.00,0.3000,21.18,33.28,40.21,10.59,10.59,16.64,16.64,4248.84,4248.84,4398.57,4398.57,4276.03,4276.73,4397.86,4398.66,27.18,27.89,-0.71,0.09,10.59,10.59,16.64,16.64,-27.85,0.75,0.0000,0.0000
17.388166,14.200,3.945,9.53,33.54,52.60,1.5682,14.80,-2.63,1.37,20.16,50.00,0.3000,21.15,33.23,40.21,10.57,10.57,16.62,16.62,4248.84,4248.84,4398.57,4398.57,4276.00,4276.72,4397.84,4398.65,27.16,27.87,-0.73,0.08,10.57,10.57,16.62,16.62,-27.84,0.76,0.0000,0.0000
17.388166,14.191,3.942,9.52,33.50,52.53,1.5682,14.78,-2.63,1.37,20.13,50.00,0.3000,21.12,33.19,40.21,10.56,10.56,16.60,16.60,4248.84,4248.84,4398.57,4398.57,4276.00,4276.70,4397.83,4398.62,27.15,27.85,-0.74,0.05,10.56,10.56,16.60,16.60,-27.85,0.75,0.0000,0.0000
17.388166,14.182,3.939,9.51,33.45,52.46,1.5682,14.76,-2.62,1.37,20.10,50.00,0.3000,21.09,33.15,40.21,10.55,10.55,16.57,16.57,4248.84,4248.84,4398.57,4398.57,4275.98,4276.69,4397.80,4398.60,27.13,27.84,-0.77,0.03,10.55,10.55,16.57,16.57,-27.86,0.75,0.0000,0.0000
17.388166,14.173,3.937,9.49,33.41,52.39,1.5682,14.74,-2.62,1.37,20.08,50.00,0.3000,21.07,33.10,40.21,10.53,10.53,16.55,16.55,4248.84,4248.84,4398.57,4398.57,4275.97,4276.67,4397.78,4398.57,27.12,27.83,-0.79,0.00,10.53,10.53,16.55,16.55,-27.87,0.75,0.0000,0.0000
17.388166,14.163,3.934,9.48,33.37,52.32,1.5682,14.72,-2.62,1.37,20.05,50.00,0.3000,21.04,33.06,40.21,10.52,10.52,16.53,16.53,4248.84,4248.84,4398.57,4398.57,4275.95,4276.66,4397.76,4398.56,27.11,27.82,-0.81,-0.01,10.52,10.52,16.53,16.53,-27.87,0.75,0.0000,0.0000
17.388166,14.154,3.932,9.47,33.32,52.25,1.5682,14.70,-2.61,1.36,20.03,50.00,0.3000,21.01,33.02,40.21,10.51,10.51,16.51,16.51,4248.84,4248.84,4398.57,4398.57,4275.94,4276.64,4397.74,4398.53,27.09,27.80,-0.83,-0.04,10.51,10.51,16.51,16.51,-27.88,0.75,0.0000,0.0000
17.388166,14.145,3.929,9.46,33.28,52.19,1.5682,14.68,-2.61,1.36,20.00,50.00,0.3000,20.98,32.97,40.21,10.49,10.49,16.49,16.49,4248.84,4248.84,4398.57,4398.57,4275.92,4276.63,4397.72,4398.51,27.08,27.79,-0.85,-0.06,10.49,10.49,16.49,16.49,-27.89,0.75,0.0000,0.0000
17.388166,14.135,3.927,9.44,33.23,52.12,1.5682,14.67,-2.61,1.36,19.97,50.00,0.3000,20.96,32.93,40.21,10.48,10.48,16.47,16.47,4248.84,4248.84,4398.57,4398.57,4275.91,4276.61,4397.70,4398.49,27.07,27.77,-0.87,-0.08,10.48,10.48,16.47,16.47,-27.89,0.75,0.0000,0.0000
17.388166,14.126,3.924,9.43,33.19,52.05,1.5682,14.65,-2.60,1.36,19.95,50.00,0.3000,20.93,32.89,40.21,10.46,10.46,16.44,16.44,4248.84,4248.84,4398.57,4398.57,4275.89,4276.60,4397.68,4398.47,27.05,27.76,-0.89,-0.10,10.46,10.46,16.44,16.44,-27.90,0.75,0.0000,0.0000
17.535374,14.117,3.921,9.42,33.15,51.98,1.5682,14.63,-2.60,1.36,19.92,50.00,0.3000,20.90,32.84,40.21,10.45,10.45,16.42,16.42,4248.84,4248.84,4398.57,4398.57,4275.88,4276.58,4397.66,4398.45,27.04,27.74,-0.91,-0.12,10.45,10.45,16.42,16.42,-27.90,0.75,0.0000,0.0000
17.535374,14.108,3.919,9.41,33.10,51.91,1.5682,14.61,-2.60,1.35,19.89,50.00,0.3000,20.87,32.80,40.21,10.44,10.44,16.40,16.40,4248.84,4248.84,4398.57,4398.57,4275.87,4276.56,4397.65,4398.42,27.03,27.71,-0.92,-0.15,10.44,10.44,16.40,16.40,-27.90,0.72,0.0000,0.0000
17.535374,14.098,3.916,9.39,33.06,51.84,1.5682,14.59,-2.59,1.35,19.87,50.00,0.3000,20.85,32.76,40.21,10.42,10.42,16.38,16.38,4248.84,4248.84,4398.57,4398.57,4275.84,4276.55,4397.62,4398.42,27.00,27.71,-0.95,-0.15,10.42,10.42,16.38,16.38,-27.90,0.76,0.0000,0.0000
17.535374,14.089,3.914,9.38,33.02,51.77,1.5682,14.57,-2.59,1.35,19.84,50.00,0.3000,20.82,32.72,40.21,10.41,10.41,16.36,16.36,4248.84,4248.84,4398.57,4398.57,4275.83,4276.52,4397.61,4398.39,26.99,27.68,-0.96,-0.18,10.41,10.41,16.36,16.36,-27.90,0.74,0.0000,0.0000
17.535374,14.080,3.911,9.37,32.97,51.71,1.5682,14.55,-2.59,1.35,19.82,50.00,0.3000,20.79,32.67,40.21,10.40,10.40,16.34,16.34,4248.84,4248.84,4398.57,4398.57,4275.81,4276.52,4397.58,4398.38,26.97,27.67,-0.99,-0.19,10.40,10.40,16.34,16.34,-27.91,0.75,0.0000,0.0000
17.535374,14.070,3.908,9.36,32.93,51.64,1.5682,14.53,-2.58,1.35,19.79,50.00,0.3000,20.76,32.63,40.21,10.38,10.38,16.31,16.31,4248.84,4248.84,4398.57,4398.57,4275.81,4276.49,4397.58,4398.34,26.97,27.65,-0.99,-0.23,10.38,10.38,16.31,16.31,-27.92,0.72,0.0000,0.0000
17.535374,14.061,3.906,9.34,32.89,51.57,1.5682,14.51,-2.58,1.35,19.76,50.00,0.3000,20.74,32.59,40.21,10.37,10.37,16.29,16.29,4248.84,4248.84,4398.57,4398.57,4275.78,4276.50,4397.53,4398.33,26.94,27.65,-1.04,-0.24,10.37,10.37,16.29,16.29,-27.93,0.75,0.0000,0.0000
17.535374,14.052,3.903,9.33,32.84,51.50,1.5682,14.49,-2.58,1.34,19.74,50.00,0.3000,20.71,32.54,40.21,10.35,10.35,16.27,16.27,4248.84,4248.84,4398.57,4398.57,4275.78,4276.47,4397.52,4398.30,26.94,27.63,-1.04,-0.27,10.35,10.35,16.27,16.27,-27.94,0.73,0.0000,0.0000
17.535374,14.043,3.901,9.32,32.80,51.43,1.5682,14.47,-2.57,1.34,19.71,50.00,0.3000,20.68,32.50,40.21,10.34,10.34,16.25,16.25,4248.84,4248.84,4398.57,4398.57,4275.77,4276.45,4397.51,4398.27,26.93,27.61,-1.06,-0.30,10.34,10.34,16.25,16.25,-27.95,0.72,0.0000,0.0000
17.535374,14.033,3.898,9.31,32.76,51.37,1.5682,14.45,-2.57,1.34,19.69,50.00,0.3000,20.65,32.46,40.21,10.33,10.33,16.23,16.23,4248.84,4248.84,4398.57,4398.57,4275.74,4276.45,4397.47,4398.27,26.90,27.61,-1.09,-0.30,10.33,10.33,16.23,16.23,-27.95,0.75,0.0000,0.0000
17.535374,14.024,3.896,9.29,32.71,51.30,1.5682,14.44,-2.57,1.34,19.66,50.00,0.3000,20.63,32.41,40.21,10.31,10.31,16.21,16.21,4248.84,4248.84,4398.57,4398.57,4275.75,4276.42,4397.48,4398.23,26.90,27.57,-1.09,-0.34,10.31,10.31,16.21,16.21,-27.95,0.71,0.0000,0.0000
17.535374,14.015,3.893,9.28,32.67,51.23,1.5682,14.42,-2.56,1.34,19.63,50.00,0.3000,20.60,32.37,40.21,10.30,10.30,16.19,16.19,4248.84,4248.84,4398.57,4398.57,4275.71,4276.42,4397.44,4398.24,26.86,27.57,-1.13,-0.33,10.30,10.30,16.19,16.19,-27.95,0.75,0.0000,0.0000
17.657990,14.006,3.890,9.27,32.63,51.16,1.5682,14.40,-2.56,1.33,19.61,50.00,0.3000,20.57,32.33,40.21,10.29,10.29,16.16,16.16,4248.84,4248.84,4398.57,4398.57,4275.71,4276.38,4397.44,4398.19,26.87,27.53,-1.12,-0.38,10.29,10.29,16.16,16.16,-27.95,0.71,0.0000,0.0000
17.657990,13.996,3.888,9.26,32.58,51.10,1.5682,14.38,-2.56,1.33,19.58,50.00,0.3000,20.54,32.29,40.21,10.27,10.27,16.14,16.14,4248.84,4248.84,4398.57,4398.57,4275.67,4276.38,4397.40,4398.20,26.83,27.54,-1.17,-0.37,10.27,10.27,16.14,16.14,-27.95,0.75,0.0000,0.0000
17.657990,13.987,3.885,9.25,32.54,51.03,1.5682,14.36,-2.55,1.33,19.56,50.00,0.3000,20.52,32.24,40.21,10.26,10.26,16.12,16.12,4248.84,4248.84,4398.57,4398.57,4275.68,4276.35,4397.41,4398.15,26.84,27.50,-1.16,-0.42,10.26,10.26,16.12,16.12,-27.96,0.71,0.0000,0.0000
17.657990,13.978,3.883,9.23,32.50,50.96,1.5682,14.34,-2.55,1.33,19.53,50.00,0.3000,20.49,32.20,40.21,10.25,10.25,16.10,16.10,4248.84,4248.84,4398.57,4398.57,4275.65,4276.36,4397.36,4398.16,26.80,27.51,-1.21,-0.41,10.25,10.25,16.10,16.10,-27.97,0.75,0.0000,0.0000
17.657990,13.968,3.880,9.22,32.45,50.89,1.5682,14.32,-2.55,1.33,19.50,50.00,0.3000,20.46,32.16,40.21,10.23,10.23,16.08,16.08,4248.84,4248.84,4398.57,4398.57,4275.66,4276.32,4397.36,4398.11,26.81,27.48,-1.21,-0.46,10.23,10.23,16.08,16.08,-27.98,0.70,0.0000,0.0000
17.657990,13.959,3.878,9.21,32.41,50.82,1.5682,14.30,-2.54,1.33,19.48,50.00,0.3000,20.44,32.11,40.21,10.22,10.22,16.06,16.06,4248.84,4248.84,4398.57,4398.57,4275.62,4276.33,4397.32,4398.11,26.78,27.48,-1.25,-0.46,10.22,10.22,16.06,16.06,-27.99,0.75,0.0000,0.0000
17.657990,13.950,3.875,9.20,32.37,50.76,1.5682,14.28,-2.54,1.32,19.45,50.00,0.3000,20.41,32.07,40.21,10.20,10.20,16.04,16.04,4248.84,4248.84,4398.57,4398.57,4275.63,4276.29,4397.32,4398.07,26.79,27.45,-1.25,-0.50,10.20,10.20,16.04,16.04,-27.99,0.70,0.0000,0.0000
17.657990,13.941,3.872,9.18,32.32,50.69,1.5682,14.26,-2.53,1.32,19.43,50.00,0.3000,20.38,32.03,40.21,10.19,10.19,16.01,16.01,4248.84,4248.84,4398.57,4398.57,4275.59,4276.30,4397.28,4398.07,26.75,27.45,-1.29,-0.50,10.19,10.19,16.01,16.01,-28.00,0.75,0.0000,0.0000
17.657990,13.931,3.870,9.17,32.28,50.62,1.5682,14.24,-2.53,1.32,19.40,50.00,0.3000,20.35,31.99,40.21,10.18,10.18,15.99,15.99,4248.84,4248.84,4398.57,4398.57,4275.60,4276.26,4397.28,4398.03,26.76,27.42,-1.28,-0.54,10.18,10.18,15.99,15.99,-28.00,0.70,0.0000,0.0000
17.657990,13.922,3.867,9.16,32.24,50.55,1.5682,14.23,-2.53,1.32,19.37,50.00,0.3000,20.33,31.94,40.21,10.16,10.16,15.97,15.97,4248.84,4248.84,4398.57,4398.57,4275.56,4276.27,4397.24,4398.03,26.72,27.42,-1.33,-0.54,10.16,10.16,15.97,15.97,-28.00,0.75,0.0000,0.0000
17.657990,13.913,3.865,9.15,32.19,50.49,1.5682,14.21,-2.52,1.32,19.35,50.00,0.3000,20.30,31.90,40.21,10.15,10.15,15.95,15.95,4248.84,4248.84,4398.57,4398.57,4275.57,4276.23,4397.25,4397.99,26.73,27.38,-1.32,-0.58,10.15,10.15,15.95,15.95,-28.01,0.70,0.0000,0.0000
17.657990,13.904,3.862,9.14,32.15,50.42,1.5682,14.19,-2.52,1.32,19.32,50.00,0.3000,20.27,31.86,40.21,10.14,10.14,15.93,15.93,4248.84,4248.84,4398.57,4398.57,4275.54,4276.22,4397.21,4397.98,26.70,27.38,-1.35,-0.59,10.14,10.14,15.93,15.93,-28.01,0.72,0.0000,0.0000
17.788046,13.894,3.860,9.12,32.11,50.35,1.5682,14.17,-2.52,1.31,19.30,50.00,0.3000,20.25,31.82,40.21,10.12,10.12,15.91,15.91,4248.84,4248.84,4398.57,4398.57,4275.52,4276.21,4397.19,4397.97,26.68,27.37,-1.38,-0.60,10.12,10.12,15.91,15.91,-28.02,0.73,0.0000,0.0000
17.788046,13.885,3.857,9.11,32.07,50.29,1.5682,14.15,-2.51,1.31,19.27,50.00,0.3000,20.22,31.77,40.21,10.11,10.11,15.89,15.89,4248.84,4248.84,4398.57,4398.57,4275.52,4276.18,4397.19,4397.93,26.67,27.34,-1.38,-0.64,10.11,10.11,15.89,15.89,-28.01,0.70,0.0000,0.0000
17.788046,13.876,3.854,9.10,32.02,50.22,1.5682,14.13,-2.51,1.31,19.25,50.00,0.3000,20.19,31.73,40.21,10.10,10.10,15.87,15.87,4248.84,4248.84,4398.57,4398.57,4275.50,4276.18,4397.16,4397.92,26.66,27.33,-1.41,-0.65,10.10,10.10,15.87,15.87,-28.03,0.72,0.0000,0.0000
17.788046,13.866,3.852,9.09,31.98,50.15,1.5682,14.11,-2.51,1.31,19.22,50.00,0.3000,20.17,31.69,40.21,10.08,10.08,15.84,15.84,4248.84,4248.84,4398.57,4398.57,4275.49,4276.16,4397.14,4397.89,26.65,27.31,-1.43,-0.68,10.08,10.08,15.84,15.84,-28.03,0.71,0.0000,0.0000
17.788046,13.857,3.849,9.08,31.94,50.08,1.5682,14.09,-2.50,1.31,19.19,50.00,0.3000,20.14,31.65,40.21,10.07,10.07,15.82,15.82,4248.84,4248.84,4398.57,4398.57,4275.46,4276.16,4397.11,4397.89,26.62,27.31,-1.46,-0.68,10.07,10.07,15.82,15.82,-28.04,0.73,0.0000,0.0000
17.788046,13.848,3.847,9.06,31.89,50.02,1.5682,14.07,-2.50,1.31,19.17,50.00,0.3000,20.11,31.60,40.21,10.06,10.06,15.80,15.80,4248.84,4248.84,4398.57,4398.57,4275.47,4276.13,4397.10,4397.85,26.62,27.28,-1.46,-0.72,10.06,10.06,15.80,15.80,-28.05,0.70,0.0000,0.0000
17.788046,13.839,3.844,9.05,31.85,49.95,1.5682,14.06,-2.50,1.30,19.14,50.00,0.3000,20.08,31.56,40.21,10.04,10.04,15.78,15.78,4248.84,4248.84,4398.57,4398.57,4275.44,4276.12,4397.08,4397.84,26.60,27.27,-1.49,-0.73,10.04,10.04,15.78,15.78,-28.05,0.72,0.0000,0.0000
17.788046,13.829,3.841,9.04,31.81,49.88,1.5682,14.04,-2.49,1.30,19.12,50.00,0.3000,20.06,31.52,40.21,10.03,10.03,15.76,15.76,4248.84,4248.84,4398.57,4398.57,4275.42,4276.11,4397.05,4397.82,26.58,27.26,-1.52,-0.75,10.03,10.03,15.76,15.76,-28.05,0.73,0.0000,0.0000
17.788046,13.820,3.839,9.03,31.77,49.82,1.5682,14.02,-2.49,1.30,19.09,50.00,0.3000,20.03,31.48,40.21,10.02,10.02,15.74,15.74,4248.84,4248.84,4398.57,4398.57,4275.42,4276.08,4397.04,4397.79,26.58,27.24,-1.52,-0.78,10.02,10.02,15.74,15.74,-28.06,0.70,0.0000,0.0000
17.788046,13.811,3.836,9.01,31.72,49.75,1.5682,14.00,-2.49,1.30,19.07,50.00,0.3000,20.00,31.44,40.21,10.00,10.00,15.72,15.72,4248.84,4248.84,4398.57,4398.57,4275.40,4276.07,4397.02,4397.78,26.56,27.23,-1.55,-0.79,10.00,10.00,15.72,15.72,-28.06,0.71,0.0000,0.0000
17.788046,13.802,3.834,9.00,31.68,49.68,1.5682,13.98,-2.48,1.30,19.04,50.00,0.3000,19.98,31.39,40.21,9.99,9.99,15.70,15.70,4248.84,4248.84,4398.57,4398.57,4275.39,4276.06,4397.00,4397.75,26.55,27.21,-1.57,-0.82,9.99,9.99,15.70,15.70,-28.07,0.71,0.0000,0.0000
17.788046,13.792,3.831,8.99,31.64,49.62,1.5682,13.96,-2.48,1.29,19.02,50.00,0.3000,19.95,31.35,40.21,9.98,9.98,15.68,15.68,4248.84,4248.84,4398.57,4398.57,4275.37,4276.04,4396.98,4397.73,26.53,27.19,-1.58,-0.84,9.98,9.98,15.68,15.68,-28.07,0.71,0.0000,0.0000
17.886148,13.783,3.829,8.98,31.60,49.55,1.5682,13.94,-2.48,1.29,18.99,50.00,0.3000,19.92,31.31,40.21,9.96,9.96,15.65,15.65,4248.84,4248.84,4398.57,4398.57,4275.68,4276.36,4396.63,4397.40,26.83,27.51,-1.94,-1.17,9.96,9.96,15.65,15.65,-28.73,0.72,0.0000,0.0000
17.886148,13.774,3.826,8.97,31.55,49.48,1.5682,13.92,-2.47,1.29,18.96,50.00,0.3000,19.90,31.27,40.21,9.95,9.95,15.63,15.63,4248.84,4248.84,4398.57,4398.57,4275.47,4276.14,4396.81,4397.57,26.62,27.30,-1.76,-1.00,9.95,9.95,15.63,15.63,-28.34,0.72,0.0000,0.0000
17.886148,13.765,3.824,8.95,31.51,49.42,1.5682,13.91,-2.47,1.29,18.94,50.00,0.3000,19.87,31.23,40.21,9.94,9.94,15.61,15.61,4248.84,4248.84,4398.57,4398.57,4275.43,4276.07,4396.85,4397.58,26.58,27.23,-1.72,-0.99,9.94,9.94,15.61,15.61,-28.26,0.69,0.0000,0.0000
17.886148,13.756,3.821,8.94,31.47,49.35,1.5682,13.89,-2.47,1.29,18.91,50.00,0.3000,19.84,31.19,40.21,9.92,9.92,15.59,15.59,4248.84,4248.84,4398.57,4398.57,4275.35,4276.03,4396.85,4397.62,26.51,27.19,-1.72,-0.95,9.92,9.92,15.59,15.59,-28.18,0.73,0.0000,0.0000
17.886148,13.747,3.818,8.93,31.43,49.29,1.5682,13.87,-2.46,1.29,18.89,50.00,0.3000,19.82,31.14,40.21,9.91,9.91,15.57,15.57,4248.84,4248.84,4398.57,4398.57,4275.33,4275.98,4396.88,4397.60,26.49,27.13,-1.69,-0.97,9.91,9.91,15.57,15.57,-28.14,0.69,0.0000,0.0000
17.886148,13.738,3.816,8.92,31.39,49.22,1.5682,13.85,-2.46,1.28,18.86,50.00,0.3000,19.79,31.10,40.21,9.90,9.90,15.55,15.55,4248.84,4248.84,4398.57,4398.57,4275.28,4275.97,4396.85,4397.62,26.44,27.12,-1.72,-0.95,9.90,9.90,15.55,15.55,-28.12,0.73,0.0000,0.0000
17.886148,13.728,3.813,8.91,31.35,49.16,1.5682,13.83,-2.46,1.28,18.84,50.00,0.3000,19.77,31.06,40.21,9.88,9.88,15.53,15.53,4248.84,4248.84,4398.57,4398.57,4275.29,4275.93,4396.86,4397.58,26.45,27.09,-1.71,-0.99,9.88,9.88,15.53,15.53,-28.12,0.68,0.0000,0.0000
17.886148,13.719,3.811,8.90,31.31,49.09,1.5682,13.81,-2.46,1.28,18.81,50.00,0.3000,19.74,31.02,40.21,9.87,9.87,15.51,15.51,4248.84,4248.84,4398.57,4398.57,4275.26,4275.93,4396.82,4397.57,26.42,27.08,-1.75,-1.00,9.87,9.87,15.51,15.51,-28.12,0.70,0.0000,0.0000
17.886148,13.710,3.808,8.88,31.26,49.03,1.5682,13.80,-2.45,1.28,18.79,50.00,0.3000,19.71,30.98,40.21,9.86,9.86,15.49,15.49,4248.84,4248.84,4398.57,4398.57,4275.24,4275.91,4396.81,4397.56,26.39,27.06,-1.76,-1.01,9.86,9.86,15.49,15.49,-28.11,0.71,0.0000,0.0000
17.886148,13.701,3.806,8.87,31.22,48.96,1.5682,13.78,-2.45,1.28,18.76,50.00,0.3000,19.69,30.94,40.21,9.84,9.84,15.47,15.47,4248.84,4248.84,4398.57,4398.57,4275.23,4275.88,4396.81,4397.53,26.39,27.04,-1.76,-1.04,9.84,9.84,15.47,15.47,-28.11,0.69,0.0000,0.0000
17.886148,13.692,3.803,8.86,31.18,48.90,1.5682,13.76,-2.45,1.28,18.74,50.00,0.3000,19.66,30.90,40.21,9.83,9.83,15.45,15.45,4248.84,4248.84,4398.57,4398.57,4275.21,4275.87,4396.78,4397.52,26.37,27.03,-1.79,-1.05,9.83,9.83,15.45,15.45,-28.12,0.70,0.0000,0.0000
17.886148,13.683,3.801,8.85,31.14,48.83,1.5682,13.74,-2.44,1.27,18.71,50.00,0.3000,19.64,30.86,40.21,9.82,9.82,15.43,15.43,4248.84,4248.84,4398.57,4398.57,4275.20,4275.85,4396.77,4397.50,26.36,27.01,-1.80,-1.07,9.82,9.82,15.43,15.43,-28.12,0.69,0.0000,0.0000
18.039917,13.674,3.798,8.84,31.10,48.77,1.5682,13.72,-2.44,1.27,18.69,50.00,0.3000,19.61,30.82,40.21,9.80,9.80,15.41,15.41,4248.84,4248.84,4398.57,4398.57,4274.86,4275.52,4397.06,4397.80,26.02,26.68,-1.51,-0.77,9.80,9.80,15.41,15.41,-27.49,0.70,0.0000,0.0000
18.039917,13.665,3.796,8.82,31.06,48.70,1.5682,13.70,-2.44,1.27,18.66,50.00,0.3000,19.58,30.77,40.21,9.79,9.79,15.39,15.39,4248.84,4248.84,4398.57,4398.57,4275.07,4275.69,4396.86,4397.57,26.22,26.85,-1.71,-1.00,9.79,9.79,15.39,15.39,-27.89,0.67,0.0000,0.0000
18.039917,13.656,3.793,8.81,31.01,48.64,1.5682,13.69,-2.43,1.27,18.64,50.00,0.3000,19.56,30.73,40.21,9.78,9.78,15.37,15.37,4248.84,4248.84,4398.57,4398.57,4275.07,4275.74,4396.78,4397.53,26.23,26.90,-1.79,-1.04,9.78,9.78,15.37,15.37,-27.98,0.71,0.0000,0.0000
18.039917,13.646,3.791,8.80,30.97,48.57,1.5682,13.67,-2.43,1.27,18.61,50.00,0.3000,19.53,30.69,40.21,9.77,9.77,15.35,15.35,4248.84,4248.84,4398.57,4398.57,4275.11,4275.75,4396.73,4397.46,26.26,26.91,-1.84,-1.11,9.77,9.77,15.35,15.35,-28.06,0.68,0.0000,0.0000
18.039917,13.637,3.788,8.79,30.93,48.51,1.5682,13.65,-2.43,1.27,18.59,50.00,0.3000,19.50,30.65,40.21,9.75,9.75,15.33,15.33,4248.84,4248.84,4398.57,4398.57,4275.12,4275.76,4396.69,4397.41,26.28,26.92,-1.88,-1.16,9.75,9.75,15.33,15.33,-28.12,0.68,0.0000,0.0000
18.039917,13.628,3.786,8.78,30.89,48.44,1.5682,13.63,-2.42,1.26,18.56,50.00,0.3000,19.48,30.61,40.21,9.74,9.74,15.30,15.30,4248.84,4248.84,4398.57,4398.57,4275.11,4275.77,4396.65,4397.39,26.26,26.93,-1.92,-1.18,9.74,9.74,15.30,15.30,-28.15,0.70,0.0000,0.0000
18.039917,13.619,3.783,8.77,30.85,48.38,1.5682,13.61,-2.42,1.26,18.54,50.00,0.3000,19.45,30.57,40.21,9.73,9.73,15.28,15.28,4248.84,4248.84,4398.57,4398.57,4275.10,4275.75,4396.63,4397.36,26.26,26.90,-1.94,-1.21,9.73,9.73,15.28,15.28,-28.15,0.69,0.0000,0.0000
18.039917,13.609,3.780,8.75,30.81,48.31,1.5682,13.59,-2.42,1.26,18.51,50.00,0.3000,19.42,30.53,40.21,9.71,9.71,15.26,15.26,4248.84,4248.84,4398.57,4398.57,4275.10,4275.73,4396.62,4397.33,26.25,26.88,-1.95,-1.24,9.71,9.71,15.26,15.26,-28.16,0.67,0.0000,0.0000
18.039917,13.600,3.778,8.74,30.76,48.24,1.5682,13.57,-2.41,1.26,18.49,50.00,0.3000,19.40,30.48,40.21,9.70,9.70,15.24,15.24,4248.84,4248.84,4398.57,4398.57,4275.07,4275.74,4396.58,4397.32,26.23,26.89,-1.99,-1.25,9.70,9.70,15.24,15.24,-28.18,0.71,0.0000,0.0000
18.039917,13.591,3.775,8.73,30.72,48.18,1.5682,13.56,-2.41,1.26,18.46,50.00,0.3000,19.37,30.44,40.21,9.69,9.69,15.22,15.22,4248.84,4248.84,4398.57,4398.57,4275.07,4275.71,4396.57,4397.29,26.23,26.87,-2.00,-1.28,9.69,9.69,15.22,15.22,-28.19,0.68,0.0000,0.0000
18.039917,13.582,3.773,8.72,30.68,48.11,1.5682,13.54,-2.41,1.26,18.44,50.00,0.3000,19.35,30.40,40.21,9.67,9.67,15.20,15.20,4248.84,4248.84,4398.57,4398.57,4275.06,4275.70,4396.55,4397.27,26.21,26.85,-2.02,-1.30,9.67,9.67,15.20,15.20,-28.19,0.68,0.0000,0.0000
18.039917,13.572,3.770,8.71,30.64,48.05,1.5682,13.52,-2.40,1.25,18.41,50.00,0.3000,19.32,30.36,40.21,9.66,9.66,15.18,15.18,4248.84,4248.84,4398.57,4398.57,4275.03,4275.69,4396.52,4397.26,26.19,26.85,-2.05,-1.31,9.66,9.66,15.18,15.18,-28.20,0.70,0.0000,0.0000
18.168440,13.563,3.768,8.69,30.60,47.98,1.5682,13.50,-2.40,1.25,18.39,50.00,0.3000,19.29,30.32,40.21,9.65,9.65,15.16,15.16,4248.84,4248.84,4398.57,4398.57,4275.03,4275.66,4396.52,4397.22,26.19,26.82,-2.05,-1.35,9.65,9.65,15.16,15.16,-28.20,0.66,0.0000,0.0000
18.168440,13.554,3.765,8.68,30.55,47.92,1.5682,13.48,-2.40,1.25,18.36,50.00,0.3000,19.27,30.28,40.21,9.63,9.63,15.14,15.14,4248.84,4248.84,4398.57,4398.57,4274.99,4275.66,4396.49,4397.23,26.15,26.81,-2.08,-1.34,9.63,9.63,15.14,15.14,-28.19,0.70,0.0000,0.0000
18.168440,13.545,3.762,8.67,30.51,47.85,1.5682,13.46,-2.39,1.25,18.34,50.00,0.3000,19.24,30.24,40.21,9.62,9.62,15.12,15.12,4248.84,4248.84,4398.57,4398.57,4274.99,4275.63,4396.48,4397.20,26.14,26.79,-2.09,-1.37,9.62,9.62,15.12,15.12,-28.19,0.68,0.0000,0.0000
18.168440,13.535,3.760,8.66,30.47,47.79,1.5683,13.45,-2.39,1.25,18.31,50.00,0.3000,19.21,30.19,40.21,9.61,9.61,15.10,15.10,4248.84,4248.84,4398.57,4398.57,4274.98,4275.61,4396.47,4397.18,26.14,26.77,-2.10,-1.39,9.61,9.61,15.10,15.10,-28.20,0.67,0.0000,0.0000
18.168440,13.526,3.757,8.65,30.43,47.72,1.5683,13.43,-2.39,1.25,18.29,50.00,0.3000,19.19,30.15,40.21,9.59,9.59,15.08,15.08,4248.84,4248.84,4398.57,4398.57,4274.95,4275.61,4396.44,4397.17,26.11,26.76,-2.13,-1.40,9.59,9.59,15.08,15.08,-28.20,0.70,0.0000,0.0000
18.168440,13.517,3.755,8.63,30.39,47.66,1.5683,13.41,-2.38,1.24,18.26,50.00,0.3000,19.16,30.11,40.21,9.58,9.58,15.06,15.06,4248.84,4248.84,4398.57,4398.57,4274.96,4275.59,4396.43,4397.13,26.12,26.74,-2.14,-1.44,9.58,9.58,15.06,15.06,-28.22,0.66,0.0000,0.0000
18.168440,13.508,3.752,8.62,30.35,47.59,1.5683,13.39,-2.38,1.24,18.24,50.00,0.3000,19.14,30.07,40.21,9.57,9.57,15.04,15.04,4248.84,4248.84,4398.57,4398.57,4274.93,4275.59,4396.38,4397.13,26.09,26.75,-2.18,-1.44,9.57,9.57,15.04,15.04,-28.23,0.70,0.0000,0.0000
18.168440,13.498,3.750,8.61,30.30,47.53,1.5683,13.37,-2.38,1.24,18.21,50.00,0.3000,19.11,30.03,40.21,9.55,9.55,15.02,15.02,4248.84,4248.84,4398.57,4398.57,4274.93,4275.57,4396.38,4397.10,26.08,26.72,-2.19,-1.48,9.55,9.55,15.02,15.02,-28.24,0.68,0.0000,0.0000
18.168440,13.489,3.747,8.60,30.26,47.46,1.5683,13.35,-2.37,1.24,18.19,50.00,0.3000,19.08,29.99,40.21,9.54,9.54,14.99,14.99,4248.84,4248.84,4398.57,4398.57,4274.92,4275.55,4396.36,4397.07,26.07,26.70,-2.21,-1.50,9.54,9.54,14.99,14.99,-28.24,0.67,0.0000,0.0000
18.168440,13.480,3.744,8.59,30.22,47.40,1.5683,13.34,-2.37,1.24,18.16,50.00,0.3000,19.06,29.95,40.21,9.53,9.53,14.97,14.97,4248.84,4248.84,4398.57,4398.57,4274.89,4275.54,4396.33,4397.06,26.05,26.70,-2.24,-1.51,9.53,9.53,14.97,14.97,-28.25,0.69,0.0000,0.0000
18.168440,13.471,3.742,8.58,30.18,47.33,1.5683,13.32,-2.37,1.23,18.14,50.00,0.3000,19.03,29.91,40.21,9.52,9.52,14.95,14.95,4248.84,4248.84,4398.57,4398.57,4274.88,4275.50,4396.34,4397.04,26.04,26.66,-2.23,-1.53,9.52,9.52,14.95,14.95,-28.23,0.66,0.0000,0.0000
18.168440,13.462,3.739,8.56,30.14,47.27,1.5683,13.30,-2.36,1.23,18.11,50.00,0.3000,19.00,29.87,40.21,9.50,9.50,14.93,14.93,4248.84,4248.84,4398.57,4398.57,4274.86,4275.50,4396.31,4397.03,26.02,26.65,-2.26,-1.54,9.50,9.50,14.93,14.93,-28.23,0.68,0.0000,0.0000
18.295452,13.452,3.737,8.55,30.10,47.20,1.5683,13.28,-2.36,1.23,18.09,50.00,0.3000,18.98,29.83,40.21,9.49,9.49,14.91,14.91,4248.84,4248.84,4398.57,4398.57,4274.84,4275.49,4396.29,4397.01,26.00,26.64,-2.28,-1.56,9.49,9.49,14.91,14.91,-28.24,0.68,0.0000,0.0000
18.295452,13.443,3.734,8.54,30.06,47.14,1.5683,13.26,-2.36,1.23,18.06,50.00,0.3000,18.95,29.78,40.21,9.48,9.48,14.89,14.89,4248.84,4248.84,4398.57,4398.57,4274.84,4275.46,4396.28,4396.98,26.00,26.62,-2.29,-1.59,9.48,9.48,14.89,14.89,-28.25,0.66,0.0000,0.0000
18.295452,13.434,3.732,8.53,30.02,47.07,1.5683,13.24,-2.35,1.23,18.04,50.00,0.3000,18.93,29.74,40.21,9.46,9.46,14.87,14.87,4248.84,4248.84,4398.57,4398.57,4274.83,4275.46,4396.25,4396.96,25.98,26.62,-2.32,-1.61,9.46,9.46,14.87,14.87,-28.27,0.67,0.0000,0.0000
18.295452,13.425,3.729,8.52,29.97,47.01,1.5683,13.23,-2.35,1.23,18.01,50.00,0.3000,18.90,29.70,40.21,9.45,9.45,14.85,14.85,4248.84,4248.84,4398.57,4398.57,4274.81,4275.45,4396.22,4396.95,25.96,26.61,-2.35,-1.62,9.45,9.45,14.85,14.85,-28.27,0.68,0.0000,0.0000
18.295452,13.415,3.727,8.51,29.93,46.94,1.5683,13.21,-2.35,1.22,17.99,50.00,0.3000,18.87,29.66,40.21,9.44,9.44,14.83,14.83,4248.84,4248.84,4398.57,4398.57,4274.81,4275.43,4396.22,4396.91,25.96,26.58,-2.35,-1.66,9.44,9.44,14.83,14.83,-28.28,0.66,0.0000,0.0000
18.295452,13.406,3.724,8.49,29.89,46.88,1.5683,13.19,-2.34,1.22,17.97,50.00,0.3000,18.85,29.62,40.21,9.42,9.42,14.81,14.81,4248.84,4248.84,4398.57,4398.57,4274.79,4275.42,4396.19,4396.90,25.95,26.57,-2.38,-1.67,9.42,9.42,14.81,14.81,-28.28,0.67,0.0000,0.0000
18.295452,13.397,3.721,8.48,29.85,46.81,1.5683,13.17,-2.34,1.22,17.94,50.00,0.3000,18.82,29.58,40.21,9.41,9.41,14.79,14.79,4248.84,4248.84,4398.57,4398.57,4274.77,4275.40,4396.18,4396.89,25.93,26.55,-2.39,-1.68,9.41,9.41,14.79,14.79,-28.27,0.67,0.0000,0.0000
18.295452,13.388,3.719,8.47,29.81,46.75,1.5683,13.15,-2.34,1.22,17.92,50.00,0.3000,18.80,29.54,40.21,9.40,9.40,14.77,14.77,4248.84,4248.84,4398.57,4398.57,4274.75,4275.39,4396.15,4396.87,25.90,26.55,-2.42,-1.70,9.40,9.40,14.77,14.77,-28.28,0.68,0.0000,0.0000
18.295452,13.378,3.716,8.46,29.77,46.68,1.5683,13.14,-2.33,1.22,17.89,50.00,0.3000,18.77,29.50,40.21,9.39,9.39,14.75,14.75,4248.84,4248.84,4398.57,4398.57,4274.75,4275.36,4396.15,4396.84,25.90,26.52,-2.42,-1.73,9.39,9.39,14.75,14.75,-28.28,0.65,0.0000,0.0000
18.295452,13.369,3.714,8.45,29.73,46.62,1.5683,13.12,-2.33,1.22,17.87,50.00,0.3000,18.75,29.46,40.21,9.37,9.37,14.73,14.73,4248.84,4248.84,4398.57,4398.57,4274.72,4275.35,4396.12,4396.83,25.88,26.51,-2.45,-1.74,9.37,9.37,14.73,14.73,-28.29,0.67,0.0000,0.0000
18.295452,13.360,3.711,8.44,29.69,46.56,1.5683,13.10,-2.33,1.21,17.84,50.00,0.3000,18.72,29.42,40.21,9.36,9.36,14.71,14.71,4248.84,4248.84,4398.57,4398.57,4274.71,4275.33,4396.11,4396.81,25.87,26.49,-2.46,-1.76,9.36,9.36,14.71,14.71,-28.29,0.66,0.0000,0.0000
18.295452,13.351,3.709,8.42,29.64,46.49,1.5683,13.08,-2.33,1.21,17.82,50.00,0.3000,18.69,29.38,40.21,9.35,9.35,14.69,14.69,4248.84,4248.84,4398.57,4398.57,4274.70,4275.33,4396.08,4396.79,25.86,26.48,-2.49,-1.79,9.35,9.35,14.69,14.69,-28.31,0.66,0.0000,0.0000
18.402292,13.342,3.706,8.41,29.60,46.43,1.5683,13.06,-2.32,1.21,17.79,50.00,0.3000,18.67,29.34,40.21,9.33,9.33,14.67,14.67,4248.84,4248.84,4398.57,4398.57,4274.69,4275.31,4396.07,4396.76,25.85,26.47,-2.50,-1.81,9.33,9.33,14.67,14.67,-28.31,0.66,0.0000,0.0000
18.402292,13.332,3.703,8.40,29.56,46.36,1.5683,13.04,-2.32,1.21,17.77,50.00,0.3000,18.64,29.30,40.21,9.32,9.32,14.65,14.65,4248.84,4248.84,4398.57,4398.57,4274.68,4275.30,4396.04,4396.74,25.83,26.46,-2.53,-1.83,9.32,9.32,14.65,14.65,-28.32,0.66,0.0000,0.0000
18.402292,13.323,3.701,8.39,29.52,46.30,1.5683,13.03,-2.32,1.21,17.74,50.00,0.3000,18.62,29.26,40.21,9.31,9.31,14.63,14.63,4248.84,4248.84,4398.57,4398.57,4274.67,4275.28,4396.03,4396.72,25.82,26.44,-2.54,-1.85,9.31,9.31,14.63,14.63,-28.33,0.65,0.0000,0.0000
18.402292,13.314,3.698,8.38,29.48,46.23,1.5683,13.01,-2.31,1.21,17.72,50.00,0.3000,18.59,29.21,40.21,9.30,9.30,14.61,14.61,4248.84,4248.84,4398.57,4398.57,4274.64,4275.26,4396.01,4396.71,25.80,26.42,-2.56,-1.86,9.30,9.30,14.61,14.61,-28.32,0.66,0.0000,0.0000
18.402292,13.305,3.696,8.37,29.44,46.17,1.5683,12.99,-2.31,1.20,17.69,50.00,0.3000,18.56,29.17,40.21,9.28,9.28,14.59,14.59,4248.84,4248.84,4398.57,4398.57,4274.63,4275.25,4396.00,4396.69,25.79,26.40,-2.57,-1.88,9.28,9.28,14.59,14.59,-28.32,0.65,0.0000,0.0000
18.402292,13.295,3.693,8.35,29.40,46.11,1.5683,12.97,-2.31,1.20,17.67,50.00,0.3000,18.54,29.13,40.21,9.27,9.27,14.57,14.57,4248.84,4248.84,4398.57,4398.57,4274.61,4275.24,4395.97,4396.67,25.77,26.39,-2.60,-1.90,9.27,9.27,14.57,14.57,-28.33,0.66,0.0000,0.0000
18.402292,13.286,3.691,8.34,29.36,46.04,1.5683,12.95,-2.30,1.20,17.65,50.00,0.3000,18.51,29.09,40.21,9.26,9.26,14.55,14.55,4248.84,4248.84,4398.57,4398.57,4274.60,4275.22,4395.96,4396.65,25.76,26.37,-2.61,-1.92,9.26,9.26,14.55,14.55,-28.33,0.65,0.0000,0.0000
18.402292,13.277,3.688,8.33,29.32,45.98,1.5683,12.94,-2.30,1.20,17.62,50.00,0.3000,18.49,29.05,40.21,9.24,9.24,14.53,14.53,4248.84,4248.84,4398.57,4398.57,4274.59,4275.21,4395.94,4396.63,25.75,26.36,-2.63,-1.94,9.24,9.24,14.53,14.53,-28.34,0.66,0.0000,0.0000
18.402292,13.268,3.686,8.32,29.28,45.92,1.5683,12.92,-2.30,1.20,17.60,50.00,0.3000,18.46,29.01,40.21,9.23,9.23,14.51,14.51,4248.84,4248.84,4398.57,4398.57,4274.58,4275.20,4395.91,4396.61,25.74,26.35,-2.65,-1.96,9.23,9.23,14.51,14.51,-28.36,0.65,0.0000,0.0000
18.402292,13.259,3.683,8.31,29.24,45.85,1.5683,12.90,-2.29,1.20,17.57,50.00,0.3000,18.44,28.97,40.21,9.22,9.22,14.49,14.49,4248.84,4248.84,4398.57,4398.57,4274.57,4275.18,4395.90,4396.59,25.72,26.34,-2.67,-1.98,9.22,9.22,14.49,14.49,-28.36,0.65,0.0000,0.0000
18.402292,13.249,3.680,8.30,29.20,45.79,1.5683,12.88,-2.29,1.19,17.55,50.00,0.3000,18.41,28.93,40.21,9.21,9.21,14.47,14.47,4248.84,4248.84,4398.57,4398.57,4274.56,4275.16,4395.89,4396.56,25.72,26.31,-2.68,-2.01,9.21,9.21,14.47,14.47,-28.36,0.63,0.0000,0.0000
18.402292,13.240,3.678,8.28,29.16,45.72,1.5683,12.86,-2.29,1.19,17.52,50.00,0.3000,18.38,28.89,40.21,9.19,9.19,14.45,14.45,4248.84,4248.84,4398.57,4398.57,4274.53,4275.16,4395.86,4396.56,25.69,26.31,-2.71,-2.01,9.19,9.19,14.45,14.45,-28.36,0.66,0.0000,0.0000
18.554344,13.231,3.675,8.27,29.11,45.66,1.5683,12.85,-2.28,1.19,17.50,50.00,0.3000,18.36,28.85,40.21,9.18,9.18,14.43,14.43,4248.84,4248.84,4398.57,4398.57,4274.52,4275.13,4395.85,4396.54,25.68,26.29,-2.72,-2.03,9.18,9.18,14.43,14.43,-28.36,0.65,0.0000,0.0000
18.554344,13.222,3.673,8.26,29.07,45.60,1.5683,12.83,-2.28,1.19,17.47,50.00,0.3000,18.33,28.81,40.21,9.17,9.17,14.41,14.41,4248.84,4248.84,4398.57,4398.57,4274.51,4275.12,4395.83,4396.52,25.66,26.27,-2.74,-2.05,9.17,9.17,14.41,14.41,-28.36,0.65,0.0000,0.0000
18.554344,13.213,3.670,8.25,29.03,45.53,1.5683,12.81,-2.28,1.19,17.45,50.00,0.3000,18.31,28.77,40.21,9.15,9.15,14.39,14.39,4248.84,4248.84,4398.57,4398.57,4274.49,4275.10,4395.81,4396.50,25.65,26.26,-2.76,-2.07,9.15,9.15,14.39,14.39,-28.37,0.65,0.0000,0.0000
18.554344,13.203,3.668,8.24,28.99,45.47,1.5683,12.79,-2.27,1.19,17.43,50.00,0.3000,18.28,28.73,40.21,9.14,9.14,14.37,14.37,4248.84,4248.84,4398.57,4398.57,4274.48,4275.09,4395.79,4396.48,25.63,26.25,-2.78,-2.09,9.14,9.14,14.37,14.37,-28.37,0.65,0.0000,0.0000
18.554344,13.194,3.665,8.23,28.95,45.41,1.5683,12.77,-2.27,1.18,17.40,50.00,0.3000,18.26,28.69,40.21,9.13,9.13,14.35,14.35,4248.84,4248.84,4398.57,4398.57,4274.47,4275.08,4395.77,4396.46,25.63,26.24,-2.80,-2.11,9.13,9.13,14.35,14.35,-28.39,0.65,0.0000,0.0000
18.554344,13.185,3.662,8.22,28.91,45.34,1.5683,12.76,-2.27,1.18,17.38,50.00,0.3000,18.23,28.65,40.21,9.12,9.12,14.33,14.33,4248.84,4248.84,4398.57,4398.57,4274.46,4275.07,4395.75,4396.44,25.61,26.23,-2.82,-2.13,9.12,9.12,14.33,14.33,-28.40,0.65,0.0000,0.0000
18.554344,13.176,3.660,8.20,28.87,45.28,1.5683,12.74,-2.26,1.18,17.35,50.00,0.3000,18.21,28.61,40.21,9.10,9.10,14.31,14.31,4248.84,4248.84,4398.57,4398.57,4274.45,4275.04,4395.74,4396.40,25.61,26.20,-2.83,-2.17,9.10,9.10,14.31,14.31,-28.40,0.62,0.0000,0.0000
18.554344,13.166,3.657,8.19,28.83,45.22,1.5683,12.72,-2.26,1.18,17.33,50.00,0.3000,18.18,28.57,40.21,9.09,9.09,14.29,14.29,4248.84,4248.84,4398.57,4398.57,4274.42,4275.05,4395.71,4396.40,25.58,26.20,-2.86,-2.17,9.09,9.09,14.29,14.29,-28.41,0.66,0.0000,0.0000
18.554344,13.157,3.655,8.18,28.79,45.15,1.5683,12.70,-2.26,1.18,17.30,50.00,0.3000,18.16,28.53,40.21,9.08,9.08,14.27,14.27,4248.84,4248.84,4398.57,4398.57,4274.42,4275.02,4395.70,4396.38,25.57,26.18,-2.87,-2.19,9.08,9.08,14.27,14.27,-28.41,0.64,0.0000,0.0000
18.554344,13.148,3.652,8.17,28.75,45.09,1.5683,12.69,-2.25,1.18,17.28,50.00,0.3000,18.13,28.49,40.21,9.06,9.06,14.25,14.25,4248.84,4248.84,4398.57,4398.57,4274.39,4275.00,4395.68,4396.37,25.55,26.16,-2.89,-2.20,9.06,9.06,14.25,14.25,-28.40,0.65,0.0000,0.0000
18.554344,13.139,3.650,8.16,28.71,45.03,1.5683,12.67,-2.25,1.17,17.26,50.00,0.3000,18.10,28.45,40.21,9.05,9.05,14.23,14.23,4248.84,4248.84,4398.57,4398.57,4274.39,4274.98,4395.68,4396.34,25.55,26.13,-2.89,-2.23,9.05,9.05,14.23,14.23,-28.40,0.63,0.0000,0.0000
18.554344,13.130,3.647,8.15,28.67,44.96,1.5683,12.65,-2.25,1.17,17.23,50.00,0.3000,18.08,28.41,40.21,9.04,9.04,14.21,14.21,4248.84,4248.84,4398.57,4398.57,4274.36,4274.98,4395.64,4396.34,25.52,26.14,-2.93,-2.23,9.04,9.04,14.21,14.21,-28.41,0.66,0.0000,0.0000
18.683748,13.120,3.645,8.14,28.63,44.90,1.5683,12.63,-2.25,1.17,17.21,50.00,0.3000,18.05,28.37,40.21,9.03,9.03,14.19,14.19,4248.84,4248.84,4398.57,4398.57,4274.36,4274.96,4395.63,4396.31,25.51,26.12,-2.94,-2.26,9.03,9.03,14.19,14.19,-28.42,0.64,0.0000,0.0000
18.683748,13.111,3.642,8.12,28.59,44.84,1.5683,12.61,-2.24,1.17,17.18,50.00,0.3000,18.03,28.33,40.21,9.01,9.01,14.17,14.17,4248.84,4248.84,4398.57,4398.57,4274.34,4274.95,4395.60,4396.29,25.50,26.11,-2.97,-2.28,9.01,9.01,14.17,14.17,-28.43,0.65,0.0000,0.0000
18.683748,13.102,3.639,8.11,28.55,44.77,1.5683,12.60,-2.24,1.17,17.16,50.00,0.3000,18.00,28.29,40.21,9.00,9.00,14.15,14.15,4248.84,4248.84,4398.57,4398.57,4274.34,4274.93,4395.59,4396.25,25.50,26.09,-2.98,-2.32,9.00,9.00,14.15,14.15,-28.44,0.62,0.0000,0.0000
18.683748,13.093,3.637,8.10,28.51,44.71,1.5683,12.58,-2.24,1.17,17.14,50.00,0.3000,17.98,28.25,40.21,8.99,8.99,14.13,14.13,4248.84,4248.84,4398.57,4398.57,4274.32,4274.93,4395.56,4396.25,25.47,26.08,-3.01,-2.32,8.99,8.99,14.13,14.13,-28.44,0.65,0.0000,0.0000
18.683748,13.084,3.634,8.09,28.47,44.65,1.5683,12.56,-2.23,1.16,17.11,50.00,0.3000,17.95,28.21,40.21,8.98,8.98,14.11,14.11,4248.84,4248.84,4398.57,4398.57,4274.32,4274.90,4395.56,4396.21,25.47,26.05,-3.01,-2.36,8.98,8.98,14.11,14.11,-28.45,0.62,0.0000,0.0000
18.683748,13.074,3.632,8.08,28.43,44.59,1.5683,12.54,-2.23,1.16,17.09,50.00,0.3000,17.93,28.17,40.21,8.96,8.96,14.09,14.09,4248.84,4248.84,4398.57,4398.57,4274.28,4274.90,4395.52,4396.22,25.44,26.06,-3.05,-2.35,8.96,8.96,14.09,14.09,-28.45,0.66,0.0000,0.0000
18.683748,13.065,3.629,8.07,28.39,44.52,1.5683,12.53,-2.23,1.16,17.06,50.00,0.3000,17.90,28.13,40.21,8.95,8.95,14.07,14.07,4248.84,4248.84,4398.57,4398.57,4274.28,4274.87,4395.52,4396.19,25.43,26.03,-3.05,-2.38,8.95,8.95,14.07,14.07,-28.44,0.63,0.0000,0.0000
18.683748,13.056,3.627,8.06,28.35,44.46,1.5683,12.51,-2.22,1.16,17.04,50.00,0.3000,17.88,28.09,40.21,8.94,8.94,14.05,14.05,4248.84,4248.84,4398.57,4398.57,4274.27,4274.85,4395.51,4396.17,25.42,26.01,-3.06,-2.40,8.94,8.94,14.05,14.05,-28.45,0.63,0.0000,0.0000
18.683748,13.047,3.624,8.04,28.31,44.40,1.5683,12.49,-2.22,1.16,17.01,50.00,0.3000,17.85,28.05,40.21,8.93,8.93,14.03,14.03,4248.84,4248.84,4398.57,4398.57,4274.24,4274.85,4395.48,4396.16,25.40,26.00,-3.09,-2.41,8.93,8.93,14.03,14.03,-28.45,0.64,0.0000,0.0000
18.683748,13.038,3.622,8.03,28.27,44.34,1.5683,12.47,-2.22,1.16,16.99,50.00,0.3000,17.83,28.01,40.21,8.91,8.91,14.01,14.01,4248.84,4248.84,4398.57,4398.57,4274.24,4274.82,4395.48,4396.13,25.40,25.98,-3.09,-2.44,8.91,8.91,14.01,14.01,-28.45,0.62,0.0000,0.0000
18.683748,13.028,3.619,8.02,28.23,44.27,1.5683,12.46,-2.21,1.16,16.97,50.00,0.3000,17.80,27.97,40.21,8.90,8.90,13.99,13.99,4248.84,4248.84,4398.57,4398.57,4274.22,4274.83,4395.44,4396.12,25.38,25.98,-3.13,-2.45,8.90,8.90,13.99,13.99,-28.47,0.64,0.0000,0.0000
18.683748,13.019,3.616,8.01,28.19,44.21,1.5683,12.44,-2.21,1.15,16.94,50.00,0.3000,17.78,27.94,40.21,8.89,8.89,13.97,13.97,4248.84,4248.84,4398.57,4398.57,4274.22,4274.80,4395.43,4396.08,25.38,25.96,-3.14,-2.49,8.89,8.89,13.97,13.97,-28.48,0.62,0.0000,0.0000
18.812872,13.010,3.614,8.00,28.15,44.15,1.5683,12.42,-2.21,1.15,16.92,50.00,0.3000,17.75,27.90,40.21,8.88,8.88,13.95,13.95,4248.84,4248.84,4398.57,4398.57,4274.19,4274.80,4395.40,4396.08,25.35,25.96,-3.17,-2.49,8.88,8.88,13.95,13.95,-28.49,0.65,0.0000,0.0000
18.812872,13.001,3.611,7.99,28.11,44.09,1.5683,12.40,-2.20,1.15,16.90,50.00,0.3000,17.73,27.86,40.21,8.86,8.86,13.93,13.93,4248.84,4248.84,4398.57,4398.57,4274.20,4274.77,4395.40,4396.04,25.35,25.93,-3.17,-2.53,8.86,8.86,13.93,13.93,-28.49,0.61,0.0000,0.0000
18.812872,12.992,3.609,7.98,28.07,44.02,1.5683,12.39,-2.20,1.15,16.87,50.00,0.3000,17.70,27.82,40.21,8.85,8.85,13.91,13.91,4248.84,4248.84,4398.57,4398.57,4274.17,4274.76,4395.37,4396.04,25.33,25.92,-3.20,-2.53,8.85,8.85,13.91,13.91,-28.49,0.63,0.0000,0.0000
18.812872,12.982,3.606,7.97,28.03,43.96,1.5683,12.37,-2.20,1.15,16.85,50.00,0.3000,17.68,27.78,40.21,8.84,8.84,13.89,13.89,4248.84,4248.84,4398.57,4398.57,4274.16,4274.74,4395.36,4396.02,25.31,25.90,-3.21,-2.55,8.84,8.84,13.89,13.89,-28.49,0.62,0.0000,0.0000
18.812872,12.973,3.604,7.95,27.99,43.90,1.5683,12.35,-2.20,1.15,16.82,50.00,0.3000,17.65,27.74,40.21,8.83,8.83,13.87,13.87,4248.84,4248.84,4398.57,4398.57,4274.14,4274.73,4395.35,4396.00,25.30,25.88,-3.22,-2.57,8.83,8.83,13.87,13.87,-28.49,0.62,0.0000,0.0000
18.812872,12.964,3.601,7.94,27.95,43.84,1.5683,12.33,-2.19,1.14,16.80,50.00,0.3000,17.63,27.70,40.21,8.81,8.81,13.85,13.85,4248.84,4248.84,4398.57,4398.57,4274.13,4274.71,4395.33,4395.98,25.29,25.87,-3.24,-2.59,8.81,8.81,13.85,13.85,-28.50,0.62,0.0000,0.0000
18.812872,12.955,3.599,7.93,27.91,43.77,1.5683,12.32,-2.19,1.14,16.78,50.00,0.3000,17.60,27.66,40.21,8.80,8.80,13.83,13.83,4248.84,4248.84,4398.57,4398.57,4274.12,4274.70,4395.31,4395.96,25.28,25.86,-3.26,-2.61,8.80,8.80,13.83,13.83,-28.50,0.62,0.0000,0.0000
18.812872,12.946,3.596,7.92,27.87,43.71,1.5683,12.30,-2.19,1.14,16.75,50.00,0.3000,17.58,27.62,40.21,8.79,8.79,13.81,13.81,4248.84,4248.84,4398.57,4398.57,4274.11,4274.69,4395.29,4395.94,25.26,25.84,-3.28,-2.63,8.79,8.79,13.81,13.81,-28.51,0.62,0.0000,0.0000
18.812872,12.936,3.593,7.91,27.83,43.65,1.5683,12.28,-2.18,1.14,16.73,50.00,0.3000,17.55,27.58,40.21,8.78,8.78,13.79,13.79,4248.84,4248.84,4398.57,4398.57,4274.10,4274.68,4395.27,4395.92,25.25,25.83,-3.30,-2.65,8.78,8.78,13.79,13.79,-28.52,0.62,0.0000,0.0000
18.812872,12.927,3.591,7.90,27.79,43.59,1.5683,12.26,-2.18,1.14,16.70,50.00,0.3000,17.53,27.54,40.21,8.76,8.76,13.77,13.77,4248.84,4248.84,4398.57,4398.57,4274.08,4274.66,4395.25,4395.90,25.24,25.82,-3.32,-2.67,8.76,8.76,13.77,13.77,-28.52,0.62,0.0000,0.0000
18.812872,12.918,3.588,7.89,27.75,43.53,1.5683,12.25,-2.18,1.14,16.68,50.00,0.3000,17.50,27.50,40.21,8.75,8.75,13.75,13.75,4248.84,4248.84,4398.57,4398.57,4274.07,4274.65,4395.23,4395.88,25.23,25.81,-3.34,-2.69,8.75,8.75,13.75,13.75,-28.53,0.61,0.0000,0.0000
18.812872,12.909,3.586,7.88,27.71,43.46,1.5683,12.23,-2.17,1.13,16.66,50.00,0.3000,17.48,27.46,40.21,8.74,8.74,13.73,13.73,4248.84,4248.84,4398.57,4398.57,4274.05,4274.63,4395.22,4395.87,25.21,25.79,-3.35,-2.70,8.74,8.74,13.73,13.73,-28.53,0.61,0.0000,0.0000
18.918140,12.900,3.583,7.86,27.67,43.40,1.5683,12.21,-2.17,1.13,16.63,50.00,0.3000,17.45,27.42,40.21,8.73,8.73,13.71,13.71,4248.84,4248.84,4398.57,4398.57,4274.04,4274.61,4395.20,4395.85,25.19,25.77,-3.37,-2.72,8.73,8.73,13.71,13.71,-28.53,0.61,0.0000,0.0000
18.918140,12.890,3.581,7.85,27.63,43.34,1.5683,12.19,-2.17,1.13,16.61,50.00,0.3000,17.43,27.39,40.21,8.71,8.71,13.69,13.69,4248.84,4248.84,4398.57,4398.57,4274.02,4274.60,4395.18,4395.83,25.18,25.76,-3.39,-2.74,8.71,8.71,13.69,13.69,-28.53,0.61,0.0000,0.0000
18.918140,12.881,3.578,7.84,27.60,43.28,1.5683,12.18,-2.16,1.13,16.59,50.00,0.3000,17.40,27.35,40.21,8.70,8.70,13.67,13.67,4248.84,4248.84,4398.57,4398.57,4274.01,4274.59,4395.17,4395.81,25.17,25.74,-3.40,-2.76,8.70,8.70,13.67,13.67,-28.54,0.61,0.0000,0.0000
18.918140,12.872,3.576,7.83,27.56,43.22,1.5683,12.16,-2.16,1.13,16.56,50.00,0.3000,17.38,27.31,40.21,8.69,8.69,13.65,13.65,4248.84,4248.84,4398.57,4398.57,4274.00,4274.58,4395.14,4395.79,25.15,25.73,-3.42,-2.78,8.69,8.69,13.65,13.65,-28.54,0.61,0.0000,0.0000
18.918140,12.863,3.573,7.82,27.52,43.16,1.5683,12.14,-2.16,1.13,16.54,50.00,0.3000,17.35,27.27,40.21,8.68,8.68,13.63,13.63,4248.84,4248.84,4398.57,4398.57,4273.99,4274.56,4395.13,4395.77,25.15,25.72,-3.44,-2.80,8.68,8.68,13.63,13.63,-28.55,0.61,0.0000,0.0000
18.918140,12.854,3.570,7.81,27.48,43.09,1.5683,12.12,-2.16,1.12,16.51,50.00,0.3000,17.33,27.23,40.21,8.66,8.66,13.61,13.61,4248.84,4248.84,4398.57,4398.57,4273.97,4274.55,4395.10,4395.75,25.13,25.71,-3.47,-2.82,8.66,8.66,13.61,13.61,-28.56,0.61,0.0000,0.0000
18.918140,12.845,3.568,7.80,27.44,43.03,1.5683,12.11,-2.15,1.12,16.49,50.00,0.3000,17.30,27.19,40.21,8.65,8.65,13.60,13.60,4248.84,4248.84,4398.57,4398.57,4273.97,4274.54,4395.09,4395.73,25.12,25.69,-3.48,-2.84,8.65,8.65,13.60,13.60,-28.57,0.61,0.0000,0.0000
18.918140,12.835,3.565,7.79,27.40,42.97,1.5683,12.09,-2.15,1.12,16.47,50.00,0.3000,17.28,27.15,40.21,8.64,8.64,13.58,13.58,4248.84,4248.84,4398.57,4398.57,4273.95,4274.52,4395.07,4395.72,25.10,25.68,-3.50,-2.85,8.64,8.64,13.58,13.58,-28.57,0.61,0.0000,0.0000
18.918140,12.826,3.563,7.77,27.36,42.91,1.5683,12.07,-2.15,1.12,16.44,50.00,0.3000,17.25,27.11,40.21,8.63,8.63,13.56,13.56,4248.84,4248.84,4398.57,4398.57,4273.93,4274.50,4395.06,4395.70,25.09,25.66,-3.51,-2.87,8.63,8.63,13.56,13.56,-28.56,0.61,0.0000,0.0000
18.918140,12.817,3.560,7.76,27.32,42.85,1.5683,12.05,-2.14,1.12,16.42,50.00,0.3000,17.23,27.07,40.21,8.61,8.61,13.54,13.54,4248.84,4248.84,4398.57,4398.57,4273.92,4274.49,4395.04,4395.69,25.07,25.64,-3.53,-2.89,8.61,8.61,13.54,13.54,-28.57,0.61,0.0000,0.0000
18.918140,12.808,3.558,7.75,27.28,42.79,1.5683,12.04,-2.14,1.12,16.40,50.00,0.3000,17.20,27.04,40.21,8.60,8.60,13.52,13.52,4248.84,4248.84,4398.57,4398.57,4273.90,4274.48,4395.02,4395.67,25.06,25.63,-3.55,-2.90,8.60,8.60,13.52,13.52,-28.57,0.61,0.0000,0.0000
18.918140,12.799,3.555,7.74,27.24,42.73,1.5683,12.02,-2.14,1.11,16.37,50.00,0.3000,17.18,27.00,40.21,8.59,8.59,13.50,13.50,4248.84,4248.84,4398.57,4398.57,4273.89,4274.46,4395.01,4395.65,25.05,25.62,-3.56,-2.92,8.59,8.59,13.50,13.50,-28.58,0.60,0.0000,0.0000
19.070726,12.789,3.553,7.73,27.20,42.66,1.5683,12.00,-2.13,1.11,16.35,50.00,0.3000,17.15,26.96,40.21,8.58,8.58,13.48,13.48,4248.84,4248.84,4398.57,4398.57,4273.88,4274.45,4394.98,4395.63,25.03,25.61,-3.59,-2.94,8.58,8.58,13.48,13.48,-28.59,0.61,0.0000,0.0000
19.070726,12.780,3.550,7.72,27.16,42.60,1.5684,11.99,-2.13,1.11,16.33,50.00,0.3000,17.13,26.92,40.21,8.56,8.56,13.46,13.46,4248.84,4248.84,4398.57,4398.57,4273.87,4274.44,4394.96,4395.60,25.03,25.60,-3.61,-2.97,8.56,8.56,13.46,13.46,-28.60,0.61,0.0000,0.0000
19.070726,12.771,3.548,7.71,27.12,42.54,1.5684,11.97,-2.13,1.11,16.30,50.00,0.3000,17.11,26.88,40.21,8.55,8.55,13.44,13.44,4248.84,4248.84,4398.57,4398.57,4273.86,4274.43,4394.94,4395.59,25.01,25.59,-3.63,-2.98,8.55,8.55,13.44,13.44,-28.60,0.61,0.0000,0.0000
19.070726,12.762,3.545,7.70,27.09,42.48,1.5684,11.95,-2.12,1.11,16.28,50.00,0.3000,17.08,26.84,40.21,8.54,8.54,13.42,13.42,4248.84,4248.84,4398.57,4398.57,4273.84,4274.41,4394.93,4395.57,25.00,25.57,-3.64,-3.00,8.54,8.54,13.42,13.42,-28.61,0.60,0.0000,0.0000
19.070726,12.753,3.542,7.69,27.05,42.42,1.5684,11.93,-2.12,1.11,16.26,50.00,0.3000,17.06,26.80,40.21,8.53,8.53,13.40,13.40,4248.84,4248.84,4398.57,4398.57,4273.83,4274.40,4394.91,4395.55,24.98,25.56,-3.66,-3.02,8.53,8.53,13.40,13.40,-28.61,0.61,0.0000,0.0000
19.070726,12.744,3.540,7.68,27.01,42.36,1.5684,11.92,-2.12,1.11,16.23,50.00,0.3000,17.03,26.76,40.21,8.52,8.52,13.38,13.38,4248.84,4248.84,4398.57,4398.57,4273.82,4274.37,4394.90,4395.53,24.98,25.53,-3.66,-3.04,8.52,8.52,13.38,13.38,-28.61,0.59,0.0000,0.0000
19.070726,12.734,3.537,7.66,26.97,42.30,1.5684,11.90,-2.12,1.10,16.21,50.00,0.3000,17.01,26.73,40.21,8.50,8.50,13.36,13.36,4248.84,4248.84,4398.57,4398.57,4273.79,4274.37,4394.88,4395.53,24.95,25.52,-3.69,-3.04,8.50,8.50,13.36,13.36,-28.60,0.61,0.0000,0.0000
19.070726,12.725,3.535,7.65,26.93,42.24,1.5684,11.88,-2.11,1.10,16.19,50.00,0.3000,16.98,26.69,40.21,8.49,8.49,13.34,13.34,4248.84,4248.84,4398.57,4398.57,4273.78,4274.35,4394.87,4395.50,24.94,25.50,-3.70,-3.07,8.49,8.49,13.34,13.34,-28.61,0.60,0.0000,0.0000
19.070726,12.716,3.532,7.64,26.89,42.18,1.5684,11.86,-2.11,1.10,16.16,50.00,0.3000,16.96,26.65,40.21,8.48,8.48,13.32,13.32,4248.84,4248.84,4398.57,4398.57,4273.77,4274.34,4394.84,4395.49,24.92,25.50,-3.73,-3.08,8.48,8.48,13.32,13.32,-28.61,0.61,0.0000,0.0000
19.070726,12.707,3.530,7.63,26.85,42.11,1.5684,11.85,-2.11,1.10,16.14,50.00,0.3000,16.93,26.61,40.21,8.47,8.47,13.31,13.31,4248.84,4248.84,4398.57,4398.57,4273.76,4274.33,4394.83,4395.46,24.92,25.48,-3.74,-3.11,8.47,8.47,13.31,13.31,-28.63,0.60,0.0000,0.0000
19.070726,12.698,3.527,7.62,26.81,42.05,1.5684,11.83,-2.10,1.10,16.12,50.00,0.3000,16.91,26.57,40.21,8.45,8.45,13.29,13.29,4248.84,4248.84,4398.57,4398.57,4273.75,4274.32,4394.80,4395.44,24.90,25.47,-3.77,-3.13,8.45,8.45,13.29,13.29,-28.64,0.61,0.0000,0.0000
19.070726,12.688,3.525,7.61,26.78,41.99,1.5684,11.81,-2.10,1.10,16.09,50.00,0.3000,16.88,26.53,40.21,8.44,8.44,13.27,13.27,4248.84,4248.84,4398.57,4398.57,4273.74,4274.30,4394.78,4395.42,24.89,25.46,-3.79,-3.15,8.44,8.44,13.27,13.27,-28.64,0.60,0.0000,0.0000
19.205276,12.679,3.522,7.60,26.74,41.93,1.5684,11.80,-2.10,1.09,16.07,50.00,0.3000,16.86,26.50,40.21,8.43,8.43,13.25,13.25,4248.84,4248.84,4398.57,4398.57,4273.72,4274.29,4394.77,4395.40,24.88,25.45,-3.80,-3.17,8.43,8.43,13.25,13.25,-28.65,0.60,0.0000,0.0000
19.205276,12.670,3.519,7.59,26.70,41.87,1.5684,11.78,-2.09,1.09,16.05,50.00,0.3000,16.84,26.46,40.21,8.42,8.42,13.23,13.23,4248.84,4248.84,4398.57,4398.57,4273.71,4274.28,4394.75,4395.39,24.86,25.43,-3.82,-3.18,8.42,8.42,13.23,13.23,-28.65,0.60,0.0000,0.0000
19.205276,12.661,3.517,7.58,26.66,41.81,1.5684,11.76,-2.09,1.09,16.02,50.00,0.3000,16.81,26.42,40.21,8.41,8.41,13.21,13.21,4248.84,4248.84,4398.57,4398.57,4273.69,4274.26,4394.74,4395.37,24.85,25.41,-3.83,-3.20,8.41,8.41,13.21,13.21,-28.65,0.60,0.0000,0.0000
19.205276,12.652,3.514,7.56,26.62,41.75,1.5684,11.75,-2.09,1.09,16.00,50.00,0.3000,16.79,26.38,40.21,8.39,8.39,13.19,13.19,4248.84,4248.84,4398.57,4398.57,4273.68,4274.24,4394.72,4395.36,24.83,25.40,-3.85,-3.21,8.39,8.39,13.19,13.19,-28.65,0.60,0.0000,0.0000
19.205276,12.643,3.512,7.55,26.58,41.69,1.5684,11.73,-2.08,1.09,15.98,50.00,0.3000,16.76,26.34,40.21,8.38,8.38,13.17,13.17,4248.84,4248.84,4398.57,4398.57,4273.67,4274.22,4394.71,4395.33,24.83,25.37,-3.86,-3.24,8.38,8.38,13.17,13.17,-28.65,0.58,0.0000,0.0000
19.205276,12.633,3.509,7.54,26.54,41.63,1.5684,11.71,-2.08,1.09,15.95,50.00,0.3000,16.74,26.30,40.21,8.37,8.37,13.15,13.15,4248.84,4248.84,4398.57,4398.57,4273.65,4274.22,4394.68,4395.33,24.80,25.38,-3.89,-3.25,8.37,8.37,13.15,13.15,-28.66,0.61,0.0000,0.0000
19.205276,12.624,3.507,7.53,26.50,41.57,1.5684,11.69,-2.08,1.08,15.93,50.00,0.3000,16.71,26.27,40.21,8.36,8.36,13.13,13.13,4248.84,4248.84,4398.57,4398.57,4273.65,4274.19,4394.68,4395.29,24.81,25.35,-3.89,-3.28,8.36,8.36,13.13,13.13,-28.66,0.57,0.0000,0.0000
19.205276,12.615,3.504,7.52,26.47,41.51,1.5684,11.68,-2.08,1.08,15.91,50.00,0.3000,16.69,26.23,40.21,8.34,8.34,13.11,13.11,4248.84,4248.84,4398.57,4398.57,4273.62,4274.20,4394.64,4395.28,24.78,25.35,-3.93,-3.29,8.34,8.34,13.11,13.11,-28.68,0.61,0.0000,0.0000
19.205276,12.606,3.502,7.51,26.43,41.45,1.5684,11.66,-2.07,1.08,15.88,50.00,0.3000,16.67,26.19,40.21,8.33,8.33,13.10,13.10,4248.84,4248.84,4398.57,4398.57,4273.63,4274.17,4394.64,4395.25,24.79,25.32,-3.93,-3.32,8.33,8.33,13.10,13.10,-28.68,0.57,0.0000,0.0000
19.205276,12.597,3.499,7.50,26.39,41.39,1.5684,11.64,-2.07,1.08,15.86,50.00,0.3000,16.64,26.15,40.21,8.32,8.32,13.08,13.08,4248.84,4248.84,4398.57,4398.57,4273.60,4274.17,4394.60,4395.25,24.76,25.33,-3.97,-3.32,8.32,8.32,13.08,13.08,-28.69,0.61,0.0000,0.0000
19.205276,12.588,3.497,7.49,26.35,41.33,1.5684,11.63,-2.07,1.08,15.84,50.00,0.3000,16.62,26.11,40.21,8.31,8.31,13.06,13.06,4248.84,4248.84,4398.57,4398.57,4273.61,4274.14,4394.61,4395.21,24.76,25.29,-3.96,-3.36,8.31,8.31,13.06,13.06,-28.69,0.57,0.0000,0.0000
19.205276,12.578,3.494,7.48,26.31,41.27,1.5684,11.61,-2.06,1.08,15.82,50.00,0.3000,16.59,26.08,40.21,8.30,8.30,13.04,13.04,4248.84,4248.84,4398.57,4398.57,4273.58,4274.13,4394.58,4395.20,24.73,25.29,-3.99,-3.37,8.30,8.30,13.04,13.04,-28.69,0.59,0.0000,0.0000
19.335510,12.569,3.491,7.47,26.27,41.21,1.5684,11.59,-2.06,1.08,15.79,50.00,0.3000,16.57,26.04,40.21,8.28,8.28,13.02,13.02,4248.84,4248.84,4398.57,4398.57,4273.57,4274.11,4394.57,4395.18,24.73,25.27,-4.00,-3.39,8.28,8.28,13.02,13.02,-28.69,0.57,0.0000,0.0000
19.335510,12.560,3.489,7.46,26.24,41.15,1.5684,11.58,-2.06,1.07,15.77,50.00,0.3000,16.54,26.00,40.21,8.27,8.27,13.00,13.00,4248.84,4248.84,4398.57,4398.57,4273.54,4274.11,4394.54,4395.18,24.70,25.27,-4.03,-3.39,8.27,8.27,13.00,13.00,-28.69,0.60,0.0000,0.0000
19.335510,12.551,3.486,7.44,26.20,41.09,1.5684,11.56,-2.05,1.07,15.75,50.00,0.3000,16.52,25.96,40.21,8.26,8.26,12.98,12.98,4248.84,4248.84,4398.57,4398.57,4273.55,4274.08,4394.54,4395.14,24.70,25.24,-4.03,-3.43,8.26,8.26,12.98,12.98,-28.70,0.57,0.0000,0.0000
19.335510,12.542,3.484,7.43,26.16,41.03,1.5684,11.54,-2.05,1.07,15.72,50.00,0.3000,16.50,25.92,40.21,8.25,8.25,12.96,12.96,4248.84,4248.84,4398.57,4398.57,4273.53,4274.08,4394.51,4395.13,24.69,25.23,-4.06,-3.44,8.25,8.25,12.96,12.96,-28.71,0.58,0.0000,0.0000
19.335510,12.533,3.481,7.42,26.12,40.97,1.5684,11.52,-2.05,1.07,15.70,50.00,0.3000,16.47,25.89,40.21,8.24,8.24,12.94,12.94,4248.84,4248.84,4398.57,4398.57,4273.52,4274.07,4394.49,4395.11,24.67,25.23,-4.08,-3.46,8.24,8.24,12.94,12.94,-28.72,0.59,0.0000,0.0000
19.335510,12.523,3.479,7.41,26.08,40.91,1.5684,11.51,-2.05,1.07,15.68,50.00,0.3000,16.45,25.85,40.21,8.22,8.22,12.92,12.92,4248.84,4248.84,4398.57,4398.57,4273.51,4274.05,4394.48,4395.08,24.67,25.20,-4.09,-3.49,8.22,8.22,12.92,12.92,-28.72,0.57,0.0000,0.0000
19.335510,12.514,3.476,7.40,26.04,40.85,1.5684,11.49,-2.04,1.07,15.65,50.00,0.3000,16.42,25.81,40.21,8.21,8.21,12.91,12.91,4248.84,4248.84,4398.57,4398.57,4273.48,4274.04,4394.45,4395.08,24.64,25.20,-4.12,-3.49,8.21,8.21,12.91,12.91,-28.72,0.60,0.0000,0.0000
19.335510,12.505,3.474,7.39,26.01,40.79,1.5684,11.47,-2.04,1.06,15.63,50.00,0.3000,16.40,25.77,40.21,8.20,8.20,12.89,12.89,4248.84,4248.84,4398.57,4398.57,4273.48,4274.02,4394.45,4395.05,24.64,25.17,-4.12,-3.52,8.20,8.20,12.89,12.89,-28.72,0.56,0.0000,0.0000
19.335510,12.496,3.471,7.38,25.97,40.73,1.5684,11.46,-2.04,1.06,15.61,50.00,0.3000,16.38,25.74,40.21,8.19,8.19,12.87,12.87,4248.84,4248.84,4398.57,4398.57,4273.46,4274.01,4394.43,4395.04,24.62,25.16,-4.14,-3.53,8.19,8.19,12.87,12.87,-28.73,0.58,0.0000,0.0000
19.335510,12.487,3.469,7.37,25.93,40.67,1.5684,11.44,-2.03,1.06,15.59,50.00,0.3000,16.35,25.70,40.21,8.18,8.18,12.85,12.85,4248.84,4248.84,4398.57,4398.57,4273.45,4273.99,4394.42,4395.02,24.61,25.15,-4.15,-3.55,8.18,8.18,12.85,12.85,-28.73,0.57,0.0000,0.0000
19.335510,12.478,3.466,7.36,25.89,40.61,1.5684,11.42,-2.03,1.06,15.56,50.00,0.3000,16.33,25.66,40.21,8.16,8.16,12.83,12.83,4248.84,4248.84,4398.57,4398.57,4273.44,4273.98,4394.40,4395.00,24.59,25.13,-4.17,-3.57,8.16,8.16,12.83,12.83,-28.73,0.57,0.0000,0.0000
19.335510,12.468,3.463,7.35,25.85,40.55,1.5684,11.41,-2.03,1.06,15.54,50.00,0.3000,16.30,25.62,40.21,8.15,8.15,12.81,12.81,4248.84,4248.84,4398.57,4398.57,4273.43,4273.96,4394.38,4394.99,24.58,25.12,-4.19,-3.58,8.15,8.15,12.81,12.81,-28.74,0.57,0.0000,0.0000
19.435949,12.459,3.461,7.34,25.82,40.49,1.5684,11.39,-2.02,1.06,15.52,50.00,0.3000,16.28,25.58,40.21,8.14,8.14,12.79,12.79,4248.84,4248.84,4398.57,4398.57,4273.42,4273.95,4394.36,4394.96,24.57,25.11,-4.21,-3.61,8.14,8.14,12.79,12.79,-28.75,0.57,0.0000,0.0000
19.435949,12.450,3.458,7.33,25.78,40.43,1.5684,11.37,-2.02,1.05,15.49,50.00,0.3000,16.26,25.55,40.21,8.13,8.13,12.77,12.77,4248.84,4248.84,4398.57,4398.57,4273.41,4273.94,4394.34,4394.94,24.56,25.10,-4.23,-3.63,8.13,8.13,12.77,12.77,-28.76,0.57,0.0000,0.0000
19.435949,12.441,3.456,7.31,25.74,40.37,1.5684,11.36,-2.02,1.05,15.47,50.00,0.3000,16.23,25.51,40.21,8.12,8.12,12.75,12.75,4248.84,4248.84,4398.57,4398.57,4273.39,4273.93,4394.32,4394.92,24.55,25.09,-4.25,-3.65,8.12,8.12,12.75,12.75,-28.76,0.57,0.0000,0.0000
19.435949,12.432,3.453,7.30,25.70,40.31,1.5684,11.34,-2.02,1.05,15.45,50.00,0.3000,16.21,25.47,40.21,8.10,8.10,12.74,12.74,4248.84,4248.84,4398.57,4398.57,4273.38,4273.92,4394.31,4394.91,24.54,25.07,-4.26,-3.66,8.10,8.10,12.74,12.74,-28.77,0.57,0.0000,0.0000
19.435949,12.423,3.451,7.29,25.66,40.25,1.5684,11.32,-2.01,1.05,15.43,50.00,0.3000,16.18,25.43,40.21,8.09,8.09,12.72,12.72,4248.84,4248.84,4398.57,4398.57,4273.37,4273.90,4394.29,4394.89,24.52,25.06,-4.28,-3.68,8.09,8.09,12.72,12.72,-28.77,0.57,0.0000,0.0000
19.435949,12.414,3.448,7.28,25.63,40.19,1.5684,11.31,-2.01,1.05,15.40,50.00,0.3000,16.16,25.40,40.21,8.08,8.08,12.70,12.70,4248.84,4248.84,4398.57,4398.57,4273.35,4273.88,4394.27,4394.87,24.51,25.04,-4.29,-3.70,8.08,8.08,12.70,12.70,-28.77,0.57,0.0000,0.0000
19.435949,12.404,3.446,7.27,25.59,40.13,1.5684,11.29,-2.01,1.05,15.38,50.00,0.3000,16.14,25.36,40.21,8.07,8.07,12.68,12.68,4248.84,4248.84,4398.57,4398.57,4273.34,4273.87,4394.26,4394.86,24.49,25.02,-4.31,-3.71,8.07,8.07,12.68,12.68,-28.77,0.57,0.0000,0.0000
19.435949,12.395,3.443,7.26,25.55,40.07,1.5684,11.27,-2.00,1.05,15.36,50.00,0.3000,16.11,25.32,40.21,8.06,8.06,12.66,12.66,4248.84,4248.84,4398.57,4398.57,4273.32,4273.85,4394.24,4394.84,24.48,25.01,-4.33,-3.73,8.06,8.06,12.66,12.66,-28.77,0.57,0.0000,0.0000
19.435949,12.386,3.441,7.25,25.51,40.02,1.5684,11.26,-2.00,1.04,15.34,50.00,0.3000,16.09,25.28,40.21,8.04,8.04,12.64,12.64,4248.84,4248.84,4398.57,4398.57,4273.31,4273.84,4394.22,4394.82,24.47,25.00,-4.34,-3.75,8.04,8.04,12.64,12.64,-28.78,0.57,0.0000,0.0000
19.435949,12.377,3.438,7.24,25.48,39.96,1.5684,11.24,-2.00,1.04,15.31,50.00,0.3000,16.07,25.25,40.21,8.03,8.03,12.62,12.62,4248.84,4248.84,4398.57,4398.57,4273.30,4273.83,4394.20,4394.80,24.46,24.99,-4.37,-3.77,8.03,8.03,12.62,12.62,-28.79,0.57,0.0000,0.0000
19.435949,12.368,3.435,7.23,25.44,39.90,1.5684,11.22,-2.00,1.04,15.29,50.00,0.3000,16.04,25.21,40.21,8.02,8.02,12.60,12.60,4248.84,4248.84,4398.57,4398.57,4273.29,4273.82,4394.19,4394.78,24.45,24.98,-4.38,-3.79,8.02,8.02,12.60,12.60,-28.79,0.56,0.0000,0.0000
19.435949,12.359,3.433,7.22,25.40,39.84,1.5684,11.21,-1.99,1.04,15.27,50.00,0.3000,16.02,25.17,40.21,8.01,8.01,12.59,12.59,4248.84,4248.84,4398.57,4398.57,4273.27,4273.81,4394.17,4394.77,24.43,24.96,-4.40,-3.80,8.01,8.01,12.59,12.59,-28.80,0.57,0.0000,0.0000
19.581680,12.349,3.430,7.21,25.36,39.78,1.5684,11.19,-1.99,1.04,15.24,50.00,0.3000,15.99,25.14,40.21,8.00,8.00,12.57,12.57,4248.84,4248.84,4398.57,4398.57,4273.26,4273.79,4394.15,4394.75,24.42,24.95,-4.41,-3.82,8.00,8.00,12.57,12.57,-28.80,0.56,0.0000,0.0000
19.581680,12.340,3.428,7.20,25.33,39.72,1.5684,11.17,-1.99,1.04,15.22,50.00,0.3000,15.97,25.10,40.21,7.99,7.99,12.55,12.55,4248.84,4248.84,4398.57,4398.57,4273.25,4273.78,4394.14,4394.74,24.40,24.94,-4.43,-3.83,7.99,7.99,12.55,12.55,-28.80,0.57,0.0000,0.0000
19.581680,12.331,3.425,7.19,25.29,39.66,1.5684,11.16,-1.98,1.03,15.20,50.00,0.3000,15.95,25.06,40.21,7.97,7.97,12.53,12.53,4248.84,4248.84,4398.57,4398.57,4273.24,4273.77,4394.12,4394.71,24.39,24.92,-4.45,-3.86,7.97,7.97,12.53,12.53,-28.81,0.56,0.0000,0.0000
19.581680,12.322,3.423,7.18,25.25,39.60,1.5684,11.14,-1.98,1.03,15.18,50.00,0.3000,15.92,25.02,40.21,7.96,7.96,12.51,12.51,4248.84,4248.84,4398.57,4398.57,4273.22,4273.75,4394.10,4394.70,24.38,24.91,-4.47,-3.87,7.96,7.96,12.51,12.51,-28.81,0.57,0.0000,0.0000
19.581680,12.313,3.420,7.17,25.21,39.54,1.5684,11.12,-1.98,1.03,15.15,50.00,0.3000,15.90,24.99,40.21,7.95,7.95,12.49,12.49,4248.84,4248.84,4398.57,4398.57,4273.21,4273.74,4394.09,4394.68,24.37,24.89,-4.48,-3.89,7.95,7.95,12.49,12.49,-28.82,0.56,0.0000,0.0000
19.581680,12.304,3.418,7.15,25.18,39.49,1.5684,11.11,-1.97,1.03,15.13,50.00,0.3000,15.88,24.95,40.21,7.94,7.94,12.47,12.47,4248.84,4248.84,4398.57,4398.57,4273.19,4273.73,4394.07,4394.67,24.35,24.88,-4.50,-3.90,7.94,7.94,12.47,12.47,-28.82,0.56,0.0000,0.0000
19.581680,12.295,3.415,7.14,25.14,39.43,1.5684,11.09,-1.97,1.03,15.11,50.00,0.3000,15.85,24.91,40.21,7.93,7.93,12.46,12.46,4248.84,4248.84,4398.57,4398.57,4273.18,4273.71,4394.05,4394.65,24.34,24.87,-4.52,-3.93,7.93,7.93,12.46,12.46,-28.83,0.56,0.0000,0.0000
19.581680,12.285,3.413,7.13,25.10,39.37,1.5684,11.07,-1.97,1.03,15.09,50.00,0.3000,15.83,24.88,40.21,7.91,7.91,12.44,12.44,4248.84,4248.84,4398.57,4398.57,4273.17,4273.70,4394.03,4394.63,24.33,24.86,-4.54,-3.94,7.91,7.91,12.44,12.44,-28.83,0.56,0.0000,0.0000
19.581680,12.276,3.410,7.12,25.06,39.31,1.5684,11.06,-1.97,1.03,15.06,50.00,0.3000,15.81,24.84,40.21,7.90,7.90,12.42,12.42,4248.84,4248.84,4398.57,4398.57,4273.16,4273.69,4394.01,4394.61,24.32,24.84,-4.55,-3.96,7.90,7.90,12.42,12.42,-28.84,0.56,0.0000,0.0000
19.581680,12.267,3.408,7.11,25.03,39.25,1.5684,11.04,-1.96,1.02,15.04,50.00,0.3000,15.78,24.80,40.21,7.89,7.89,12.40,12.40,4248.84,4248.84,4398.57,4398.57,4273.15,4273.68,4394.00,4394.59,24.30,24.83,-4.57,-3.98,7.89,7.89,12.40,12.40,-28.84,0.56,0.0000,0.0000
19.581680,12.258,3.405,7.10,24.99,39.19,1.5684,11.02,-1.96,1.02,15.02,50.00,0.3000,15.76,24.76,40.21,7.88,7.88,12.38,12.38,4248.84,4248.84,4398.57,4398.57,4273.13,4273.66,4393.98,4394.57,24.29,24.82,-4.59,-4.00,7.88,7.88,12.38,12.38,-28.85,0.56,0.0000,0.0000
19.581680,12.249,3.402,7.09,24.95,39.13,1.5684,11.01,-1.96,1.02,15.00,50.00,0.3000,15.73,24.73,40.21,7.87,7.87,12.36,12.36,4248.84,4248.84,4398.57,4398.57,4273.13,4273.64,4393.98,4394.55,24.29,24.79,-4.59,-4.02,7.87,7.87,12.36,12.36,-28.85,0.54,0.0000,0.0000
19.710194,12.240,3.400,7.08,24.91,39.08,1.5684,10.99,-1.95,1.02,14.97,50.00,0.3000,15.71,24.69,40.21,7.86,7.86,12.35,12.35,4248.84,4248.84,4398.57,4398.57,4273.10,4273.63,4393.95,4394.55,24.26,24.79,-4.62,-4.02,7.86,7.86,12.35,12.35,-28.85,0.56,0.0000,0.0000
19.710194,12.231,3.397,7.07,24.88,39.02,1.5684,10.98,-1.95,1.02,14.95,50.00,0.3000,15.69,24.65,40.21,7.84,7.84,12.33,12.33,4248.84,4248.84,4398.57,4398.57,4273.09,4273.62,4393.94,4394.53,24.25,24.77,-4.63,-4.04,7.84,7.84,12.33,12.33,-28.85,0.56,0.0000,0.0000
19.710194,12.221,3.395,7.06,24.84,38.96,1.5684,10.96,-1.95,1.02,14.93,50.00,0.3000,15.66,24.62,40.21,7.83,7.83,12.31,12.31,4248.84,4248.84,4398.57,4398.57,4273.08,4273.61,4393.91,4394.51,24.24,24.76,-4.66,-4.06,7.83,7.83,12.31,12.31,-28.86,0.56,0.0000,0.0000
19.710194,12.212,3.392,7.05,24.80,38.90,1.5684,10.94,-1.95,1.01,14.91,50.00,0.3000,15.64,24.58,40.21,7.82,7.82,12.29,12.29,4248.84,4248.84,4398.57,4398.57,4273.07,4273.59,4393.90,4394.49,24.23,24.75,-4.67,-4.08,7.82,7.82,12.29,12.29,-28.87,0.55,0.0000,0.0000
19.710194,12.203,3.390,7.04,24.77,38.84,1.5684,10.93,-1.94,1.01,14.89,50.00,0.3000,15.62,24.54,40.21,7.81,7.81,12.27,12.27,4248.84,4248.84,4398.57,4398.57,4273.07,4273.57,4393.89,4394.46,24.22,24.73,-4.68,-4.11,7.81,7.81,12.27,12.27,-28.87,0.54,0.0000,0.0000
19.710194,12.194,3.387,7.03,24.73,38.78,1.5684,10.91,-1.94,1.01,14.86,50.00,0.3000,15.59,24.51,40.21,7.80,7.80,12.25,12.25,4248.84,4248.84,4398.57,4398.57,4273.04,4273.57,4393.86,4394.45,24.20,24.73,-4.71,-4.12,7.80,7.80,12.25,12.25,-28.88,0.56,0.0000,0.0000
19.710194,12.185,3.385,7.02,24.69,38.73,1.5684,10.89,-1.94,1.01,14.84,50.00,0.3000,15.57,24.47,40.21,7.79,7.79,12.23,12.23,4248.84,4248.84,4398.57,4398.57,4273.04,4273.54,4393.86,4394.42,24.20,24.70,-4.71,-4.15,7.79,7.79,12.23,12.23,-28.88,0.53,0.0000,0.0000
19.710194,12.176,3.382,7.01,24.65,38.67,1.5684,10.88,-1.93,1.01,14.82,50.00,0.3000,15.55,24.43,40.21,7.77,7.77,12.22,12.22,4248.84,4248.84,4398.57,4398.57,4273.01,4273.55,4393.83,4394.42,24.17,24.70,-4.74,-4.15,7.77,7.77,12.22,12.22,-28.88,0.56,0.0000,0.0000
19.710194,12.167,3.380,7.00,24.62,38.61,1.5684,10.86,-1.93,1.01,14.80,50.00,0.3000,15.52,24.40,40.21,7.76,7.76,12.20,12.20,4248.84,4248.84,4398.57,4398.57,4273.02,4273.51,4393.83,4394.38,24.18,24.67,-4.74,-4.19,7.76,7.76,12.20,12.20,-28.89,0.52,0.0000,0.0000
19.710194,12.158,3.377,6.99,24.58,38.55,1.5684,10.84,-1.93,1.01,14.77,50.00,0.3000,15.50,24.36,40.21,7.75,7.75,12.18,12.18,4248.84,4248.84,4398.57,4398.57,4272.99,4273.52,4393.79,4394.39,24.14,24.68,-4.78,-4.18,7.75,7.75,12.18,12.18,-28.89,0.57,0.0000,0.0000
19.710194,12.148,3.375,6.97,24.54,38.49,1.5684,10.83,-1.93,1.00,14.75,50.00,0.3000,15.48,24.32,40.21,7.74,7.74,12.16,12.16,4248.84,4248.84,4398.57,4398.57,4273.00,4273.49,4393.80,4394.35,24.15,24.64,-4.77,-4.22,7.74,7.74,12.16,12.16,-28.89,0.52,0.0000,0.0000
19.710194,12.139,3.372,6.96,24.51,38.44,1.5684,10.81,-1.92,1.00,14.73,50.00,0.3000,15.45,24.29,40.21,7.73,7.73,12.14,12.14,4248.84,4248.84,4398.57,4398.57,4272.96,4273.50,4393.76,4394.36,24.12,24.65,-4.81,-4.21,7.73,7.73,12.14,12.14,-28.90,0.57,0.0000,0.0000
19.840221,12.130,3.369,6.95,24.47,38.38,1.5684,10.80,-1.92,1.00,14.71,50.00,0.3000,15.43,24.25,40.21,7.72,7.72,12.13,12.13,4248.84,4248.84,4398.57,4398.57,4272.97,4273.46,4393.77,4394.32,24.13,24.61,-4.80,-4.25,7.72,7.72,12.13,12.13,-28.90,0.52,0.0000,0.0000
19.840221,12.121,3.367,6.94,24.43,38.32,1.5684,10.78,-1.92,1.00,14.69,50.00,0.3000,15.41,24.21,40.21,7.70,7.70,12.11,12.11,4248.84,4248.84,4398.57,4398.57,4272.95,4273.46,4393.73,4394.31,24.10,24.62,-4.84,-4.26,7.70,7.70,12.11,12.11,-28.91,0.54,0.0000,0.0000
19.840221,12.112,3.364,6.93,24.40,38.26,1.5684,10.76,-1.91,1.00,14.66,50.00,0.3000,15.38,24.18,40.21,7.69,7.69,12.09,12.09,4248.84,4248.84,4398.57,4398.57,4272.93,4273.45,4393.71,4394.29,24.09,24.61,-4.86,-4.28,7.69,7.69,12.09,12.09,-28.92,0.55,0.0000,0.0000
19.840221,12.103,3.362,6.92,24.36,38.21,1.5684,10.75,-1.91,1.00,14.64,50.00,0.3000,15.36,24.14,40.21,7.68,7.68,12.07,12.07,4248.84,4248.84,4398.57,4398.57,4272.93,4273.43,4393.70,4394.26,24.09,24.59,-4.87,-4.31,7.68,7.68,12.07,12.07,-28.92,0.53,0.0000,0.0000
19.840221,12.094,3.359,6.91,24.32,38.15,1.5684,10.73,-1.91,1.00,14.62,50.00,0.3000,15.34,24.10,40.21,7.67,7.67,12.05,12.05,4248.84,4248.84,4398.57,4398.57,4272.91,4273.42,4393.69,4394.25,24.07,24.57,-4.88,-4.32,7.67,7.67,12.05,12.05,-28.92,0.53,0.0000,0.0000
19.840221,12.084,3.357,6.90,24.29,38.09,1.5684,10.71,-1.90,0.99,14.60,50.00,0.3000,15.32,24.07,40.21,7.66,7.66,12.03,12.03,4248.84,4248.84,4398.57,4398.57,4272.90,4273.41,4393.67,4394.23,24.06,24.56,-4.90,-4.34,7.66,7.66,12.03,12.03,-28.93,0.53,0.0000,0.0000
19.840221,12.075,3.354,6.89,24.25,38.03,1.5684,10.70,-1.90,0.99,14.58,50.00,0.3000,15.29,24.03,40.21,7.65,7.65,12.02,12.02,4248.84,4248.84,4398.57,4398.57,4272.89,4273.39,4393.66,4394.22,24.05,24.54,-4.91,-4.35,7.65,7.65,12.02,12.02,-28.93,0.53,0.0000,0.0000
19.840221,12.066,3.352,6.88,24.21,37.97,1.5684,10.68,-1.90,0.99,14.55,50.00,0.3000,15.27,24.00,40.21,7.63,7.63,12.00,12.00,4248.84,4248.84,4398.57,4398.57,4272.86,4273.39,4393.63,4394.22,24.02,24.54,-4.94,-4.35,7.63,7.63,12.00,12.00,-28.93,0.55,0.0000,0.0000
19.840221,12.057,3.349,6.87,24.18,37.92,1.5684,10.67,-1.90,0.99,14.53,50.00,0.3000,15.25,23.96,40.21,7.62,7.62,11.98,11.98,4248.84,4248.84,4398.57,4398.57,4272.87,4273.36,4393.63,4394.18,24.02,24.51,-4.94,-4.39,7.62,7.62,11.98,11.98,-28.93,0.52,0.0000,0.0000
19.840221,12.048,3.347,6.86,24.14,37.86,1.5684,10.65,-1.89,0.99,14.51,50.00,0.3000,15.22,23.92,40.21,7.61,7.61,11.96,11.96,4248.84,4248.84,4398.57,4398.57,4272.85,4273.35,4393.60,4394.17,24.00,24.51,-4.97,-4.40,7.61,7.61,11.96,11.96,-28.94,0.54,0.0000,0.0000
19.840221,12.039,3.344,6.85,24.10,37.80,1.5684,10.63,-1.89,0.99,14.49,50.00,0.3000,15.20,23.89,40.21,7.60,7.60,11.94,11.94,4248.84,4248.84,4398.57,4398.57,4272.84,4273.34,4393.59,4394.15,24.00,24.49,-4.98,-4.42,7.60,7.60,11.94,11.94,-28.95,0.53,0.0000,0.0000
19.840221,12.030,3.342,6.84,24.07,37.75,1.5684,10.62,-1.89,0.98,14.47,50.00,0.3000,15.18,23.85,40.21,7.59,7.59,11.93,11.93,4248.84,4248.84,4398.57,4398.57,4272.83,4273.33,4393.57,4394.13,23.99,24.48,-5.00,-4.44,7.59,7.59,11.93,11.93,-28.96,0.53,0.0000,0.0000
19.953335,12.021,3.339,6.83,24.03,37.69,1.5684,10.60,-1.88,0.98,14.44,50.00,0.3000,15.15,23.81,40.21,7.58,7.58,11.91,11.91,4248.84,4248.84,4398.57,4398.57,4272.81,4273.32,4393.54,4394.12,23.96,24.48,-5.03,-4.45,7.58,7.58,11.91,11.91,-28.96,0.55,0.0000,0.0000
19.953335,12.011,3.337,6.82,23.99,37.63,1.5684,10.59,-1.88,0.98,14.42,50.00,0.3000,15.13,23.78,40.21,7.57,7.57,11.89,11.89,4248.84,4248.84,4398.57,4398.57,4272.81,4273.29,4393.54,4394.09,23.96,24.45,-5.03,-4.48,7.57,7.57,11.89,11.89,-28.96,0.52,0.0000,0.0000
19.953335,12.002,3.334,6.81,23.96,37.57,1.5684,10.57,-1.88,0.98,14.40,50.00,0.3000,15.11,23.74,40.21,7.55,7.55,11.87,11.87,4248.84,4248.84,4398.57,4398.57,4272.79,4273.29,4393.52,4394.08,23.94,24.44,-5.05,-4.49,7.55,7.55,11.87,11.87,-28.96,0.53,0.0000,0.0000
19.953335,11.993,3.331,6.80,23.92,37.52,1.5684,10.55,-1.88,0.98,14.38,50.00,0.3000,15.08,23.71,40.21,7.54,7.54,11.85,11.85,4248.84,4248.84,4398.57,4398.57,4272.78,4273.27,4393.51,4394.06,23.93,24.43,-5.06,-4.51,7.54,7.54,11.85,11.85,-28.97,0.53,0.0000,0.0000
19.953335,11.984,3.329,6.79,23.88,37.46,1.5685,10.54,-1.87,0.98,14.36,50.00,0.3000,15.06,23.67,40.21,7.53,7.53,11.83,11.83,4248.84,4248.84,4398.57,4398.57,4272.76,4273.26,4393.49,4394.05,23.92,24.41,-5.08,-4.52,7.53,7.53,11.83,11.83,-28.97,0.53,0.0000,0.0000
19.953335,11.975,3.326,6.78,23.85,37.40,1.5685,10.52,-1.87,0.98,14.33,50.00,0.3000,15.04,23.63,40.21,7.52,7.52,11.82,11.82,4248.84,4248.84,4398.57,4398.57,4272.74,4273.26,4393.46,4394.04,23.90,24.41,-5.11,-4.53,7.52,7.52,11.82,11.82,-28.97,0.54,0.0000,0.0000
19.953335,11.966,3.324,6.77,23.81,37.35,1.5685,10.50,-1.87,0.97,14.31,50.00,0.3000,15.02,23.60,40.21,7.51,7.51,11.80,11.80,4248.84,4248.84,4398.57,4398.57,4272.74,4273.23,4393.46,4394.01,23.90,24.39,-5.11,-4.56,7.51,7.51,11.80,11.80,-28.98,0.52,0.0000,0.0000
19.953335,11.957,3.321,6.76,23.77,37.29,1.5685,10.49,-1.86,0.97,14.29,50.00,0.3000,14.99,23.56,40.21,7.50,7.50,11.78,11.78,4248.84,4248.84,4398.57,4398.57,4272.73,4273.22,4393.44,4394.00,23.88,24.38,-5.13,-4.57,7.50,7.50,11.78,11.78,-28.98,0.53,0.0000,0.0000
19.953335,11.948,3.319,6.75,23.74,37.23,1.5685,10.47,-1.86,0.97,14.27,50.00,0.3000,14.97,23.53,40.21,7.49,7.49,11.76,11.76,4248.84,4248.84,4398.57,4398.57,4272.72,4273.21,4393.42,4393.98,23.87,24.37,-5.15,-4.59,7.49,7.49,11.76,11.76,-28.99,0.52,0.0000,0.0000
19.953335,11.938,3.316,6.74,23.70,37.18,1.5685,10.46,-1.86,0.97,14.25,50.00,0.3000,14.95,23.49,40.21,7.47,7.47,11.74,11.74,4248.84,4248.84,4398.57,4398.57,4272.70,4273.20,4393.40,4393.96,23.86,24.35,-5.16,-4.61,7.47,7.47,11.74,11.74,-28.99,0.52,0.0000,0.0000
19.953335,11.929,3.314,6.73,23.67,37.12,1.5685,10.44,-1.86,0.97,14.22,50.00,0.3000,14.92,23.45,40.21,7.46,7.46,11.73,11.73,4248.84,4248.84,4398.57,4398.57,4272.69,4273.19,4393.39,4393.94,23.85,24.34,-5.18,-4.63,7.46,7.46,11.73,11.73,-29.00,0.52,0.0000,0.0000
19.953335,11.920,3.311,6.72,23.63,37.06,1.5685,10.42,-1.85,0.97,14.20,50.00,0.3000,14.90,23.42,40.21,7.45,7.45,11.71,11.71,4248.84,4248.84,4398.57,4398.57,4272.68,4273.17,4393.37,4393.93,23.83,24.33,-5.20,-4.64,7.45,7.45,11.71,11.71,-29.00,0.52,0.0000,0.0000
20.097149,11.911,3.309,6.71,23.59,37.00,1.5685,10.41,-1.85,0.97,14.18,50.00,0.3000,14.88,23.38,40.21,7.44,7.44,11.69,11.69,4248.84,4248.84,4398.57,4398.57,4272.67,4273.16,4393.36,4393.91,23.82,24.31,-5.21,-4.66,7.44,7.44,11.69,11.69,-29.01,0.52,0.0000,0.0000
20.097149,11.902,3.306,6.69,23.56,36.95,1.5685,10.39,-1.85,0.96,14.16,50.00,0.3000,14.86,23.35,40.21,7.43,7.43,11.67,11.67,4248.84,4248.84,4398.57,4398.57,4272.65,4273.15,4393.34,4393.90,23.81,24.30,-5.23,-4.67,7.43,7.43,11.67,11.67,-29.01,0.53,0.0000,0.0000
20.097149,11.893,3.304,6.68,23.52,36.89,1.5685,10.38,-1.84,0.96,14.14,50.00,0.3000,14.83,23.31,40.21,7.42,7.42,11.66,11.66,4248.84,4248.84,4398.57,4398.57,4272.64,4273.13,4393.33,4393.88,23.79,24.29,-5.24,-4.69,7.42,7.42,11.66,11.66,-29.01,0.52,0.0000,0.0000
20.097149,11.884,3.301,6.67,23.48,36.84,1.5685,10.36,-1.84,0.96,14.12,50.00,0.3000,14.81,23.28,40.21,7.41,7.41,11.64,11.64,4248.84,4248.84,4398.57,4398.57,4272.63,4273.12,4393.31,4393.86,23.78,24.27,-5.26,-4.71,7.41,7.41,11.64,11.64,-29.01,0.52,0.0000,0.0000
20.097149,11.875,3.299,6.66,23.45,36.78,1.5685,10.35,-1.84,0.96,14.09,50.00,0.3000,14.79,23.24,40.21,7.39,7.39,11.62,11.62,4248.84,4248.84,4398.57,4398.57,4272.62,4273.11,4393.29,4393.84,23.77,24.26,-5.28,-4.73,7.39,7.39,11.62,11.62,-29.02,0.52,0.0000,0.0000
20.097149,11.865,3.296,6.65,23.41,36.72,1.5685,10.33,-1.84,0.96,14.07,50.00,0.3000,14.77,23.20,40.21,7.38,7.38,11.60,11.60,4248.84,4248.84,4398.57,4398.57,4272.61,4273.10,4393.27,4393.82,23.76,24.25,-5.30,-4.75,7.38,7.38,11.60,11.60,-29.03,0.52,0.0000,0.0000
20.097149,11.856,3.293,6.64,23.38,36.67,1.5685,10.31,-1.83,0.96,14.05,50.00,0.3000,14.74,23.17,40.21,7.37,7.37,11.58,11.58,4248.84,4248.84,4398.57,4398.57,4272.60,4273.08,4393.25,4393.80,23.75,24.24,-5.32,-4.77,7.37,7.37,11.58,11.58,-29.04,0.52,0.0000,0.0000
20.097149,11.847,3.291,6.63,23.34,36.61,1.5685,10.30,-1.83,0.96,14.03,50.00,0.3000,14.72,23.13,40.21,7.36,7.36,11.57,11.57,4248.84,4248.84,4398.57,4398.57,4272.58,4273.07,4393.24,4393.79,23.74,24.23,-5.33,-4.78,7.36,7.36,11.57,11.57,-29.03,0.52,0.0000,0.0000
20.097149,11.838,3.288,6.62,23.31,36.55,1.5685,10.28,-1.83,0.95,14.01,50.00,0.3000,14.70,23.10,40.21,7.35,7.35,11.55,11.55,4248.84,4248.84,4398.57,4398.57,4272.57,4273.06,4393.22,4393.78,23.72,24.21,-5.35,-4.79,7.35,7.35,11.55,11.55,-29.04,0.52,0.0000,0.0000
20.097149,11.829,3.286,6.61,23.27,36.50,1.5685,10.27,-1.83,0.95,13.99,50.00,0.3000,14.67,23.06,40.21,7.34,7.34,11.53,11.53,4248.84,4248.84,4398.57,4398.57,4272.55,4273.04,4393.21,4393.76,23.71,24.20,-5.36,-4.81,7.34,7.34,11.53,11.53,-29.04,0.52,0.0000,0.0000
20.097149,11.820,3.283,6.60,23.23,36.44,1.5685,10.25,-1.82,0.95,13.97,50.00,0.3000,14.65,23.03,40.21,7.33,7.33,11.51,11.51,4248.84,4248.84,4398.57,4398.57,4272.54,4273.03,4393.19,4393.74,23.70,24.18,-5.38,-4.83,7.33,7.33,11.51,11.51,-29.04,0.52,0.0000,0.0000
20.097149,11.811,3.281,6.59,23.20,36.38,1.5685,10.23,-1.82,0.95,13.94,50.00,0.3000,14.63,22.99,40.21,7.31,7.31,11.50,11.50,4248.84,4248.84,4398.57,4398.57,4272.53,4273.02,4393.17,4393.72,23.69,24.18,-5.40,-4.85,7.31,7.31,11.50,11.50,-29.05,0.52,0.0000,0.0000
20.225082,11.802,3.278,6.58,23.16,36.33,1.5685,10.22,-1.82,0.95,13.92,50.00,0.3000,14.61,22.95,40.21,7.30,7.30,11.48,11.48,4248.84,4248.84,4398.57,4398.57,4272.52,4273.01,4393.16,4393.70,23.68,24.16,-5.41,-4.87,7.30,7.30,11.48,11.48,-29.06,0.52,0.0000,0.0000
20.225082,11.793,3.276,6.57,23.13,36.27,1.5685,10.20,-1.81,0.95,13.90,50.00,0.3000,14.58,22.92,40.21,7.29,7.29,11.46,11.46,4248.84,4248.84,4398.57,4398.57,4272.52,4272.99,4393.15,4393.68,23.67,24.14,-5.42,-4.89,7.29,7.29,11.46,11.46,-29.06,0.50,0.0000,0.0000
20.225082,11.783,3.273,6.56,23.09,36.22,1.5685,10.19,-1.81,0.94,13.88,50.00,0.3000,14.56,22.88,40.21,7.28,7.28,11.44,11.44,4248.84,4248.84,4398.57,4398.57,4272.49,4272.98,4393.12,4393.68,23.65,24.14,-5.45,-4.89,7.28,7.28,11.44,11.44,-29.06,0.52,0.0000,0.0000
20.225082,11.774,3.271,6.55,23.05,36.16,1.5685,10.17,-1.81,0.94,13.86,50.00,0.3000,14.54,22.85,40.21,7.27,7.27,11.42,11.42,4248.84,4248.84,4398.57,4398.57,4272.49,4272.96,4393.12,4393.65,23.64,24.12,-5.45,-4.92,7.27,7.27,11.42,11.42,-29.07,0.51,0.0000,0.0000
20.225082,11.765,3.268,6.54,23.02,36.10,1.5685,10.16,-1.81,0.94,13.84,50.00,0.3000,14.52,22.81,40.21,7.26,7.26,11.41,11.41,4248.84,4248.84,4398.57,4398.57,4272.48,4272.95,4393.10,4393.63,23.63,24.11,-5.47,-4.94,7.26,7.26,11.41,11.41,-29.07,0.50,0.0000,0.0000
20.225082,11.756,3.266,6.53,22.98,36.05,1.5685,10.14,-1.80,0.94,13.82,50.00,0.3000,14.49,22.78,40.21,7.25,7.25,11.39,11.39,4248.84,4248.84,4398.57,4398.57,4272.45,4272.94,4393.08,4393.63,23.61,24.10,-5.49,-4.94,7.25,7.25,11.39,11.39,-29.07,0.52,0.0000,0.0000
20.225082,11.747,3.263,6.52,22.95,35.99,1.5685,10.12,-1.80,0.94,13.79,50.00,0.3000,14.47,22.74,40.21,7.24,7.24,11.37,11.37,4248.84,4248.84,4398.57,4398.57,4272.45,4272.93,4393.06,4393.61,23.60,24.08,-5.51,-4.96,7.24,7.24,11.37,11.37,-29.08,0.51,0.0000,0.0000
20.225082,11.738,3.261,6.51,22.91,35.94,1.5685,10.11,-1.80,0.94,13.77,50.00,0.3000,14.45,22.71,40.21,7.22,7.22,11.35,11.35,4248.84,4248.84,4398.57,4398.57,4272.44,4272.91,4393.06,4393.58,23.60,24.06,-5.51,-4.99,7.22,7.22,11.35,11.35,-29.08,0.49,0.0000,0.0000
20.225082,11.729,3.258,6.50,22.88,35.88,1.5685,10.09,-1.79,0.94,13.75,50.00,0.3000,14.43,22.67,40.21,7.21,7.21,11.34,11.34,4248.84,4248.84,4398.57,4398.57,4272.42,4272.91,4393.02,4393.58,23.57,24.06,-5.54,-4.99,7.21,7.21,11.34,11.34,-29.09,0.52,0.0000,0.0000
20.225082,11.720,3.255,6.49,22.84,35.83,1.5685,10.08,-1.79,0.93,13.73,50.00,0.3000,14.40,22.64,40.21,7.20,7.20,11.32,11.32,4248.84,4248.84,4398.57,4398.57,4272.42,4272.88,4393.03,4393.54,23.58,24.03,-5.54,-5.03,7.20,7.20,11.32,11.32,-29.09,0.48,0.0000,0.0000
20.225082,11.711,3.253,6.48,22.81,35.77,1.5685,10.06,-1.79,0.93,13.71,50.00,0.3000,14.38,22.60,40.21,7.19,7.19,11.30,11.30,4248.84,4248.84,4398.57,4398.57,4272.39,4272.89,4392.99,4393.54,23.55,24.04,-5.58,-5.03,7.19,7.19,11.30,11.30,-29.10,0.52,0.0000,0.0000
20.225082,11.702,3.250,6.47,22.77,35.71,1.5685,10.05,-1.79,0.93,13.69,50.00,0.3000,14.36,22.57,40.21,7.18,7.18,11.28,11.28,4248.84,4248.84,4398.57,4398.57,4272.40,4272.85,4392.99,4393.50,23.56,24.01,-5.57,-5.07,7.18,7.18,11.28,11.28,-29.10,0.48,0.0000,0.0000
20.352245,11.692,3.248,6.46,22.73,35.66,1.5685,10.03,-1.78,0.93,13.67,50.00,0.3000,14.34,22.53,40.21,7.17,7.17,11.27,11.27,4248.84,4248.84,4398.57,4398.57,4272.37,4272.86,4392.96,4393.51,23.52,24.02,-5.61,-5.06,7.17,7.17,11.27,11.27,-29.11,0.52,0.0000,0.0000
20.352245,11.683,3.245,6.45,22.70,35.60,1.5685,10.01,-1.78,0.93,13.64,50.00,0.3000,14.32,22.50,40.21,7.16,7.16,11.25,11.25,4248.84,4248.84,4398.57,4398.57,4272.38,4272.83,4392.96,4393.47,23.53,23.98,-5.61,-5.10,7.16,7.16,11.25,11.25,-29.11,0.48,0.0000,0.0000
20.352245,11.674,3.243,6.44,22.66,35.55,1.5685,10.00,-1.78,0.93,13.62,50.00,0.3000,14.29,22.46,40.21,7.15,7.15,11.23,11.23,4248.84,4248.84,4398.57,4398.57,4272.34,4272.84,4392.93,4393.48,23.50,23.99,-5.64,-5.09,7.15,7.15,11.23,11.23,-29.11,0.52,0.0000,0.0000
20.352245,11.665,3.240,6.43,22.63,35.49,1.5685,9.98,-1.77,0.93,13.60,50.00,0.3000,14.27,22.43,40.21,7.14,7.14,11.21,11.21,4248.84,4248.84,4398.57,4398.57,4272.35,4272.80,4392.93,4393.44,23.51,23.96,-5.64,-5.13,7.14,7.14,11.21,11.21,-29.12,0.48,0.0000,0.0000
20.352245,11.656,3.238,6.42,22.59,35.44,1.5685,9.97,-1.77,0.92,13.58,50.00,0.3000,14.25,22.39,40.21,7.12,7.12,11.20,11.20,4248.84,4248.84,4398.57,4398.57,4272.33,4272.80,4392.91,4393.44,23.48,23.96,-5.66,-5.13,7.12,7.12,11.20,11.20,-29.12,0.50,0.0000,0.0000
20.352245,11.647,3.235,6.41,22.56,35.38,1.5685,9.95,-1.77,0.92,13.56,50.00,0.3000,14.23,22.36,40.21,7.11,7.11,11.18,11.18,4248.84,4248.84,4398.57,4398.57,4272.31,4272.79,4392.89,4393.42,23.47,23.94,-5.68,-5.15,7.11,7.11,11.18,11.18,-29.12,0.51,0.0000,0.0000
20.352245,11.638,3.233,6.40,22.52,35.33,1.5685,9.94,-1.77,0.92,13.54,50.00,0.3000,14.20,22.32,40.21,7.10,7.10,11.16,11.16,4248.84,4248.84,4398.57,4398.57,4272.31,4272.77,4392.88,4393.40,23.47,23.92,-5.69,-5.18,7.10,7.10,11.16,11.16,-29.12,0.48,0.0000,0.0000
20.352245,11.629,3.230,6.39,22.49,35.27,1.5685,9.92,-1.76,0.92,13.52,50.00,0.3000,14.18,22.29,40.21,7.09,7.09,11.14,11.14,4248.84,4248.84,4398.57,4398.57,4272.29,4272.76,4392.86,4393.38,23.45,23.92,-5.71,-5.19,7.09,7.09,11.14,11.14,-29.13,0.50,0.0000,0.0000
20.352245,11.620,3.228,6.38,22.45,35.22,1.5685,9.91,-1.76,0.92,13.50,50.00,0.3000,14.16,22.25,40.21,7.08,7.08,11.13,11.13,4248.84,4248.84,4398.57,4398.57,4272.28,4272.75,4392.84,4393.37,23.44,23.91,-5.73,-5.20,7.08,7.08,11.13,11.13,-29.14,0.50,0.0000,0.0000
20.352245,11.611,3.225,6.37,22.42,35.16,1.5685,9.89,-1.76,0.92,13.47,50.00,0.3000,14.14,22.22,40.21,7.07,7.07,11.11,11.11,4248.84,4248.84,4398.57,4398.57,4272.28,4272.73,4392.83,4393.34,23.43,23.89,-5.74,-5.23,7.07,7.07,11.11,11.11,-29.14,0.48,0.0000,0.0000
20.352245,11.601,3.223,6.36,22.38,35.11,1.5685,9.87,-1.76,0.92,13.45,50.00,0.3000,14.12,22.18,40.21,7.06,7.06,11.09,11.09,4248.84,4248.84,4398.57,4398.57,4272.26,4272.72,4392.81,4393.33,23.41,23.88,-5.76,-5.24,7.06,7.06,11.09,11.09,-29.15,0.49,0.0000,0.0000
20.352245,11.592,3.220,6.35,22.35,35.05,1.5685,9.86,-1.75,0.91,13.43,50.00,0.3000,14.09,22.15,40.21,7.05,7.05,11.07,11.07,4248.84,4248.84,4398.57,4398.57,4272.24,4272.72,4392.79,4393.32,23.40,23.87,-5.78,-5.25,7.05,7.05,11.07,11.07,-29.15,0.51,0.0000,0.0000
20.471542,11.583,3.218,6.34,22.31,35.00,1.5685,9.84,-1.75,0.91,13.41,50.00,0.3000,14.07,22.11,40.21,7.04,7.04,11.06,11.06,4248.84,4248.84,4398.57,4398.57,4272.24,4272.70,4392.78,4393.30,23.39,23.85,-5.79,-5.27,7.04,7.04,11.06,11.06,-29.15,0.49,0.0000,0.0000
20.471542,11.574,3.215,6.33,22.28,34.94,1.5685,9.83,-1.75,0.91,13.39,50.00,0.3000,14.05,22.08,40.21,7.02,7.02,11.04,11.04,4248.84,4248.84,4398.57,4398.57,4272.22,4272.68,4392.76,4393.28,23.38,23.84,-5.81,-5.29,7.02,7.02,11.04,11.04,-29.16,0.49,0.0000,0.0000
20.471542,11.565,3.213,6.32,22.24,34.89,1.5685,9.81,-1.74,0.91,13.37,50.00,0.3000,14.03,22.04,40.21,7.01,7.01,11.02,11.02,4248.84,4248.84,4398.57,4398.57,4272.20,4272.68,4392.74,4393.28,23.36,23.84,-5.83,-5.29,7.01,7.01,11.02,11.02,-29.16,0.51,0.0000,0.0000
20.471542,11.556,3.210,6.31,22.21,34.83,1.5685,9.80,-1.74,0.91,13.35,50.00,0.3000,14.01,22.01,40.21,7.00,7.00,11.00,11.00,4248.84,4248.84,4398.57,4398.57,4272.20,4272.66,4392.74,4393.24,23.36,23.81,-5.83,-5.33,7.00,7.00,11.00,11.00,-29.17,0.48,0.0000,0.0000
20.471542,11.547,3.207,6.30,22.17,34.78,1.5685,9.78,-1.74,0.91,13.33,50.00,0.3000,13.98,21.97,40.21,6.99,6.99,10.99,10.99,4248.84,4248.84,4398.57,4398.57,4272.19,4272.65,4392.71,4393.23,23.34,23.81,-5.86,-5.34,6.99,6.99,10.99,10.99,-29.17,0.49,0.0000,0.0000
20.471542,11.538,3.205,6.29,22.14,34.72,1.5685,9.77,-1.74,0.91,13.31,50.00,0.3000,13.96,21.94,40.21,6.98,6.98,10.97,10.97,4248.84,4248.84,4398.57,4398.57,4272.18,4272.63,4392.70,4393.21,23.33,23.79,-5.87,-5.36,6.98,6.98,10.97,10.97,-29.17,0.48,0.0000,0.0000
20.471542,11.529,3.202,6.28,22.10,34.67,1.5685,9.75,-1.73,0.90,13.29,50.00,0.3000,13.94,21.91,40.21,6.97,6.97,10.95,10.95,4248.84,4248.84,4398.57,4398.57,4272.16,4272.62,4392.68,4393.20,23.32,23.78,-5.88,-5.37,6.97,6.97,10.95,10.95,-29.18,0.49,0.0000,0.0000
20.471542,11.520,3.200,6.27,22.07,34.61,1.5685,9.74,-1.73,0.90,13.26,50.00,0.3000,13.92,21.87,40.21,6.96,6.96,10.94,10.94,4248.84,4248.84,4398.57,4398.57,4272.15,4272.61,4392.67,4393.18,23.31,23.77,-5.90,-5.39,6.96,6.96,10.94,10.94,-29.18,0.49,0.0000,0.0000
20.471542,11.510,3.197,6.26,22.03,34.56,1.5685,9.72,-1.73,0.90,13.24,50.00,0.3000,13.90,21.84,40.21,6.95,6.95,10.92,10.92,4248.84,4248.84,4398.57,4398.57,4272.14,4272.60,4392.65,4393.17,23.30,23.76,-5.92,-5.40,6.95,6.95,10.92,10.92,-29.19,0.48,0.0000,0.0000
20.471542,11.501,3.195,6.25,22.00,34.50,1.5685,9.70,-1.73,0.90,13.22,50.00,0.3000,13.87,21.80,40.21,6.94,6.94,10.90,10.90,4248.84,4248.84,4398.57,4398.57,4272.13,4272.59,4392.64,4393.15,23.29,23.74,-5.93,-5.42,6.94,6.94,10.90,10.90,-29.19,0.48,0.0000,0.0000
20.471542,11.492,3.192,6.24,21.96,34.45,1.5685,9.69,-1.72,0.90,13.20,50.00,0.3000,13.85,21.77,40.21,6.93,6.93,10.88,10.88,4248.84,4248.84,4398.57,4398.57,4272.12,4272.57,4392.62,4393.13,23.27,23.73,-5.95,-5.44,6.93,6.93,10.88,10.88,-29.19,0.48,0.0000,0.0000
20.471542,11.483,3.190,6.23,21.93,34.39,1.5685,9.67,-1.72,0.90,13.18,50.00,0.3000,13.83,21.73,40.21,6.91,6.91,10.87,10.87,4248.84,4248.84,4398.57,4398.57,4272.10,4272.56,4392.61,4393.12,23.26,23.71,-5.96,-5.45,6.91,6.91,10.87,10.87,-29.19,0.48,0.0000,0.0000
20.607756,11.474,3.187,6.22,21.89,34.34,1.5685,9.66,-1.72,0.90,13.16,50.00,0.3000,13.81,21.70,40.21,6.90,6.90,10.85,10.85,4248.84,4248.84,4398.57,4398.57,4272.09,4272.55,4392.59,4393.10,23.25,23.70,-5.98,-5.47,6.90,6.90,10.85,10.85,-29.20,0.48,0.0000,0.0000
20.607756,11.465,3.185,6.21,21.86,34.29,1.5685,9.64,-1.71,0.89,13.14,50.00,0.3000,13.79,21.66,40.21,6.89,6.89,10.83,10.83,4248.84,4248.84,4398.57,4398.57,4272.08,4272.54,4392.57,4393.09,23.24,23.69,-6.00,-5.48,6.89,6.89,10.83,10.83,-29.21,0.48,0.0000,0.0000
20.607756,11.456,3.182,6.20,21.82,34.23,1.5685,9.63,-1.71,0.89,13.12,50.00,0.3000,13.76,21.63,40.21,6.88,6.88,10.81,10.81,4248.84,4248.84,4398.57,4398.57,4272.07,4272.52,4392.56,4393.06,23.23,23.68,-6.01,-5.51,6.88,6.88,10.81,10.81,-29.21,0.48,0.0000,0.0000
20.607756,11.447,3.180,6.19,21.79,34.18,1.5685,9.61,-1.71,0.89,13.10,50.00,0.3000,13.74,21.60,40.21,6.87,6.87,10.80,10.80,4248.84,4248.84,4398.57,4398.57,4272.06,4272.52,4392.54,4393.05,23.22,23.67,-6.03,-5.52,6.87,6.87,10.80,10.80,-29.22,0.48,0.0000,0.0000
20.607756,11.438,3.177,6.18,21.75,34.12,1.5685,9.60,-1.71,0.89,13.08,50.00,0.3000,13.72,21.56,40.21,6.86,6.86,10.78,10.78,4248.84,4248.84,4398.57,4398.57,4272.05,4272.50,4392.53,4393.03,23.21,23.66,-6.04,-5.54,6.86,6.86,10.78,10.78,-29.22,0.48,0.0000,0.0000
20.607756,11.429,3.175,6.17,21.72,34.07,1.5685,9.58,-1.70,0.89,13.06,50.00,0.3000,13.70,21.53,40.21,6.85,6.85,10.76,10.76,4248.84,4248.84,4398.57,4398.57,4272.04,4272.49,4392.51,4393.02,23.19,23.65,-6.06,-5.55,6.85,6.85,10.76,10.76,-29.22,0.48,0.0000,0.0000
20.607756,11.420,3.172,6.16,21.69,34.01,1.5685,9.57,-1.70,0.89,13.04,50.00,0.3000,13.68,21.49,40.21,6.84,6.84,10.75,10.75,4248.84,4248.84,4398.57,4398.57,4272.02,4272.47,4392.50,4393.00,23.18,23.63,-6.07,-5.57,6.84,6.84,10.75,10.75,-29.23,0.48,0.0000,0.0000
20.607756,11.411,3.170,6.15,21.65,33.96,1.5685,9.55,-1.70,0.89,13.01,50.00,0.3000,13.65,21.46,40.21,6.83,6.83,10.73,10.73,4248.84,4248.84,4398.57,4398.57,4272.01,4272.46,4392.48,4392.99,23.17,23.62,-6.09,-5.58,6.83,6.83,10.73,10.73,-29.23,0.48,0.0000,0.0000
20.607756,11.401,3.167,6.14,21.62,33.91,1.5685,9.54,-1.70,0.88,12.99,50.00,0.3000,13.63,21.42,40.21,6.82,6.82,10.71,10.71,4248.84,4248.84,4398.57,4398.57,4272.00,4272.45,4392.47,4392.97,23.15,23.60,-6.10,-5.60,6.82,6.82,10.71,10.71,-29.23,0.48,0.0000,0.0000
20.607756,11.392,3.165,6.13,21.58,33.85,1.5685,9.52,-1.69,0.88,12.97,50.00,0.3000,13.61,21.39,40.21,6.81,6.81,10.70,10.70,4248.84,4248.84,4398.57,4398.57,4271.98,4272.43,4392.45,4392.96,23.14,23.59,-6.12,-5.61,6.81,6.81,10.70,10.70,-29.23,0.48,0.0000,0.0000
20.607756,11.383,3.162,6.12,21.55,33.80,1.5685,9.51,-1.69,0.88,12.95,50.00,0.3000,13.59,21.36,40.21,6.79,6.79,10.68,10.68,4248.84,4248.84,4398.57,4398.57,4271.97,4272.43,4392.43,4392.94,23.13,23.58,-6.14,-5.63,6.79,6.79,10.68,10.68,-29.24,0.48,0.0000,0.0000
20.607756,11.374,3.159,6.11,21.51,33.74,1.5685,9.49,-1.69,0.88,12.93,50.00,0.3000,13.57,21.32,40.21,6.78,6.78,10.66,10.66,4248.84,4248.84,4398.57,4398.57,4271.97,4272.41,4392.43,4392.91,23.13,23.56,-6.14,-5.66,6.78,6.78,10.66,10.66,-29.25,0.46,0.0000,0.0000
20.736584,11.365,3.157,6.10,21.48,33.69,1.5685,9.48,-1.68,0.88,12.91,50.00,0.3000,13.55,21.29,40.21,6.77,6.77,10.64,10.64,4248.84,4248.84,4398.57,4398.57,4271.95,4272.41,4392.39,4392.91,23.10,23.56,-6.17,-5.66,6.77,6.77,10.64,10.64,-29.25,0.49,0.0000,0.0000
20.736584,11.356,3.154,6.09,21.44,33.64,1.5685,9.46,-1.68,0.88,12.89,50.00,0.3000,13.52,21.25,40.21,6.76,6.76,10.63,10.63,4248.84,4248.84,4398.57,4398.57,4271.95,4272.39,4392.39,4392.89,23.10,23.54,-6.18,-5.68,6.76,6.76,10.63,10.63,-29.26,0.47,0.0000,0.0000
20.736584,11.347,3.152,6.08,21.41,33.58,1.5685,9.45,-1.68,0.88,12.87,50.00,0.3000,13.50,21.22,40.21,6.75,6.75,10.61,10.61,4248.84,4248.84,4398.57,4398.57,4271.93,4272.38,4392.37,4392.87,23.09,23.54,-6.20,-5.70,6.75,6.75,10.61,10.61,-29.26,0.48,0.0000,0.0000
20.736584,11.338,3.149,6.08,21.38,33.53,1.5685,9.43,-1.68,0.87,12.85,50.00,0.3000,13.48,21.19,40.21,6.74,6.74,10.59,10.59,4248.84,4248.84,4398.57,4398.57,4271.93,4272.36,4392.36,4392.85,23.08,23.51,-6.21,-5.72,6.74,6.74,10.59,10.59,-29.26,0.46,0.0000,0.0000
20.736584,11.329,3.147,6.07,21.34,33.48,1.5685,9.42,-1.67,0.87,12.83,50.00,0.3000,13.46,21.15,40.21,6.73,6.73,10.58,10.58,4248.84,4248.84,4398.57,4398.57,4271.90,4272.36,4392.33,4392.84,23.06,23.52,-6.24,-5.73,6.73,6.73,10.58,10.58,-29.27,0.48,0.0000,0.0000
20.736584,11.320,3.144,6.06,21.31,33.42,1.5685,9.40,-1.67,0.87,12.81,50.00,0.3000,13.44,21.12,40.21,6.72,6.72,10.56,10.56,4248.84,4248.84,4398.57,4398.57,4271.90,4272.34,4392.33,4392.82,23.06,23.49,-6.24,-5.75,6.72,6.72,10.56,10.56,-29.27,0.47,0.0000,0.0000
20.736584,11.311,3.142,6.05,21.27,33.37,1.5685,9.38,-1.67,0.87,12.79,50.00,0.3000,13.42,21.08,40.21,6.71,6.71,10.54,10.54,4248.84,4248.84,4398.57,4398.57,4271.88,4272.33,4392.31,4392.81,23.04,23.49,-6.26,-5.76,6.71,6.71,10.54,10.54,-29.27,0.48,0.0000,0.0000
20.736584,11.302,3.139,6.04,21.24,33.31,1.5685,9.37,-1.67,0.87,12.77,50.00,0.3000,13.40,21.05,40.21,6.70,6.70,10.53,10.53,4248.84,4248.84,4398.57,4398.57,4271.88,4272.31,4392.30,4392.78,23.04,23.46,-6.27,-5.79,6.70,6.70,10.53,10.53,-29.28,0.45,0.0000,0.0000
20.736584,11.292,3.137,6.03,21.21,33.26,1.5685,9.35,-1.66,0.87,12.75,50.00,0.3000,13.37,21.02,40.21,6.69,6.69,10.51,10.51,4248.84,4248.84,4398.57,4398.57,4271.85,4272.31,4392.27,4392.78,23.01,23.47,-6.30,-5.79,6.69,6.69,10.51,10.51,-29.28,0.48,0.0000,0.0000
20.736584,11.283,3.134,6.02,21.17,33.21,1.5685,9.34,-1.66,0.87,12.73,50.00,0.3000,13.35,20.98,40.21,6.68,6.68,10.49,10.49,4248.84,4248.84,4398.57,4398.57,4271.86,4272.28,4392.27,4392.75,23.02,23.44,-6.29,-5.82,6.68,6.68,10.49,10.49,-29.29,0.45,0.0000,0.0000
20.736584,11.274,3.132,6.01,21.14,33.15,1.5685,9.32,-1.66,0.87,12.71,50.00,0.3000,13.33,20.95,40.21,6.67,6.67,10.47,10.47,4248.84,4248.84,4398.57,4398.57,4271.83,4272.28,4392.24,4392.75,22.99,23.44,-6.33,-5.82,6.67,6.67,10.47,10.47,-29.29,0.48,0.0000,0.0000
20.736584,11.265,3.129,6.00,21.10,33.10,1.5685,9.31,-1.66,0.86,12.69,50.00,0.3000,13.31,20.92,40.21,6.65,6.65,10.46,10.46,4248.84,4248.84,4398.57,4398.57,4271.84,4272.26,4392.24,4392.72,22.99,23.41,-6.33,-5.85,6.65,6.65,10.46,10.46,-29.29,0.45,0.0000,0.0000
20.862972,11.256,3.127,5.99,21.07,33.05,1.5685,9.29,-1.65,0.86,12.66,50.00,0.3000,13.29,20.88,40.21,6.64,6.64,10.44,10.44,4248.84,4248.84,4398.57,4398.57,4271.81,4272.26,4392.21,4392.72,22.97,23.42,-6.36,-5.85,6.64,6.64,10.44,10.44,-29.30,0.48,0.0000,0.0000
20.862972,11.247,3.124,5.98,21.04,32.99,1.5685,9.28,-1.65,0.86,12.64,50.00,0.3000,13.27,20.85,40.21,6.63,6.63,10.42,10.42,4248.84,4248.84,4398.57,4398.57,4271.81,4272.23,4392.21,4392.68,22.97,23.39,-6.36,-5.89,6.63,6.63,10.42,10.42,-29.30,0.44,0.0000,0.0000
20.862972,11.238,3.122,5.97,21.00,32.94,1.5685,9.26,-1.65,0.86,12.62,50.00,0.3000,13.25,20.81,40.21,6.62,6.62,10.41,10.41,4248.84,4248.84,4398.57,4398.57,4271.78,4272.24,4392.18,4392.69,22.94,23.39,-6.39,-5.88,6.62,6.62,10.41,10.41,-29.30,0.48,0.0000,0.0000
20.862972,11.229,3.119,5.96,20.97,32.89,1.5685,9.25,-1.64,0.86,12.60,50.00,0.3000,13.22,20.78,40.21,6.61,6.61,10.39,10.39,4248.84,4248.84,4398.57,4398.57,4271.79,4272.21,4392.18,4392.65,22.94,23.36,-6.39,-5.92,6.61,6.61,10.39,10.39,-29.31,0.44,0.0000,0.0000
20.862972,11.220,3.117,5.95,20.93,32.83,1.5685,9.23,-1.64,0.86,12.58,50.00,0.3000,13.20,20.75,40.21,6.60,6.60,10.37,10.37,4248.84,4248.84,4398.57,4398.57,4271.76,4272.21,4392.15,4392.66,22.92,23.37,-6.42,-5.91,6.60,6.60,10.37,10.37,-29.31,0.48,0.0000,0.0000
20.862972,11.211,3.114,5.94,20.90,32.78,1.5685,9.22,-1.64,0.86,12.56,50.00,0.3000,13.18,20.71,40.21,6.59,6.59,10.36,10.36,4248.84,4248.84,4398.57,4398.57,4271.77,4272.19,4392.15,4392.62,22.92,23.34,-6.42,-5.95,6.59,6.59,10.36,10.36,-29.32,0.44,0.0000,0.0000
20.862972,11.202,3.112,5.93,20.87,32.73,1.5685,9.20,-1.64,0.85,12.54,50.00,0.3000,13.16,20.68,40.21,6.58,6.58,10.34,10.34,4248.84,4248.84,4398.57,4398.57,4271.74,4272.19,4392.11,4392.62,22.90,23.35,-6.46,-5.95,6.58,6.58,10.34,10.34,-29.33,0.48,0.0000,0.0000
20.862972,11.193,3.109,5.92,20.83,32.68,1.5685,9.19,-1.63,0.85,12.52,50.00,0.3000,13.14,20.65,40.21,6.57,6.57,10.32,10.32,4248.84,4248.84,4398.57,4398.57,4271.75,4272.17,4392.11,4392.59,22.90,23.32,-6.45,-5.98,6.57,6.57,10.32,10.32,-29.33,0.44,0.0000,0.0000
20.862972,11.184,3.107,5.91,20.80,32.62,1.5685,9.18,-1.63,0.85,12.50,50.00,0.3000,13.12,20.61,40.21,6.56,6.56,10.31,10.31,4248.84,4248.84,4398.57,4398.57,4271.72,4272.17,4392.08,4392.59,22.88,23.32,-6.49,-5.98,6.56,6.56,10.31,10.31,-29.33,0.48,0.0000,0.0000
20.862972,11.175,3.104,5.90,20.76,32.57,1.5685,9.16,-1.63,0.85,12.48,50.00,0.3000,13.10,20.58,40.21,6.55,6.55,10.29,10.29,4248.84,4248.84,4398.57,4398.57,4271.72,4272.14,4392.09,4392.56,22.88,23.29,-6.48,-6.01,6.55,6.55,10.29,10.29,-29.33,0.44,0.0000,0.0000
20.862972,11.165,3.102,5.89,20.73,32.52,1.5685,9.15,-1.63,0.85,12.46,50.00,0.3000,13.07,20.55,40.21,6.54,6.54,10.27,10.27,4248.84,4248.84,4398.57,4398.57,4271.69,4272.14,4392.05,4392.56,22.85,23.30,-6.52,-6.01,6.54,6.54,10.27,10.27,-29.34,0.48,0.0000,0.0000
20.862972,11.156,3.099,5.88,20.70,32.46,1.5685,9.13,-1.62,0.85,12.44,50.00,0.3000,13.05,20.51,40.21,6.53,6.53,10.26,10.26,4248.84,4248.84,4398.57,4398.57,4271.69,4272.11,4392.06,4392.53,22.85,23.27,-6.51,-6.04,6.53,6.53,10.26,10.26,-29.34,0.44,0.0000,0.0000
20.966515,11.147,3.096,5.87,20.66,32.41,1.5685,9.12,-1.62,0.85,12.42,50.00,0.3000,13.03,20.48,40.21,6.52,6.52,10.24,10.24,4248.84,4248.84,4398.57,4398.57,4271.67,4272.12,4392.03,4392.53,22.82,23.27,-6.54,-6.04,6.52,6.52,10.24,10.24,-29.34,0.48,0.0000,0.0000
20.966515,11.138,3.094,5.86,20.63,32.36,1.5686,9.10,-1.62,0.84,12.40,50.00,0.3000,13.01,20.45,40.21,6.51,6.51,10.22,10.22,4248.84,4248.84,4398.57,4398.57,4271.67,4272.08,4392.03,4392.50,22.83,23.24,-6.54,-6.07,6.51,6.51,10.22,10.22,-29.34,0.44,0.0000,0.0000
20.966515,11.129,3.091,5.85,20.60,32.31,1.5686,9.09,-1.62,0.84,12.38,50.00,0.3000,12.99,20.41,40.21,6.49,6.49,10.21,10.21,4248.84,4248.84,4398.57,4398.57,4271.65,4272.09,4392.00,4392.49,22.81,23.24,-6.57,-6.08,6.49,6.49,10.21,10.21,-29.35,0.46,0.0000,0.0000
20.966515,11.120,3.089,5.84,20.56,32.25,1.5686,9.07,-1.61,0.84,12.36,50.00,0.3000,12.97,20.38,40.21,6.48,6.48,10.19,10.19,4248.84,4248.84,4398.57,4398.57,4271.65,4272.07,4391.99,4392.47,22.81,23.22,-6.58,-6.10,6.48,6.48,10.19,10.19,-29.35,0.45,0.0000,0.0000
20.966515,11.111,3.086,5.83,20.53,32.20,1.5686,9.06,-1.61,0.84,12.34,50.00,0.3000,12.95,20.35,40.21,6.47,6.47,10.17,10.17,4248.84,4248.84,4398.57,4398.57,4271.63,4272.07,4391.97,4392.46,22.78,23.22,-6.60,-6.11,6.47,6.47,10.17,10.17,-29.36,0.47,0.0000,0.0000
20.966515,11.102,3.084,5.83,20.50,32.15,1.5686,9.04,-1.61,0.84,12.32,50.00,0.3000,12.93,20.31,40.21,6.46,6.46,10.16,10.16,4248.84,4248.84,4398.57,4398.57,4271.63,4272.05,4391.96,4392.43,22.79,23.20,-6.61,-6.14,6.46,6.46,10.16,10.16,-29.37,0.44,0.0000,0.0000
20.966515,11.093,3.081,5.82,20.46,32.10,1.5686,9.03,-1.61,0.84,12.30,50.00,0.3000,12.91,20.28,40.21,6.45,6.45,10.14,10.14,4248.84,4248.84,4398.57,4398.57,4271.61,4272.04,4391.94,4392.42,22.77,23.19,-6.63,-6.15,6.45,6.45,10.14,10.14,-29.37,0.45,0.0000,0.0000
20.966515,11.084,3.079,5.81,20.43,32.04,1.5686,9.01,-1.60,0.84,12.28,50.00,0.3000,12.88,20.25,40.21,6.44,6.44,10.12,10.12,4248.84,4248.84,4398.57,4398.57,4271.59,4272.03,4391.92,4392.41,22.75,23.19,-6.65,-6.16,6.44,6.44,10.12,10.12,-29.37,0.46,0.0000,0.0000
20.966515,11.075,3.076,5.80,20.40,31.99,1.5686,9.00,-1.60,0.83,12.26,50.00,0.3000,12.86,20.21,40.21,6.43,6.43,10.11,10.11,4248.84,4248.84,4398.57,4398.57,4271.60,4272.01,4391.92,4392.38,22.75,23.16,-6.65,-6.19,6.43,6.43,10.11,10.11,-29.38,0.44,0.0000,0.0000
20.966515,11.066,3.074,5.79,20.36,31.94,1.5686,8.98,-1.60,0.83,12.24,50.00,0.3000,12.84,20.18,40.21,6.42,6.42,10.09,10.09,4248.84,4248.84,4398.57,4398.57,4271.58,4272.01,4391.89,4392.38,22.73,23.16,-6.68,-6.19,6.42,6.42,10.09,10.09,-29.38,0.45,0.0000,0.0000
20.966515,11.057,3.071,5.78,20.33,31.89,1.5686,8.97,-1.59,0.83,12.22,50.00,0.3000,12.82,20.15,40.21,6.41,6.41,10.07,10.07,4248.84,4248.84,4398.57,4398.57,4271.57,4271.99,4391.89,4392.35,22.73,23.14,-6.68,-6.22,6.41,6.41,10.07,10.07,-29.39,0.44,0.0000,0.0000
20.966515,11.048,3.069,5.77,20.30,31.83,1.5686,8.95,-1.59,0.83,12.20,50.00,0.3000,12.80,20.12,40.21,6.40,6.40,10.06,10.06,4248.84,4248.84,4398.57,4398.57,4271.55,4271.98,4391.87,4392.34,22.71,23.13,-6.70,-6.23,6.40,6.40,10.06,10.06,-29.39,0.45,0.0000,0.0000
21.119200,11.039,3.066,5.76,20.26,31.78,1.5686,8.94,-1.59,0.83,12.18,50.00,0.3000,12.78,20.08,40.21,6.39,6.39,10.04,10.04,4248.84,4248.84,4398.57,4398.57,4271.55,4271.96,4391.86,4392.33,22.70,23.12,-6.71,-6.25,6.39,6.39,10.04,10.04,-29.39,0.44,0.0000,0.0000
21.119200,11.030,3.064,5.75,20.23,31.73,1.5686,8.92,-1.59,0.83,12.16,50.00,0.3000,12.76,20.05,40.21,6.38,6.38,10.02,10.02,4248.84,4248.84,4398.57,4398.57,4271.53,4271.95,4391.84,4392.31,22.69,23.11,-6.73,-6.26,6.38,6.38,10.02,10.02,-29.39,0.44,0.0000,0.0000
21.119200,11.020,3.061,5.74,20.20,31.68,1.5686,8.91,-1.58,0.83,12.14,50.00,0.3000,12.74,20.02,40.21,6.37,6.37,10.01,10.01,4248.84,4248.84,4398.57,4398.57,4271.52,4271.94,4391.83,4392.29,22.68,23.09,-6.74,-6.28,6.37,6.37,10.01,10.01,-29.39,0.44,0.0000,0.0000
21.119200,11.011,3.059,5.73,20.16,31.63,1.5686,8.89,-1.58,0.83,12.12,50.00,0.3000,12.72,19.98,40.21,6.36,6.36,9.99,9.99,4248.84,4248.84,4398.57,4398.57,4271.51,4271.93,4391.81,4392.28,22.66,23.08,-6.76,-6.29,6.36,6.36,9.99,9.99,-29.40,0.45,0.0000,0.0000
21.119200,11.002,3.056,5.72,20.13,31.57,1.5686,8.88,-1.58,0.82,12.10,50.00,0.3000,12.70,19.95,40.21,6.35,6.35,9.98,9.98,4248.84,4248.84,4398.57,4398.57,4271.50,4271.91,4391.80,4392.26,22.66,23.07,-6.77,-6.31,6.35,6.35,9.98,9.98,-29.40,0.44,0.0000,0.0000
21.119200,10.993,3.054,5.71,20.10,31.52,1.5686,8.87,-1.58,0.82,12.08,50.00,0.3000,12.67,19.92,40.21,6.34,6.34,9.96,9.96,4248.84,4248.84,4398.57,4398.57,4271.49,4271.91,4391.78,4392.25,22.65,23.06,-6.79,-6.32,6.34,6.34,9.96,9.96,-29.41,0.44,0.0000,0.0000
21.119200,10.984,3.051,5.70,20.06,31.47,1.5686,8.85,-1.57,0.82,12.06,50.00,0.3000,12.65,19.89,40.21,6.33,6.33,9.94,9.94,4248.84,4248.84,4398.57,4398.57,4271.48,4271.89,4391.76,4392.23,22.63,23.05,-6.80,-6.34,6.33,6.33,9.94,9.94,-29.41,0.44,0.0000,0.0000
21.119200,10.975,3.049,5.69,20.03,31.42,1.5686,8.84,-1.57,0.82,12.04,50.00,0.3000,12.63,19.85,40.21,6.32,6.32,9.93,9.93,4248.84,4248.84,4398.57,4398.57,4271.47,4271.88,4391.75,4392.22,22.62,23.04,-6.82,-6.35,6.32,6.32,9.93,9.93,-29.42,0.44,0.0000,0.0000
21.119200,10.966,3.046,5.68,20.00,31.37,1.5686,8.82,-1.57,0.82,12.02,50.00,0.3000,12.61,19.82,40.21,6.31,6.31,9.91,9.91,4248.84,4248.84,4398.57,4398.57,4271.46,4271.87,4391.73,4392.20,22.61,23.03,-6.84,-6.37,6.31,6.31,9.91,9.91,-29.43,0.44,0.0000,0.0000
21.119200,10.957,3.044,5.67,19.96,31.31,1.5686,8.81,-1.57,0.82,12.00,50.00,0.3000,12.59,19.79,40.21,6.30,6.30,9.89,9.89,4248.84,4248.84,4398.57,4398.57,4271.44,4271.86,4391.72,4392.18,22.60,23.02,-6.85,-6.39,6.30,6.30,9.89,9.89,-29.43,0.44,0.0000,0.0000
21.119200,10.948,3.041,5.66,19.93,31.26,1.5686,8.79,-1.56,0.82,11.98,50.00,0.3000,12.57,19.75,40.21,6.29,6.29,9.88,9.88,4248.84,4248.84,4398.57,4398.57,4271.44,4271.84,4391.71,4392.16,22.60,23.00,-6.86,-6.41,6.29,6.29,9.88,9.88,-29.43,0.42,0.0000,0.0000
21.119200,10.939,3.039,5.66,19.90,31.21,1.5686,8.78,-1.56,0.81,11.96,50.00,0.3000,12.55,19.72,40.21,6.27,6.27,9.86,9.86,4248.84,4248.84,4398.57,4398.57,4271.42,4271.84,4391.68,4392.16,22.58,22.99,-6.88,-6.41,6.27,6.27,9.86,9.86,-29.43,0.44,0.0000,0.0000
21.250658,10.930,3.036,5.65,19.86,31.16,1.5686,8.76,-1.56,0.81,11.94,50.00,0.3000,12.53,19.69,40.21,6.26,6.26,9.84,9.84,4248.84,4248.84,4398.57,4398.57,4271.41,4271.82,4391.67,4392.13,22.57,22.98,-6.90,-6.44,6.26,6.26,9.84,9.84,-29.44,0.44,0.0000,0.0000
21.250658,10.921,3.034,5.64,19.83,31.11,1.5686,8.75,-1.56,0.81,11.92,50.00,0.3000,12.51,19.66,40.21,6.25,6.25,9.83,9.83,4248.84,4248.84,4398.57,4398.57,4271.40,4271.81,4391.66,4392.12,22.56,22.97,-6.91,-6.45,6.25,6.25,9.83,9.83,-29.44,0.44,0.0000,0.0000
21.250658,10.912,3.031,5.63,19.80,31.06,1.5686,8.73,-1.55,0.81,11.90,50.00,0.3000,12.49,19.62,40.21,6.24,6.24,9.81,9.81,4248.84,4248.84,4398.57,4398.57,4271.39,4271.80,4391.64,4392.10,22.55,22.96,-6.93,-6.47,6.24,6.24,9.81,9.81,-29.45,0.44,0.0000,0.0000
21.250658,10.903,3.029,5.62,19.77,31.00,1.5686,8.72,-1.55,0.81,11.88,50.00,0.3000,12.47,19.59,40.21,6.23,6.23,9.80,9.80,4248.84,4248.84,4398.57,4398.57,4271.39,4271.78,4391.64,4392.08,22.54,22.94,-6.93,-6.49,6.23,6.23,9.80,9.80,-29.45,0.42,0.0000,0.0000
21.250658,10.894,3.026,5.61,19.73,30.95,1.5686,8.71,-1.55,0.81,11.86,50.00,0.3000,12.45,19.56,40.21,6.22,6.22,9.78,9.78,4248.84,4248.84,4398.57,4398.57,4271.36,4271.78,4391.61,4392.08,22.52,22.93,-6.96,-6.49,6.22,6.22,9.78,9.78,-29.44,0.44,0.0000,0.0000
21.250658,10.885,3.024,5.60,19.70,30.90,1.5686,8.69,-1.55,0.81,11.84,50.00,0.3000,12.43,19.53,40.21,6.21,6.21,9.76,9.76,4248.84,4248.84,4398.57,4398.57,4271.35,4271.76,4391.61,4392.06,22.51,22.91,-6.96,-6.51,6.21,6.21,9.76,9.76,-29.45,0.43,0.0000,0.0000
21.250658,10.876,3.021,5.59,19.67,30.85,1.5686,8.68,-1.54,0.80,11.82,50.00,0.3000,12.40,19.49,40.21,6.20,6.20,9.75,9.75,4248.84,4248.84,4398.57,4398.57,4271.35,4271.74,4391.60,4392.04,22.50,22.90,-6.97,-6.53,6.20,6.20,9.75,9.75,-29.45,0.42,0.0000,0.0000
21.250658,10.867,3.018,5.58,19.64,30.80,1.5686,8.66,-1.54,0.80,11.80,50.00,0.3000,12.38,19.46,40.21,6.19,6.19,9.73,9.73,4248.84,4248.84,4398.57,4398.57,4271.33,4271.74,4391.57,4392.03,22.48,22.90,-7.00,-6.54,6.19,6.19,9.73,9.73,-29.46,0.44,0.0000,0.0000
21.250658,10.858,3.016,5.57,19.60,30.75,1.5686,8.65,-1.54,0.80,11.78,50.00,0.3000,12.36,19.43,40.21,6.18,6.18,9.71,9.71,4248.84,4248.84,4398.57,4398.57,4271.32,4271.73,4391.56,4392.01,22.48,22.89,-7.01,-6.56,6.18,6.18,9.71,9.71,-29.47,0.43,0.0000,0.0000
21.250658,10.848,3.013,5.56,19.57,30.70,1.5686,8.63,-1.54,0.80,11.76,50.00,0.3000,12.34,19.40,40.21,6.17,6.17,9.70,9.70,4248.84,4248.84,4398.57,4398.57,4271.32,4271.71,4391.54,4391.99,22.48,22.87,-7.02,-6.58,6.17,6.17,9.70,9.70,-29.48,0.42,0.0000,0.0000
21.250658,10.839,3.011,5.55,19.54,30.65,1.5686,8.62,-1.53,0.80,11.74,50.00,0.3000,12.32,19.36,40.21,6.16,6.16,9.68,9.68,4248.84,4248.84,4398.57,4398.57,4271.30,4271.71,4391.52,4391.98,22.45,22.87,-7.05,-6.59,6.16,6.16,9.68,9.68,-29.48,0.44,0.0000,0.0000
21.250658,10.830,3.008,5.54,19.50,30.59,1.5686,8.60,-1.53,0.80,11.72,50.00,0.3000,12.30,19.33,40.21,6.15,6.15,9.67,9.67,4248.84,4248.84,4398.57,4398.57,4271.29,4271.70,4391.51,4391.96,22.45,22.85,-7.06,-6.61,6.15,6.15,9.67,9.67,-29.48,0.43,0.0000,0.0000
21.371943,10.821,3.006,5.53,19.47,30.54,1.5686,8.59,-1.53,0.80,11.71,50.00,0.3000,12.28,19.30,40.21,6.14,6.14,9.65,9.65,4248.84,4248.84,4398.57,4398.57,4271.28,4271.68,4391.50,4391.94,22.44,22.83,-7.07,-6.63,6.14,6.14,9.65,9.65,-29.48,0.42,0.0000,0.0000
21.371943,10.812,3.003,5.53,19.44,30.49,1.5686,8.58,-1.52,0.80,11.69,50.00,0.3000,12.26,19.27,40.21,6.13,6.13,9.63,9.63,4248.84,4248.84,4398.57,4398.57,4271.26,4271.68,4391.47,4391.94,22.42,22.83,-7.10,-6.63,6.13,6.13,9.63,9.63,-29.49,0.44,0.0000,0.0000
21.371943,10.803,3.001,5.52,19.41,30.44,1.5686,8.56,-1.52,0.79,11.67,50.00,0.3000,12.24,19.24,40.21,6.12,6.12,9.62,9.62,4248.84,4248.84,4398.57,4398.57,4271.26,4271.66,4391.47,4391.92,22.42,22.81,-7.10,-6.65,6.12,6.12,9.62,9.62,-29.49,0.42,0.0000,0.0000
21.371943,10.794,2.998,5.51,19.37,30.39,1.5686,8.55,-1.52,0.79,11.65,50.00,0.3000,12.22,19.20,40.21,6.11,6.11,9.60,9.60,4248.84,4248.84,4398.57,4398.57,4271.25,4271.65,4391.45,4391.90,22.41,22.80,-7.12,-6.67,6.11,6.11,9.60,9.60,-29.50,0.42,0.0000,0.0000
21.371943,10.785,2.996,5.50,19.34,30.34,1.5686,8.53,-1.52,0.79,11.63,50.00,0.3000,12.20,19.17,40.21,6.10,6.10,9.59,9.59,4248.84,4248.84,4398.57,4398.57,4271.23,4271.64,4391.43,4391.89,22.39,22.80,-7.14,-6.68,6.10,6.10,9.59,9.59,-29.50,0.43,0.0000,0.0000
21.371943,10.776,2.993,5.49,19.31,30.29,1.5686,8.52,-1.51,0.79,11.61,50.00,0.3000,12.18,19.14,40.21,6.09,6.09,9.57,9.57,4248.84,4248.84,4398.57,4398.57,4271.22,4271.63,4391.42,4391.88,22.37,22.78,-7.15,-6.69,6.09,6.09,9.57,9.57,-29.50,0.43,0.0000,0.0000
21.371943,10.767,2.991,5.48,19.28,30.24,1.5686,8.50,-1.51,0.79,11.59,50.00,0.3000,12.16,19.11,40.21,6.08,6.08,9.55,9.55,4248.84,4248.84,4398.57,4398.57,4271.22,4271.60,4391.42,4391.85,22.37,22.76,-7.15,-6.72,6.08,6.08,9.55,9.55,-29.50,0.41,0.0000,0.0000
21.371943,10.758,2.988,5.47,19.24,30.19,1.5686,8.49,-1.51,0.79,11.57,50.00,0.3000,12.14,19.07,40.21,6.07,6.07,9.54,9.54,4248.84,4248.84,4398.57,4398.57,4271.19,4271.61,4391.39,4391.86,22.34,22.76,-7.18,-6.71,6.07,6.07,9.54,9.54,-29.50,0.44,0.0000,0.0000
21.371943,10.749,2.986,5.46,19.21,30.14,1.5686,8.48,-1.51,0.79,11.55,50.00,0.3000,12.12,19.04,40.21,6.06,6.06,9.52,9.52,4248.84,4248.84,4398.57,4398.57,4271.20,4271.58,4391.39,4391.82,22.35,22.73,-7.18,-6.75,6.06,6.06,9.52,9.52,-29.51,0.40,0.0000,0.0000
21.371943,10.740,2.983,5.45,19.18,30.09,1.5686,8.46,-1.50,0.78,11.53,50.00,0.3000,12.10,19.01,40.21,6.05,6.05,9.51,9.51,4248.84,4248.84,4398.57,4398.57,4271.17,4271.59,4391.36,4391.82,22.33,22.74,-7.21,-6.75,6.05,6.05,9.51,9.51,-29.52,0.44,0.0000,0.0000
21.371943,10.731,2.981,5.44,19.15,30.04,1.5686,8.45,-1.50,0.78,11.51,50.00,0.3000,12.08,18.98,40.21,6.04,6.04,9.49,9.49,4248.84,4248.84,4398.57,4398.57,4271.18,4271.56,4391.36,4391.79,22.33,22.72,-7.21,-6.78,6.04,6.04,9.49,9.49,-29.52,0.41,0.0000,0.0000
21.371943,10.722,2.978,5.43,19.12,29.98,1.5686,8.43,-1.50,0.78,11.49,50.00,0.3000,12.06,18.95,40.21,6.03,6.03,9.47,9.47,4248.84,4248.84,4398.57,4398.57,4271.15,4271.56,4391.33,4391.79,22.31,22.72,-7.24,-6.78,6.03,6.03,9.47,9.47,-29.53,0.44,0.0000,0.0000
21.485392,10.713,2.976,5.42,19.08,29.93,1.5686,8.42,-1.50,0.78,11.47,50.00,0.3000,12.04,18.91,40.21,6.02,6.02,9.46,9.46,4248.84,4248.84,4398.57,4398.57,4271.16,4271.54,4391.33,4391.76,22.31,22.69,-7.24,-6.81,6.02,6.02,9.46,9.46,-29.53,0.41,0.0000,0.0000
21.485392,10.704,2.973,5.41,19.05,29.88,1.5686,8.40,-1.49,0.78,11.45,50.00,0.3000,12.02,18.88,40.21,6.01,6.01,9.44,9.44,4248.84,4248.84,4398.57,4398.57,4271.14,4271.53,4391.31,4391.75,22.29,22.69,-7.26,-6.82,6.01,6.01,9.44,9.44,-29.53,0.42,0.0000,0.0000
21.485392,10.695,2.971,5.41,19.02,29.83,1.5686,8.39,-1.49,0.78,11.43,50.00,0.3000,12.00,18.85,40.21,6.00,6.00,9.43,9.43,4248.84,4248.84,4398.57,4398.57,4271.12,4271.53,4391.29,4391.74,22.28,22.68,-7.28,-6.83,6.00,6.00,9.43,9.43,-29.54,0.43,0.0000,0.0000
21.485392,10.686,2.968,5.40,18.99,29.78,1.5686,8.38,-1.49,0.78,11.41,50.00,0.3000,11.98,18.82,40.21,5.99,5.99,9.41,9.41,4248.84,4248.84,4398.57,4398.57,4271.12,4271.50,4391.28,4391.71,22.28,22.66,-7.29,-6.86,5.99,5.99,9.41,9.41,-29.54,0.41,0.0000,0.0000
21.485392,10.677,2.966,5.39,18.95,29.73,1.5686,8.36,-1.49,0.78,11.39,50.00,0.3000,11.95,18.79,40.21,5.98,5.98,9.39,9.39,4248.84,4248.84,4398.57,4398.57,4271.11,4271.50,4391.26,4391.70,22.26,22.65,-7.31,-6.87,5.98,5.98,9.39,9.39,-29.55,0.42,0.0000,0.0000
21.485392,10.668,2.963,5.38,18.92,29.68,1.5686,8.35,-1.48,0.77,11.38,50.00,0.3000,11.93,18.76,40.21,5.97,5.97,9.38,9.38,4248.84,4248.84,4398.57,4398.57,4271.10,4271.48,4391.25,4391.69,22.25,22.64,-7.32,-6.88,5.97,5.97,9.38,9.38,-29.55,0.41,0.0000,0.0000
21.485392,10.659,2.961,5.37,18.89,29.63,1.5686,8.33,-1.48,0.77,11.36,50.00,0.3000,11.91,18.72,40.21,5.96,5.96,9.36,9.36,4248.84,4248.84,4398.57,4398.57,4271.08,4271.48,4391.23,4391.68,22.24,22.64,-7.34,-6.89,5.96,5.96,9.36,9.36,-29.55,0.43,0.0000,0.0000
21.485392,10.650,2.958,5.36,18.86,29.58,1.5686,8.32,-1.48,0.77,11.34,50.00,0.3000,11.89,18.69,40.21,5.95,5.95,9.35,9.35,4248.84,4248.84,4398.57,4398.57,4271.08,4271.46,4391.23,4391.65,22.23,22.61,-7.34,-6.92,5.95,5.95,9.35,9.35,-29.55,0.40,0.0000,0.0000
21.485392,10.641,2.956,5.35,18.83,29.53,1.5686,8.30,-1.48,0.77,11.32,50.00,0.3000,11.87,18.66,40.21,5.94,5.94,9.33,9.33,4248.84,4248.84,4398.57,4398.57,4271.06,4271.45,4391.21,4391.65,22.22,22.60,-7.36,-6.92,5.94,5.94,9.33,9.33,-29.55,0.41,0.0000,0.0000
21.485392,10.631,2.953,5.34,18.79,29.48,1.5686,8.29,-1.47,0.77,11.30,50.00,0.3000,11.85,18.63,40.21,5.93,5.93,9.31,9.31,4248.84,4248.84,4398.57,4398.57,4271.05,4271.43,4391.20,4391.63,22.20,22.59,-7.37,-6.94,5.93,5.93,9.31,9.31,-29.55,0.41,0.0000,0.0000
21.485392,10.622,2.951,5.33,18.76,29.43,1.5686,8.28,-1.47,0.77,11.28,50.00,0.3000,11.83,18.60,40.21,5.92,5.92,9.30,9.30,4248.84,4248.84,4398.57,4398.57,4271.04,4271.42,4391.18,4391.62,22.19,22.58,-7.39,-6.95,5.92,5.92,9.30,9.30,-29.56,0.41,0.0000,0.0000
21.485392,10.613,2.948,5.32,18.73,29.38,1.5686,8.26,-1.47,0.77,11.26,50.00,0.3000,11.81,18.57,40.21,5.91,5.91,9.28,9.28,4248.84,4248.84,4398.57,4398.57,4271.03,4271.41,4391.16,4391.60,22.19,22.57,-7.40,-6.97,5.91,5.91,9.28,9.28,-29.57,0.41,0.0000,0.0000
21.628172,10.604,2.946,5.31,18.70,29.33,1.5686,8.25,-1.47,0.77,11.24,50.00,0.3000,11.79,18.53,40.21,5.90,5.90,9.27,9.27,4248.84,4248.84,4398.57,4398.57,4271.02,4271.40,4391.15,4391.58,22.18,22.56,-7.42,-6.99,5.90,5.90,9.27,9.27,-29.57,0.40,0.0000,0.0000
21.628172,10.595,2.943,5.31,18.67,29.28,1.5686,8.23,-1.46,0.76,11.22,50.00,0.3000,11.77,18.50,40.21,5.89,5.89,9.25,9.25,4248.84,4248.84,4398.57,4398.57,4271.01,4271.39,4391.13,4391.57,22.17,22.55,-7.44,-7.00,5.89,5.89,9.25,9.25,-29.58,0.41,0.0000,0.0000
21.628172,10.586,2.941,5.30,18.64,29.23,1.5686,8.22,-1.46,0.76,11.20,50.00,0.3000,11.75,18.47,40.21,5.88,5.88,9.24,9.24,4248.84,4248.84,4398.57,4398.57,4271.00,4271.38,4391.12,4391.55,22.16,22.54,-7.45,-7.02,5.88,5.88,9.24,9.24,-29.58,0.41,0.0000,0.0000
21.628172,10.577,2.938,5.29,18.60,29.18,1.5686,8.21,-1.46,0.76,11.18,50.00,0.3000,11.73,18.44,40.21,5.87,5.87,9.22,9.22,4248.84,4248.84,4398.57,4398.57,4270.99,4271.37,4391.11,4391.53,22.15,22.53,-7.46,-7.04,5.87,5.87,9.22,9.22,-29.59,0.40,0.0000,0.0000
21.628172,10.568,2.936,5.28,18.57,29.13,1.5686,8.19,-1.46,0.76,11.16,50.00,0.3000,11.71,18.41,40.21,5.86,5.86,9.20,9.20,4248.84,4248.84,4398.57,4398.57,4270.98,4271.36,4391.09,4391.52,22.13,22.52,-7.48,-7.05,5.86,5.86,9.20,9.20,-29.59,0.41,0.0000,0.0000
21.628172,10.559,2.933,5.27,18.54,29.08,1.5686,8.18,-1.45,0.76,11.15,50.00,0.3000,11.69,18.38,40.21,5.85,5.85,9.19,9.19,4248.84,4248.84,4398.57,4398.57,4270.97,4271.35,4391.08,4391.50,22.12,22.50,-7.49,-7.07,5.85,5.85,9.19,9.19,-29.59,0.40,0.0000,0.0000
21.628172,10.550,2.931,5.26,18.51,29.03,1.5686,8.16,-1.45,0.76,11.13,50.00,0.3000,11.67,18.34,40.21,5.84,5.84,9.17,9.17,4248.84,4248.84,4398.57,4398.57,4270.96,4271.34,4391.06,4391.49,22.11,22.50,-7.51,-7.08,5.84,5.84,9.17,9.17,-29.60,0.41,0.0000,0.0000
21.628172,10.541,2.928,5.25,18.48,28.98,1.5686,8.15,-1.45,0.76,11.11,50.00,0.3000,11.65,18.31,40.21,5.83,5.83,9.16,9.16,4248.84,4248.84,4398.57,4398.57,4270.95,4271.33,4391.05,4391.47,22.10,22.48,-7.52,-7.10,5.83,5.83,9.16,9.16,-29.60,0.40,0.0000,0.0000
21.628172,10.532,2.926,5.24,18.44,28.93,1.5686,8.14,-1.45,0.75,11.09,50.00,0.3000,11.63,18.28,40.21,5.82,5.82,9.14,9.14,4248.84,4248.84,4398.57,4398.57,4270.93,4271.32,4391.03,4391.46,22.09,22.47,-7.54,-7.11,5.82,5.82,9.14,9.14,-29.60,0.41,0.0000,0.0000
21.628172,10.523,2.923,5.23,18.41,28.88,1.5686,8.12,-1.44,0.75,11.07,50.00,0.3000,11.61,18.25,40.21,5.81,5.81,9.13,9.13,4248.84,4248.84,4398.57,4398.57,4270.92,4271.30,4391.02,4391.45,22.08,22.46,-7.55,-7.12,5.81,5.81,9.13,9.13,-29.60,0.40,0.0000,0.0000
21.628172,10.514,2.921,5.22,18.38,28.83,1.5686,8.11,-1.44,0.75,11.05,50.00,0.3000,11.59,18.22,40.21,5.80,5.80,9.11,9.11,4248.84,4248.84,4398.57,4398.57,4270.91,4271.29,4391.01,4391.44,22.06,22.44,-7.56,-7.13,5.80,5.80,9.11,9.11,-29.60,0.40,0.0000,0.0000
21.628172,10.505,2.918,5.22,18.35,28.78,1.5686,8.09,-1.44,0.75,11.03,50.00,0.3000,11.57,18.19,40.21,5.79,5.79,9.09,9.09,4248.84,4248.84,4398.57,4398.57,4270.90,4271.28,4390.99,4391.42,22.06,22.43,-7.58,-7.15,5.79,5.79,9.09,9.09,-29.61,0.40,0.0000,0.0000
21.755358,10.496,2.916,5.21,18.32,28.73,1.5686,8.08,-1.44,0.75,11.01,50.00,0.3000,11.55,18.16,40.21,5.78,5.78,9.08,9.08,4248.84,4248.84,4398.57,4398.57,4270.90,4271.26,4390.99,4391.40,22.05,22.41,-7.58,-7.17,5.78,5.78,9.08,9.08,-29.61,0.39,0.0000,0.0000
21.755358,10.487,2.913,5.20,18.29,28.69,1.5686,8.07,-1.43,0.75,10.99,50.00,0.3000,11.53,18.13,40.21,5.77,5.77,9.06,9.06,4248.84,4248.84,4398.57,4398.57,4270.88,4271.26,4390.96,4391.39,22.03,22.42,-7.61,-7.18,5.77,5.77,9.06,9.06,-29.62,0.41,0.0000,0.0000
21.755358,10.478,2.911,5.19,18.26,28.64,1.5686,8.05,-1.43,0.75,10.97,50.00,0.3000,11.51,18.09,40.21,5.76,5.76,9.05,9.05,4248.84,4248.84,4398.57,4398.57,4270.87,4271.24,4390.95,4391.37,22.03,22.40,-7.62,-7.20,5.76,5.76,9.05,9.05,-29.62,0.40,0.0000,0.0000
21.755358,10.469,2.908,5.18,18.22,28.59,1.5686,8.04,-1.43,0.75,10.96,50.00,0.3000,11.49,18.06,40.21,5.75,5.75,9.03,9.03,4248.84,4248.84,4398.57,4398.57,4270.86,4271.24,4390.93,4391.36,22.02,22.39,-7.64,-7.21,5.75,5.75,9.03,9.03,-29.63,0.40,0.0000,0.0000
21.755358,10.460,2.906,5.17,18.19,28.54,1.5686,8.03,-1.43,0.74,10.94,50.00,0.3000,11.47,18.03,40.21,5.74,5.74,9.02,9.02,4248.84,4248.84,4398.57,4398.57,4270.85,4271.23,4390.92,4391.34,22.00,22.38,-7.65,-7.23,5.74,5.74,9.02,9.02,-29.63,0.40,0.0000,0.0000
21.755358,10.451,2.903,5.16,18.16,28.49,1.5686,8.01,-1.42,0.74,10.92,50.00,0.3000,11.45,18.00,40.21,5.73,5.73,9.00,9.00,4248.84,4248.84,4398.57,4398.57,4270.85,4271.21,4390.91,4391.32,22.00,22.36,-7.66,-7.25,5.73,5.73,9.00,9.00,-29.64,0.38,0.0000,0.0000
21.755358,10.442,2.901,5.15,18.13,28.44,1.5686,8.00,-1.42,0.74,10.90,50.00,0.3000,11.43,17.97,40.21,5.72,5.72,8.98,8.98,4248.84,4248.84,4398.57,4398.57,4270.82,4271.21,4390.88,4391.32,21.98,22.36,-7.69,-7.25,5.72,5.72,8.98,8.98,-29.64,0.41,0.0000,0.0000
21.755358,10.433,2.898,5.14,18.10,28.39,1.5686,7.98,-1.42,0.74,10.88,50.00,0.3000,11.42,17.94,40.21,5.71,5.71,8.97,8.97,4248.84,4248.84,4398.57,4398.57,4270.82,4271.19,4390.88,4391.29,21.98,22.35,-7.69,-7.28,5.71,5.71,8.97,8.97,-29.65,0.39,0.0000,0.0000
21.755358,10.424,2.896,5.14,18.07,28.34,1.5686,7.97,-1.42,0.74,10.86,50.00,0.3000,11.40,17.91,40.21,5.70,5.70,8.95,8.95,4248.84,4248.84,4398.57,4398.57,4270.81,4271.18,4390.86,4391.28,21.96,22.34,-7.71,-7.29,5.70,5.70,8.95,8.95,-29.65,0.40,0.0000,0.0000
21.755358,10.415,2.893,5.13,18.04,28.29,1.5686,7.96,-1.41,0.74,10.84,50.00,0.3000,11.38,17.88,40.21,5.69,5.69,8.94,8.94,4248.84,4248.84,4398.57,4398.57,4270.80,4271.17,4390.85,4391.27,21.95,22.33,-7.72,-7.30,5.69,5.69,8.94,8.94,-29.65,0.40,0.0000,0.0000
21.755358,10.406,2.891,5.12,18.00,28.24,1.5686,7.94,-1.41,0.74,10.82,50.00,0.3000,11.36,17.85,40.21,5.68,5.68,8.92,8.92,4248.84,4248.84,4398.57,4398.57,4270.79,4271.15,4390.84,4391.24,21.95,22.31,-7.73,-7.33,5.68,5.68,8.92,8.92,-29.66,0.38,0.0000,0.0000
21.755358,10.397,2.888,5.11,17.97,28.19,1.5686,7.93,-1.41,0.74,10.80,50.00,0.3000,11.34,17.82,40.21,5.67,5.67,8.91,8.91,4248.84,4248.84,4398.57,4398.57,4270.77,4271.15,4390.81,4391.24,21.93,22.31,-7.75,-7.33,5.67,5.67,8.91,8.91,-29.66,0.40,0.0000,0.0000
21.880630,10.388,2.885,5.10,17.94,28.15,1.5686,7.91,-1.41,0.73,10.79,50.00,0.3000,11.32,17.78,40.21,5.66,5.66,8.89,8.89,4248.84,4248.84,4398.57,4398.57,4270.76,4271.14,4390.80,4391.22,21.92,22.29,-7.76,-7.35,5.66,5.66,8.89,8.89,-29.66,0.39,0.0000,0.0000
21.880630,10.379,2.883,5.09,17.91,28.10,1.5686,7.90,-1.41,0.73,10.77,50.00,0.3000,11.30,17.75,40.21,5.65,5.65,8.88,8.88,4248.84,4248.84,4398.57,4398.57,4270.75,4271.12,4390.79,4391.21,21.91,22.28,-7.78,-7.36,5.65,5.65,8.88,8.88,-29.66,0.40,0.0000,0.0000
21.880630,10.370,2.880,5.08,17.88,28.05,1.5686,7.89,-1.40,0.73,10.75,50.00,0.3000,11.28,17.72,40.21,5.64,5.64,8.86,8.86,4248.84,4248.84,4398.57,4398.57,4270.74,4271.11,4390.78,4391.20,21.89,22.27,-7.79,-7.37,5.64,5.64,8.86,8.86,-29.66,0.40,0.0000,0.0000
21.880630,10.361,2.878,5.07,17.85,28.00,1.5686,7.87,-1.40,0.73,10.73,50.00,0.3000,11.26,17.69,40.21,5.63,5.63,8.85,8.85,4248.84,4248.84,4398.57,4398.57,4270.74,4271.09,4390.78,4391.18,21.89,22.25,-7.79,-7.40,5.63,5.63,8.85,8.85,-29.66,0.38,0.0000,0.0000
21.880630,10.352,2.875,5.06,17.82,27.95,1.5686,7.86,-1.40,0.73,10.71,50.00,0.3000,11.24,17.66,40.21,5.62,5.62,8.83,8.83,4248.84,4248.84,4398.57,4398.57,4270.71,4271.10,4390.74,4391.17,21.87,22.25,-7.83,-7.40,5.62,5.62,8.83,8.83,-29.67,0.40,0.0000,0.0000
21.880630,10.343,2.873,5.06,17.79,27.90,1.5686,7.85,-1.40,0.73,10.69,50.00,0.3000,11.22,17.63,40.21,5.61,5.61,8.82,8.82,4248.84,4248.84,4398.57,4398.57,4270.72,4271.07,4390.75,4391.14,21.88,22.23,-7.82,-7.43,5.61,5.61,8.82,8.82,-29.68,0.37,0.0000,0.0000
21.880630,10.334,2.870,5.05,17.76,27.85,1.5686,7.83,-1.39,0.73,10.67,50.00,0.3000,11.20,17.60,40.21,5.60,5.60,8.80,8.80,4248.84,4248.84,4398.57,4398.57,4270.69,4271.08,4390.71,4391.14,21.85,22.23,-7.86,-7.43,5.60,5.60,8.80,8.80,-29.69,0.41,0.0000,0.0000
21.880630,10.325,2.868,5.04,17.73,27.80,1.5686,7.82,-1.39,0.73,10.66,50.00,0.3000,11.18,17.57,40.21,5.59,5.59,8.78,8.78,4248.84,4248.84,4398.57,4398.57,4270.70,4271.05,4390.72,4391.11,21.86,22.20,-7.85,-7.46,5.59,5.59,8.78,8.78,-29.69,0.37,0.0000,0.0000
21.880630,10.316,2.865,5.03,17.69,27.76,1.5686,7.81,-1.39,0.72,10.64,50.00,0.3000,11.16,17.54,40.21,5.58,5.58,8.77,8.77,4248.84,4248.84,4398.57,4398.57,4270.67,4271.06,4390.68,4391.11,21.83,22.21,-7.89,-7.46,5.58,5.58,8.77,8.77,-29.69,0.41,0.0000,0.0000
21.880630,10.307,2.863,5.02,17.66,27.71,1.5686,7.79,-1.39,0.72,10.62,50.00,0.3000,11.14,17.51,40.21,5.57,5.57,8.75,8.75,4248.84,4248.84,4398.57,4398.57,4270.68,4271.02,4390.69,4391.08,21.84,22.18,-7.88,-7.49,5.57,5.57,8.75,8.75,-29.69,0.36,0.0000,0.0000
21.880630,10.298,2.860,5.01,17.63,27.66,1.5686,7.78,-1.38,0.72,10.60,50.00,0.3000,11.12,17.48,40.21,5.56,5.56,8.74,8.74,4248.84,4248.84,4398.57,4398.57,4270.66,4271.03,4390.66,4391.08,21.82,22.18,-7.91,-7.49,5.56,5.56,8.74,8.74,-29.70,0.39,0.0000,0.0000
21.880630,10.289,2.858,5.00,17.60,27.61,1.5686,7.76,-1.38,0.72,10.58,50.00,0.3000,11.10,17.45,40.21,5.55,5.55,8.72,8.72,4248.84,4248.84,4398.57,4398.57,4270.65,4271.02,4390.65,4391.06,21.80,22.17,-7.92,-7.51,5.55,5.55,8.72,8.72,-29.70,0.39,0.0000,0.0000
21.983713,10.280,2.855,4.99,17.57,27.56,1.5686,7.75,-1.38,0.72,10.56,50.00,0.3000,11.08,17.42,40.21,5.54,5.54,8.71,8.71,4248.84,4248.84,4398.57,4398.57,4270.64,4271.00,4390.64,4391.04,21.80,22.15,-7.93,-7.53,5.54,5.54,8.71,8.71,-29.71,0.37,0.0000,0.0000
21.983713,10.271,2.853,4.99,17.54,27.51,1.5686,7.74,-1.38,0.72,10.54,50.00,0.3000,11.06,17.39,40.21,5.53,5.53,8.69,8.69,4248.84,4248.84,4398.57,4398.57,4270.62,4271.00,4390.62,4391.04,21.78,22.15,-7.95,-7.53,5.53,5.53,8.69,8.69,-29.71,0.40,0.0000,0.0000
21.983713,10.262,2.850,4.98,17.51,27.47,1.5686,7.72,-1.37,0.72,10.53,50.00,0.3000,11.04,17.35,40.21,5.52,5.52,8.68,8.68,4248.84,4248.84,4398.57,4398.57,4270.62,4270.97,4390.62,4391.01,21.78,22.13,-7.95,-7.56,5.52,5.52,8.68,8.68,-29.71,0.37,0.0000,0.0000
21.983713,10.253,2.848,4.97,17.48,27.42,1.5686,7.71,-1.37,0.72,10.51,50.00,0.3000,11.02,17.32,40.21,5.51,5.51,8.66,8.66,4248.84,4248.84,4398.57,4398.57,4270.60,4270.97,4390.59,4391.01,21.76,22.13,-7.98,-7.56,5.51,5.51,8.66,8.66,-29.71,0.40,0.0000,0.0000
21.983713,10.244,2.845,4.96,17.45,27.37,1.5686,7.70,-1.37,0.71,10.49,50.00,0.3000,11.00,17.29,40.21,5.50,5.50,8.65,8.65,4248.84,4248.84,4398.57,4398.57,4270.60,4270.95,4390.59,4390.98,21.76,22.11,-7.98,-7.59,5.50,5.50,8.65,8.65,-29.72,0.37,0.0000,0.0000
21.983713,10.235,2.843,4.95,17.42,27.32,1.5687,7.68,-1.37,0.71,10.47,50.00,0.3000,10.99,17.26,40.21,5.49,5.49,8.63,8.63,4248.84,4248.84,4398.57,4398.57,4270.58,4270.95,4390.57,4390.98,21.74,22.11,-8.00,-7.59,5.49,5.49,8.63,8.63,-29.72,0.39,0.0000,0.0000
21.983713,10.226,2.840,4.94,17.39,27.27,1.5687,7.67,-1.36,0.71,10.45,50.00,0.3000,10.97,17.23,40.21,5.48,5.48,8.62,8.62,4248.84,4248.84,4398.57,4398.57,4270.58,4270.93,4390.57,4390.95,21.74,22.08,-8.00,-7.62,5.48,5.48,8.62,8.62,-29.72,0.37,0.0000,0.0000
21.983713,10.217,2.838,4.93,17.36,27.22,1.5687,7.66,-1.36,0.71,10.43,50.00,0.3000,10.95,17.20,40.21,5.47,5.47,8.60,8.60,4248.84,4248.84,4398.57,4398.57,4270.56,4270.92,4390.54,4390.95,21.72,22.08,-8.03,-7.62,5.47,5.47,8.60,8.60,-29.72,0.38,0.0000,0.0000
21.983713,10.208,2.835,4.92,17.32,27.18,1.5687,7.64,-1.36,0.71,10.42,50.00,0.3000,10.93,17.17,40.21,5.46,5.46,8.59,8.59,4248.84,4248.84,4398.57,4398.57,4270.56,4270.91,4390.53,4390.93,21.72,22.07,-8.04,-7.64,5.46,5.46,8.59,8.59,-29.73,0.37,0.0000,0.0000
21.983713,10.199,2.833,4.92,17.29,27.13,1.5687,7.63,-1.36,0.71,10.40,50.00,0.3000,10.91,17.14,40.21,5.45,5.45,8.57,8.57,4248.84,4248.84,4398.57,4398.57,4270.55,4270.90,4390.51,4390.91,21.71,22.06,-8.06,-7.66,5.45,5.45,8.57,8.57,-29.74,0.37,0.0000,0.0000
21.983713,10.190,2.830,4.91,17.26,27.08,1.5687,7.62,-1.35,0.71,10.38,50.00,0.3000,10.89,17.11,40.21,5.44,5.44,8.56,8.56,4248.84,4248.84,4398.57,4398.57,4270.54,4270.89,4390.50,4390.90,21.70,22.05,-8.07,-7.67,5.44,5.44,8.56,8.56,-29.74,0.37,0.0000,0.0000
21.983713,10.181,2.828,4.90,17.23,27.03,1.5687,7.60,-1.35,0.71,10.36,50.00,0.3000,10.87,17.08,40.21,5.43,5.43,8.54,8.54,4248.84,4248.84,4398.57,4398.57,4270.53,4270.88,4390.49,4390.88,21.69,22.04,-8.08,-7.69,5.43,5.43,8.54,8.54,-29.75,0.37,0.0000,0.0000
22.138575,10.171,2.825,4.89,17.20,26.99,1.5687,7.59,-1.35,0.70,10.34,50.00,0.3000,10.85,17.05,40.21,5.43,5.43,8.53,8.53,4248.84,4248.84,4398.57,4398.57,4270.52,4270.87,4390.47,4390.87,21.67,22.02,-8.10,-7.70,5.43,5.43,8.53,8.53,-29.75,0.37,0.0000,0.0000
22.138575,10.162,2.823,4.88,17.17,26.94,1.5687,7.57,-1.35,0.70,10.32,50.00,0.3000,10.83,17.02,40.21,5.42,5.42,8.51,8.51,4248.84,4248.84,4398.57,4398.57,4270.51,4270.86,4390.46,4390.85,21.67,22.01,-8.11,-7.72,5.42,5.42,8.51,8.51,-29.75,0.37,0.0000,0.0000
22.138575,10.153,2.820,4.87,17.14,26.89,1.5687,7.56,-1.34,0.70,10.31,50.00,0.3000,10.81,16.99,40.21,5.41,5.41,8.50,8.50,4248.84,4248.84,4398.57,4398.57,4270.50,4270.85,4390.45,4390.84,21.65,22.00,-8.12,-7.73,5.41,5.41,8.50,8.50,-29.75,0.37,0.0000,0.0000
22.138575,10.144,2.818,4.86,17.11,26.84,1.5687,7.55,-1.34,0.70,10.29,50.00,0.3000,10.79,16.96,40.21,5.40,5.40,8.48,8.48,4248.84,4248.84,4398.57,4398.57,4270.49,4270.84,4390.43,4390.82,21.65,21.99,-8.14,-7.75,5.40,5.40,8.48,8.48,-29.76,0.37,0.0000,0.0000
22.138575,10.135,2.815,4.85,17.08,26.79,1.5687,7.53,-1.34,0.70,10.27,50.00,0.3000,10.77,16.93,40.21,5.39,5.39,8.47,8.47,4248.84,4248.84,4398.57,4398.57,4270.48,4270.83,4390.42,4390.81,21.63,21.98,-8.15,-7.76,5.39,5.39,8.47,8.47,-29.76,0.37,0.0000,0.0000
22.138575,10.126,2.813,4.85,17.05,26.75,1.5687,7.52,-1.34,0.70,10.25,50.00,0.3000,10.75,16.90,40.21,5.38,5.38,8.45,8.45,4248.84,4248.84,4398.57,4398.57,4270.47,4270.81,4390.41,4390.80,21.62,21.97,-8.16,-7.77,5.38,5.38,8.45,8.45,-29.76,0.37,0.0000,0.0000
22.138575,10.117,2.810,4.84,17.02,26.70,1.5687,7.51,-1.34,0.70,10.23,50.00,0.3000,10.74,16.87,40.21,5.37,5.37,8.44,8.44,4248.84,4248.84,4398.57,4398.57,4270.46,4270.80,4390.39,4390.78,21.61,21.96,-8.18,-7.79,5.37,5.37,8.44,8.44,-29.77,0.37,0.0000,0.0000
22.138575,10.108,2.808,4.83,16.99,26.65,1.5687,7.49,-1.33,0.70,10.21,50.00,0.3000,10.72,16.84,40.21,5.36,5.36,8.42,8.42,4248.84,4248.84,4398.57,4398.57,4270.44,4270.79,4390.38,4390.77,21.60,21.95,-8.19,-7.80,5.36,5.36,8.42,8.42,-29.77,0.37,0.0000,0.0000
22.138575,10.099,2.805,4.82,16.96,26.60,1.5687,7.48,-1.33,0.69,10.20,50.00,0.3000,10.70,16.81,40.21,5.35,5.35,8.41,8.41,4248.84,4248.84,4398.57,4398.57,4270.43,4270.78,4390.37,4390.76,21.59,21.94,-8.20,-7.81,5.35,5.35,8.41,8.41,-29.77,0.37,0.0000,0.0000
22.138575,10.090,2.803,4.81,16.93,26.56,1.5687,7.47,-1.33,0.69,10.18,50.00,0.3000,10.68,16.78,40.21,5.34,5.34,8.39,8.39,4248.84,4248.84,4398.57,4398.57,4270.42,4270.77,4390.35,4390.74,21.58,21.92,-8.22,-7.83,5.34,5.34,8.39,8.39,-29.77,0.37,0.0000,0.0000
22.138575,10.081,2.800,4.80,16.90,26.51,1.5687,7.45,-1.33,0.69,10.16,50.00,0.3000,10.66,16.75,40.21,5.33,5.33,8.38,8.38,4248.84,4248.84,4398.57,4398.57,4270.41,4270.76,4390.34,4390.73,21.57,21.91,-8.23,-7.84,5.33,5.33,8.38,8.38,-29.77,0.36,0.0000,0.0000
22.138575,10.072,2.798,4.79,16.87,26.46,1.5687,7.44,-1.32,0.69,10.14,50.00,0.3000,10.64,16.72,40.21,5.32,5.32,8.36,8.36,4248.84,4248.84,4398.57,4398.57,4270.40,4270.75,4390.32,4390.71,21.56,21.91,-8.25,-7.86,5.32,5.32,8.36,8.36,-29.78,0.37,0.0000,0.0000
22.263266,10.063,2.795,4.79,16.84,26.42,1.5687,7.43,-1.32,0.69,10.12,50.00,0.3000,10.62,16.69,40.21,5.31,5.31,8.35,8.35,4248.84,4248.84,4398.57,4398.57,4270.40,4270.74,4390.31,4390.70,21.55,21.89,-8.26,-7.87,5.31,5.31,8.35,8.35,-29.79,0.36,0.0000,0.0000
22.263266,10.054,2.793,4.78,16.81,26.37,1.5687,7.41,-1.32,0.69,10.11,50.00,0.3000,10.60,16.66,40.21,5.30,5.30,8.33,8.33,4248.84,4248.84,4398.57,4398.57,4270.38,4270.73,4390.29,4390.68,21.54,21.89,-8.28,-7.89,5.30,5.30,8.33,8.33,-29.80,0.37,0.0000,0.0000
22.263266,10.045,2.790,4.77,16.78,26.32,1.5687,7.40,-1.32,0.69,10.09,50.00,0.3000,10.58,16.63,40.21,5.29,5.29,8.32,8.32,4248.84,4248.84,4398.57,4398.57,4270.37,4270.72,4390.28,4390.67,21.53,21.87,-8.29,-7.90,5.29,5.29,8.32,8.32,-29.80,0.36,0.0000,0.0000
22.263266,10.036,2.788,4.76,16.75,26.27,1.5687,7.39,-1.31,0.69,10.07,50.00,0.3000,10.56,16.60,40.21,5.28,5.28,8.30,8.30,4248.84,4248.84,4398.57,4398.57,4270.36,4270.71,4390.27,4390.65,21.52,21.86,-8.30,-7.92,5.28,5.28,8.30,8.30,-29.80,0.36,0.0000,0.0000
22.263266,10.027,2.785,4.75,16.72,26.23,1.5687,7.37,-1.31,0.68,10.05,50.00,0.3000,10.55,16.57,40.21,5.27,5.27,8.29,8.29,4248.84,4248.84,4398.57,4398.57,4270.35,4270.70,4390.25,4390.64,21.51,21.85,-8.32,-7.93,5.27,5.27,8.29,8.29,-29.80,0.37,0.0000,0.0000
22.263266,10.018,2.783,4.74,16.69,26.18,1.5687,7.36,-1.31,0.68,10.03,50.00,0.3000,10.53,16.54,40.21,5.26,5.26,8.27,8.27,4248.84,4248.84,4398.57,4398.57,4270.34,4270.69,4390.24,4390.63,21.50,21.84,-8.33,-7.94,5.26,5.26,8.27,8.27,-29.81,0.36,0.0000,0.0000
22.263266,10.009,2.780,4.74,16.66,26.13,1.5687,7.35,-1.31,0.68,10.01,50.00,0.3000,10.51,16.51,40.21,5.25,5.25,8.26,8.26,4248.84,4248.84,4398.57,4398.57,4270.33,4270.68,4390.23,4390.61,21.49,21.83,-8.34,-7.96,5.25,5.25,8.26,8.26,-29.81,0.36,0.0000,0.0000
22.263266,10.000,2.778,4.73,16.63,26.09,1.5687,7.34,-1.30,0.68,10.00,50.00,0.3000,10.49,16.48,40.21,5.24,5.24,8.24,8.24,4248.84,4248.84,4398.57,4398.57,4270.32,4270.67,4390.21,4390.60,21.48,21.82,-8.36,-7.97,5.24,5.24,8.24,8.24,-29.82,0.37,0.0000,0.0000
22.263266,9.991,2.775,4.72,16.60,26.04,1.5687,7.32,-1.30,0.68,9.98,50.00,0.3000,10.47,16.45,40.21,5.23,5.23,8.23,8.23,4248.84,4248.84,4398.57,4398.57,4270.31,4270.66,4390.20,4390.59,21.47,21.81,-8.37,-7.98,5.23,5.23,8.23,8.23,-29.82,0.37,0.0000,0.0000
22.263266,9.982,2.773,4.71,16.57,25.99,1.5687,7.31,-1.30,0.68,9.96,50.00,0.3000,10.45,16.42,40.21,5.23,5.23,8.21,8.21,4248.84,4248.84,4398.57,4398.57,4270.30,4270.64,4390.19,4390.57,21.46,21.80,-8.38,-8.00,5.23,5.23,8.21,8.21,-29.82,0.36,0.0000,0.0000
22.263266,9.973,2.770,4.70,16.54,25.94,1.5687,7.30,-1.30,0.68,9.94,50.00,0.3000,10.43,16.39,40.21,5.22,5.22,8.20,8.20,4248.84,4248.84,4398.57,4398.57,4270.29,4270.63,4390.17,4390.56,21.45,21.79,-8.40,-8.01,5.22,5.22,8.20,8.20,-29.82,0.37,0.0000,0.0000
22.263266,9.964,2.768,4.69,16.51,25.90,1.5687,7.28,-1.30,0.68,9.93,50.00,0.3000,10.41,16.36,40.21,5.21,5.21,8.18,8.18,4248.84,4248.84,4398.57,4398.57,4270.28,4270.62,4390.16,4390.54,21.44,21.78,-8.41,-8.03,5.21,5.21,8.18,8.18,-29.83,0.36,0.0000,0.0000
22.394524,9.956,2.765,4.68,16.48,25.85,1.5687,7.27,-1.29,0.67,9.91,50.00,0.3000,10.39,16.33,40.21,5.20,5.20,8.17,8.17,4248.84,4248.84,4398.57,4398.57,4270.27,4270.61,4390.15,4390.53,21.42,21.77,-8.42,-8.04,5.20,5.20,8.17,8.17,-29.83,0.36,0.0000,0.0000
22.394524,9.947,2.763,4.68,16.45,25.80,1.5687,7.26,-1.29,0.67,9.89,50.00,0.3000,10.38,16.31,40.21,5.19,5.19,8.15,8.15,4248.84,4248.84,4398.57,4398.57,4270.26,4270.60,4390.13,4390.52,21.41,21.75,-8.44,-8.05,5.19,5.19,8.15,8.15,-29.83,0.36,0.0000,0.0000
22.394524,9.938,2.760,4.67,16.42,25.76,1.5687,7.24,-1.29,0.67,9.87,50.00,0.3000,10.36,16.28,40.21,5.18,5.18,8.14,8.14,4248.84,4248.84,4398.57,4398.57,4270.25,4270.59,4390.12,4390.50,21.40,21.75,-8.45,-8.07,5.18,5.18,8.14,8.14,-29.83,0.36,0.0000,0.0000
22.394524,9.929,2.758,4.66,16.39,25.71,1.5687,7.23,-1.29,0.67,9.85,50.00,0.3000,10.34,16.25,40.21,5.17,5.17,8.12,8.12,4248.84,4248.84,4398.57,4398.57,4270.25,4270.57,4390.11,4390.48,21.40,21.73,-8.46,-8.09,5.17,5.17,8.12,8.12,-29.84,0.35,0.0000,0.0000
22.394524,9.920,2.755,4.65,16.36,25.66,1.5687,7.22,-1.28,0.67,9.84,50.00,0.3000,10.32,16.22,40.21,5.16,5.16,8.11,8.11,4248.84,4248.84,4398.57,4398.57,4270.23,4270.57,4390.09,4390.48,21.38,21.73,-8.48,-8.09,5.16,5.16,8.11,8.11,-29.84,0.37,0.0000,0.0000
22.394524,9.911,2.753,4.64,16.33,25.62,1.5687,7.20,-1.28,0.67,9.82,50.00,0.3000,10.30,16.19,40.21,5.15,5.15,8.09,8.09,4248.84,4248.84,4398.57,4398.57,4270.22,4270.56,4390.08,4390.46,21.38,21.72,-8.49,-8.11,5.15,5.15,8.09,8.09,-29.85,0.36,0.0000,0.0000
22.394524,9.902,2.750,4.63,16.30,25.57,1.5687,7.19,-1.28,0.67,9.80,50.00,0.3000,10.28,16.16,40.21,5.14,5.14,8.08,8.08,4248.84,4248.84,4398.57,4398.57,4270.22,4270.54,4390.07,4390.44,21.37,21.70,-8.50,-8.13,5.14,5.14,8.08,8.08,-29.85,0.35,0.0000,0.0000
22.394524,9.893,2.748,4.63,16.27,25.53,1.5687,7.18,-1.28,0.67,9.78,50.00,0.3000,10.26,16.13,40.21,5.13,5.13,8.06,8.06,4248.84,4248.84,4398.57,4398.57,4270.20,4270.54,4390.05,4390.43,21.35,21.70,-8.52,-8.14,5.13,5.13,8.06,8.06,-29.86,0.37,0.0000,0.0000
22.394524,9.884,2.745,4.62,16.24,25.48,1.5687,7.16,-1.27,0.66,9.76,50.00,0.3000,10.24,16.10,40.21,5.12,5.12,8.05,8.05,4248.84,4248.84,4398.57,4398.57,4270.19,4270.53,4390.04,4390.42,21.35,21.68,-8.53,-8.15,5.12,5.12,8.05,8.05,-29.86,0.35,0.0000,0.0000
22.394524,9.875,2.743,4.61,16.21,25.43,1.5687,7.15,-1.27,0.66,9.75,50.00,0.3000,10.23,16.07,40.21,5.11,5.11,8.04,8.04,4248.84,4248.84,4398.57,4398.57,4270.19,4270.51,4390.03,4390.40,21.34,21.67,-8.54,-8.18,5.11,5.11,8.04,8.04,-29.86,0.34,0.0000,0.0000
22.394524,9.866,2.740,4.60,16.18,25.39,1.5687,7.14,-1.27,0.66,9.73,50.00,0.3000,10.21,16.04,40.21,5.10,5.10,8.02,8.02,4248.84,4248.84,4398.57,4398.57,4270.17,4270.51,4390.00,4390.39,21.33,21.67,-8.56,-8.18,5.10,5.10,8.02,8.02,-29.87,0.36,0.0000,0.0000
22.394524,9.857,2.738,4.59,16.15,25.34,1.5687,7.13,-1.27,0.66,9.71,50.00,0.3000,10.19,16.01,40.21,5.09,5.09,8.01,8.01,4248.84,4248.84,4398.57,4398.57,4270.17,4270.49,4390.00,4390.36,21.33,21.64,-8.56,-8.21,5.09,5.09,8.01,8.01,-29.87,0.34,0.0000,0.0000
22.500290,9.848,2.735,4.58,16.12,25.29,1.5687,7.11,-1.26,0.66,9.69,50.00,0.3000,10.17,15.98,40.21,5.09,5.09,7.99,7.99,4248.84,4248.84,4398.57,4398.57,4270.15,4270.49,4389.98,4390.36,21.30,21.65,-8.59,-8.21,5.09,5.09,7.99,7.99,-29.87,0.36,0.0000,0.0000
22.500290,9.839,2.733,4.57,16.09,25.25,1.5687,7.10,-1.26,0.66,9.68,50.00,0.3000,10.15,15.95,40.21,5.08,5.08,7.98,7.98,4248.84,4248.84,4398.57,4398.57,4270.15,4270.46,4389.98,4390.34,21.31,21.62,-8.59,-8.23,5.08,5.08,7.98,7.98,-29.87,0.33,0.0000,0.0000
22.500290,9.830,2.730,4.57,16.07,25.20,1.5687,7.09,-1.26,0.66,9.66,50.00,0.3000,10.13,15.92,40.21,5.07,5.07,7.96,7.96,4248.84,4248.84,4398.57,4398.57,4270.13,4270.47,4389.95,4390.34,21.28,21.62,-8.62,-8.23,5.07,5.07,7.96,7.96,-29.88,0.36,0.0000,0.0000
22.500290,9.821,2.728,4.56,16.04,25.16,1.5687,7.07,-1.26,0.66,9.64,50.00,0.3000,10.11,15.90,40.21,5.06,5.06,7.95,7.95,4248.84,4248.84,4398.57,4398.57,4270.13,4270.44,4389.96,4390.31,21.28,21.60,-8.61,-8.26,5.06,5.06,7.95,7.95,-29.88,0.33,0.0000,0.0000
22.500290,9.812,2.725,4.55,16.01,25.11,1.5687,7.06,-1.26,0.66,9.62,50.00,0.3000,10.10,15.87,40.21,5.05,5.05,7.93,7.93,4248.84,4248.84,4398.57,4398.57,4270.10,4270.45,4389.93,4390.31,21.26,21.60,-8.64,-8.26,5.05,5.05,7.93,7.93,-29.88,0.36,0.0000,0.0000
22.500290,9.803,2.723,4.54,15.98,25.06,1.5687,7.05,-1.25,0.65,9.61,50.00,0.3000,10.08,15.84,40.21,5.04,5.04,7.92,7.92,4248.84,4248.84,4398.57,4398.57,4270.11,4270.42,4389.93,4390.28,21.26,21.58,-8.64,-8.29,5.04,5.04,7.92,7.92,-29.88,0.33,0.0000,0.0000
22.500290,9.794,2.720,4.53,15.95,25.02,1.5687,7.03,-1.25,0.65,9.59,50.00,0.3000,10.06,15.81,40.21,5.03,5.03,7.90,7.90,4248.84,4248.84,4398.57,4398.57,4270.09,4270.42,4389.91,4390.28,21.25,21.57,-8.66,-8.29,5.03,5.03,7.90,7.90,-29.89,0.35,0.0000,0.0000
22.500290,9.785,2.718,4.52,15.92,24.97,1.5687,7.02,-1.25,0.65,9.57,50.00,0.3000,10.04,15.78,40.21,5.02,5.02,7.89,7.89,4248.84,4248.84,4398.57,4398.57,4270.09,4270.41,4389.90,4390.26,21.24,21.56,-8.67,-8.31,5.02,5.02,7.89,7.89,-29.89,0.34,0.0000,0.0000
22.500290,9.776,2.715,4.52,15.89,24.93,1.5687,7.01,-1.25,0.65,9.55,50.00,0.3000,10.02,15.75,40.21,5.01,5.01,7.88,7.88,4248.84,4248.84,4398.57,4398.57,4270.08,4270.40,4389.88,4390.24,21.23,21.55,-8.69,-8.33,5.01,5.01,7.88,7.88,-29.90,0.34,0.0000,0.0000
22.500290,9.767,2.713,4.51,15.86,24.88,1.5687,7.00,-1.24,0.65,9.54,50.00,0.3000,10.00,15.72,40.21,5.00,5.00,7.86,7.86,4248.84,4248.84,4398.57,4398.57,4270.07,4270.39,4389.87,4390.23,21.22,21.54,-8.70,-8.34,5.00,5.00,7.86,7.86,-29.90,0.34,0.0000,0.0000
22.500290,9.758,2.710,4.50,15.83,24.83,1.5687,6.98,-1.24,0.65,9.52,50.00,0.3000,9.99,15.69,40.21,4.99,4.99,7.85,7.85,4248.84,4248.84,4398.57,4398.57,4270.06,4270.38,4389.85,4390.21,21.21,21.53,-8.71,-8.36,4.99,4.99,7.85,7.85,-29.91,0.34,0.0000,0.0000
22.500290,9.749,2.708,4.49,15.80,24.79,1.5687,6.97,-1.24,0.65,9.50,50.00,0.3000,9.97,15.66,40.21,4.98,4.98,7.83,7.83,4248.84,4248.84,4398.57,4398.57,4270.05,4270.37,4389.84,4390.20,21.20,21.52,-8.73,-8.37,4.98,4.98,7.83,7.83,-29.91,0.34,0.0000,0.0000
22.647326,9.740,2.706,4.48,15.77,24.74,1.5687,6.96,-1.24,0.65,9.48,50.00,0.3000,9.95,15.63,40.21,4.97,4.97,7.82,7.82,4248.84,4248.84,4398.57,4398.57,4270.03,4270.36,4389.82,4390.20,21.19,21.52,-8.75,-8.37,4.97,4.97,7.82,7.82,-29.91,0.36,0.0000,0.0000
22.647326,9.731,2.703,4.48,15.74,24.70,1.5687,6.94,-1.24,0.64,9.47,50.00,0.3000,9.93,15.61,40.21,4.97,4.97,7.80,7.80,4248.84,4248.84,4398.57,4398.57,4270.03,4270.34,4389.82,4390.17,21.19,21.50,-8.75,-8.40,4.97,4.97,7.80,7.80,-29.92,0.33,0.0000,0.0000
22.647326,9.722,2.701,4.47,15.72,24.65,1.5687,6.93,-1.23,0.64,9.45,50.00,0.3000,9.91,15.58,40.21,4.96,4.96,7.79,7.79,4248.84,4248.84,4398.57,4398.57,4270.02,4270.34,4389.80,4390.16,21.17,21.49,-8.77,-8.41,4.96,4.96,7.79,7.79,-29.92,0.34,0.0000,0.0000
22.647326,9.713,2.698,4.46,15.69,24.61,1.5687,6.92,-1.23,0.64,9.43,50.00,0.3000,9.89,15.55,40.21,4.95,4.95,7.77,7.77,4248.84,4248.84,4398.57,4398.57,4270.01,4270.32,4389.79,4390.15,21.16,21.48,-8.78,-8.42,4.95,4.95,7.77,7.77,-29.92,0.33,0.0000,0.0000
22.647326,9.704,2.696,4.45,15.66,24.56,1.5687,6.91,-1.23,0.64,9.41,50.00,0.3000,9.88,15.52,40.21,4.94,4.94,7.76,7.76,4248.84,4248.84,4398.57,4398.57,4270.00,4270.31,4389.78,4390.14,21.15,21.47,-8.79,-8.43,4.94,4.94,7.76,7.76,-29.92,0.34,0.0000,0.0000
22.647326,9.695,2.693,4.44,15.63,24.52,1.5687,6.89,-1.23,0.64,9.40,50.00,0.3000,9.86,15.49,40.21,4.93,4.93,7.75,7.75,4248.84,4248.84,4398.57,4398.57,4269.99,4270.30,4389.76,4390.12,21.14,21.46,-8.81,-8.45,4.93,4.93,7.75,7.75,-29.93,0.34,0.0000,0.0000
22.647326,9.686,2.691,4.43,15.60,24.47,1.5687,6.88,-1.22,0.64,9.38,50.00,0.3000,9.84,15.46,40.21,4.92,4.92,7.73,7.73,4248.84,4248.84,4398.57,4398.57,4269.98,4270.29,4389.75,4390.11,21.13,21.45,-8.82,-8.46,4.92,4.92,7.73,7.73,-29.93,0.33,0.0000,0.0000
22.647326,9.677,2.688,4.43,15.57,24.43,1.5687,6.87,-1.22,0.64,9.36,50.00,0.3000,9.82,15.43,40.21,4.91,4.91,7.72,7.72,4248.84,4248.84,4398.57,4398.57,4269.97,4270.28,4389.74,4390.09,21.12,21.44,-8.83,-8.48,4.91,4.91,7.72,7.72,-29.94,0.34,0.0000,0.0000
22.647326,9.668,2.686,4.42,15.54,24.38,1.5687,6.86,-1.22,0.64,9.34,50.00,0.3000,9.80,15.40,40.21,4.90,4.90,7.70,7.70,4248.84,4248.84,4398.57,4398.57,4269.96,4270.27,4389.73,4390.08,21.11,21.43,-8.84,-8.49,4.90,4.90,7.70,7.70,-29.94,0.33,0.0000,0.0000
22.647326,9.659,2.683,4.41,15.51,24.33,1.5687,6.84,-1.22,0.63,9.33,50.00,0.3000,9.78,15.38,40.21,4.89,4.89,7.69,7.69,4248.84,4248.84,4398.57,4398.57,4269.94,4270.27,4389.71,4390.08,21.09,21.42,-8.86,-8.49,4.89,4.89,7.69,7.69,-29.94,0.35,0.0000,0.0000
22.647326,9.650,2.681,4.40,15.48,24.29,1.5687,6.83,-1.21,0.63,9.31,50.00,0.3000,9.77,15.35,40.21,4.88,4.88,7.67,7.67,4248.84,4248.84,4398.57,4398.57,4269.95,4270.24,4389.71,4390.04,21.10,21.40,-8.86,-8.53,4.88,4.88,7.67,7.67,-29.94,0.31,0.0000,0.0000
22.647326,9.641,2.678,4.39,15.45,24.24,1.5687,6.82,-1.21,0.63,9.29,50.00,0.3000,9.75,15.32,40.21,4.87,4.87,7.66,7.66,4248.84,4248.84,4398.57,4398.57,4269.92,4270.24,4389.68,4390.05,21.08,21.40,-8.89,-8.52,4.87,4.87,7.66,7.66,-29.94,0.34,0.0000,0.0000
22.776720,9.632,2.676,4.38,15.43,24.20,1.5687,6.80,-1.21,0.63,9.27,50.00,0.3000,9.73,15.29,40.21,4.87,4.87,7.65,7.65,4248.84,4248.84,4398.57,4398.57,4269.92,4270.23,4389.67,4390.02,21.08,21.39,-8.90,-8.55,4.87,4.87,7.65,7.65,-29.95,0.33,0.0000,0.0000
22.776720,9.623,2.673,4.38,15.40,24.15,1.5687,6.79,-1.21,0.63,9.26,50.00,0.3000,9.71,15.26,40.21,4.86,4.86,7.63,7.63,4248.84,4248.84,4398.57,4398.57,4269.91,4270.23,4389.66,4390.01,21.06,21.38,-8.91,-8.56,4.86,4.86,7.63,7.63,-29.96,0.34,0.0000,0.0000
22.776720,9.614,2.671,4.37,15.37,24.11,1.5687,6.78,-1.21,0.63,9.24,50.00,0.3000,9.69,15.23,40.21,4.85,4.85,7.62,7.62,4248.84,4248.84,4398.57,4398.57,4269.90,4270.21,4389.65,4390.00,21.06,21.37,-8.92,-8.57,4.85,4.85,7.62,7.62,-29.96,0.33,0.0000,0.0000
22.776720,9.605,2.668,4.36,15.34,24.06,1.5687,6.77,-1.20,0.63,9.22,50.00,0.3000,9.68,15.21,40.21,4.84,4.84,7.60,7.60,4248.84,4248.84,4398.57,4398.57,4269.89,4270.21,4389.63,4389.99,21.04,21.36,-8.94,-8.58,4.84,4.84,7.60,7.60,-29.97,0.34,0.0000,0.0000
22.776720,9.596,2.666,4.35,15.31,24.02,1.5687,6.75,-1.20,0.63,9.20,50.00,0.3000,9.66,15.18,40.21,4.83,4.83,7.59,7.59,4248.84,4248.84,4398.57,4398.57,4269.88,4270.19,4389.62,4389.97,21.04,21.35,-8.95,-8.60,4.83,4.83,7.59,7.59,-29.97,0.33,0.0000,0.0000
22.776720,9.587,2.663,4.34,15.28,23.97,1.5687,6.74,-1.20,0.63,9.19,50.00,0.3000,9.64,15.15,40.21,4.82,4.82,7.57,7.57,4248.84,4248.84,4398.57,4398.57,4269.87,4270.19,4389.60,4389.96,21.02,21.34,-8.97,-8.61,4.82,4.82,7.57,7.57,-29.97,0.34,0.0000,0.0000
22.776720,9.578,2.661,4.34,15.25,23.93,1.5687,6.73,-1.20,0.62,9.17,50.00,0.3000,9.62,15.12,40.21,4.81,4.81,7.56,7.56,4248.84,4248.84,4398.57,4398.57,4269.86,4270.17,4389.60,4389.94,21.02,21.33,-8.97,-8.63,4.81,4.81,7.56,7.56,-29.97,0.33,0.0000,0.0000
22.776720,9.569,2.658,4.33,15.23,23.88,1.5687,6.72,-1.19,0.62,9.15,50.00,0.3000,9.60,15.09,40.21,4.80,4.80,7.55,7.55,4248.84,4248.84,4398.57,4398.57,4269.85,4270.17,4389.58,4389.93,21.01,21.32,-8.99,-8.64,4.80,4.80,7.55,7.55,-29.98,0.34,0.0000,0.0000
22.776720,9.560,2.656,4.32,15.20,23.84,1.5687,6.70,-1.19,0.62,9.14,50.00,0.3000,9.59,15.06,40.21,4.79,4.79,7.53,7.53,4248.84,4248.84,4398.57,4398.57,4269.84,4270.15,4389.57,4389.92,21.00,21.31,-9.00,-8.66,4.79,4.79,7.53,7.53,-29.98,0.33,0.0000,0.0000
22.776720,9.551,2.653,4.31,15.17,23.80,1.5687,6.69,-1.19,0.62,9.12,50.00,0.3000,9.57,15.04,40.21,4.78,4.78,7.52,7.52,4248.84,4248.84,4398.57,4398.57,4269.83,4270.14,4389.55,4389.91,20.98,21.30,-9.02,-8.66,4.78,4.78,7.52,7.52,-29.98,0.33,0.0000,0.0000
22.776720,9.542,2.651,4.30,15.14,23.75,1.5687,6.68,-1.19,0.62,9.10,50.00,0.3000,9.55,15.01,40.21,4.77,4.77,7.50,7.50,4248.84,4248.84,4398.57,4398.57,4269.82,4270.13,4389.54,4389.89,20.98,21.29,-9.03,-8.68,4.77,4.77,7.50,7.50,-29.99,0.33,0.0000,0.0000
22.776720,9.533,2.648,4.30,15.11,23.71,1.5687,6.67,-1.19,0.62,9.08,50.00,0.3000,9.53,14.98,40.21,4.77,4.77,7.49,7.49,4248.84,4248.84,4398.57,4398.57,4269.81,4270.12,4389.53,4389.88,20.97,21.28,-9.04,-8.69,4.77,4.77,7.49,7.49,-29.99,0.33,0.0000,0.0000
22.903696,9.524,2.646,4.29,15.08,23.66,1.5687,6.65,-1.18,0.62,9.07,50.00,0.3000,9.51,14.95,40.21,4.76,4.76,7.48,7.48,4248.84,4248.84,4398.57,4398.57,4269.81,4270.10,4389.53,4389.86,20.96,21.26,-9.04,-8.71,4.76,4.76,7.48,7.48,-29.99,0.31,0.0000,0.0000
22.903696,9.515,2.643,4.28,15.05,23.62,1.5687,6.64,-1.18,0.62,9.05,50.00,0.3000,9.50,14.92,40.21,4.75,4.75,7.46,7.46,4248.84,4248.84,4398.57,4398.57,4269.79,4270.10,4389.50,4389.86,20.94,21.26,-9.07,-8.71,4.75,4.75,7.46,7.46,-29.99,0.34,0.0000,0.0000
22.903696,9.506,2.641,4.27,15.03,23.57,1.5687,6.63,-1.18,0.62,9.03,50.00,0.3000,9.48,14.89,40.21,4.74,4.74,7.45,7.45,4248.84,4248.84,4398.57,4398.57,4269.78,4270.09,4389.49,4389.84,20.94,21.24,-9.08,-8.73,4.74,4.74,7.45,7.45,-30.00,0.32,0.0000,0.0000
22.903696,9.498,2.638,4.26,15.00,23.53,1.5687,6.62,-1.18,0.61,9.02,50.00,0.3000,9.46,14.87,40.21,4.73,4.73,7.43,7.43,4248.84,4248.84,4398.57,4398.57,4269.77,4270.08,4389.48,4389.83,20.93,21.24,-9.09,-8.74,4.73,4.73,7.43,7.43,-30.00,0.33,0.0000,0.0000
22.903696,9.489,2.636,4.26,14.97,23.48,1.5687,6.60,-1.17,0.61,9.00,50.00,0.3000,9.44,14.84,40.21,4.72,4.72,7.42,7.42,4248.84,4248.84,4398.57,4398.57,4269.77,4270.06,4389.47,4389.81,20.92,21.22,-9.10,-8.77,4.72,4.72,7.42,7.42,-30.00,0.31,0.0000,0.0000
22.903696,9.480,2.633,4.25,14.94,23.44,1.5687,6.59,-1.17,0.61,8.98,50.00,0.3000,9.42,14.81,40.21,4.71,4.71,7.41,7.41,4248.84,4248.84,4398.57,4398.57,4269.75,4270.06,4389.45,4389.80,20.91,21.22,-9.12,-8.77,4.71,4.71,7.41,7.41,-30.01,0.33,0.0000,0.0000
22.903696,9.471,2.631,4.24,14.91,23.39,1.5687,6.58,-1.17,0.61,8.97,50.00,0.3000,9.41,14.78,40.21,4.70,4.70,7.39,7.39,4248.84,4248.84,4398.57,4398.57,4269.75,4270.04,4389.45,4389.78,20.91,21.20,-9.12,-8.79,4.70,4.70,7.39,7.39,-30.01,0.31,0.0000,0.0000
22.903696,9.462,2.628,4.23,14.88,23.35,1.5687,6.57,-1.17,0.61,8.95,50.00,0.3000,9.39,14.75,40.21,4.69,4.69,7.38,7.38,4248.84,4248.84,4398.57,4398.57,4269.73,4270.04,4389.42,4389.77,20.89,21.20,-9.15,-8.80,4.69,4.69,7.38,7.38,-30.02,0.33,0.0000,0.0000
22.903696,9.453,2.626,4.22,14.86,23.31,1.5687,6.55,-1.17,0.61,8.93,50.00,0.3000,9.37,14.73,40.21,4.69,4.69,7.36,7.36,4248.84,4248.84,4398.57,4398.57,4269.73,4270.03,4389.41,4389.75,20.89,21.19,-9.15,-8.82,4.69,4.69,7.36,7.36,-30.02,0.32,0.0000,0.0000
22.903696,9.444,2.623,4.21,14.83,23.26,1.5687,6.54,-1.16,0.61,8.91,50.00,0.3000,9.35,14.70,40.21,4.68,4.68,7.35,7.35,4248.84,4248.84,4398.57,4398.57,4269.72,4270.02,4389.40,4389.74,20.88,21.17,-9.16,-8.83,4.68,4.68,7.35,7.35,-30.02,0.31,0.0000,0.0000
22.903696,9.435,2.621,4.21,14.80,23.22,1.5687,6.53,-1.16,0.61,8.90,50.00,0.3000,9.34,14.67,40.21,4.67,4.67,7.34,7.34,4248.84,4248.84,4398.57,4398.57,4269.71,4270.01,4389.39,4389.73,20.86,21.17,-9.18,-8.84,4.67,4.67,7.34,7.34,-30.03,0.33,0.0000,0.0000
22.903696,9.426,2.618,4.20,14.77,23.17,1.5687,6.52,-1.16,0.60,8.88,50.00,0.3000,9.32,14.64,40.21,4.66,4.66,7.32,7.32,4248.84,4248.84,4398.57,4398.57,4269.70,4269.99,4389.38,4389.71,20.86,21.15,-9.19,-8.86,4.66,4.66,7.32,7.32,-30.03,0.31,0.0000,0.0000
23.016790,9.417,2.616,4.19,14.74,23.13,1.5687,6.50,-1.16,0.60,8.86,50.00,0.3000,9.30,14.61,40.21,4.65,4.65,7.31,7.31,4248.84,4248.84,4398.57,4398.57,4269.68,4269.99,4389.36,4389.71,20.84,21.15,-9.21,-8.86,4.65,4.65,7.31,7.31,-30.03,0.33,0.0000,0.0000
23.016790,9.408,2.613,4.18,14.72,23.09,1.5687,6.49,-1.15,0.60,8.85,50.00,0.3000,9.28,14.59,40.21,4.64,4.64,7.29,7.29,4248.84,4248.84,4398.57,4398.57,4269.68,4269.97,4389.36,4389.68,20.84,21.13,-9.21,-8.89,4.64,4.64,7.29,7.29,-30.04,0.31,0.0000,0.0000
23.016790,9.399,2.611,4.18,14.69,23.04,1.5687,6.48,-1.15,0.60,8.83,50.00,0.3000,9.26,14.56,40.21,4.63,4.63,7.28,7.28,4248.84,4248.84,4398.57,4398.57,4269.67,4269.97,4389.33,4389.68,20.82,21.13,-9.24,-8.89,4.63,4.63,7.28,7.28,-30.04,0.33,0.0000,0.0000
23.016790,9.390,2.608,4.17,14.66,23.00,1.5687,6.47,-1.15,0.60,8.81,50.00,0.3000,9.25,14.53,40.21,4.62,4.62,7.27,7.27,4248.84,4248.84,4398.57,4398.57,4269.67,4269.95,4389.33,4389.65,20.82,21.11,-9.24,-8.92,4.62,4.62,7.27,7.27,-30.04,0.30,0.0000,0.0000
23.016790,9.381,2.606,4.16,14.63,22.95,1.5687,6.45,-1.15,0.60,8.80,50.00,0.3000,9.23,14.50,40.21,4.61,4.61,7.25,7.25,4248.84,4248.84,4398.57,4398.57,4269.64,4269.95,4389.31,4389.66,20.80,21.11,-9.26,-8.91,4.61,4.61,7.25,7.25,-30.04,0.33,0.0000,0.0000
23.016790,9.372,2.603,4.15,14.60,22.91,1.5687,6.44,-1.15,0.60,8.78,50.00,0.3000,9.21,14.48,40.21,4.61,4.61,7.24,7.24,4248.84,4248.84,4398.57,4398.57,4269.65,4269.93,4389.31,4389.63,20.80,21.08,-9.26,-8.94,4.61,4.61,7.24,7.24,-30.04,0.30,0.0000,0.0000
23.016790,9.363,2.601,4.14,14.58,22.87,1.5687,6.43,-1.14,0.60,8.76,50.00,0.3000,9.19,14.45,40.21,4.60,4.60,7.22,7.22,4248.84,4248.84,4398.57,4398.57,4269.63,4269.93,4389.29,4389.62,20.79,21.08,-9.28,-8.95,4.60,4.60,7.22,7.22,-30.05,0.32,0.0000,0.0000
23.016790,9.354,2.598,4.14,14.55,22.82,1.5687,6.42,-1.14,0.60,8.75,50.00,0.3000,9.18,14.42,40.21,4.59,4.59,7.21,7.21,4248.84,4248.84,4398.57,4398.57,4269.63,4269.91,4389.28,4389.60,20.78,21.07,-9.29,-8.97,4.59,4.59,7.21,7.21,-30.05,0.30,0.0000,0.0000
23.016790,9.345,2.596,4.13,14.52,22.78,1.5687,6.40,-1.14,0.59,8.73,50.00,0.3000,9.16,14.39,40.21,4.58,4.58,7.20,7.20,4248.84,4248.84,4398.57,4398.57,4269.61,4269.91,4389.26,4389.60,20.77,21.07,-9.31,-8.97,4.58,4.58,7.20,7.20,-30.06,0.32,0.0000,0.0000
23.016790,9.336,2.593,4.12,14.49,22.74,1.5687,6.39,-1.14,0.59,8.71,50.00,0.3000,9.14,14.37,40.21,4.57,4.57,7.18,7.18,4248.84,4248.84,4398.57,4398.57,4269.61,4269.89,4389.26,4389.57,20.77,21.05,-9.31,-9.00,4.57,4.57,7.18,7.18,-30.06,0.30,0.0000,0.0000
23.016790,9.327,2.591,4.11,14.46,22.69,1.5687,6.38,-1.13,0.59,8.70,50.00,0.3000,9.12,14.34,40.21,4.56,4.56,7.17,7.17,4248.84,4248.84,4398.57,4398.57,4269.59,4269.89,4389.24,4389.57,20.75,21.04,-9.33,-9.00,4.56,4.56,7.17,7.17,-30.06,0.31,0.0000,0.0000
23.016790,9.318,2.588,4.10,14.44,22.65,1.5687,6.37,-1.13,0.59,8.68,50.00,0.3000,9.11,14.31,40.21,4.55,4.55,7.16,7.16,4248.84,4248.84,4398.57,4398.57,4269.59,4269.87,4389.23,4389.55,20.74,21.03,-9.34,-9.02,4.55,4.55,7.16,7.16,-30.06,0.31,0.0000,0.0000
23.158781,9.309,2.586,4.10,14.41,22.60,1.5687,6.36,-1.13,0.59,8.66,50.00,0.3000,9.09,14.28,40.21,4.54,4.54,7.14,7.14,4248.84,4248.84,4398.57,4398.57,4269.57,4269.87,4389.21,4389.55,20.73,21.03,-9.36,-9.02,4.54,4.54,7.14,7.14,-30.07,0.32,0.0000,0.0000
23.158781,9.300,2.583,4.09,14.38,22.56,1.5687,6.34,-1.13,0.59,8.65,50.00,0.3000,9.07,14.26,40.21,4.54,4.54,7.13,7.13,4248.84,4248.84,4398.57,4398.57,4269.57,4269.85,4389.21,4389.52,20.73,21.01,-9.36,-9.05,4.54,4.54,7.13,7.13,-30.07,0.30,0.0000,0.0000
23.158781,9.291,2.581,4.08,14.35,22.52,1.5687,6.33,-1.13,0.59,8.63,50.00,0.3000,9.05,14.23,40.21,4.53,4.53,7.11,7.11,4248.84,4248.84,4398.57,4398.57,4269.56,4269.85,4389.19,4389.52,20.71,21.01,-9.38,-9.05,4.53,4.53,7.11,7.11,-30.08,0.31,0.0000,0.0000
23.158781,9.282,2.578,4.07,14.33,22.47,1.5687,6.32,-1.12,0.59,8.61,50.00,0.3000,9.04,14.20,40.21,4.52,4.52,7.10,7.10,4248.84,4248.84,4398.57,4398.57,4269.55,4269.84,4389.18,4389.50,20.71,20.99,-9.39,-9.07,4.52,4.52,7.10,7.10,-30.08,0.30,0.0000,0.0000
23.158781,9.274,2.576,4.06,14.30,22.43,1.5687,6.31,-1.12,0.59,8.60,50.00,0.3000,9.02,14.17,40.21,4.51,4.51,7.09,7.09,4248.84,4248.84,4398.57,4398.57,4269.53,4269.84,4389.15,4389.50,20.69,20.99,-9.42,-9.07,4.51,4.51,7.09,7.09,-30.09,0.32,0.0000,0.0000
23.158781,9.265,2.573,4.06,14.27,22.39,1.5687,6.29,-1.12,0.58,8.58,50.00,0.3000,9.00,14.15,40.21,4.50,4.50,7.07,7.07,4248.84,4248.84,4398.57,4398.57,4269.54,4269.81,4389.16,4389.47,20.69,20.97,-9.41,-9.10,4.50,4.50,7.07,7.07,-30.09,0.29,0.0000,0.0000
23.158781,9.256,2.571,4.05,14.24,22.34,1.5688,6.28,-1.12,0.58,8.56,50.00,0.3000,8.98,14.12,40.21,4.49,4.49,7.06,7.06,4248.84,4248.84,4398.57,4398.57,4269.52,4269.81,4389.14,4389.47,20.67,20.97,-9.43,-9.10,4.49,4.49,7.06,7.06,-30.09,0.31,0.0000,0.0000
23.158781,9.247,2.569,4.04,14.22,22.30,1.5688,6.27,-1.12,0.58,8.55,50.00,0.3000,8.97,14.09,40.21,4.48,4.48,7.05,7.05,4248.84,4248.84,4398.57,4398.57,4269.51,4269.80,4389.13,4389.45,20.67,20.95,-9.44,-9.12,4.48,4.48,7.05,7.05,-30.09,0.30,0.0000,0.0000
23.158781,9.238,2.566,4.03,14.19,22.26,1.5688,6.26,-1.11,0.58,8.53,50.00,0.3000,8.95,14.06,40.21,4.47,4.47,7.03,7.03,4248.84,4248.84,4398.57,4398.57,4269.50,4269.80,4389.11,4389.44,20.65,20.95,-9.46,-9.13,4.47,4.47,7.03,7.03,-30.10,0.32,0.0000,0.0000
23.158781,9.229,2.564,4.03,14.16,22.21,1.5688,6.25,-1.11,0.58,8.51,50.00,0.3000,8.93,14.04,40.21,4.47,4.47,7.02,7.02,4248.84,4248.84,4398.57,4398.57,4269.50,4269.78,4389.10,4389.42,20.65,20.93,-9.46,-9.15,4.47,4.47,7.02,7.02,-30.10,0.30,0.0000,0.0000
23.158781,9.220,2.561,4.02,14.13,22.17,1.5688,6.23,-1.11,0.58,8.50,50.00,0.3000,8.91,14.01,40.21,4.46,4.46,7.00,7.00,4248.84,4248.84,4398.57,4398.57,4269.48,4269.77,4389.09,4389.41,20.64,20.92,-9.48,-9.16,4.46,4.46,7.00,7.00,-30.10,0.30,0.0000,0.0000
23.158781,9.211,2.559,4.01,14.11,22.13,1.5688,6.22,-1.11,0.58,8.48,50.00,0.3000,8.90,13.98,40.21,4.45,4.45,6.99,6.99,4248.84,4248.84,4398.57,4398.57,4269.47,4269.76,4389.08,4389.40,20.63,20.92,-9.49,-9.17,4.45,4.45,6.99,6.99,-30.10,0.30,0.0000,0.0000
23.283047,9.202,2.556,4.00,14.08,22.09,1.5688,6.21,-1.10,0.58,8.46,50.00,0.3000,8.88,13.96,40.21,4.44,4.44,6.98,6.98,4248.84,4248.84,4398.57,4398.57,4269.46,4269.75,4389.07,4389.38,20.62,20.90,-9.50,-9.19,4.44,4.44,6.98,6.98,-30.11,0.30,0.0000,0.0000
23.283047,9.193,2.554,3.99,14.05,22.04,1.5688,6.20,-1.10,0.58,8.45,50.00,0.3000,8.86,13.93,40.21,4.43,4.43,6.96,6.96,4248.84,4248.84,4398.57,4398.57,4269.45,4269.74,4389.05,4389.37,20.61,20.90,-9.52,-9.20,4.43,4.43,6.96,6.96,-30.11,0.30,0.0000,0.0000
23.283047,9.184,2.551,3.99,14.02,22.00,1.5688,6.19,-1.10,0.57,8.43,50.00,0.3000,8.85,13.90,40.21,4.42,4.42,6.95,6.95,4248.84,4248.84,4398.57,4398.57,4269.45,4269.73,4389.04,4389.36,20.60,20.89,-9.53,-9.21,4.42,4.42,6.95,6.95,-30.12,0.30,0.0000,0.0000
23.283047,9.175,2.549,3.98,14.00,21.96,1.5688,6.17,-1.10,0.57,8.41,50.00,0.3000,8.83,13.87,40.21,4.41,4.41,6.94,6.94,4248.84,4248.84,4398.57,4398.57,4269.44,4269.72,4389.03,4389.35,20.59,20.88,-9.54,-9.22,4.41,4.41,6.94,6.94,-30.12,0.30,0.0000,0.0000
23.283047,9.166,2.546,3.97,13.97,21.91,1.5688,6.16,-1.10,0.57,8.40,50.00,0.3000,8.81,13.85,40.21,4.41,4.41,6.92,6.92,4248.84,4248.84,4398.57,4398.57,4269.43,4269.71,4389.02,4389.33,20.58,20.86,-9.55,-9.24,4.41,4.41,6.92,6.92,-30.12,0.30,0.0000,0.0000
23.283047,9.157,2.544,3.96,13.94,21.87,1.5688,6.15,-1.09,0.57,8.38,50.00,0.3000,8.79,13.82,40.21,4.40,4.40,6.91,6.91,4248.84,4248.84,4398.57,4398.57,4269.41,4269.70,4389.00,4389.32,20.57,20.86,-9.57,-9.25,4.40,4.40,6.91,6.91,-30.12,0.30,0.0000,0.0000
23.283047,9.148,2.541,3.96,13.91,21.83,1.5688,6.14,-1.09,0.57,8.37,50.00,0.3000,8.78,13.79,40.21,4.39,4.39,6.90,6.90,4248.84,4248.84,4398.57,4398.57,4269.41,4269.69,4388.99,4389.31,20.57,20.85,-9.58,-9.26,4.39,4.39,6.90,6.90,-30.13,0.30,0.0000,0.0000
23.283047,9.139,2.539,3.95,13.89,21.79,1.5688,6.13,-1.09,0.57,8.35,50.00,0.3000,8.76,13.77,40.21,4.38,4.38,6.88,6.88,4248.84,4248.84,4398.57,4398.57,4269.40,4269.68,4388.98,4389.29,20.56,20.84,-9.59,-9.28,4.38,4.38,6.88,6.88,-30.13,0.30,0.0000,0.0000
23.283047,9.130,2.536,3.94,13.86,21.74,1.5688,6.11,-1.09,0.57,8.33,50.00,0.3000,8.74,13.74,40.21,4.37,4.37,6.87,6.87,4248.84,4248.84,4398.57,4398.57,4269.39,4269.67,4388.96,4389.28,20.55,20.83,-9.61,-9.29,4.37,4.37,6.87,6.87,-30.14,0.30,0.0000,0.0000
23.283047,9.121,2.534,3.93,13.83,21.70,1.5688,6.10,-1.09,0.57,8.32,50.00,0.3000,8.73,13.71,40.21,4.36,4.36,6.86,6.86,4248.84,4248.84,4398.57,4398.57,4269.38,4269.66,4388.95,4389.27,20.54,20.82,-9.62,-9.30,4.36,4.36,6.86,6.86,-30.14,0.30,0.0000,0.0000
23.283047,9.112,2.531,3.92,13.81,21.66,1.5688,6.09,-1.08,0.57,8.30,50.00,0.3000,8.71,13.69,40.21,4.35,4.35,6.84,6.84,4248.84,4248.84,4398.57,4398.57,4269.37,4269.65,4388.94,4389.26,20.53,20.81,-9.63,-9.31,4.35,4.35,6.84,6.84,-30.14,0.30,0.0000,0.0000
23.283047,9.103,2.529,3.92,13.78,21.62,1.5688,6.08,-1.08,0.56,8.28,50.00,0.3000,8.69,13.66,40.21,4.35,4.35,6.83,6.83,4248.84,4248.84,4398.57,4398.57,4269.36,4269.64,4388.93,4389.24,20.52,20.80,-9.64,-9.33,4.35,4.35,6.83,6.83,-30.14,0.30,0.0000,0.0000
23.409704,9.095,2.526,3.91,13.75,21.57,1.5688,6.07,-1.08,0.56,8.27,50.00,0.3000,8.67,13.63,40.21,4.34,4.34,6.82,6.82,4248.84,4248.84,4398.57,4398.57,4269.35,4269.63,4388.92,4389.23,20.51,20.79,-9.65,-9.34,4.34,4.34,6.82,6.82,-30.15,0.30,0.0000,0.0000
23.409704,9.086,2.524,3.90,13.72,21.53,1.5688,6.05,-1.08,0.56,8.25,50.00,0.3000,8.66,13.60,40.21,4.33,4.33,6.80,6.80,4248.84,4248.84,4398.57,4398.57,4269.34,4269.62,4388.90,4389.22,20.50,20.78,-9.67,-9.35,4.33,4.33,6.80,6.80,-30.15,0.30,0.0000,0.0000
23.409704,9.077,2.521,3.89,13.70,21.49,1.5688,6.04,-1.07,0.56,8.24,50.00,0.3000,8.64,13.58,40.21,4.32,4.32,6.79,6.79,4248.84,4248.84,4398.57,4398.57,4269.33,4269.62,4388.89,4389.21,20.49,20.77,-9.68,-9.36,4.32,4.32,6.79,6.79,-30.15,0.30,0.0000,0.0000
23.409704,9.068,2.519,3.89,13.67,21.45,1.5688,6.03,-1.07,0.56,8.22,50.00,0.3000,8.62,13.55,40.21,4.31,4.31,6.78,6.78,4248.84,4248.84,4398.57,4398.57,4269.33,4269.60,4388.89,4389.19,20.49,20.75,-9.68,-9.38,4.31,4.31,6.78,6.78,-30.15,0.28,0.0000,0.0000
23.409704,9.059,2.516,3.88,13.64,21.40,1.5688,6.02,-1.07,0.56,8.20,50.00,0.3000,8.61,13.52,40.21,4.30,4.30,6.76,6.76,4248.84,4248.84,4398.57,4398.57,4269.31,4269.60,4388.86,4389.18,20.47,20.75,-9.71,-9.39,4.30,4.30,6.76,6.76,-30.16,0.30,0.0000,0.0000
23.409704,9.050,2.514,3.87,13.62,21.36,1.5688,6.01,-1.07,0.56,8.19,50.00,0.3000,8.59,13.50,40.21,4.29,4.29,6.75,6.75,4248.84,4248.84,4398.57,4398.57,4269.31,4269.58,4388.86,4389.17,20.46,20.74,-9.71,-9.40,4.29,4.29,6.75,6.75,-30.16,0.29,0.0000,0.0000
23.409704,9.041,2.511,3.86,13.59,21.32,1.5688,5.99,-1.07,0.56,8.17,50.00,0.3000,8.57,13.47,40.21,4.29,4.29,6.74,6.74,4248.84,4248.84,4398.57,4398.57,4269.30,4269.57,4388.85,4389.15,20.46,20.73,-9.72,-9.42,4.29,4.29,6.74,6.74,-30.16,0.28,0.0000,0.0000
23.409704,9.032,2.509,3.86,13.56,21.28,1.5688,5.98,-1.06,0.56,8.15,50.00,0.3000,8.56,13.44,40.21,4.28,4.28,6.72,6.72,4248.84,4248.84,4398.57,4398.57,4269.29,4269.57,4388.83,4389.14,20.44,20.73,-9.74,-9.43,4.28,4.28,6.72,6.72,-30.17,0.30,0.0000,0.0000
23.409704,9.023,2.506,3.85,13.54,21.24,1.5688,5.97,-1.06,0.55,8.14,50.00,0.3000,8.54,13.42,40.21,4.27,4.27,6.71,6.71,4248.84,4248.84,4398.57,4398.57,4269.28,4269.56,4388.82,4389.13,20.44,20.71,-9.75,-9.44,4.27,4.27,6.71,6.71,-30.17,0.29,0.0000,0.0000
23.409704,9.014,2.504,3.84,13.51,21.19,1.5688,5.96,-1.06,0.55,8.12,50.00,0.3000,8.52,13.39,40.21,4.26,4.26,6.70,6.70,4248.84,4248.84,4398.57,4398.57,4269.28,4269.54,4388.81,4389.11,20.44,20.70,-9.76,-9.46,4.26,4.26,6.70,6.70,-30.18,0.28,0.0000,0.0000
23.409704,9.005,2.501,3.83,13.48,21.15,1.5688,5.95,-1.06,0.55,8.11,50.00,0.3000,8.50,13.36,40.21,4.25,4.25,6.68,6.68,4248.84,4248.84,4398.57,4398.57,4269.26,4269.54,4388.79,4389.11,20.42,20.70,-9.78,-9.46,4.25,4.25,6.68,6.68,-30.18,0.30,0.0000,0.0000
23.409704,8.996,2.499,3.82,13.46,21.11,1.5688,5.93,-1.06,0.55,8.09,50.00,0.3000,8.49,13.34,40.21,4.24,4.24,6.67,6.67,4248.84,4248.84,4398.57,4398.57,4269.26,4269.52,4388.79,4389.08,20.42,20.67,-9.78,-9.49,4.24,4.24,6.67,6.67,-30.18,0.27,0.0000,0.0000
23.514536,8.987,2.496,3.82,13.43,21.07,1.5688,5.92,-1.05,0.55,8.07,50.00,0.3000,8.47,13.31,40.21,4.24,4.24,6.66,6.66,4248.84,4248.84,4398.57,4398.57,4269.24,4269.52,4388.76,4389.08,20.40,20.68,-9.80,-9.49,4.24,4.24,6.66,6.66,-30.18,0.30,0.0000,0.0000
23.514536,8.978,2.494,3.81,13.40,21.03,1.5688,5.91,-1.05,0.55,8.06,50.00,0.3000,8.45,13.29,40.21,4.23,4.23,6.64,6.64,4248.84,4248.84,4398.57,4398.57,4269.24,4269.50,4388.77,4389.06,20.40,20.65,-9.80,-9.51,4.23,4.23,6.64,6.64,-30.18,0.27,0.0000,0.0000
23.514536,8.969,2.491,3.80,13.38,20.98,1.5688,5.90,-1.05,0.55,8.04,50.00,0.3000,8.44,13.26,40.21,4.22,4.22,6.63,6.63,4248.84,4248.84,4398.57,4398.57,4269.23,4269.50,4388.75,4389.05,20.38,20.65,-9.82,-9.52,4.22,4.22,6.63,6.63,-30.19,0.28,0.0000,0.0000
23.514536,8.960,2.489,3.79,13.35,20.94,1.5688,5.89,-1.05,0.55,8.03,50.00,0.3000,8.42,13.23,40.21,4.21,4.21,6.62,6.62,4248.84,4248.84,4398.57,4398.57,4269.22,4269.49,4388.73,4389.04,20.37,20.65,-9.84,-9.53,4.21,4.21,6.62,6.62,-30.19,0.29,0.0000,0.0000
23.514536,8.951,2.487,3.79,13.32,20.90,1.5688,5.88,-1.05,0.55,8.01,50.00,0.3000,8.40,13.21,40.21,4.20,4.20,6.60,6.60,4248.84,4248.84,4398.57,4398.57,4269.22,4269.47,4388.73,4389.02,20.37,20.63,-9.84,-9.55,4.20,4.20,6.60,6.60,-30.20,0.27,0.0000,0.0000
23.514536,8.943,2.484,3.78,13.30,20.86,1.5688,5.86,-1.04,0.54,7.99,50.00,0.3000,8.39,13.18,40.21,4.19,4.19,6.59,6.59,4248.84,4248.84,4398.57,4398.57,4269.20,4269.48,4388.70,4389.02,20.35,20.63,-9.87,-9.55,4.19,4.19,6.59,6.59,-30.20,0.30,0.0000,0.0000
23.514536,8.934,2.482,3.77,13.27,20.82,1.5688,5.85,-1.04,0.54,7.98,50.00,0.3000,8.37,13.15,40.21,4.18,4.18,6.58,6.58,4248.84,4248.84,4398.57,4398.57,4269.20,4269.45,4388.71,4388.99,20.36,20.61,-9.86,-9.58,4.18,4.18,6.58,6.58,-30.20,0.27,0.0000,0.0000
23.514536,8.925,2.479,3.76,13.24,20.77,1.5688,5.84,-1.04,0.54,7.96,50.00,0.3000,8.35,13.13,40.21,4.18,4.18,6.56,6.56,4248.84,4248.84,4398.57,4398.57,4269.18,4269.45,4388.69,4388.99,20.34,20.61,-9.88,-9.58,4.18,4.18,6.56,6.56,-30.21,0.28,0.0000,0.0000
23.514536,8.916,2.477,3.76,13.22,20.73,1.5688,5.83,-1.04,0.54,7.95,50.00,0.3000,8.34,13.10,40.21,4.17,4.17,6.55,6.55,4248.84,4248.84,4398.57,4398.57,4269.17,4269.45,4388.67,4388.98,20.33,20.60,-9.90,-9.59,4.17,4.17,6.55,6.55,-30.21,0.29,0.0000,0.0000
23.514536,8.907,2.474,3.75,13.19,20.69,1.5688,5.82,-1.03,0.54,7.93,50.00,0.3000,8.32,13.07,40.21,4.16,4.16,6.54,6.54,4248.84,4248.84,4398.57,4398.57,4269.17,4269.43,4388.67,4388.96,20.33,20.58,-9.90,-9.61,4.16,4.16,6.54,6.54,-30.21,0.27,0.0000,0.0000
23.514536,8.898,2.472,3.74,13.16,20.65,1.5688,5.81,-1.03,0.54,7.91,50.00,0.3000,8.30,13.05,40.21,4.15,4.15,6.52,6.52,4248.84,4248.84,4398.57,4398.57,4269.15,4269.43,4388.65,4388.96,20.31,20.58,-9.92,-9.61,4.15,4.15,6.52,6.52,-30.21,0.29,0.0000,0.0000
23.514536,8.889,2.469,3.73,13.14,20.61,1.5688,5.79,-1.03,0.54,7.90,50.00,0.3000,8.29,13.02,40.21,4.14,4.14,6.51,6.51,4248.84,4248.84,4398.57,4398.57,4269.15,4269.41,4388.65,4388.93,20.31,20.56,-9.92,-9.64,4.14,4.14,6.51,6.51,-30.22,0.27,0.0000,0.0000
23.664270,8.880,2.467,3.73,13.11,20.57,1.5688,5.78,-1.03,0.54,7.88,50.00,0.3000,8.27,13.00,40.21,4.13,4.13,6.50,6.50,4248.84,4248.84,4398.57,4398.57,4269.13,4269.41,4388.62,4388.93,20.29,20.56,-9.95,-9.64,4.13,4.13,6.50,6.50,-30.22,0.29,0.0000,0.0000
23.664270,8.871,2.464,3.72,13.08,20.53,1.5688,5.77,-1.03,0.54,7.87,50.00,0.3000,8.25,12.97,40.21,4.13,4.13,6.48,6.48,4248.84,4248.84,4398.57,4398.57,4269.13,4269.39,4388.62,4388.91,20.29,20.54,-9.95,-9.66,4.13,4.13,6.48,6.48,-30.22,0.27,0.0000,0.0000
23.664270,8.862,2.462,3.71,13.06,20.48,1.5688,5.76,-1.02,0.53,7.85,50.00,0.3000,8.24,12.94,40.21,4.12,4.12,6.47,6.47,4248.84,4248.84,4398.57,4398.57,4269.12,4269.39,4388.60,4388.90,20.27,20.54,-9.97,-9.67,4.12,4.12,6.47,6.47,-30.23,0.28,0.0000,0.0000
23.664270,8.853,2.459,3.70,13.03,20.44,1.5688,5.75,-1.02,0.53,7.83,50.00,0.3000,8.22,12.92,40.21,4.11,4.11,6.46,6.46,4248.84,4248.84,4398.57,4398.57,4269.11,4269.38,4388.59,4388.89,20.27,20.53,-9.98,-9.68,4.11,4.11,6.46,6.46,-30.23,0.28,0.0000,0.0000
23.664270,8.844,2.457,3.70,13.01,20.40,1.5688,5.74,-1.02,0.53,7.82,50.00,0.3000,8.20,12.89,40.21,4.10,4.10,6.45,6.45,4248.84,4248.84,4398.57,4398.57,4269.11,4269.36,4388.58,4388.87,20.26,20.52,-9.99,-9.70,4.10,4.10,6.45,6.45,-30.23,0.27,0.0000,0.0000
23.664270,8.835,2.454,3.69,12.98,20.36,1.5688,5.72,-1.02,0.53,7.80,50.00,0.3000,8.19,12.87,40.21,4.09,4.09,6.43,6.43,4248.84,4248.84,4398.57,4398.57,4269.09,4269.36,4388.56,4388.87,20.25,20.52,-10.01,-9.70,4.09,4.09,6.43,6.43,-30.24,0.29,0.0000,0.0000
23.664270,8.826,2.452,3.68,12.95,20.32,1.5688,5.71,-1.02,0.53,7.79,50.00,0.3000,8.17,12.84,40.21,4.09,4.09,6.42,6.42,4248.84,4248.84,4398.57,4398.57,4269.09,4269.34,4388.56,4388.85,20.25,20.50,-10.01,-9.73,4.09,4.09,6.42,6.42,-30.24,0.27,0.0000,0.0000
23.664270,8.817,2.449,3.67,12.93,20.28,1.5688,5.70,-1.01,0.53,7.77,50.00,0.3000,8.15,12.81,40.21,4.08,4.08,6.41,6.41,4248.84,4248.84,4398.57,4398.57,4269.08,4269.34,4388.54,4388.84,20.23,20.49,-10.03,-9.73,4.08,4.08,6.41,6.41,-30.24,0.27,0.0000,0.0000
23.664270,8.809,2.447,3.67,12.90,20.24,1.5688,5.69,-1.01,0.53,7.76,50.00,0.3000,8.14,12.79,40.21,4.07,4.07,6.39,6.39,4248.84,4248.84,4398.57,4398.57,4269.06,4269.33,4388.52,4388.83,20.22,20.49,-10.04,-9.74,4.07,4.07,6.39,6.39,-30.25,0.29,0.0000,0.0000
23.664270,8.800,2.444,3.66,12.87,20.20,1.5688,5.68,-1.01,0.53,7.74,50.00,0.3000,8.12,12.76,40.21,4.06,4.06,6.38,6.38,4248.84,4248.84,4398.57,4398.57,4269.06,4269.31,4388.53,4388.81,20.22,20.47,-10.04,-9.76,4.06,4.06,6.38,6.38,-30.25,0.27,0.0000,0.0000
23.664270,8.791,2.442,3.65,12.85,20.16,1.5688,5.67,-1.01,0.53,7.72,50.00,0.3000,8.10,12.74,40.21,4.05,4.05,6.37,6.37,4248.84,4248.84,4398.57,4398.57,4269.05,4269.31,4388.51,4388.80,20.20,20.47,-10.06,-9.77,4.05,4.05,6.37,6.37,-30.25,0.28,0.0000,0.0000
23.664270,8.782,2.439,3.64,12.82,20.11,1.5688,5.66,-1.01,0.52,7.71,50.00,0.3000,8.09,12.71,40.21,4.04,4.04,6.36,6.36,4248.84,4248.84,4398.57,4398.57,4269.04,4269.29,4388.50,4388.79,20.20,20.45,-10.07,-9.78,4.04,4.04,6.36,6.36,-30.25,0.27,0.0000,0.0000
23.789854,8.773,2.437,3.64,12.80,20.07,1.5688,5.64,-1.00,0.52,7.69,50.00,0.3000,8.07,12.68,40.21,4.04,4.04,6.34,6.34,4248.84,4248.84,4398.57,4398.57,4269.03,4269.29,4388.48,4388.78,20.19,20.45,-10.08,-9.79,4.04,4.04,6.34,6.34,-30.25,0.28,0.0000,0.0000
23.789854,8.764,2.434,3.63,12.77,20.03,1.5688,5.63,-1.00,0.52,7.68,50.00,0.3000,8.06,12.66,40.21,4.03,4.03,6.33,6.33,4248.84,4248.84,4398.57,4398.57,4269.03,4269.28,4388.48,4388.76,20.18,20.43,-10.09,-9.81,4.03,4.03,6.33,6.33,-30.26,0.27,0.0000,0.0000
23.789854,8.755,2.432,3.62,12.74,19.99,1.5688,5.62,-1.00,0.52,7.66,50.00,0.3000,8.04,12.63,40.21,4.02,4.02,6.32,6.32,4248.84,4248.84,4398.57,4398.57,4269.02,4269.27,4388.46,4388.75,20.17,20.43,-10.11,-9.82,4.02,4.02,6.32,6.32,-30.26,0.27,0.0000,0.0000
23.789854,8.746,2.429,3.62,12.72,19.95,1.5688,5.61,-1.00,0.52,7.65,50.00,0.3000,8.02,12.61,40.21,4.01,4.01,6.30,6.30,4248.84,4248.84,4398.57,4398.57,4269.01,4269.26,4388.45,4388.74,20.17,20.42,-10.12,-9.83,4.01,4.01,6.30,6.30,-30.27,0.27,0.0000,0.0000
23.789854,8.737,2.427,3.61,12.69,19.91,1.5688,5.60,-1.00,0.52,7.63,50.00,0.3000,8.01,12.58,40.21,4.00,4.00,6.29,6.29,4248.84,4248.84,4398.57,4398.57,4269.00,4269.25,4388.44,4388.73,20.15,20.41,-10.13,-9.84,4.00,4.00,6.29,6.29,-30.27,0.27,0.0000,0.0000
23.789854,8.728,2.424,3.60,12.67,19.87,1.5688,5.59,-0.99,0.52,7.61,50.00,0.3000,7.99,12.56,40.21,3.99,3.99,6.28,6.28,4248.84,4248.84,4398.57,4398.57,4268.99,4269.24,4388.43,4388.71,20.15,20.40,-10.14,-9.86,3.99,3.99,6.28,6.28,-30.27,0.27,0.0000,0.0000
23.789854,8.719,2.422,3.59,12.64,19.83,1.5688,5.57,-0.99,0.52,7.60,50.00,0.3000,7.97,12.53,40.21,3.99,3.99,6.26,6.26,4248.84,4248.84,4398.57,4398.57,4268.98,4269.24,4388.41,4388.70,20.14,20.39,-10.16,-9.87,3.99,3.99,6.26,6.26,-30.28,0.27,0.0000,0.0000
23.789854,8.710,2.420,3.59,12.61,19.79,1.5688,5.56,-0.99,0.52,7.58,50.00,0.3000,7.96,12.50,40.21,3.98,3.98,6.25,6.25,4248.84,4248.84,4398.57,4398.57,4268.97,4269.22,4388.40,4388.69,20.13,20.38,-10.16,-9.88,3.98,3.98,6.25,6.25,-30.28,0.27,0.0000,0.0000
23.789854,8.701,2.417,3.58,12.59,19.75,1.5688,5.55,-0.99,0.52,7.57,50.00,0.3000,7.94,12.48,40.21,3.97,3.97,6.24,6.24,4248.84,4248.84,4398.57,4398.57,4268.96,4269.22,4388.39,4388.68,20.12,20.37,-10.18,-9.89,3.97,3.97,6.24,6.24,-30.28,0.27,0.0000,0.0000
23.789854,8.692,2.415,3.57,12.56,19.71,1.5688,5.54,-0.99,0.51,7.55,50.00,0.3000,7.92,12.45,40.21,3.96,3.96,6.23,6.23,4248.84,4248.84,4398.57,4398.57,4268.95,4269.20,4388.38,4388.67,20.11,20.36,-10.19,-9.91,3.96,3.96,6.23,6.23,-30.28,0.27,0.0000,0.0000
23.789854,8.684,2.412,3.56,12.54,19.67,1.5688,5.53,-0.98,0.51,7.54,50.00,0.3000,7.91,12.43,40.21,3.95,3.95,6.21,6.21,4248.84,4248.84,4398.57,4398.57,4268.94,4269.20,4388.37,4388.65,20.10,20.35,-10.20,-9.92,3.95,3.95,6.21,6.21,-30.29,0.27,0.0000,0.0000
23.789854,8.675,2.410,3.56,12.51,19.63,1.5688,5.52,-0.98,0.51,7.52,50.00,0.3000,7.89,12.40,40.21,3.95,3.95,6.20,6.20,4248.84,4248.84,4398.57,4398.57,4268.94,4269.19,4388.36,4388.64,20.09,20.34,-10.21,-9.93,3.95,3.95,6.20,6.20,-30.29,0.26,0.0000,0.0000
23.919113,8.666,2.407,3.55,12.49,19.59,1.5688,5.51,-0.98,0.51,7.51,50.00,0.3000,7.88,12.38,40.21,3.94,3.94,6.19,6.19,4248.84,4248.84,4398.57,4398.57,4268.93,4269.18,4388.34,4388.63,20.08,20.34,-10.23,-9.94,3.94,3.94,6.19,6.19,-30.30,0.27,0.0000,0.0000
23.919113,8.657,2.405,3.54,12.46,19.55,1.5688,5.50,-0.98,0.51,7.49,50.00,0.3000,7.86,12.35,40.21,3.93,3.93,6.18,6.18,4248.84,4248.84,4398.57,4398.57,4268.92,4269.17,4388.33,4388.61,20.08,20.33,-10.24,-9.96,3.93,3.93,6.18,6.18,-30.30,0.26,0.0000,0.0000
23.919113,8.648,2.402,3.53,12.43,19.51,1.5688,5.48,-0.98,0.51,7.48,50.00,0.3000,7.84,12.33,40.21,3.92,3.92,6.16,6.16,4248.84,4248.84,4398.57,4398.57,4268.92,4269.16,4388.33,4388.60,20.07,20.31,-10.24,-9.97,3.92,3.92,6.16,6.16,-30.30,0.25,0.0000,0.0000
23.919113,8.639,2.400,3.53,12.41,19.47,1.5688,5.47,-0.97,0.51,7.46,50.00,0.3000,7.83,12.30,40.21,3.91,3.91,6.15,6.15,4248.84,4248.84,4398.57,4398.57,4268.90,4269.16,4388.31,4388.59,20.06,20.31,-10.26,-9.98,3.91,3.91,6.15,6.15,-30.30,0.27,0.0000,0.0000
23.919113,8.630,2.397,3.52,12.38,19.43,1.5688,5.46,-0.97,0.51,7.44,50.00,0.3000,7.81,12.27,40.21,3.91,3.91,6.14,6.14,4248.84,4248.84,4398.57,4398.57,4268.90,4269.14,4388.30,4388.58,20.05,20.30,-10.27,-9.99,3.91,3.91,6.14,6.14,-30.31,0.26,0.0000,0.0000
23.919113,8.621,2.395,3.51,12.36,19.39,1.5688,5.45,-0.97,0.51,7.43,50.00,0.3000,7.79,12.25,40.21,3.90,3.90,6.12,6.12,4248.84,4248.84,4398.57,4398.57,4268.88,4269.13,4388.29,4388.57,20.04,20.29,-10.28,-10.00,3.90,3.90,6.12,6.12,-30.31,0.27,0.0000,0.0000
23.919113,8.612,2.392,3.51,12.33,19.35,1.5688,5.44,-0.97,0.50,7.41,50.00,0.3000,7.78,12.22,40.21,3.89,3.89,6.11,6.11,4248.84,4248.84,4398.57,4398.57,4268.88,4269.12,4388.28,4388.55,20.04,20.27,-10.29,-10.02,3.89,3.89,6.11,6.11,-30.31,0.25,0.0000,0.0000
23.919113,8.603,2.390,3.50,12.31,19.31,1.5688,5.43,-0.97,0.50,7.40,50.00,0.3000,7.76,12.20,40.21,3.88,3.88,6.10,6.10,4248.84,4248.84,4398.57,4398.57,4268.87,4269.12,4388.26,4388.54,20.02,20.27,-10.31,-10.03,3.88,3.88,6.10,6.10,-30.31,0.27,0.0000,0.0000
23.919113,8.594,2.387,3.49,12.28,19.27,1.5688,5.42,-0.96,0.50,7.38,50.00,0.3000,7.75,12.17,40.21,3.87,3.87,6.09,6.09,4248.84,4248.84,4398.57,4398.57,4268.86,4269.10,4388.26,4388.52,20.02,20.25,-10.31,-10.05,3.87,3.87,6.09,6.09,-30.32,0.25,0.0000,0.0000
23.919113,8.585,2.385,3.48,12.25,19.23,1.5688,5.41,-0.96,0.50,7.37,50.00,0.3000,7.73,12.15,40.21,3.87,3.87,6.07,6.07,4248.84,4248.84,4398.57,4398.57,4268.85,4269.10,4388.24,4388.52,20.00,20.25,-10.33,-10.05,3.87,3.87,6.07,6.07,-30.32,0.27,0.0000,0.0000
23.919113,8.576,2.382,3.48,12.23,19.19,1.5688,5.39,-0.96,0.50,7.35,50.00,0.3000,7.71,12.12,40.21,3.86,3.86,6.06,6.06,4248.84,4248.84,4398.57,4398.57,4268.84,4269.09,4388.23,4388.51,20.00,20.24,-10.34,-10.06,3.86,3.86,6.06,6.06,-30.32,0.26,0.0000,0.0000
23.919113,8.568,2.380,3.47,12.20,19.15,1.5688,5.38,-0.96,0.50,7.34,50.00,0.3000,7.70,12.10,40.21,3.85,3.85,6.05,6.05,4248.84,4248.84,4398.57,4398.57,4268.84,4269.07,4388.22,4388.49,20.00,20.23,-10.34,-10.08,3.85,3.85,6.05,6.05,-30.33,0.25,0.0000,0.0000
24.032499,8.559,2.377,3.46,12.18,19.11,1.5688,5.37,-0.96,0.50,7.32,50.00,0.3000,7.68,12.07,40.21,3.84,3.84,6.04,6.04,4248.84,4248.84,4398.57,4398.57,4268.82,4269.07,4388.20,4388.49,19.98,20.23,-10.37,-10.08,3.84,3.84,6.04,6.04,-30.33,0.27,0.0000,0.0000
24.032499,8.550,2.375,3.45,12.15,19.07,1.5688,5.36,-0.95,0.50,7.31,50.00,0.3000,7.67,12.05,40.21,3.83,3.83,6.02,6.02,4248.84,4248.84,4398.57,4398.57,4268.82,4269.05,4388.20,4388.46,19.98,20.21,-10.37,-10.11,3.83,3.83,6.02,6.02,-30.33,0.24,0.0000,0.0000
24.032499,8.541,2.372,3.45,12.13,19.03,1.5688,5.35,-0.95,0.50,7.29,50.00,0.3000,7.65,12.02,40.21,3.83,3.83,6.01,6.01,4248.84,4248.84,4398.57,4398.57,4268.80,4269.06,4388.18,4388.46,19.96,20.21,-10.39,-10.11,3.83,3.83,6.01,6.01,-30.34,0.27,0.0000,0.0000
24.032499,8.532,2.370,3.44,12.10,18.99,1.5688,5.34,-0.95,0.50,7.28,50.00,0.3000,7.63,12.00,40.21,3.82,3.82,6.00,6.00,4248.84,4248.84,4398.57,4398.57,4268.81,4269.04,4388.18,4388.44,19.96,20.19,-10.39,-10.13,3.82,3.82,6.00,6.00,-30.34,0.24,0.0000,0.0000
24.032499,8.523,2.367,3.43,12.08,18.95,1.5688,5.33,-0.95,0.49,7.26,50.00,0.3000,7.62,11.97,40.21,3.81,3.81,5.99,5.99,4248.84,4248.84,4398.57,4398.57,4268.79,4269.04,4388.16,4388.44,19.94,20.19,-10.41,-10.13,3.81,3.81,5.99,5.99,-30.34,0.26,0.0000,0.0000
24.032499,8.514,2.365,3.43,12.05,18.91,1.5688,5.32,-0.95,0.49,7.25,50.00,0.3000,7.60,11.95,40.21,3.80,3.80,5.97,5.97,4248.84,4248.84,4398.57,4398.57,4268.78,4269.02,4388.15,4388.42,19.94,20.18,-10.42,-10.15,3.80,3.80,5.97,5.97,-30.34,0.26,0.0000,0.0000
24.032499,8.505,2.363,3.42,12.03,18.87,1.5688,5.30,-0.94,0.49,7.23,50.00,0.3000,7.59,11.92,40.21,3.79,3.79,5.96,5.96,4248.84,4248.84,4398.57,4398.57,4268.78,4269.01,4388.15,4388.41,19.93,20.16,-10.42,-10.17,3.79,3.79,5.96,5.96,-30.34,0.24,0.0000,0.0000
24.032499,8.496,2.360,3.41,12.00,18.83,1.5688,5.29,-0.94,0.49,7.22,50.00,0.3000,7.57,11.90,40.21,3.79,3.79,5.95,5.95,4248.84,4248.84,4398.57,4398.57,4268.76,4269.01,4388.12,4388.41,19.91,20.17,-10.45,-10.17,3.79,3.79,5.95,5.95,-30.35,0.27,0.0000,0.0000
24.032499,8.487,2.358,3.40,11.98,18.79,1.5688,5.28,-0.94,0.49,7.20,50.00,0.3000,7.55,11.87,40.21,3.78,3.78,5.94,5.94,4248.84,4248.84,4398.57,4398.57,4268.76,4268.99,4388.12,4388.38,19.92,20.15,-10.45,-10.19,3.78,3.78,5.94,5.94,-30.35,0.24,0.0000,0.0000
24.032499,8.478,2.355,3.40,11.95,18.75,1.5688,5.27,-0.94,0.49,7.19,50.00,0.3000,7.54,11.85,40.21,3.77,3.77,5.92,5.92,4248.84,4248.84,4398.57,4398.57,4268.74,4268.99,4388.10,4388.38,19.90,20.15,-10.47,-10.19,3.77,3.77,5.92,5.92,-30.36,0.27,0.0000,0.0000
24.032499,8.470,2.353,3.39,11.93,18.71,1.5688,5.26,-0.94,0.49,7.17,50.00,0.3000,7.52,11.82,40.21,3.76,3.76,5.91,5.91,4248.84,4248.84,4398.57,4398.57,4268.75,4268.97,4388.10,4388.35,19.90,20.13,-10.47,-10.22,3.76,3.76,5.91,5.91,-30.36,0.24,0.0000,0.0000
24.032499,8.461,2.350,3.38,11.90,18.67,1.5688,5.25,-0.93,0.49,7.16,50.00,0.3000,7.51,11.80,40.21,3.75,3.75,5.90,5.90,4248.84,4248.84,4398.57,4398.57,4268.73,4268.98,4388.07,4388.36,19.88,20.13,-10.50,-10.21,3.75,3.75,5.90,5.90,-30.36,0.26,0.0000,0.0000
24.174528,8.452,2.348,3.38,11.88,18.63,1.5688,5.24,-0.93,0.49,7.14,50.00,0.3000,7.49,11.77,40.21,3.75,3.75,5.89,5.89,4248.84,4248.84,4398.57,4398.57,4268.73,4268.96,4388.08,4388.33,19.88,20.11,-10.49,-10.24,3.75,3.75,5.89,5.89,-30.36,0.24,0.0000,0.0000
24.174528,8.443,2.345,3.37,11.85,18.59,1.5688,5.23,-0.93,0.49,7.13,50.00,0.3000,7.48,11.75,40.21,3.74,3.74,5.87,5.87,4248.84,4248.84,4398.57,4398.57,4268.71,4268.96,4388.05,4388.33,19.87,20.11,-10.52,-10.24,3.74,3.74,5.87,5.87,-30.37,0.26,0.0000,0.0000
24.174528,8.434,2.343,3.36,11.83,18.55,1.5688,5.22,-0.93,0.48,7.11,50.00,0.3000,7.46,11.72,40.21,3.73,3.73,5.86,5.86,4248.84,4248.84,4398.57,4398.57,4268.71,4268.94,4388.05,4388.31,19.87,20.10,-10.52,-10.26,3.73,3.73,5.86,5.86,-30.37,0.24,0.0000,0.0000
24.174528,8.425,2.340,3.35,11.80,18.51,1.5688,5.20,-0.93,0.48,7.10,50.00,0.3000,7.44,11.70,40.21,3.72,3.72,5.85,5.85,4248.84,4248.84,4398.57,4398.57,4268.70,4268.93,4388.04,4388.30,19.86,20.09,-10.53,-10.27,3.72,3.72,5.85,5.85,-30.37,0.25,0.0000,0.0000
24.174528,8.416,2.338,3.35,11.78,18.47,1.5688,5.19,-0.92,0.48,7.08,50.00,0.3000,7.43,11.67,40.21,3.71,3.71,5.84,5.84,4248.84,4248.84,4398.57,4398.57,4268.69,4268.93,4388.02,4388.29,19.84,20.09,-10.55,-10.28,3.71,3.71,5.84,5.84,-30.38,0.26,0.0000,0.0000
24.174528,8.407,2.335,3.34,11.75,18.44,1.5688,5.18,-0.92,0.48,7.07,50.00,0.3000,7.41,11.65,40.21,3.71,3.71,5.82,5.82,4248.84,4248.84,4398.57,4398.57,4268.69,4268.91,4388.02,4388.27,19.84,20.07,-10.55,-10.30,3.71,3.71,5.82,5.82,-30.38,0.24,0.0000,0.0000
24.174528,8.398,2.333,3.33,11.73,18.40,1.5688,5.17,-0.92,0.48,7.05,50.00,0.3000,7.40,11.62,40.21,3.70,3.70,5.81,5.81,4248.84,4248.84,4398.57,4398.57,4268.67,4268.91,4388.00,4388.27,19.83,20.06,-10.57,-10.30,3.70,3.70,5.81,5.81,-30.38,0.25,0.0000,0.0000
24.174528,8.389,2.330,3.33,11.70,18.36,1.5688,5.16,-0.92,0.48,7.04,50.00,0.3000,7.38,11.60,40.21,3.69,3.69,5.80,5.80,4248.84,4248.84,4398.57,4398.57,4268.66,4268.90,4387.99,4388.26,19.82,20.06,-10.58,-10.31,3.69,3.69,5.80,5.80,-30.38,0.25,0.0000,0.0000
24.174528,8.380,2.328,3.32,11.68,18.32,1.5688,5.15,-0.92,0.48,7.02,50.00,0.3000,7.37,11.57,40.21,3.68,3.68,5.79,5.79,4248.84,4248.84,4398.57,4398.57,4268.66,4268.89,4387.98,4388.24,19.81,20.04,-10.59,-10.33,3.68,3.68,5.79,5.79,-30.39,0.24,0.0000,0.0000
24.174528,8.371,2.325,3.31,11.65,18.28,1.5688,5.14,-0.91,0.48,7.01,50.00,0.3000,7.35,11.55,40.21,3.67,3.67,5.78,5.78,4248.84,4248.84,4398.57,4398.57,4268.65,4268.88,4387.97,4388.23,19.80,20.04,-10.60,-10.34,3.67,3.67,5.78,5.78,-30.39,0.25,0.0000,0.0000
24.174528,8.363,2.323,3.31,11.63,18.24,1.5688,5.13,-0.91,0.48,6.99,50.00,0.3000,7.33,11.53,40.21,3.67,3.67,5.76,5.76,4248.84,4248.84,4398.57,4398.57,4268.64,4268.87,4387.96,4388.22,19.80,20.02,-10.61,-10.35,3.67,3.67,5.76,5.76,-30.39,0.24,0.0000,0.0000
24.174528,8.354,2.320,3.30,11.60,18.20,1.5688,5.12,-0.91,0.47,6.98,50.00,0.3000,7.32,11.50,40.21,3.66,3.66,5.75,5.75,4248.84,4248.84,4398.57,4398.57,4268.63,4268.86,4387.95,4388.21,19.79,20.02,-10.62,-10.36,3.66,3.66,5.75,5.75,-30.40,0.24,0.0000,0.0000
24.300041,8.345,2.318,3.29,11.58,18.16,1.5688,5.11,-0.91,0.47,6.96,50.00,0.3000,7.30,11.48,40.21,3.65,3.65,5.74,5.74,4248.84,4248.84,4398.57,4398.57,4268.62,4268.85,4387.94,4388.19,19.78,20.01,-10.63,-10.38,3.65,3.65,5.74,5.74,-30.40,0.24,0.0000,0.0000
24.300041,8.336,2.316,3.28,11.55,18.12,1.5688,5.10,-0.91,0.47,6.95,50.00,0.3000,7.29,11.45,40.21,3.64,3.64,5.73,5.73,4248.84,4248.84,4398.57,4398.57,4268.62,4268.84,4387.93,4388.18,19.77,20.00,-10.64,-10.39,3.64,3.64,5.73,5.73,-30.40,0.24,0.0000,0.0000
24.300041,8.327,2.313,3.28,11.53,18.09,1.5688,5.08,-0.90,0.47,6.93,50.00,0.3000,7.27,11.43,40.21,3.64,3.64,5.71,5.71,4248.84,4248.84,4398.57,4398.57,4268.61,4268.84,4387.91,4388.17,19.76,19.99,-10.66,-10.40,3.64,3.64,5.71,5.71,-30.41,0.24,0.0000,0.0000
24.300041,8.318,2.311,3.27,11.50,18.05,1.5688,5.07,-0.90,0.47,6.92,50.00,0.3000,7.26,11.40,40.21,3.63,3.63,5.70,5.70,4248.84,4248.84,4398.57,4398.57,4268.60,4268.82,4387.90,4388.16,19.75,19.98,-10.66,-10.41,3.63,3.63,5.70,5.70,-30.41,0.24,0.0000,0.0000
24.300041,8.309,2.308,3.26,11.48,18.01,1.5688,5.06,-0.90,0.47,6.90,50.00,0.3000,7.24,11.38,40.21,3.62,3.62,5.69,5.69,4248.84,4248.84,4398.57,4398.57,4268.59,4268.82,4387.89,4388.15,19.74,19.97,-10.68,-10.42,3.62,3.62,5.69,5.69,-30.41,0.24,0.0000,0.0000
24.300041,8.300,2.306,3.26,11.45,17.97,1.5688,5.05,-0.90,0.47,6.89,50.00,0.3000,7.23,11.35,40.21,3.61,3.61,5.68,5.68,4248.84,4248.84,4398.57,4398.57,4268.58,4268.81,4387.88,4388.14,19.74,19.96,-10.69,-10.43,3.61,3.61,5.68,5.68,-30.41,0.24,0.0000,0.0000
24.300041,8.291,2.303,3.25,11.43,17.93,1.5688,5.04,-0.90,0.47,6.87,50.00,0.3000,7.21,11.33,40.21,3.60,3.60,5.67,5.67,4248.84,4248.84,4398.57,4398.57,4268.57,4268.80,4387.87,4388.13,19.73,19.95,-10.70,-10.44,3.60,3.60,5.67,5.67,-30.41,0.24,0.0000,0.0000
24.300041,8.282,2.301,3.24,11.41,17.89,1.5688,5.03,-0.89,0.47,6.86,50.00,0.3000,7.19,11.31,40.21,3.60,3.60,5.65,5.65,4248.84,4248.84,4398.57,4398.57,4268.57,4268.79,4387.86,4388.11,19.72,19.95,-10.71,-10.46,3.60,3.60,5.65,5.65,-30.42,0.24,0.0000,0.0000
24.300041,8.274,2.298,3.24,11.38,17.85,1.5688,5.02,-0.89,0.47,6.84,50.00,0.3000,7.18,11.28,40.21,3.59,3.59,5.64,5.64,4248.84,4248.84,4398.57,4398.57,4268.56,4268.78,4387.85,4388.10,19.71,19.94,-10.72,-10.47,3.59,3.59,5.64,5.64,-30.42,0.24,0.0000,0.0000
24.300041,8.265,2.296,3.23,11.36,17.82,1.5688,5.01,-0.89,0.46,6.83,50.00,0.3000,7.16,11.26,40.21,3.58,3.58,5.63,5.63,4248.84,4248.84,4398.57,4398.57,4268.55,4268.77,4387.84,4388.09,19.70,19.93,-10.73,-10.48,3.58,3.58,5.63,5.63,-30.42,0.24,0.0000,0.0000
24.300041,8.256,2.293,3.22,11.33,17.78,1.5688,5.00,-0.89,0.46,6.81,50.00,0.3000,7.15,11.23,40.21,3.57,3.57,5.62,5.62,4248.84,4248.84,4398.57,4398.57,4268.54,4268.76,4387.83,4388.08,19.70,19.92,-10.74,-10.49,3.57,3.57,5.62,5.62,-30.43,0.24,0.0000,0.0000
24.300041,8.247,2.291,3.21,11.31,17.74,1.5688,4.99,-0.89,0.46,6.80,50.00,0.3000,7.13,11.21,40.21,3.57,3.57,5.60,5.60,4248.84,4248.84,4398.57,4398.57,4268.53,4268.76,4387.81,4388.07,19.69,19.91,-10.76,-10.50,3.57,3.57,5.60,5.60,-30.43,0.24,0.0000,0.0000
24.435251,8.238,2.288,3.21,11.28,17.70,1.5688,4.98,-0.89,0.46,6.78,50.00,0.3000,7.12,11.18,40.21,3.56,3.56,5.59,5.59,4248.84,4248.84,4398.57,4398.57,4268.52,4268.75,4387.80,4388.05,19.68,19.90,-10.77,-10.52,3.56,3.56,5.59,5.59,-30.43,0.24,0.0000,0.0000
24.435251,8.229,2.286,3.20,11.26,17.66,1.5688,4.97,-0.88,0.46,6.77,50.00,0.3000,7.10,11.16,40.21,3.55,3.55,5.58,5.58,4248.84,4248.84,4398.57,4398.57,4268.52,4268.73,4387.80,4388.04,19.68,19.89,-10.77,-10.53,3.55,3.55,5.58,5.58,-30.44,0.23,0.0000,0.0000
24.435251,8.220,2.283,3.19,11.23,17.62,1.5688,4.95,-0.88,0.46,6.75,50.00,0.3000,7.09,11.14,40.21,3.54,3.54,5.57,5.57,4248.84,4248.84,4398.57,4398.57,4268.51,4268.73,4387.78,4388.03,19.66,19.89,-10.79,-10.54,3.54,3.54,5.57,5.57,-30.44,0.24,0.0000,0.0000
24.435251,8.211,2.281,3.19,11.21,17.59,1.5688,4.94,-0.88,0.46,6.74,50.00,0.3000,7.07,11.11,40.21,3.54,3.54,5.56,5.56,4248.84,4248.84,4398.57,4398.57,4268.50,4268.72,4387.77,4388.02,19.66,19.88,-10.80,-10.55,3.54,3.54,5.56,5.56,-30.44,0.23,0.0000,0.0000
24.435251,8.202,2.278,3.18,11.19,17.55,1.5688,4.93,-0.88,0.46,6.73,50.00,0.3000,7.06,11.09,40.21,3.53,3.53,5.54,5.54,4248.84,4248.84,4398.57,4398.57,4268.49,4268.71,4387.76,4388.01,19.65,19.87,-10.81,-10.56,3.53,3.53,5.54,5.54,-30.44,0.24,0.0000,0.0000
24.435251,8.193,2.276,3.17,11.16,17.51,1.5688,4.92,-0.88,0.46,6.71,50.00,0.3000,7.04,11.06,40.21,3.52,3.52,5.53,5.53,4248.84,4248.84,4398.57,4398.57,4268.48,4268.71,4387.75,4388.00,19.64,19.86,-10.82,-10.57,3.52,3.52,5.53,5.53,-30.45,0.24,0.0000,0.0000
24.435251,8.185,2.273,3.17,11.14,17.47,1.5688,4.91,-0.87,0.46,6.70,50.00,0.3000,7.03,11.04,40.21,3.51,3.51,5.52,5.52,4248.84,4248.84,4398.57,4398.57,4268.48,4268.70,4387.74,4387.98,19.63,19.85,-10.83,-10.59,3.51,3.51,5.52,5.52,-30.45,0.23,0.0000,0.0000
24.435251,8.176,2.271,3.16,11.11,17.43,1.5688,4.90,-0.87,0.45,6.68,50.00,0.3000,7.01,11.02,40.21,3.50,3.50,5.51,5.51,4248.84,4248.84,4398.57,4398.57,4268.46,4268.69,4387.72,4387.98,19.62,19.84,-10.85,-10.59,3.50,3.50,5.51,5.51,-30.45,0.24,0.0000,0.0000
24.435251,8.167,2.269,3.15,11.09,17.40,1.5688,4.89,-0.87,0.45,6.67,50.00,0.3000,6.99,10.99,40.21,3.50,3.50,5.50,5.50,4248.84,4248.84,4398.57,4398.57,4268.46,4268.67,4387.72,4387.96,19.62,19.83,-10.85,-10.61,3.50,3.50,5.50,5.50,-30.46,0.22,0.0000,0.0000
24.435251,8.158,2.266,3.15,11.06,17.36,1.5689,4.88,-0.87,0.45,6.65,50.00,0.3000,6.98,10.97,40.21,3.49,3.49,5.48,5.48,4248.84,4248.84,4398.57,4398.57,4268.45,4268.67,4387.70,4387.96,19.60,19.83,-10.87,-10.61,3.49,3.49,5.48,5.48,-30.46,0.24,0.0000,0.0000
24.435251,8.149,2.264,3.14,11.04,17.32,1.5689,4.87,-0.87,0.45,6.64,50.00,0.3000,6.96,10.94,40.21,3.48,3.48,5.47,5.47,4248.84,4248.84,4398.57,4398.57,4268.44,4268.66,4387.69,4387.94,19.60,19.82,-10.88,-10.63,3.48,3.48,5.47,5.47,-30.46,0.23,0.0000,0.0000
24.435251,8.140,2.261,3.13,11.02,17.28,1.5689,4.86,-0.86,0.45,6.62,50.00,0.3000,6.95,10.92,40.21,3.47,3.47,5.46,5.46,4248.84,4248.84,4398.57,4398.57,4268.44,4268.65,4387.69,4387.92,19.59,19.81,-10.88,-10.65,3.47,3.47,5.46,5.46,-30.46,0.22,0.0000,0.0000
24.552885,8.131,2.259,3.12,10.99,17.24,1.5689,4.85,-0.86,0.45,6.61,50.00,0.3000,6.93,10.90,40.21,3.47,3.47,5.45,5.45,4248.84,4248.84,4398.57,4398.57,4268.42,4268.65,4387.67,4387.92,19.58,19.80,-10.90,-10.65,3.47,3.47,5.45,5.45,-30.47,0.24,0.0000,0.0000
24.552885,8.122,2.256,3.12,10.97,17.21,1.5689,4.84,-0.86,0.45,6.59,50.00,0.3000,6.92,10.87,40.21,3.46,3.46,5.44,5.44,4248.84,4248.84,4398.57,4398.57,4268.42,4268.63,4387.66,4387.91,19.57,19.79,-10.91,-10.66,3.46,3.46,5.44,5.44,-30.47,0.23,0.0000,0.0000
24.552885,8.113,2.254,3.11,10.94,17.17,1.5689,4.83,-0.86,0.45,6.58,50.00,0.3000,6.90,10.85,40.21,3.45,3.45,5.42,5.42,4248.84,4248.84,4398.57,4398.57,4268.41,4268.62,4387.65,4387.89,19.57,19.78,-10.91,-10.68,3.45,3.45,5.42,5.42,-30.47,0.22,0.0000,0.0000
24.552885,8.104,2.251,3.10,10.92,17.13,1.5689,4.82,-0.86,0.45,6.57,50.00,0.3000,6.89,10.83,40.21,3.44,3.44,5.41,5.41,4248.84,4248.84,4398.57,4398.57,4268.40,4268.62,4387.63,4387.89,19.55,19.78,-10.94,-10.68,3.44,3.44,5.41,5.41,-30.48,0.24,0.0000,0.0000
24.552885,8.096,2.249,3.10,10.90,17.09,1.5689,4.81,-0.85,0.45,6.55,50.00,0.3000,6.87,10.80,40.21,3.44,3.44,5.40,5.40,4248.84,4248.84,4398.57,4398.57,4268.39,4268.61,4387.63,4387.87,19.55,19.76,-10.94,-10.70,3.44,3.44,5.40,5.40,-30.47,0.23,0.0000,0.0000
24.552885,8.087,2.246,3.09,10.87,17.06,1.5689,4.79,-0.85,0.45,6.54,50.00,0.3000,6.86,10.78,40.21,3.43,3.43,5.39,5.39,4248.84,4248.84,4398.57,4398.57,4268.38,4268.60,4387.62,4387.86,19.54,19.76,-10.95,-10.71,3.43,3.43,5.39,5.39,-30.48,0.23,0.0000,0.0000
24.552885,8.078,2.244,3.08,10.85,17.02,1.5689,4.78,-0.85,0.44,6.52,50.00,0.3000,6.84,10.75,40.21,3.42,3.42,5.38,5.38,4248.84,4248.84,4398.57,4398.57,4268.38,4268.59,4387.61,4387.85,19.54,19.74,-10.96,-10.72,3.42,3.42,5.38,5.38,-30.48,0.22,0.0000,0.0000
24.552885,8.069,2.241,3.08,10.82,16.98,1.5689,4.77,-0.85,0.44,6.51,50.00,0.3000,6.83,10.73,40.21,3.41,3.41,5.37,5.37,4248.84,4248.84,4398.57,4398.57,4268.36,4268.59,4387.59,4387.84,19.52,19.74,-10.98,-10.73,3.41,3.41,5.37,5.37,-30.48,0.24,0.0000,0.0000
24.552885,8.060,2.239,3.07,10.80,16.94,1.5689,4.76,-0.85,0.44,6.49,50.00,0.3000,6.81,10.71,40.21,3.41,3.41,5.35,5.35,4248.84,4248.84,4398.57,4398.57,4268.36,4268.57,4387.59,4387.83,19.52,19.73,-10.98,-10.74,3.41,3.41,5.35,5.35,-30.49,0.23,0.0000,0.0000
24.552885,8.051,2.236,3.06,10.78,16.91,1.5689,4.75,-0.85,0.44,6.48,50.00,0.3000,6.80,10.68,40.21,3.40,3.40,5.34,5.34,4248.84,4248.84,4398.57,4398.57,4268.36,4268.57,4387.58,4387.81,19.51,19.72,-10.99,-10.76,3.40,3.40,5.34,5.34,-30.49,0.22,0.0000,0.0000
24.552885,8.042,2.234,3.06,10.75,16.87,1.5689,4.74,-0.84,0.44,6.47,50.00,0.3000,6.78,10.66,40.21,3.39,3.39,5.33,5.33,4248.84,4248.84,4398.57,4398.57,4268.34,4268.56,4387.56,4387.81,19.50,19.72,-11.01,-10.76,3.39,3.39,5.33,5.33,-30.50,0.23,0.0000,0.0000
24.552885,8.033,2.231,3.05,10.73,16.83,1.5689,4.73,-0.84,0.44,6.45,50.00,0.3000,6.77,10.64,40.21,3.38,3.38,5.32,5.32,4248.84,4248.84,4398.57,4398.57,4268.34,4268.55,4387.56,4387.79,19.50,19.70,-11.01,-10.78,3.38,3.38,5.32,5.32,-30.50,0.22,0.0000,0.0000
24.688311,8.024,2.229,3.04,10.71,16.80,1.5689,4.72,-0.84,0.44,6.44,50.00,0.3000,6.75,10.61,40.21,3.38,3.38,5.31,5.31,4248.84,4248.84,4398.57,4398.57,4268.33,4268.55,4387.54,4387.78,19.48,19.70,-11.03,-10.79,3.38,3.38,5.31,5.31,-30.50,0.23,0.0000,0.0000
24.688311,8.016,2.227,3.04,10.68,16.76,1.5689,4.71,-0.84,0.44,6.42,50.00,0.3000,6.74,10.59,40.21,3.37,3.37,5.29,5.29,4248.84,4248.84,4398.57,4398.57,4268.33,4268.53,4387.54,4387.76,19.48,19.69,-11.03,-10.81,3.37,3.37,5.29,5.29,-30.50,0.22,0.0000,0.0000
24.688311,8.007,2.224,3.03,10.66,16.72,1.5689,4.70,-0.84,0.44,6.41,50.00,0.3000,6.72,10.57,40.21,3.36,3.36,5.28,5.28,4248.84,4248.84,4398.57,4398.57,4268.31,4268.53,4387.52,4387.76,19.47,19.68,-11.05,-10.81,3.36,3.36,5.28,5.28,-30.50,0.23,0.0000,0.0000
24.688311,7.998,2.222,3.02,10.63,16.68,1.5689,4.69,-0.83,0.44,6.39,50.00,0.3000,6.71,10.54,40.21,3.35,3.35,5.27,5.27,4248.84,4248.84,4398.57,4398.57,4268.31,4268.51,4387.51,4387.74,19.47,19.67,-11.05,-10.83,3.35,3.35,5.27,5.27,-30.51,0.21,0.0000,0.0000
24.688311,7.989,2.219,3.02,10.61,16.65,1.5689,4.68,-0.83,0.43,6.38,50.00,0.3000,6.69,10.52,40.21,3.35,3.35,5.26,5.26,4248.84,4248.84,4398.57,4398.57,4268.29,4268.51,4387.49,4387.74,19.45,19.67,-11.08,-10.83,3.35,3.35,5.26,5.26,-30.51,0.23,0.0000,0.0000
24.688311,7.980,2.217,3.01,10.59,16.61,1.5689,4.67,-0.83,0.43,6.37,50.00,0.3000,6.68,10.50,40.21,3.34,3.34,5.25,5.25,4248.84,4248.84,4398.57,4398.57,4268.29,4268.49,4387.49,4387.72,19.45,19.65,-11.08,-10.85,3.34,3.34,5.25,5.25,-30.51,0.21,0.0000,0.0000
24.688311,7.971,2.214,3.00,10.56,16.57,1.5689,4.66,-0.83,0.43,6.35,50.00,0.3000,6.66,10.47,40.21,3.33,3.33,5.24,5.24,4248.84,4248.84,4398.57,4398.57,4268.28,4268.49,4387.48,4387.71,19.44,19.65,-11.09,-10.86,3.33,3.33,5.24,5.24,-30.52,0.22,0.0000,0.0000
24.688311,7.962,2.212,3.00,10.54,16.54,1.5689,4.65,-0.83,0.43,6.34,50.00,0.3000,6.65,10.45,40.21,3.32,3.32,5.22,5.22,4248.84,4248.84,4398.57,4398.57,4268.28,4268.48,4387.47,4387.70,19.43,19.64,-11.10,-10.87,3.32,3.32,5.22,5.22,-30.52,0.22,0.0000,0.0000
24.688311,7.953,2.209,2.99,10.52,16.50,1.5689,4.64,-0.83,0.43,6.32,50.00,0.3000,6.63,10.43,40.21,3.32,3.32,5.21,5.21,4248.84,4248.84,4398.57,4398.57,4268.26,4268.48,4387.45,4387.70,19.42,19.63,-11.12,-10.88,3.32,3.32,5.21,5.21,-30.52,0.23,0.0000,0.0000
24.688311,7.944,2.207,2.98,10.49,16.46,1.5689,4.63,-0.82,0.43,6.31,50.00,0.3000,6.62,10.40,40.21,3.31,3.31,5.20,5.20,4248.84,4248.84,4398.57,4398.57,4268.26,4268.46,4387.45,4387.68,19.42,19.62,-11.12,-10.90,3.31,3.31,5.20,5.20,-30.53,0.21,0.0000,0.0000
24.688311,7.936,2.204,2.98,10.47,16.43,1.5689,4.62,-0.82,0.43,6.29,50.00,0.3000,6.60,10.38,40.21,3.30,3.30,5.19,5.19,4248.84,4248.84,4398.57,4398.57,4268.25,4268.46,4387.44,4387.67,19.41,19.61,-11.13,-10.90,3.30,3.30,5.19,5.19,-30.53,0.22,0.0000,0.0000
24.688311,7.927,2.202,2.97,10.45,16.39,1.5689,4.61,-0.82,0.43,6.28,50.00,0.3000,6.59,10.36,40.21,3.29,3.29,5.18,5.18,4248.84,4248.84,4398.57,4398.57,4268.24,4268.45,4387.43,4387.65,19.40,19.60,-11.14,-10.92,3.29,3.29,5.18,5.18,-30.53,0.22,0.0000,0.0000
25.088312,7.918,2.199,2.96,10.42,16.35,1.5689,4.60,-0.82,0.43,6.27,50.00,0.3000,6.57,10.33,40.21,3.29,3.29,5.17,5.17,4248.84,4248.84,4398.57,4398.57,4268.24,4268.44,4387.42,4387.64,19.39,19.59,-11.15,-10.93,3.29,3.29,5.17,5.17,-30.53,0.21,0.0000,0.0000
25.088312,7.909,2.197,2.96,10.40,16.31,1.5689,4.59,-0.82,0.43,6.25,50.00,0.3000,6.56,10.31,40.21,3.28,3.28,5.15,5.15,4248.84,4248.84,4398.57,4398.57,4268.23,4268.43,4387.40,4387.64,19.38,19.59,-11.16,-10.94,3.28,3.28,5.15,5.15,-30.53,0.22,0.0000,0.0000
25.088312,7.900,2.194,2.95,10.38,16.28,1.5689,4.58,-0.81,0.42,6.24,50.00,0.3000,6.55,10.29,40.21,3.27,3.27,5.14,5.14,4248.84,4248.84,4398.57,4398.57,4268.22,4268.42,4387.40,4387.62,19.38,19.57,-11.17,-10.95,3.27,3.27,5.14,5.14,-30.54,0.21,0.0000,0.0000
25.088312,7.891,2.192,2.94,10.35,16.24,1.5689,4.57,-0.81,0.42,6.22,50.00,0.3000,6.53,10.26,40.21,3.27,3.27,5.13,5.13,4248.84,4248.84,4398.57,4398.57,4268.21,4268.41,4387.38,4387.61,19.37,19.57,-11.18,-10.96,3.27,3.27,5.13,5.13,-30.54,0.22,0.0000,0.0000
25.088312,7.882,2.189,2.94,10.33,16.21,1.5689,4.56,-0.81,0.42,6.21,50.00,0.3000,6.52,10.24,40.21,3.26,3.26,5.12,5.12,4248.84,4248.84,4398.57,4398.57,4268.20,4268.40,4387.38,4387.60,19.36,19.56,-11.19,-10.97,3.26,3.26,5.12,5.12,-30.54,0.21,0.0000,0.0000
25.088312,7.873,2.187,2.93,10.31,16.17,1.5689,4.55,-0.81,0.42,6.20,50.00,0.3000,6.50,10.22,40.21,3.25,3.25,5.11,5.11,4248.84,4248.84,4398.57,4398.57,4268.19,4268.40,4387.36,4387.59,19.35,19.55,-11.21,-10.98,3.25,3.25,5.11,5.11,-30.54,0.21,0.0000,0.0000
25.088312,7.864,2.185,2.92,10.28,16.13,1.5689,4.53,-0.81,0.42,6.18,50.00,0.3000,6.49,10.19,40.21,3.24,3.24,5.10,5.10,4248.84,4248.84,4398.57,4398.57,4268.19,4268.39,4387.35,4387.58,19.34,19.54,-11.21,-10.99,3.24,3.24,5.10,5.10,-30.55,0.21,0.0000,0.0000
25.088312,7.856,2.182,2.92,10.26,16.10,1.5689,4.52,-0.80,0.42,6.17,50.00,0.3000,6.47,10.17,40.21,3.24,3.24,5.09,5.09,4248.84,4248.84,4398.57,4398.57,4268.18,4268.38,4387.34,4387.57,19.33,19.54,-11.23,-11.00,3.24,3.24,5.09,5.09,-30.55,0.21,0.0000,0.0000
25.088312,7.847,2.180,2.91,10.24,16.06,1.5689,4.51,-0.80,0.42,6.15,50.00,0.3000,6.46,10.15,40.21,3.23,3.23,5.07,5.07,4248.84,4248.84,4398.57,4398.57,4268.17,4268.37,4387.33,4387.56,19.33,19.53,-11.24,-11.01,3.23,3.23,5.07,5.07,-30.55,0.21,0.0000,0.0000
25.088312,7.838,2.177,2.90,10.21,16.02,1.5689,4.50,-0.80,0.42,6.14,50.00,0.3000,6.44,10.12,40.21,3.22,3.22,5.06,5.06,4248.84,4248.84,4398.57,4398.57,4268.16,4268.36,4387.32,4387.55,19.32,19.52,-11.25,-11.02,3.22,3.22,5.06,5.06,-30.56,0.21,0.0000,0.0000
25.088312,7.829,2.175,2.90,10.19,15.99,1.5689,4.49,-0.80,0.42,6.13,50.00,0.3000,6.43,10.10,40.21,3.21,3.21,5.05,5.05,4248.84,4248.84,4398.57,4398.57,4268.16,4268.36,4387.31,4387.53,19.31,19.51,-11.26,-11.04,3.21,3.21,5.05,5.05,-30.56,0.21,0.0000,0.0000
25.088312,7.820,2.172,2.89,10.17,15.95,1.5689,4.48,-0.80,0.42,6.11,50.00,0.3000,6.41,10.08,40.21,3.21,3.21,5.04,5.04,4248.84,4248.84,4398.57,4398.57,4268.15,4268.35,4387.30,4387.52,19.31,19.50,-11.27,-11.05,3.21,3.21,5.04,5.04,-30.56,0.21,0.0000,0.0000
25.488312,7.811,2.170,2.88,10.14,15.91,1.5689,4.47,-0.80,0.42,6.10,50.00,0.3000,6.40,10.06,40.21,3.20,3.20,5.03,5.03,4248.84,4248.84,4398.57,4398.57,4268.14,4268.34,4387.29,4387.51,19.30,19.49,-11.28,-11.06,3.20,3.20,5.03,5.03,-30.57,0.21,0.0000,0.0000
25.488312,7.802,2.167,2.88,10.12,15.88,1.5689,4.46,-0.79,0.41,6.09,50.00,0.3000,6.38,10.03,40.21,3.19,3.19,5.02,5.02,4248.84,4248.84,4398.57,4398.57,4268.13,4268.33,4387.28,4387.50,19.29,19.49,-11.29,-11.07,3.19,3.19,5.02,5.02,-30.57,0.21,0.0000,0.0000
25.488312,7.793,2.165,2.87,10.10,15.84,1.5689,4.45,-0.79,0.41,6.07,50.00,0.3000,6.37,10.01,40.21,3.18,3.18,5.01,5.01,4248.84,4248.84,4398.57,4398.57,4268.13,4268.32,4387.27,4387.49,19.28,19.48,-11.30,-11.08,3.18,3.18,5.01,5.01,-30.57,0.21,0.0000,0.0000
25.488312,7.784,2.162,2.86,10.07,15.81,1.5689,4.44,-0.79,0.41,6.06,50.00,0.3000,6.36,9.99,40.21,3.18,3.18,4.99,4.99,4248.84,4248.84,4398.57,4398.57,4268.11,4268.32,4387.26,4387.48,19.27,19.47,-11.31,-11.09,3.18,3.18,4.99,4.99,-30.57,0.21,0.0000,0.0000
25.488312,7.776,2.160,2.86,10.05,15.77,1.5689,4.43,-0.79,0.41,6.04,50.00,0.3000,6.34,9.96,40.21,3.17,3.17,4.98,4.98,4248.84,4248.84,4398.57,4398.57,4268.11,4268.30,4387.25,4387.47,19.27,19.46,-11.32,-11.10,3.17,3.17,4.98,4.98,-30.57,0.21,0.0000,0.0000
25.488312,7.767,2.157,2.85,10.03,15.73,1.5689,4.42,-0.79,0.41,6.03,50.00,0.3000,6.33,9.94,40.21,3.16,3.16,4.97,4.97,4248.84,4248.84,4398.57,4398.57,4268.11,4268.29,4387.24,4387.45,19.26,19.45,-11.33,-11.12,3.16,3.16,4.97,4.97,-30.58,0.20,0.0000,0.0000
25.488312,7.758,2.155,2.84,10.01,15.70,1.5689,4.41,-0.79,0.41,6.02,50.00,0.3000,6.31,9.92,40.21,3.16,3.16,4.96,4.96,4248.84,4248.84,4398.57,4398.57,4268.09,4268.29,4387.23,4387.45,19.25,19.45,-11.34,-11.12,3.16,3.16,4.96,4.96,-30.58,0.21,0.0000,0.0000
25.488312,7.749,2.152,2.84,9.98,15.66,1.5689,4.40,-0.78,0.41,6.00,50.00,0.3000,6.30,9.90,40.21,3.15,3.15,4.95,4.95,4248.84,4248.84,4398.57,4398.57,4268.09,4268.28,4387.22,4387.44,19.24,19.44,-11.35,-11.13,3.15,3.15,4.95,4.95,-30.58,0.21,0.0000,0.0000
25.488312,7.740,2.150,2.83,9.96,15.63,1.5689,4.39,-0.78,0.41,5.99,50.00,0.3000,6.28,9.87,40.21,3.14,3.14,4.94,4.94,4248.84,4248.84,4398.57,4398.57,4268.08,4268.27,4387.21,4387.42,19.24,19.43,-11.36,-11.15,3.14,3.14,4.94,4.94,-30.59,0.20,0.0000,0.0000
25.488312,7.731,2.148,2.82,9.94,15.59,1.5689,4.38,-0.78,0.41,5.97,50.00,0.3000,6.27,9.85,40.21,3.13,3.13,4.93,4.93,4248.84,4248.84,4398.57,4398.57,4268.07,4268.27,4387.19,4387.42,19.23,19.42,-11.38,-11.15,3.13,3.13,4.93,4.93,-30.59,0.21,0.0000,0.0000
25.488312,7.722,2.145,2.82,9.91,15.55,1.5689,4.37,-0.78,0.41,5.96,50.00,0.3000,6.25,9.83,40.21,3.13,3.13,4.91,4.91,4248.84,4248.84,4398.57,4398.57,4268.06,4268.26,4387.19,4387.40,19.22,19.41,-11.38,-11.17,3.13,3.13,4.91,4.91,-30.59,0.21,0.0000,0.0000
25.488312,7.713,2.143,2.81,9.89,15.52,1.5689,4.36,-0.78,0.40,5.95,50.00,0.3000,6.24,9.81,40.21,3.12,3.12,4.90,4.90,4248.84,4248.84,4398.57,4398.57,4268.05,4268.25,4387.17,4387.39,19.21,19.41,-11.40,-11.18,3.12,3.12,4.90,4.90,-30.59,0.21,0.0000,0.0000
25.833761,7.705,2.140,2.81,9.87,15.48,1.5689,4.35,-0.77,0.40,5.93,50.00,0.3000,6.23,9.78,40.21,3.11,3.11,4.89,4.89,4248.84,4248.84,4398.57,4398.57,4268.05,4268.24,4387.17,4387.38,19.21,19.39,-11.40,-11.19,3.11,3.11,4.89,4.89,-30.60,0.19,0.0000,0.0000
25.833761,7.696,2.138,2.80,9.85,15.45,1.5689,4.34,-0.77,0.40,5.92,50.00,0.3000,6.21,9.76,40.21,3.11,3.11,4.88,4.88,4248.84,4248.84,4398.57,4398.57,4268.04,4268.24,4387.15,4387.38,19.19,19.39,-11.42,-11.19,3.11,3.11,4.88,4.88,-30.60,0.21,0.0000,0.0000
25.833761,7.687,2.135,2.79,9.82,15.41,1.5689,4.33,-0.77,0.40,5.91,50.00,0.3000,6.20,9.74,40.21,3.10,3.10,4.87,4.87,4248.84,4248.84,4398.57,4398.57,4268.03,4268.22,4387.15,4387.36,19.19,19.38,-11.42,-11.21,3.10,3.10,4.87,4.87,-30.60,0.20,0.0000,0.0000
25.833761,7.678,2.133,2.79,9.80,15.38,1.5689,4.32,-0.77,0.40,5.89,50.00,0.3000,6.18,9.72,40.21,3.09,3.09,4.86,4.86,4248.84,4248.84,4398.57,4398.57,4268.02,4268.22,4387.13,4387.35,19.18,19.38,-11.44,-11.22,3.09,3.09,4.86,4.86,-30.60,0.21,0.0000,0.0000
25.833761,7.669,2.130,2.78,9.78,15.34,1.5689,4.31,-0.77,0.40,5.88,50.00,0.3000,6.17,9.69,40.21,3.08,3.08,4.85,4.85,4248.84,4248.84,4398.57,4398.57,4268.02,4268.21,4387.12,4387.34,19.17,19.36,-11.45,-11.23,3.08,3.08,4.85,4.85,-30.61,0.20,0.0000,0.0000
25.833761,7.660,2.128,2.77,9.76,15.31,1.5689,4.30,-0.77,0.40,5.87,50.00,0.3000,6.15,9.67,40.21,3.08,3.08,4.84,4.84,4248.84,4248.84,4398.57,4398.57,4268.01,4268.20,4387.11,4387.33,19.16,19.36,-11.46,-11.24,3.08,3.08,4.84,4.84,-30.61,0.21,0.0000,0.0000
25.833761,7.651,2.125,2.77,9.73,15.27,1.5689,4.29,-0.76,0.40,5.85,50.00,0.3000,6.14,9.65,40.21,3.07,3.07,4.82,4.82,4248.84,4248.84,4398.57,4398.57,4268.00,4268.20,4387.10,4387.32,19.16,19.35,-11.47,-11.25,3.07,3.07,4.82,4.82,-30.61,0.21,0.0000,0.0000
25.833761,7.642,2.123,2.76,9.71,15.23,1.5689,4.28,-0.76,0.40,5.84,50.00,0.3000,6.13,9.63,40.21,3.06,3.06,4.81,4.81,4248.84,4248.84,4398.57,4398.57,4267.99,4268.19,4387.09,4387.31,19.15,19.34,-11.48,-11.26,3.06,3.06,4.81,4.81,-30.62,0.21,0.0000,0.0000
25.833761,7.634,2.120,2.75,9.69,15.20,1.5689,4.27,-0.76,0.40,5.82,50.00,0.3000,6.11,9.60,40.21,3.06,3.06,4.80,4.80,4248.84,4248.84,4398.57,4398.57,4267.99,4268.17,4387.09,4387.29,19.15,19.33,-11.48,-11.28,3.06,3.06,4.80,4.80,-30.62,0.19,0.0000,0.0000
25.833761,7.625,2.118,2.75,9.67,15.16,1.5689,4.26,-0.76,0.40,5.81,50.00,0.3000,6.10,9.58,40.21,3.05,3.05,4.79,4.79,4248.84,4248.84,4398.57,4398.57,4267.97,4268.17,4387.07,4387.29,19.13,19.33,-11.50,-11.28,3.05,3.05,4.79,4.79,-30.62,0.21,0.0000,0.0000
25.833761,7.616,2.116,2.74,9.64,15.13,1.5689,4.25,-0.76,0.39,5.80,50.00,0.3000,6.08,9.56,40.21,3.04,3.04,4.78,4.78,4248.84,4248.84,4398.57,4398.57,4267.98,4268.15,4387.07,4387.27,19.14,19.31,-11.50,-11.30,3.04,3.04,4.78,4.78,-30.62,0.18,0.0000,0.0000
25.833761,7.607,2.113,2.73,9.62,15.09,1.5689,4.24,-0.75,0.39,5.78,50.00,0.3000,6.07,9.54,40.21,3.03,3.03,4.77,4.77,4248.84,4248.84,4398.57,4398.57,4267.96,4268.16,4387.05,4387.27,19.11,19.31,-11.52,-11.30,3.03,3.03,4.77,4.77,-30.62,0.21,0.0000,0.0000
25.953514,7.598,2.111,2.73,9.60,15.06,1.5689,4.23,-0.75,0.39,5.77,50.00,0.3000,6.05,9.51,40.21,3.03,3.03,4.76,4.76,4248.84,4248.84,4398.57,4398.57,4267.96,4268.14,4387.05,4387.25,19.12,19.29,-11.52,-11.32,3.03,3.03,4.76,4.76,-30.63,0.18,0.0000,0.0000
25.953514,7.589,2.108,2.72,9.58,15.02,1.5689,4.22,-0.75,0.39,5.76,50.00,0.3000,6.04,9.49,40.21,3.02,3.02,4.75,4.75,4248.84,4248.84,4398.57,4398.57,4267.94,4268.14,4387.02,4387.25,19.10,19.30,-11.54,-11.32,3.02,3.02,4.75,4.75,-30.63,0.21,0.0000,0.0000
25.953514,7.580,2.106,2.72,9.55,14.99,1.5689,4.21,-0.75,0.39,5.74,50.00,0.3000,6.03,9.47,40.21,3.01,3.01,4.74,4.74,4248.84,4248.84,4398.57,4398.57,4267.95,4268.12,4387.03,4387.22,19.11,19.28,-11.54,-11.35,3.01,3.01,4.74,4.74,-30.63,0.18,0.0000,0.0000
25.953514,7.571,2.103,2.71,9.53,14.95,1.5689,4.20,-0.75,0.39,5.73,50.00,0.3000,6.01,9.45,40.21,3.01,3.01,4.72,4.72,4248.84,4248.84,4398.57,4398.57,4267.93,4268.13,4387.00,4387.23,19.08,19.28,-11.57,-11.34,3.01,3.01,4.72,4.72,-30.64,0.21,0.0000,0.0000
25.953514,7.563,2.101,2.70,9.51,14.92,1.5689,4.19,-0.75,0.39,5.72,50.00,0.3000,6.00,9.43,40.21,3.00,3.00,4.71,4.71,4248.84,4248.84,4398.57,4398.57,4267.93,4268.11,4387.01,4387.20,19.09,19.26,-11.56,-11.37,3.00,3.00,4.71,4.71,-30.64,0.18,0.0000,0.0000
25.953514,7.554,2.098,2.70,9.49,14.88,1.5689,4.18,-0.74,0.39,5.70,50.00,0.3000,5.98,9.40,40.21,2.99,2.99,4.70,4.70,4248.84,4248.84,4398.57,4398.57,4267.91,4268.11,4386.98,4387.21,19.07,19.27,-11.58,-11.36,2.99,2.99,4.70,4.70,-30.64,0.21,0.0000,0.0000
25.953514,7.545,2.096,2.69,9.46,14.85,1.5689,4.17,-0.74,0.39,5.69,50.00,0.3000,5.97,9.38,40.21,2.99,2.99,4.69,4.69,4248.84,4248.84,4398.57,4398.57,4267.92,4268.09,4386.99,4387.18,19.07,19.24,-11.58,-11.39,2.99,2.99,4.69,4.69,-30.64,0.18,0.0000,0.0000
25.953514,7.536,2.093,2.68,9.44,14.81,1.5689,4.16,-0.74,0.39,5.68,50.00,0.3000,5.96,9.36,40.21,2.98,2.98,4.68,4.68,4248.84,4248.84,4398.57,4398.57,4267.90,4268.09,4386.97,4387.19,19.05,19.25,-11.60,-11.38,2.98,2.98,4.68,4.68,-30.64,0.21,0.0000,0.0000
25.953514,7.527,2.091,2.68,9.42,14.78,1.5689,4.15,-0.74,0.39,5.66,50.00,0.3000,5.94,9.34,40.21,2.97,2.97,4.67,4.67,4248.84,4248.84,4398.57,4398.57,4267.90,4268.07,4386.97,4387.16,19.06,19.23,-11.60,-11.41,2.97,2.97,4.67,4.67,-30.65,0.18,0.0000,0.0000
25.953514,7.518,2.088,2.67,9.40,14.74,1.5689,4.14,-0.74,0.38,5.65,50.00,0.3000,5.93,9.32,40.21,2.96,2.96,4.66,4.66,4248.84,4248.84,4398.57,4398.57,4267.88,4268.08,4386.94,4387.17,19.04,19.23,-11.62,-11.40,2.96,2.96,4.66,4.66,-30.65,0.21,0.0000,0.0000
25.953514,7.509,2.086,2.67,9.38,14.71,1.5689,4.13,-0.74,0.38,5.64,50.00,0.3000,5.91,9.29,40.21,2.96,2.96,4.65,4.65,4248.84,4248.84,4398.57,4398.57,4267.89,4268.06,4386.95,4387.14,19.04,19.21,-11.62,-11.43,2.96,2.96,4.65,4.65,-30.65,0.18,0.0000,0.0000
25.953514,7.501,2.083,2.66,9.35,14.67,1.5689,4.12,-0.73,0.38,5.62,50.00,0.3000,5.90,9.27,40.21,2.95,2.95,4.64,4.64,4248.84,4248.84,4398.57,4398.57,4267.87,4268.06,4386.93,4387.14,19.03,19.21,-11.64,-11.43,2.95,2.95,4.64,4.64,-30.66,0.20,0.0000,0.0000
26.089151,7.492,2.081,2.65,9.33,14.64,1.5689,4.12,-0.73,0.38,5.61,50.00,0.3000,5.89,9.25,40.21,2.94,2.94,4.63,4.63,4248.84,4248.84,4398.57,4398.57,4267.87,4268.05,4386.92,4387.12,19.03,19.20,-11.65,-11.45,2.94,2.94,4.63,4.63,-30.66,0.19,0.0000,0.0000
26.089151,7.483,2.079,2.65,9.31,14.60,1.5689,4.11,-0.73,0.38,5.60,50.00,0.3000,5.87,9.23,40.21,2.94,2.94,4.61,4.61,4248.84,4248.84,4398.57,4398.57,4267.86,4268.04,4386.91,4387.12,19.02,19.20,-11.66,-11.46,2.94,2.94,4.61,4.61,-30.66,0.19,0.0000,0.0000
26.089151,7.474,2.076,2.64,9.29,14.57,1.5689,4.10,-0.73,0.38,5.58,50.00,0.3000,5.86,9.21,40.21,2.93,2.93,4.60,4.60,4248.84,4248.84,4398.57,4398.57,4267.85,4268.03,4386.90,4387.10,19.01,19.19,-11.67,-11.47,2.93,2.93,4.60,4.60,-30.67,0.19,0.0000,0.0000
26.089151,7.465,2.074,2.63,9.26,14.54,1.5689,4.09,-0.73,0.38,5.57,50.00,0.3000,5.84,9.18,40.21,2.92,2.92,4.59,4.59,4248.84,4248.84,4398.57,4398.57,4267.85,4268.02,4386.89,4387.09,19.00,19.18,-11.68,-11.48,2.92,2.92,4.59,4.59,-30.67,0.19,0.0000,0.0000
26.089151,7.456,2.071,2.63,9.24,14.50,1.5689,4.08,-0.73,0.38,5.56,50.00,0.3000,5.83,9.16,40.21,2.92,2.92,4.58,4.58,4248.84,4248.84,4398.57,4398.57,4267.83,4268.02,4386.88,4387.09,18.99,19.17,-11.69,-11.48,2.92,2.92,4.58,4.58,-30.67,0.20,0.0000,0.0000
26.089151,7.447,2.069,2.62,9.22,14.47,1.5689,4.07,-0.72,0.38,5.54,50.00,0.3000,5.82,9.14,40.21,2.91,2.91,4.57,4.57,4248.84,4248.84,4398.57,4398.57,4267.83,4268.00,4386.88,4387.07,18.99,19.16,-11.69,-11.50,2.91,2.91,4.57,4.57,-30.67,0.18,0.0000,0.0000
26.089151,7.438,2.066,2.61,9.20,14.43,1.5689,4.06,-0.72,0.38,5.53,50.00,0.3000,5.80,9.12,40.21,2.90,2.90,4.56,4.56,4248.84,4248.84,4398.57,4398.57,4267.82,4268.00,4386.86,4387.06,18.98,19.16,-11.71,-11.51,2.90,2.90,4.56,4.56,-30.67,0.19,0.0000,0.0000
26.089151,7.430,2.064,2.61,9.18,14.40,1.5689,4.05,-0.72,0.38,5.52,50.00,0.3000,5.79,9.10,40.21,2.89,2.89,4.55,4.55,4248.84,4248.84,4398.57,4398.57,4267.82,4267.99,4386.85,4387.05,18.97,19.15,-11.71,-11.52,2.89,2.89,4.55,4.55,-30.68,0.19,0.0000,0.0000
26.089151,7.421,2.061,2.60,9.15,14.36,1.5689,4.04,-0.72,0.37,5.50,50.00,0.3000,5.78,9.08,40.21,2.89,2.89,4.54,4.54,4248.84,4248.84,4398.57,4398.57,4267.81,4267.98,4386.85,4387.04,18.96,19.14,-11.72,-11.53,2.89,2.89,4.54,4.54,-30.68,0.19,0.0000,0.0000
26.089151,7.412,2.059,2.60,9.13,14.33,1.5689,4.03,-0.72,0.37,5.49,50.00,0.3000,5.76,9.05,40.21,2.88,2.88,4.53,4.53,4248.84,4248.84,4398.57,4398.57,4267.80,4267.98,4386.83,4387.03,18.96,19.13,-11.73,-11.54,2.88,2.88,4.53,4.53,-30.68,0.18,0.0000,0.0000
26.089151,7.403,2.056,2.59,9.11,14.29,1.5689,4.02,-0.71,0.37,5.48,50.00,0.3000,5.75,9.03,40.21,2.87,2.87,4.52,4.52,4248.84,4248.84,4398.57,4398.57,4267.79,4267.97,4386.82,4387.02,18.95,19.13,-11.75,-11.55,2.87,2.87,4.52,4.52,-30.69,0.19,0.0000,0.0000
26.089151,7.394,2.054,2.58,9.09,14.26,1.5689,4.01,-0.71,0.37,5.47,50.00,0.3000,5.73,9.01,40.21,2.87,2.87,4.51,4.51,4248.84,4248.84,4398.57,4398.57,4267.79,4267.96,4386.81,4387.01,18.94,19.12,-11.75,-11.56,2.87,2.87,4.51,4.51,-30.69,0.18,0.0000,0.0000
26.237822,7.385,2.051,2.58,9.07,14.23,1.5689,4.00,-0.71,0.37,5.45,50.00,0.3000,5.72,8.99,40.21,2.86,2.86,4.49,4.49,4248.84,4248.84,4398.57,4398.57,4267.78,4267.95,4386.80,4387.00,18.93,19.11,-11.77,-11.57,2.86,2.86,4.49,4.49,-30.69,0.19,0.0000,0.0000
26.237822,7.376,2.049,2.57,9.05,14.19,1.5689,3.99,-0.71,0.37,5.44,50.00,0.3000,5.71,8.97,40.21,2.85,2.85,4.48,4.48,4248.84,4248.84,4398.57,4398.57,4267.77,4267.94,4386.80,4386.99,18.93,19.10,-11.77,-11.58,2.85,2.85,4.48,4.48,-30.69,0.18,0.0000,0.0000
26.237822,7.368,2.047,2.57,9.02,14.16,1.5689,3.98,-0.71,0.37,5.43,50.00,0.3000,5.69,8.95,40.21,2.85,2.85,4.47,4.47,4248.84,4248.84,4398.57,4398.57,4267.76,4267.94,4386.78,4386.98,18.92,19.09,-11.79,-11.59,2.85,2.85,4.47,4.47,-30.69,0.19,0.0000,0.0000
26.237822,7.359,2.044,2.56,9.00,14.12,1.5689,3.97,-0.71,0.37,5.41,50.00,0.3000,5.68,8.92,40.21,2.84,2.84,4.46,4.46,4248.84,4248.84,4398.57,4398.57,4267.76,4267.93,4386.78,4386.97,18.91,19.08,-11.79,-11.60,2.84,2.84,4.46,4.46,-30.69,0.18,0.0000,0.0000
26.237822,7.350,2.042,2.55,8.98,14.09,1.5689,3.96,-0.70,0.37,5.40,50.00,0.3000,5.67,8.90,40.21,2.83,2.83,4.45,4.45,4248.84,4248.84,4398.57,4398.57,4267.75,4267.92,4386.76,4386.96,18.90,19.08,-11.81,-11.61,2.83,2.83,4.45,4.45,-30.70,0.19,0.0000,0.0000
26.237822,7.341,2.039,2.55,8.96,14.06,1.5689,3.95,-0.70,0.37,5.39,50.00,0.3000,5.65,8.88,40.21,2.83,2.83,4.44,4.44,4248.84,4248.84,4398.57,4398.57,4267.74,4267.91,4386.76,4386.95,18.90,19.07,-11.81,-11.62,2.83,2.83,4.44,4.44,-30.70,0.18,0.0000,0.0000
26.237822,7.332,2.037,2.54,8.94,14.02,1.5689,3.94,-0.70,0.37,5.37,50.00,0.3000,5.64,8.86,40.21,2.82,2.82,4.43,4.43,4248.84,4248.84,4398.57,4398.57,4267.73,4267.91,4386.74,4386.94,18.89,19.06,-11.83,-11.63,2.82,2.82,4.43,4.43,-30.70,0.19,0.0000,0.0000
26.237822,7.323,2.034,2.53,8.92,13.99,1.5689,3.93,-0.70,0.36,5.36,50.00,0.3000,5.62,8.84,40.21,2.81,2.81,4.42,4.42,4248.84,4248.84,4398.57,4398.57,4267.73,4267.90,4386.74,4386.93,18.89,19.05,-11.83,-11.64,2.81,2.81,4.42,4.42,-30.71,0.18,0.0000,0.0000
26.237822,7.314,2.032,2.53,8.89,13.95,1.5689,3.92,-0.70,0.36,5.35,50.00,0.3000,5.61,8.82,40.21,2.81,2.81,4.41,4.41,4248.84,4248.84,4398.57,4398.57,4267.72,4267.89,4386.72,4386.92,18.87,19.05,-11.84,-11.65,2.81,2.81,4.41,4.41,-30.71,0.18,0.0000,0.0000
26.237822,7.306,2.029,2.52,8.87,13.92,1.5689,3.91,-0.70,0.36,5.33,50.00,0.3000,5.60,8.80,40.21,2.80,2.80,4.40,4.40,4248.84,4248.84,4398.57,4398.57,4267.71,4267.88,4386.72,4386.91,18.87,19.04,-11.85,-11.66,2.80,2.80,4.40,4.40,-30.71,0.18,0.0000,0.0000
26.237822,7.297,2.027,2.52,8.85,13.89,1.5689,3.90,-0.69,0.36,5.32,50.00,0.3000,5.58,8.77,40.21,2.79,2.79,4.39,4.39,4248.84,4248.84,4398.57,4398.57,4267.71,4267.88,4386.70,4386.90,18.86,19.03,-11.87,-11.67,2.79,2.79,4.39,4.39,-30.72,0.18,0.0000,0.0000
26.237822,7.288,2.024,2.51,8.83,13.85,1.5689,3.89,-0.69,0.36,5.31,50.00,0.3000,5.57,8.75,40.21,2.79,2.79,4.38,4.38,4248.84,4248.84,4398.57,4398.57,4267.70,4267.87,4386.70,4386.89,18.85,19.02,-11.87,-11.68,2.79,2.79,4.38,4.38,-30.72,0.18,0.0000,0.0000
26.402422,7.279,2.022,2.50,8.81,13.82,1.5689,3.88,-0.69,0.36,5.30,50.00,0.3000,5.56,8.73,40.21,2.78,2.78,4.37,4.37,4248.84,4248.84,4398.57,4398.57,4267.69,4267.86,4386.68,4386.88,18.85,19.02,-11.88,-11.69,2.78,2.78,4.37,4.37,-30.72,0.18,0.0000,0.0000
26.402422,7.270,2.019,2.50,8.79,13.79,1.5689,3.88,-0.69,0.36,5.28,50.00,0.3000,5.54,8.71,40.21,2.77,2.77,4.36,4.36,4248.84,4248.84,4398.57,4398.57,4267.68,4267.85,4386.68,4386.87,18.84,19.01,-11.89,-11.70,2.77,2.77,4.36,4.36,-30.72,0.18,0.0000,0.0000
26.402422,7.261,2.017,2.49,8.77,13.75,1.5689,3.87,-0.69,0.36,5.27,50.00,0.3000,5.53,8.69,40.21,2.76,2.76,4.34,4.34,4248.84,4248.84,4398.57,4398.57,4267.68,4267.85,4386.67,4386.86,18.83,19.00,-11.90,-11.71,2.76,2.76,4.34,4.34,-30.72,0.18,0.0000,0.0000
26.402422,7.252,2.015,2.49,8.74,13.72,1.5689,3.86,-0.69,0.36,5.26,50.00,0.3000,5.52,8.67,40.21,2.76,2.76,4.33,4.33,4248.84,4248.84,4398.57,4398.57,4267.67,4267.84,4386.66,4386.85,18.82,19.00,-11.91,-11.72,2.76,2.76,4.33,4.33,-30.73,0.18,0.0000,0.0000
26.402422,7.244,2.012,2.48,8.72,13.69,1.5689,3.85,-0.68,0.36,5.24,50.00,0.3000,5.50,8.65,40.21,2.75,2.75,4.32,4.32,4248.84,4248.84,4398.57,4398.57,4267.66,4267.83,4386.65,4386.84,18.82,18.99,-11.92,-11.73,2.75,2.75,4.32,4.32,-30.73,0.18,0.0000,0.0000
26.402422,7.235,2.010,2.47,8.70,13.65,1.5689,3.84,-0.68,0.36,5.23,50.00,0.3000,5.49,8.63,40.21,2.74,2.74,4.31,4.31,4248.84,4248.84,4398.57,4398.57,4267.65,4267.83,4386.64,4386.83,18.81,18.98,-11.93,-11.74,2.74,2.74,4.31,4.31,-30.73,0.18,0.0000,0.0000
26.402422,7.226,2.007,2.47,8.68,13.62,1.5689,3.83,-0.68,0.36,5.22,50.00,0.3000,5.48,8.61,40.21,2.74,2.74,4.30,4.30,4248.84,4248.84,4398.57,4398.57,4267.65,4267.81,4386.63,4386.82,18.80,18.97,-11.94,-11.75,2.74,2.74,4.30,4.30,-30.73,0.18,0.0000,0.0000
26.402422,7.217,2.005,2.46,8.66,13.59,1.5689,3.82,-0.68,0.35,5.21,50.00,0.3000,5.46,8.58,40.21,2.73,2.73,4.29,4.29,4248.84,4248.84,4398.57,4398.57,4267.64,4267.81,4386.62,4386.81,18.79,18.96,-11.95,-11.76,2.73,2.73,4.29,4.29,-30.73,0.18,0.0000,0.0000
26.402422,7.208,2.002,2.46,8.64,13.55,1.5689,3.81,-0.68,0.35,5.19,50.00,0.3000,5.45,8.56,40.21,2.72,2.72,4.28,4.28,4248.84,4248.84,4398.57,4398.57,4267.63,4267.80,4386.61,4386.80,18.79,18.96,-11.96,-11.77,2.72,2.72,4.28,4.28,-30.74,0.18,0.0000,0.0000
26.402422,7.199,2.000,2.45,8.62,13.52,1.5689,3.80,-0.68,0.35,5.18,50.00,0.3000,5.44,8.54,40.21,2.72,2.72,4.27,4.27,4248.84,4248.84,4398.57,4398.57,4267.62,4267.79,4386.60,4386.79,18.78,18.95,-11.97,-11.78,2.72,2.72,4.27,4.27,-30.74,0.18,0.0000,0.0000
26.402422,7.190,1.997,2.44,8.60,13.49,1.5689,3.79,-0.67,0.35,5.17,50.00,0.3000,5.42,8.52,40.21,2.71,2.71,4.26,4.26,4248.84,4248.84,4398.57,4398.57,4267.62,4267.78,4386.59,4386.77,18.78,18.94,-11.98,-11.80,2.71,2.71,4.26,4.26,-30.75,0.17,0.0000,0.0000
26.402422,7.182,1.995,2.44,8.57,13.45,1.5689,3.78,-0.67,0.35,5.16,50.00,0.3000,5.41,8.50,40.21,2.70,2.70,4.25,4.25,4248.84,4248.84,4398.57,4398.57,4267.61,4267.78,4386.57,4386.77,18.77,18.94,-12.00,-11.80,2.70,2.70,4.25,4.25,-30.75,0.19,0.0000,0.0000
26.565378,7.173,1.992,2.43,8.55,13.42,1.5689,3.77,-0.67,0.35,5.14,50.00,0.3000,5.40,8.48,40.21,2.70,2.70,4.24,4.24,4248.84,4248.84,4398.57,4398.57,4267.61,4267.77,4386.58,4386.75,18.77,18.92,-11.99,-11.82,2.70,2.70,4.24,4.24,-30.75,0.16,0.0000,0.0000
26.565378,7.164,1.990,2.43,8.53,13.39,1.5689,3.76,-0.67,0.35,5.13,50.00,0.3000,5.38,8.46,40.21,2.69,2.69,4.23,4.23,4248.84,4248.84,4398.57,4398.57,4267.59,4267.77,4386.55,4386.75,18.75,18.92,-12.01,-11.82,2.69,2.69,4.23,4.23,-30.75,0.18,0.0000,0.0000
26.565378,7.155,1.987,2.42,8.51,13.35,1.5689,3.75,-0.67,0.35,5.12,50.00,0.3000,5.37,8.44,40.21,2.68,2.68,4.22,4.22,4248.84,4248.84,4398.57,4398.57,4267.60,4267.75,4386.56,4386.73,18.75,18.91,-12.01,-11.84,2.68,2.68,4.22,4.22,-30.75,0.16,0.0000,0.0000
26.565378,7.146,1.985,2.41,8.49,13.32,1.5689,3.74,-0.67,0.35,5.10,50.00,0.3000,5.36,8.42,40.21,2.68,2.68,4.21,4.21,4248.84,4248.84,4398.57,4398.57,4267.58,4267.75,4386.54,4386.73,18.74,18.91,-12.03,-11.84,2.68,2.68,4.21,4.21,-30.76,0.18,0.0000,0.0000
26.565378,7.137,1.983,2.41,8.47,13.29,1.5689,3.73,-0.66,0.35,5.09,50.00,0.3000,5.34,8.40,40.21,2.67,2.67,4.20,4.20,4248.84,4248.84,4398.57,4398.57,4267.58,4267.74,4386.53,4386.72,18.73,18.90,-12.04,-11.85,2.67,2.67,4.20,4.20,-30.76,0.17,0.0000,0.0000
26.565378,7.128,1.980,2.40,8.45,13.25,1.5689,3.73,-0.66,0.35,5.08,50.00,0.3000,5.33,8.37,40.21,2.66,2.66,4.19,4.19,4248.84,4248.84,4398.57,4398.57,4267.57,4267.73,4386.53,4386.70,18.73,18.88,-12.04,-11.87,2.66,2.66,4.19,4.19,-30.76,0.17,0.0000,0.0000
26.565378,7.120,1.978,2.40,8.43,13.22,1.5689,3.72,-0.66,0.34,5.07,50.00,0.3000,5.32,8.35,40.21,2.66,2.66,4.18,4.18,4248.84,4248.84,4398.57,4398.57,4267.56,4267.73,4386.51,4386.70,18.71,18.88,-12.06,-11.87,2.66,2.66,4.18,4.18,-30.76,0.18,0.0000,0.0000
26.565378,7.111,1.975,2.39,8.41,13.19,1.5689,3.71,-0.66,0.34,5.05,50.00,0.3000,5.30,8.33,40.21,2.65,2.65,4.17,4.17,4248.84,4248.84,4398.57,4398.57,4267.56,4267.71,4386.51,4386.68,18.71,18.87,-12.06,-11.89,2.65,2.65,4.17,4.17,-30.76,0.16,0.0000,0.0000
26.565378,7.102,1.973,2.38,8.38,13.16,1.5689,3.70,-0.66,0.34,5.04,50.00,0.3000,5.29,8.31,40.21,2.64,2.64,4.16,4.16,4248.84,4248.84,4398.57,4398.57,4267.54,4267.71,4386.49,4386.68,18.70,18.87,-12.08,-11.89,2.64,2.64,4.16,4.16,-30.77,0.18,0.0000,0.0000
26.565378,7.093,1.970,2.38,8.36,13.12,1.5689,3.69,-0.66,0.34,5.03,50.00,0.3000,5.28,8.29,40.21,2.64,2.64,4.15,4.15,4248.84,4248.84,4398.57,4398.57,4267.55,4267.70,4386.49,4386.66,18.70,18.85,-12.08,-11.91,2.64,2.64,4.15,4.15,-30.77,0.16,0.0000,0.0000
26.565378,7.084,1.968,2.37,8.34,13.09,1.5689,3.68,-0.65,0.34,5.02,50.00,0.3000,5.26,8.27,40.21,2.63,2.63,4.14,4.14,4248.84,4248.84,4398.57,4398.57,4267.54,4267.69,4386.48,4386.66,18.69,18.85,-12.09,-11.92,2.63,2.63,4.14,4.14,-30.78,0.17,0.0000,0.0000
26.565378,7.075,1.965,2.37,8.32,13.06,1.5689,3.67,-0.65,0.34,5.00,50.00,0.3000,5.25,8.25,40.21,2.63,2.63,4.13,4.13,4248.84,4248.84,4398.57,4398.57,4267.53,4267.69,4386.47,4386.64,18.69,18.84,-12.10,-11.93,2.63,2.63,4.13,4.13,-30.78,0.17,0.0000,0.0000
26.724119,7.066,1.963,2.36,8.30,13.02,1.5689,3.66,-0.65,0.34,4.99,50.00,0.3000,5.24,8.23,40.21,2.62,2.62,4.11,4.11,4248.84,4248.84,4398.57,4398.57,4267.52,4267.68,4386.45,4386.64,18.67,18.84,-12.12,-11.93,2.62,2.62,4.11,4.11,-30.78,0.17,0.0000,0.0000
26.724119,7.058,1.960,2.35,8.28,12.99,1.5689,3.65,-0.65,0.34,4.98,50.00,0.3000,5.22,8.21,40.21,2.61,2.61,4.10,4.10,4248.84,4248.84,4398.57,4398.57,4267.52,4267.67,4386.45,4386.62,18.67,18.82,-12.12,-11.95,2.61,2.61,4.10,4.10,-30.78,0.16,0.0000,0.0000
26.724119,7.049,1.958,2.35,8.26,12.96,1.5689,3.64,-0.65,0.34,4.97,50.00,0.3000,5.21,8.19,40.21,2.61,2.61,4.09,4.09,4248.84,4248.84,4398.57,4398.57,4267.51,4267.67,4386.44,4386.62,18.66,18.82,-12.13,-11.95,2.61,2.61,4.09,4.09,-30.78,0.17,0.0000,0.0000
26.724119,7.040,1.956,2.34,8.24,12.93,1.5689,3.63,-0.65,0.34,4.95,50.00,0.3000,5.20,8.17,40.21,2.60,2.60,4.08,4.08,4248.84,4248.84,4398.57,4398.57,4267.50,4267.65,4386.43,4386.60,18.66,18.81,-12.14,-11.97,2.60,2.60,4.08,4.08,-30.79,0.16,0.0000,0.0000
26.724119,7.031,1.953,2.34,8.22,12.89,1.5689,3.62,-0.64,0.34,4.94,50.00,0.3000,5.18,8.15,40.21,2.59,2.59,4.07,4.07,4248.84,4248.84,4398.57,4398.57,4267.49,4267.65,4386.42,4386.60,18.65,18.80,-12.15,-11.97,2.59,2.59,4.07,4.07,-30.79,0.17,0.0000,0.0000
26.724119,7.022,1.951,2.33,8.20,12.86,1.5689,3.62,-0.64,0.34,4.93,50.00,0.3000,5.17,8.13,40.21,2.59,2.59,4.06,4.06,4248.84,4248.84,4398.57,4398.57,4267.49,4267.64,4386.42,4386.58,18.64,18.79,-12.15,-11.99,2.59,2.59,4.06,4.06,-30.79,0.16,0.0000,0.0000
26.724119,7.013,1.948,2.32,8.18,12.83,1.5689,3.61,-0.64,0.33,4.92,50.00,0.3000,5.16,8.11,40.21,2.58,2.58,4.05,4.05,4248.84,4248.84,4398.57,4398.57,4267.47,4267.64,4386.40,4386.58,18.63,18.79,-12.17,-11.99,2.58,2.58,4.05,4.05,-30.79,0.18,0.0000,0.0000
26.724119,7.005,1.946,2.32,8.16,12.80,1.5689,3.60,-0.64,0.33,4.90,50.00,0.3000,5.15,8.09,40.21,2.57,2.57,4.04,4.04,4248.84,4248.84,4398.57,4398.57,4267.48,4267.62,4386.40,4386.56,18.63,18.78,-12.17,-12.01,2.57,2.57,4.04,4.04,-30.79,0.16,0.0000,0.0000
26.724119,6.996,1.943,2.31,8.14,12.76,1.5689,3.59,-0.64,0.33,4.89,50.00,0.3000,5.13,8.07,40.21,2.57,2.57,4.03,4.03,4248.84,4248.84,4398.57,4398.57,4267.46,4267.62,4386.38,4386.56,18.62,18.78,-12.19,-12.01,2.57,2.57,4.03,4.03,-30.80,0.17,0.0000,0.0000
26.724119,6.987,1.941,2.31,8.12,12.73,1.5689,3.58,-0.64,0.33,4.88,50.00,0.3000,5.12,8.05,40.21,2.56,2.56,4.02,4.02,4248.84,4248.84,4398.57,4398.57,4267.46,4267.61,4386.38,4386.54,18.62,18.77,-12.19,-12.03,2.56,2.56,4.02,4.02,-30.80,0.16,0.0000,0.0000
26.724119,6.978,1.938,2.30,8.09,12.70,1.5689,3.57,-0.64,0.33,4.87,50.00,0.3000,5.11,8.03,40.21,2.55,2.55,4.01,4.01,4248.84,4248.84,4398.57,4398.57,4267.45,4267.61,4386.36,4386.54,18.61,18.76,-12.21,-12.03,2.55,2.55,4.01,4.01,-30.81,0.16,0.0000,0.0000
26.724119,6.969,1.936,2.30,8.07,12.67,1.5689,3.56,-0.63,0.33,4.85,50.00,0.3000,5.09,8.00,40.21,2.55,2.55,4.00,4.00,4248.84,4248.84,4398.57,4398.57,4267.44,4267.60,4386.35,4386.53,18.60,18.76,-12.22,-12.04,2.55,2.55,4.00,4.00,-30.81,0.17,0.0000,0.0000
26.869017,6.960,1.933,2.29,8.05,12.64,1.5689,3.55,-0.63,0.33,4.84,50.00,0.3000,5.08,7.98,40.21,2.54,2.54,3.99,3.99,4248.84,4248.84,4398.57,4398.57,4267.44,4267.59,4386.35,4386.51,18.60,18.75,-12.22,-12.06,2.54,2.54,3.99,3.99,-30.81,0.16,0.0000,0.0000
26.869017,6.951,1.931,2.28,8.03,12.60,1.5689,3.54,-0.63,0.33,4.83,50.00,0.3000,5.07,7.96,40.21,2.53,2.53,3.98,3.98,4248.84,4248.84,4398.57,4398.57,4258.97,4276.05,4376.82,4396.02,10.12,27.21,-21.75,-2.55,2.53,2.53,3.98,3.98,-30.81,18.14,0.0000,0.0000
26.869017,6.943,1.929,2.28,8.01,12.57,1.5689,3.53,-0.63,0.33,4.82,50.00,0.3000,5.05,7.94,40.21,2.53,2.53,3.97,3.97,4248.84,4248.84,4398.57,4398.57,4264.04,4270.95,4382.53,4390.30,15.20,22.11,-16.04,-8.27,2.53,2.53,3.97,3.97,-30.81,7.34,0.0000,0.0000
26.869017,6.934,1.926,2.27,7.99,12.54,1.5689,3.53,-0.63,0.33,4.81,50.00,0.3000,5.04,7.92,40.21,2.52,2.52,3.96,3.96,4248.84,4248.84,4398.57,4398.57,4265.03,4269.95,4383.64,4389.17,16.19,21.11,-14.93,-9.40,2.52,2.52,3.96,3.96,-30.81,5.23,0.0000,0.0000
26.869017,6.925,1.924,2.27,7.97,12.51,1.5689,3.52,-0.63,0.33,4.79,50.00,0.3000,5.03,7.90,40.21,2.51,2.51,3.95,3.95,4248.84,4248.84,4398.57,4398.57,4266.82,4268.15,4385.65,4387.14,17.98,19.31,-12.92,-11.43,2.51,2.51,3.95,3.95,-30.81,1.41,0.0000,0.0000
26.869017,6.916,1.921,2.26,7.95,12.48,1.5689,3.51,-0.62,0.33,4.78,50.00,0.3000,5.02,7.88,40.21,2.51,2.51,3.94,3.94,4248.84,4248.84,4398.57,4398.57,4266.51,4268.45,4385.30,4387.48,17.67,19.60,-13.27,-11.10,2.51,2.51,3.94,3.94,-30.82,2.06,0.0000,0.0000
26.869017,6.907,1.919,2.25,7.93,12.44,1.5689,3.50,-0.62,0.32,4.77,50.00,0.3000,5.00,7.86,40.21,2.50,2.50,3.93,3.93,4248.84,4248.84,4398.57,4398.57,4267.39,4267.55,4386.29,4386.47,18.55,18.71,-12.28,-12.10,2.50,2.50,3.93,3.93,-30.82,0.17,0.0000,0.0000
26.869017,6.898,1.916,2.25,7.91,12.41,1.5689,3.49,-0.62,0.32,4.76,50.00,0.3000,4.99,7.84,40.21,2.50,2.50,3.92,3.92,4248.84,4248.84,4398.57,4398.57,4266.95,4267.98,4385.79,4386.94,18.11,19.13,-12.78,-11.63,2.50,2.50,3.92,3.92,-30.82,1.09,0.0000,0.0000
26.869017,6.890,1.914,2.24,7.89,12.38,1.5689,3.48,-0.62,0.32,4.74,50.00,0.3000,4.98,7.82,40.21,2.49,2.49,3.91,3.91,4248.84,4248.84,4398.57,4398.57,4267.22,4267.69,4386.09,4386.62,18.38,18.85,-12.48,-11.95,2.49,2.49,3.91,3.91,-30.83,0.50,0.0000,0.0000
26.869017,6.881,1.911,2.24,7.87,12.35,1.5689,3.47,-0.62,0.32,4.73,50.00,0.3000,4.97,7.80,40.21,2.48,2.48,3.90,3.90,4248.84,4248.84,4398.57,4398.57,4267.12,4267.78,4385.98,4386.72,18.28,18.94,-12.59,-11.85,2.48,2.48,3.90,3.90,-30.83,0.70,0.0000,0.0000
26.869017,6.872,1.909,2.23,7.85,12.32,1.5689,3.46,-0.62,0.32,4.72,50.00,0.3000,4.95,7.78,40.21,2.48,2.48,3.89,3.89,4248.84,4248.84,4398.57,4398.57,4267.22,4267.67,4386.08,4386.59,18.37,18.82,-12.48,-11.98,2.48,2.48,3.89,3.89,-30.83,0.48,0.0000,0.0000
26.869017,6.863,1.906,2.23,7.83,12.29,1.5689,3.45,-0.61,0.32,4.71,50.00,0.3000,4.94,7.76,40.21,2.47,2.47,3.88,3.88,4248.84,4248.84,4398.57,4398.57,4267.22,4267.66,4386.08,4386.58,18.37,18.81,-12.49,-11.99,2.47,2.47,3.88,3.88,-30.83,0.47,0.0000,0.0000
27.034737,6.854,1.904,2.22,8.07,12.98,1.6081,3.44,-0.61,0.32,4.70,50.00,0.3000,5.65,7.74,43.55,2.83,2.83,3.87,3.87,4248.84,4248.84,4398.57,4398.57,4267.63,4267.95,4386.14,4386.50,18.78,19.11,-12.43,-12.07,2.83,2.83,3.87,3.87,-31.20,0.35,0.0000,0.0000
27.034737,6.845,1.901,2.21,8.06,12.94,1.6067,3.44,-0.61,0.32,4.68,50.00,0.3000,5.64,7.72,43.55,2.82,2.82,3.86,3.86,4248.84,4248.84,4398.57,4398.57,4069.19,4468.49,4160.81,4609.69,-179.65,219.65,-237.76,211.12,2.82,2.82,3.86,3.86,-33.32,424.09,0.0000,0.0000
27.034737,6.835,1.899,2.21,8.04,12.91,1.6059,3.44,-0.61,0.32,4.67,50.00,0.3000,5.62,7.70,43.55,2.81,2.81,3.85,3.85,4248.84,4248.84,4398.57,4398.57,4160.27,4379.05,4261.44,4507.39,-88.57,130.20,-137.13,108.82,2.81,2.81,3.85,3.85,-34.97,232.36,0.0000,0.0000
27.034737,6.827,1.896,2.20,8.02,12.87,1.6047,3.43,-0.61,0.32,4.66,50.00,0.3000,5.61,7.68,43.55,2.80,2.80,3.84,3.84,4248.84,4248.84,4398.57,4398.57,4095.23,4440.56,4192.05,4580.27,-153.61,191.72,-206.52,181.70,2.80,2.80,3.84,3.84,-31.47,366.77,0.0000,0.0000
27.034737,6.822,1.895,2.20,8.02,12.86,1.6036,3.43,-0.61,0.32,4.65,50.00,0.3000,5.60,7.67,43.55,2.80,2.80,3.83,3.83,4248.84,4248.84,4398.57,4398.57,4105.77,4417.93,4216.73,4567.66,-143.07,169.09,-181.84,169.09,2.80,2.80,3.83,3.83,-19.38,331.55,0.0000,0.0000
27.034737,6.820,1.895,2.20,8.02,12.85,1.6025,3.44,-0.61,0.32,4.65,50.00,0.3000,5.60,7.67,43.55,2.80,2.80,3.83,3.83,4248.84,4248.84,4398.57,4398.57,4075.03,4437.48,4194.06,4601.52,-173.81,188.63,-204.51,202.95,2.80,2.80,3.83,3.83,-8.19,384.96,0.0000,0.0000
27.034737,6.822,1.895,2.20,8.03,12.86,1.6013,3.45,-0.61,0.32,4.65,50.00,0.3000,5.60,7.67,43.55,2.80,2.80,3.83,3.83,4248.84,4248.84,4398.57,4398.57,4066.51,4435.65,4195.48,4610.46,-182.33,186.80,-203.09,211.89,2.80,2.80,3.83,3.83,2.16,392.06,0.0000,0.0000
27.034737,6.826,1.896,2.20,8.04,12.87,1.6001,3.46,-0.61,0.32,4.66,50.00,0.3000,5.60,7.68,43.55,2.80,2.80,3.84,3.84,4248.84,4248.84,4398.57,4398.57,4048.15,4445.57,4183.80,4630.59,-200.70,196.73,-214.77,232.02,2.80,2.80,3.84,3.84,10.61,422.11,0.0000,0.0000
27.034737,6.832,1.898,2.21,8.06,12.90,1.5990,3.47,-0.61,0.32,4.67,50.00,0.3000,5.62,7.69,43.55,2.81,2.81,3.85,3.85,4248.84,4248.84,4398.57,4398.57,4036.63,4449.74,4178.68,4643.09,-212.21,200.89,-219.89,244.52,2.81,2.81,3.85,3.85,17.97,438.76,0.0000,0.0000
27.034737,6.841,1.900,2.21,8.09,12.93,1.5978,3.48,-0.61,0.32,4.68,50.00,0.3000,5.63,7.71,43.55,2.81,2.81,3.86,3.86,4248.84,4248.84,4398.57,4398.57,4023.18,4456.77,4170.39,4657.84,-225.67,207.93,-228.18,259.27,2.81,2.81,3.86,3.86,24.41,460.52,0.0000,0.0000
27.034737,6.852,1.903,2.22,8.12,12.97,1.5967,3.50,-0.61,0.32,4.69,50.00,0.3000,5.65,7.74,43.55,2.82,2.82,3.87,3.87,4248.84,4248.84,4398.57,4398.57,4012.02,4461.83,4164.34,4670.02,-236.82,212.99,-234.23,271.45,2.82,2.82,3.87,3.87,30.53,477.74,0.0000,0.0000
27.034737,6.864,1.907,2.23,8.16,13.02,1.5957,3.52,-0.61,0.32,4.71,50.00,0.3000,5.67,7.77,43.55,2.83,2.83,3.88,3.88,4248.84,4248.84,4398.57,4398.57,4000.77,4467.15,4158.02,4682.32,-248.07,218.30,-240.55,283.75,2.83,2.83,3.88,3.88,36.49,495.34,0.0000,0.0000
27.199987,6.879,1.911,2.24,8.44,13.60,1.6117,3.54,-0.62,0.32,4.73,50.00,0.3000,6.22,7.80,45.73,3.11,3.11,3.90,3.90,4248.84,4248.84,4398.57,4398.57,3990.73,4471.73,4152.83,4693.56,-258.11,222.88,-245.74,294.99,3.11,3.11,3.90,3.90,42.24,510.86,0.0000,0.0000
27.199987,6.896,1.916,2.25,8.49,13.67,1.6107,3.56,-0.62,0.32,4.75,50.00,0.3000,6.25,7.84,45.73,3.13,3.13,3.92,3.92,4248.84,4248.84,4398.57,4398.57,3980.76,4475.68,4148.05,4704.44,-268.09,226.83,-250.52,305.87,3.13,3.13,3.92,3.92,48.30,525.65,0.0000,0.0000
27.199987,6.916,1.921,2.26,8.54,13.74,1.6098,3.59,-0.62,0.33,4.78,50.00,0.3000,6.29,7.88,45.73,3.14,3.14,3.94,3.94,4248.84,4248.84,4398.57,4398.57,3971.36,4478.97,4144.00,4714.66,-277.48,230.13,-254.57,316.09,3.14,3.14,3.94,3.94,54.43,539.13,0.0000,0.0000
27.199987,6.937,1.927,2.27,8.59,13.83,1.6090,3.61,-0.63,0.33,4.81,50.00,0.3000,6.32,7.93,45.73,3.16,3.16,3.97,3.97,4248.84,4248.84,4398.57,4398.57,3962.33,4481.91,4140.37,4724.48,-286.52,233.06,-258.20,325.91,3.16,3.16,3.97,3.97,60.58,551.84,0.0000,0.0000
27.199987,6.960,1.933,2.29,8.66,13.92,1.6083,3.64,-0.63,0.33,4.84,50.00,0.3000,6.37,7.98,45.73,3.18,3.18,3.99,3.99,4248.84,4248.84,4398.57,4398.57,3947.14,4492.17,4128.57,4741.30,-301.71,243.33,-270.00,342.73,3.18,3.18,3.99,3.99,65.55,578.88,0.0000,0.0000
27.199987,6.986,1.941,2.31,8.72,14.03,1.6077,3.67,-0.64,0.33,4.88,50.00,0.3000,6.41,8.04,45.73,3.21,3.21,4.02,4.02,4248.84,4248.84,4398.57,4398.57,3947.74,4484.45,4136.86,4740.23,-301.10,235.61,-261.71,341.66,3.21,3.21,4.02,4.02,72.72,570.04,0.0000,0.0000
27.199987,7.014,1.948,2.32,8.80,14.14,1.6071,3.70,-0.64,0.33,4.92,50.00,0.3000,6.47,8.11,45.73,3.23,3.23,4.05,4.05,4248.84,4248.84,4398.57,4398.57,3935.06,4491.52,4128.63,4754.20,-313.79,242.67,-269.94,355.63,3.23,3.23,4.05,4.05,78.40,591.01,0.0000,0.0000
27.199987,7.044,1.957,2.34,8.87,14.26,1.6067,3.74,-0.65,0.34,4.96,50.00,0.3000,6.52,8.18,45.73,3.26,3.26,4.09,4.09,4248.84,4248.84,4398.57,4398.57,3929.31,4491.19,4128.68,4760.35,-319.54,242.35,-269.89,361.78,3.26,3.26,4.09,4.09,84.53,596.78,0.0000,0.0000
27.199987,7.076,1.966,2.37,8.96,14.39,1.6063,3.77,-0.65,0.34,5.01,50.00,0.3000,6.58,8.25,45.73,3.29,3.29,4.13,4.13,4248.84,4248.84,4398.57,4398.57,3920.33,4494.52,4124.66,4770.16,-328.51,245.67,-273.91,371.59,3.29,3.29,4.13,4.13,90.26,609.84,0.0000,0.0000
27.199987,7.110,1.975,2.39,9.05,14.53,1.6060,3.81,-0.66,0.34,5.05,50.00,0.3000,6.64,8.33,45.73,3.32,3.32,4.17,4.17,4248.84,4248.84,4398.57,4398.57,3912.97,4496.17,4122.52,4778.15,-335.87,247.32,-276.05,379.58,3.32,3.32,4.17,4.17,96.04,619.41,0.0000,0.0000
27.199987,7.147,1.985,2.41,9.14,14.68,1.6059,3.85,-0.67,0.35,5.11,50.00,0.3000,6.71,8.42,45.73,3.36,3.36,4.21,4.21,4248.84,4248.84,4398.57,4398.57,3904.75,4498.87,4119.22,4787.13,-344.10,250.02,-279.35,388.56,3.36,3.36,4.21,4.21,101.64,631.01,0.0000,0.0000
27.199987,7.185,1.996,2.44,9.24,14.84,1.6058,3.89,-0.67,0.35,5.16,50.00,0.3000,6.79,8.51,45.73,3.39,3.39,4.25,4.25,4248.84,4248.84,4398.57,4398.57,3896.97,4501.57,4115.94,4795.64,-351.87,252.73,-282.63,397.07,3.39,3.39,4.25,4.25,106.79,642.15,0.0000,0.0000
27.427748,7.226,2.007,2.47,9.50,15.30,1.6110,3.94,-0.68,0.36,5.22,50.00,0.3000,7.15,8.61,46.77,3.58,3.58,4.30,4.30,4248.84,4248.84,4398.57,4398.57,3888.70,4504.84,4112.20,4804.86,-360.15,255.99,-286.37,406.29,3.58,3.58,4.30,4.30,112.03,654.40,0.0000,0.0000
27.427748,7.269,2.019,2.50,9.61,15.48,1.6111,3.98,-0.69,0.36,5.28,50.00,0.3000,7.24,8.71,46.77,3.62,3.62,4.35,4.35,4248.84,4248.84,4398.57,4398.57,3890.48,4495.06,4122.78,4802.45,-358.36,246.22,-275.79,403.88,3.62,3.62,4.35,4.35,120.12,642.12,0.0000,0.0000
27.427748,7.314,2.032,2.53,9.72,15.67,1.6114,4.03,-0.70,0.36,5.35,50.00,0.3000,7.33,8.82,46.77,3.66,3.66,4.41,4.41,4248.84,4248.84,4398.57,4398.57,3867.61,4515.58,4099.67,4828.11,-381.23,266.73,-298.90,429.54,3.66,3.66,4.41,4.41,122.57,688.20,0.0000,0.0000
27.427748,7.360,2.045,2.56,9.85,15.87,1.6117,4.08,-0.71,0.37,5.42,50.00,0.3000,7.42,8.93,46.77,3.71,3.71,4.46,4.46,4248.84,4248.84,4398.57,4398.57,3865.24,4512.64,4102.74,4830.55,-383.60,263.80,-295.83,431.98,3.71,3.71,4.46,4.46,127.98,687.60,0.0000,0.0000
27.427748,7.409,2.058,2.59,9.98,16.08,1.6122,4.13,-0.72,0.37,5.49,50.00,0.3000,7.52,9.05,46.77,3.76,3.76,4.52,4.52,4248.84,4248.84,4398.57,4398.57,3852.78,4521.25,4092.94,4844.43,-396.06,272.40,-305.63,445.86,3.76,3.76,4.52,4.52,131.94,709.98,0.0000,0.0000
27.427748,7.460,2.072,2.63,10.11,16.30,1.6128,4.19,-0.73,0.38,5.56,50.00,0.3000,7.62,9.17,46.77,3.81,3.81,4.59,4.59,4248.84,4248.84,4398.57,4398.57,3844.30,4525.30,4088.22,4853.81,-404.55,276.45,-310.35,455.24,3.81,3.81,4.59,4.59,136.49,723.29,0.0000,0.0000
27.427748,7.512,2.087,2.67,10.25,16.53,1.6134,4.24,-0.74,0.38,5.64,50.00,0.3000,7.73,9.30,46.77,3.87,3.87,4.65,4.65,4248.84,4248.84,4398.57,4398.57,3833.25,4532.23,4080.30,4866.08,-415.59,283.38,-318.27,467.51,3.87,3.87,4.65,4.65,140.72,742.38,0.0000,0.0000
27.427748,7.567,2.102,2.71,10.39,16.77,1.6142,4.30,-0.75,0.39,5.72,50.00,0.3000,7.84,9.44,46.77,3.92,3.92,4.72,4.72,4248.84,4248.84,4398.57,4398.57,3822.68,4538.79,4072.80,4877.85,-426.17,289.95,-325.77,479.28,3.92,3.92,4.72,4.72,144.86,760.58,0.0000,0.0000
27.427748,7.624,2.118,2.75,10.54,17.03,1.6152,4.36,-0.76,0.40,5.81,50.00,0.3000,7.96,9.58,46.77,3.98,3.98,4.79,4.79,4248.84,4248.84,4398.57,4398.57,3811.29,4546.52,4064.01,4890.56,-437.56,297.67,-334.56,491.99,3.98,3.98,4.79,4.79,148.66,780.89,0.0000,0.0000
27.427748,7.682,2.134,2.79,10.70,17.29,1.6163,4.42,-0.77,0.40,5.90,50.00,0.3000,8.09,9.73,46.77,4.04,4.04,4.86,4.86,4248.84,4248.84,4398.57,4398.57,3799.66,4554.76,4054.67,4903.55,-449.18,305.92,-343.90,504.98,4.04,4.04,4.86,4.86,152.17,801.99,0.0000,0.0000
27.427748,7.742,2.151,2.83,10.86,17.56,1.6175,4.48,-0.78,0.41,5.99,50.00,0.3000,8.21,9.88,46.77,4.11,4.11,4.94,4.94,4248.84,4248.84,4398.57,4398.57,3787.56,4563.80,4044.46,4917.11,-461.29,314.95,-354.11,518.54,4.11,4.11,4.94,4.94,155.38,824.44,0.0000,0.0000
27.427748,7.805,2.168,2.88,11.02,17.84,1.6188,4.54,-0.79,0.41,6.09,50.00,0.3000,8.35,10.04,46.77,4.17,4.17,5.02,5.02,4248.84,4248.84,4398.57,4398.57,3775.05,4573.51,4033.51,4931.13,-473.79,324.67,-365.06,532.56,4.17,4.17,5.02,5.02,158.32,848.04,0.0000,0.0000
27.559633,7.869,2.186,2.93,11.33,18.38,1.6226,4.61,-0.81,0.42,6.19,50.00,0.3000,8.72,10.20,47.46,4.36,4.36,5.10,5.10,4248.84,4248.84,4398.57,4398.57,3762.27,4584.04,4021.81,4945.64,-486.57,335.20,-376.76,547.07,4.36,4.36,5.10,5.10,160.84,872.80,0.0000,0.0000
27.559633,7.935,2.204,2.98,11.51,18.69,1.6242,4.67,-0.82,0.43,6.29,50.00,0.3000,8.87,10.38,47.46,4.43,4.43,5.19,5.19,4248.84,4248.84,4398.57,4398.57,3748.99,4595.16,4009.33,4960.60,-499.86,346.31,-389.24,562.03,4.43,4.43,5.19,5.19,163.17,898.72,0.0000,0.0000
27.559633,8.002,2.223,3.03,11.69,19.01,1.6261,4.74,-0.84,0.44,6.40,50.00,0.3000,9.02,10.55,47.46,4.51,4.51,5.28,5.28,4248.84,4248.84,4398.57,4398.57,3735.34,4606.95,3996.12,4975.99,-513.50,358.11,-402.45,577.42,4.51,4.51,5.28,5.28,165.18,925.74,0.0000,0.0000
27.559633,8.072,2.242,3.08,11.88,19.34,1.6281,4.81,-0.85,0.44,6.51,50.00,0.3000,9.18,10.74,47.46,4.59,4.59,5.37,5.37,4248.84,4248.84,4398.57,4398.57,3721.35,4619.45,3982.15,4991.79,-527.49,370.61,-416.42,593.22,4.59,4.59,5.37,5.37,166.85,953.87,0.0000,0.0000
27.559633,8.143,2.262,3.13,12.07,19.68,1.6303,4.87,-0.86,0.45,6.63,50.00,0.3000,9.34,10.93,47.46,4.67,4.67,5.46,5.46,4248.84,4248.84,4398.57,4398.57,3707.05,4632.62,3967.45,5007.98,-541.79,383.78,-431.12,609.40,4.67,4.67,5.46,5.46,168.15,983.05,0.0000,0.0000
27.559633,8.216,2.282,3.19,12.27,20.04,1.6326,4.94,-0.88,0.46,6.75,50.00,0.3000,9.51,11.13,47.46,4.76,4.76,5.56,5.56,4248.84,4248.84,4398.57,4398.57,3692.44,4646.50,3951.99,5024.54,-556.41,397.66,-446.58,625.97,4.76,4.76,5.56,5.56,169.07,1013.31,0.0000,0.0000
27.559633,8.291,2.303,3.25,12.48,20.41,1.6352,5.02,-0.90,0.47,6.87,50.00,0.3000,9.68,11.33,47.46,4.84,4.84,5.66,5.66,4248.84,4248.84,4398.57,4398.57,3677.56,4661.03,3935.82,5041.43,-571.28,412.19,-462.75,642.86,4.84,4.84,5.66,5.66,169.60,1044.54,0.0000,0.0000
27.559633,8.381,2.328,3.32,12.74,20.85,1.6367,5.11,-0.92,0.48,7.02,50.00,0.3000,9.90,11.58,47.46,4.95,4.95,5.79,5.79,4248.84,4248.84,4398.57,4398.57,3789.40,4455.59,4161.19,4910.12,-459.45,206.75,-237.38,511.55,4.95,4.95,5.79,5.79,263.44,707.56,0.0000,0.0000
27.559633,8.482,2.356,3.40,13.04,21.35,1.6382,5.23,-0.94,0.49,7.19,50.00,0.3000,10.14,11.86,47.46,5.07,5.07,5.93,5.93,4248.84,4248.84,4398.57,4398.57,3764.73,4442.34,4173.99,4935.76,-484.11,193.49,-224.58,537.19,5.07,5.07,5.93,5.93,301.61,719.69,0.0000,0.0000
27.559633,8.586,2.385,3.48,13.35,21.88,1.6395,5.34,-0.96,0.50,7.37,50.00,0.3000,10.39,12.15,47.46,5.19,5.19,6.08,6.08,4248.84,4248.84,4398.57,4398.57,3768.31,4420.14,4198.06,4930.86,-480.54,171.30,-200.51,532.29,5.19,5.19,6.08,6.08,320.51,692.31,0.0000,0.0000
27.559633,8.694,2.415,3.57,13.67,22.44,1.6408,5.47,-0.99,0.51,7.56,50.00,0.3000,10.65,12.46,47.46,5.32,5.32,6.23,6.23,4248.84,4248.84,4398.57,4398.57,3763.38,4414.13,4204.43,4936.00,-485.46,165.28,-194.14,537.43,5.32,5.32,6.23,6.23,331.73,691.16,0.0000,0.0000
27.559633,8.804,2.446,3.66,14.01,23.01,1.6421,5.60,-1.01,0.53,7.75,50.00,0.3000,10.92,12.78,47.46,5.46,5.46,6.39,6.39,4248.84,4248.84,4398.57,4398.57,3762.72,4404.34,4215.07,4936.39,-486.13,155.50,-183.50,537.82,5.46,5.46,6.39,6.39,342.47,681.47,0.0000,0.0000
27.694569,8.917,2.477,3.76,14.40,23.66,1.6436,5.73,-1.04,0.54,7.95,50.00,0.3000,11.26,13.11,47.59,5.63,5.63,6.55,6.55,4248.84,4248.84,4398.57,4398.57,3760.09,4397.24,4222.79,4939.07,-488.75,148.40,-175.78,540.50,5.63,5.63,6.55,6.55,352.54,676.71,0.0000,0.0000
27.694569,9.015,2.504,3.84,14.68,24.18,1.6468,5.83,-1.06,0.55,8.12,50.00,0.3000,11.51,13.39,47.59,5.75,5.75,6.70,6.70,4248.84,4248.84,4398.57,4398.57,3578.86,4698.51,3891.83,5150.53,-669.99,449.67,-506.74,751.96,5.75,5.75,6.70,6.70,232.77,1189.18,0.0000,0.0000
27.694569,9.118,2.533,3.93,15.01,24.74,1.6485,5.95,-1.08,0.57,8.31,50.00,0.3000,11.77,13.70,47.59,5.89,5.89,6.85,6.85,4248.84,4248.84,4398.57,4398.57,3740.55,4466.20,4148.89,4964.66,-508.29,217.35,-249.68,566.09,5.89,5.89,6.85,6.85,303.68,770.71,0.0000,0.0000
27.694569,9.235,2.565,4.03,15.38,25.37,1.6500,6.09,-1.11,0.58,8.52,50.00,0.3000,12.08,14.05,47.59,6.04,6.04,7.03,7.03,4248.84,4248.84,4398.57,4398.57,3729.40,4421.81,4195.67,4974.07,-519.44,172.97,-202.90,575.50,6.04,6.04,7.03,7.03,359.53,735.41,0.0000,0.0000
27.694569,9.357,2.599,4.14,15.78,26.05,1.6514,6.23,-1.14,0.60,8.75,50.00,0.3000,12.40,14.43,47.59,6.20,6.20,7.21,7.21,4248.84,4248.84,4398.57,4398.57,3722.25,4408.30,4209.93,4981.18,-526.59,159.45,-188.64,582.61,6.20,6.20,7.21,7.21,380.55,728.65,0.0000,0.0000
27.694569,9.482,2.634,4.25,16.19,26.75,1.6527,6.39,-1.17,0.61,8.99,50.00,0.3000,12.73,14.82,47.59,6.37,6.37,7.41,7.41,4248.84,4248.84,4398.57,4398.57,3715.73,4403.38,4215.10,4988.16,-533.11,154.54,-183.47,589.59,6.37,6.37,7.41,7.41,392.35,730.35,0.0000,0.0000
27.694569,9.610,2.669,4.36,16.61,27.48,1.6541,6.55,-1.20,0.63,9.23,50.00,0.3000,13.08,15.22,47.59,6.54,6.54,7.61,7.61,4248.84,4248.84,4398.57,4398.57,3709.26,4400.60,4218.03,4995.24,-539.59,151.76,-180.54,596.67,6.54,6.54,7.61,7.61,401.98,734.27,0.0000,0.0000
27.694569,9.741,2.706,4.48,17.05,28.23,1.6554,6.71,-1.24,0.65,9.48,50.00,0.3000,13.43,15.64,47.59,6.72,6.72,7.82,7.82,4248.84,4248.84,4398.57,4398.57,3702.16,4399.07,4219.60,5003.06,-546.68,150.23,-178.97,604.49,6.72,6.72,7.82,7.82,410.99,740.19,0.0000,0.0000
27.694569,9.876,2.743,4.61,17.51,29.02,1.6571,6.89,-1.27,0.66,9.75,50.00,0.3000,13.81,16.08,47.59,6.91,6.91,8.04,8.04,4248.84,4248.84,4398.57,4398.57,3653.31,4439.43,4174.11,5057.86,-595.53,190.58,-224.45,659.29,6.91,6.91,8.04,8.04,419.89,834.93,0.0000,0.0000
27.694569,10.012,2.781,4.74,17.99,29.83,1.6583,7.06,-1.31,0.68,10.02,50.00,0.3000,14.19,16.52,47.59,7.10,7.10,8.26,8.26,4248.84,4248.84,4398.57,4398.57,3699.81,4380.60,4239.89,5005.24,-549.04,131.76,-158.68,606.67,7.10,7.10,8.26,8.26,432.63,723.07,0.0000,0.0000
27.694569,10.150,2.820,4.87,18.47,30.66,1.6598,7.24,-1.34,0.70,10.30,50.00,0.3000,14.59,16.98,47.59,7.29,7.29,8.49,8.49,4248.84,4248.84,4398.57,4398.57,3669.58,4408.31,4209.02,5039.49,-579.26,159.46,-189.55,640.92,7.29,7.29,8.49,8.49,435.58,784.60,0.0000,0.0000
27.694569,10.291,2.859,5.00,18.97,31.51,1.6612,7.43,-1.38,0.72,10.59,50.00,0.3000,15.00,17.45,47.59,7.50,7.50,8.73,8.73,4248.84,4248.84,4398.57,4398.57,3667.92,4400.81,4217.31,5041.23,-580.92,151.97,-181.25,642.66,7.50,7.50,8.73,8.73,445.18,778.40,0.0000,0.0000
27.884859,10.434,2.898,5.15,19.51,32.44,1.6627,7.62,-1.42,0.74,10.88,50.00,0.3000,15.46,17.94,47.66,7.73,7.73,8.97,8.97,4248.84,4248.84,4398.57,4398.57,3654.40,4407.49,4209.86,5056.48,-594.44,158.65,-188.71,657.91,7.73,7.73,8.97,8.97,452.50,799.85,0.0000,0.0000
27.884859,10.559,2.933,5.27,19.94,33.23,1.6666,7.76,-1.45,0.76,11.15,50.00,0.3000,15.84,18.38,47.66,7.92,7.92,9.19,9.19,4248.84,4248.84,4398.57,4398.57,3454.70,4745.49,3838.87,5289.98,-794.15,496.65,-559.70,891.41,7.92,7.92,9.19,9.19,314.60,1370.95,0.0000,0.0000
27.884859,10.699,2.972,5.41,20.45,34.11,1.6679,7.95,-1.49,0.78,11.44,50.00,0.3000,16.26,18.86,47.66,8.13,8.13,9.43,9.43,4248.84,4248.84,4398.57,4398.57,3682.46,4389.20,4231.88,5026.40,-566.39,140.36,-166.68,627.83,8.13,8.13,9.43,9.43,443.59,750.63,0.0000,0.0000
27.884859,10.848,3.013,5.56,21.00,35.07,1.6699,8.15,-1.54,0.80,11.76,50.00,0.3000,16.72,19.40,47.66,8.36,8.36,9.70,9.70,4248.84,4248.84,4398.57,4398.57,3579.40,4478.70,4130.92,5141.92,-669.45,229.86,-267.65,743.35,8.36,8.36,9.70,9.70,457.64,955.15,0.0000,0.0000
27.884859,11.001,3.056,5.72,21.57,36.06,1.6716,8.36,-1.58,0.82,12.10,50.00,0.3000,17.19,19.95,47.66,8.59,8.59,9.97,9.97,4248.84,4248.84,4398.57,4398.57,3596.93,4442.73,4170.72,5121.58,-651.91,193.89,-227.85,723.01,8.59,8.59,9.97,9.97,476.59,898.33,0.0000,0.0000
27.884859,11.157,3.099,5.88,22.16,37.09,1.6735,8.57,-1.62,0.85,12.44,50.00,0.3000,17.68,20.52,47.66,8.84,8.84,10.26,10.26,4248.84,4248.84,4398.57,4398.57,3572.01,4462.15,4149.09,5149.78,-676.84,213.30,-249.48,751.21,8.84,8.84,10.26,10.26,482.63,945.42,0.0000,0.0000
27.884859,11.315,3.143,6.05,22.77,38.15,1.6754,8.79,-1.67,0.87,12.80,50.00,0.3000,18.19,21.10,47.66,9.09,9.09,10.55,10.55,4248.84,4248.84,4398.57,4398.57,3563.30,4463.10,4148.08,5159.63,-685.54,214.26,-250.49,761.06,9.09,9.09,10.55,10.55,490.93,955.68,0.0000,0.0000
27.884859,11.476,3.188,6.22,23.40,39.25,1.6774,9.01,-1.72,0.90,13.16,50.00,0.3000,18.71,21.71,47.66,9.35,9.35,10.85,10.85,4248.84,4248.84,4398.57,4398.57,3548.35,4471.77,4138.51,5176.61,-700.49,222.92,-260.06,778.04,9.35,9.35,10.85,10.85,497.77,980.76,0.0000,0.0000
27.884859,11.639,3.233,6.40,24.04,40.37,1.6795,9.24,-1.77,0.92,13.54,50.00,0.3000,19.24,22.33,47.66,9.62,9.62,11.16,11.16,4248.84,4248.84,4398.57,4398.57,3535.62,4477.86,4131.83,5191.09,-713.22,229.01,-266.74,792.52,9.62,9.62,11.16,11.16,504.99,1000.74,0.0000,0.0000
27.884859,11.805,3.279,6.59,24.70,41.53,1.6816,9.47,-1.82,0.95,13.93,50.00,0.3000,19.80,22.97,47.66,9.90,9.90,11.48,11.48,4248.84,4248.84,4398.57,4398.57,3521.87,4485.23,4123.74,5206.75,-726.98,236.38,-274.82,808.18,9.90,9.90,11.48,11.48,511.97,1023.18,0.0000,0.0000
27.884859,11.974,3.326,6.78,25.37,42.72,1.6837,9.71,-1.87,0.98,14.33,50.00,0.3000,20.36,23.63,47.66,10.18,10.18,11.81,11.81,4248.84,4248.84,4398.57,4398.57,3508.32,4492.39,4115.91,5222.20,-740.52,243.55,-282.66,823.63,10.18,10.18,11.81,11.81,518.97,1045.18,0.0000,0.0000
27.884859,12.145,3.374,6.97,26.07,43.95,1.6859,9.96,-1.92,1.00,14.74,50.00,0.3000,20.95,24.31,47.66,10.47,10.47,12.15,12.15,4248.84,4248.84,4398.57,4398.57,3494.50,4499.94,4107.67,5237.98,-754.34,251.09,-290.90,839.41,10.47,10.47,12.15,12.15,525.88,1067.87,0.0000,0.0000
28.011059,12.318,3.422,7.17,26.82,45.27,1.6883,10.21,-1.98,1.03,15.17,50.00,0.3000,21.61,25.01,47.73,10.80,10.80,12.50,12.50,4248.84,4248.84,4398.57,4398.57,3480.62,4507.67,4099.27,5253.88,-768.23,258.83,-299.30,855.31,10.80,10.80,12.50,12.50,532.71,1090.83,0.0000,0.0000
28.011059,12.508,3.474,7.39,27.64,46.68,1.6887,10.52,-2.04,1.06,15.64,50.00,0.3000,22.28,25.78,47.73,11.14,11.14,12.89,12.89,4248.84,4248.84,4398.57,4398.57,3628.73,4243.96,4389.28,5080.92,-620.11,-4.88,-9.29,682.35,11.14,11.14,12.89,12.89,649.03,653.43,0.0000,0.0000
28.011059,12.706,3.529,7.63,28.50,48.17,1.6899,10.84,-2.11,1.10,16.14,50.00,0.3000,22.99,26.61,47.73,11.50,11.50,13.30,13.30,4248.84,4248.84,4398.57,4398.57,3516.69,4351.89,4268.46,5207.38,-732.15,103.04,-130.11,808.81,11.50,11.50,13.30,13.30,653.91,887.06,0.0000,0.0000
28.011059,12.909,3.586,7.88,29.42,49.72,1.6901,11.18,-2.17,1.13,16.66,50.00,0.3000,23.73,27.46,47.73,11.87,11.87,13.73,13.73,4248.84,4248.84,4398.57,4398.57,3618.65,4202.39,4434.38,5090.61,-630.19,-46.46,35.81,692.04,11.87,11.87,13.73,13.73,702.25,619.98,0.0000,0.0000
28.011059,13.118,3.644,8.13,30.38,51.34,1.6901,11.55,-2.24,1.17,17.20,50.00,0.3000,24.51,28.36,47.73,12.25,12.25,14.18,14.18,4248.84,4248.84,4398.57,4398.57,3618.24,4174.89,4464.39,5090.17,-630.60,-73.96,65.82,691.60,12.25,12.25,14.18,14.18,730.99,591.21,0.0000,0.0000
28.011059,13.327,3.702,8.39,31.37,52.99,1.6895,11.93,-2.32,1.21,17.75,50.00,0.3000,25.29,29.27,47.73,12.65,12.65,14.64,14.64,4248.84,4248.84,4398.57,4398.57,3694.70,4077.65,4573.27,5003.78,-554.15,-171.19,174.70,605.21,12.65,12.65,14.64,14.64,752.63,406.73,0.0000,0.0000
28.011059,13.544,3.762,8.67,32.40,54.73,1.6893,12.32,-2.39,1.25,18.34,50.00,0.3000,26.12,30.23,47.73,13.06,13.06,15.12,15.12,4248.84,4248.84,4398.57,4398.57,3638.84,4119.33,4526.42,5066.59,-610.00,-129.52,127.85,668.02,13.06,13.06,15.12,15.12,767.70,510.33,0.0000,0.0000
28.011059,13.762,3.823,8.95,33.46,56.51,1.6887,12.74,-2.47,1.29,18.93,50.00,0.3000,26.97,31.21,47.73,13.49,13.49,15.61,15.61,4248.84,4248.84,4398.57,4398.57,3678.53,4063.69,4588.90,5021.89,-570.31,-185.16,190.33,623.32,13.49,13.49,15.61,15.61,784.56,409.07,0.0000,0.0000
28.011059,13.982,3.884,9.24,34.56,58.33,1.6880,13.16,-2.55,1.33,19.54,50.00,0.3000,27.84,32.22,47.73,13.92,13.92,16.11,16.11,4248.84,4248.84,4398.57,4398.57,3688.28,4041.85,4613.64,5011.12,-560.56,-206.99,215.07,612.55,13.92,13.92,16.11,16.11,797.59,375.52,0.0000,0.0000
28.011059,14.205,3.946,9.54,35.68,60.20,1.6873,13.60,-2.63,1.37,20.17,50.00,0.3000,28.74,33.26,47.73,14.37,14.37,16.63,16.63,4248.84,4248.84,4398.57,4398.57,3705.44,4013.60,4645.68,4992.10,-543.40,-235.25,247.11,593.53,14.37,14.37,16.63,16.63,809.65,327.29,0.0000,0.0000
28.011059,14.430,4.008,9.84,36.84,62.12,1.6864,14.05,-2.72,1.42,20.81,50.00,0.3000,29.65,34.32,47.73,14.83,14.83,17.16,17.16,4248.84,4248.84,4398.57,4398.57,3719.94,3989.01,4673.68,4976.17,-528.90,-259.84,275.11,577.59,14.83,14.83,17.16,17.16,820.72,285.77,0.0000,0.0000
28.011059,14.656,4.071,10.15,38.02,64.09,1.6855,14.52,-2.80,1.46,21.47,50.00,0.3000,30.59,35.40,47.73,15.29,15.29,17.70,17.70,4248.84,4248.84,4398.57,4398.57,3734.38,3965.17,4700.91,4960.36,-514.46,-283.67,302.34,561.79,15.29,15.29,17.70,17.70,831.13,245.12,0.0000,0.0000
28.208961,14.885,4.135,10.47,39.26,66.13,1.6845,15.00,-2.89,1.51,22.15,50.00,0.3000,31.57,36.51,47.75,15.79,15.79,18.26,18.26,4248.84,4248.84,4398.57,4398.57,3748.08,3942.69,4726.68,4945.46,-500.76,-306.15,328.11,546.89,15.79,15.79,18.26,18.26,840.96,206.70,0.0000,0.0000
28.208961,15.115,4.199,10.80,40.50,68.19,1.6834,15.49,-2.98,1.55,22.84,50.00,0.3000,32.56,37.65,47.75,16.28,16.28,18.83,18.83,4248.84,4248.84,4398.57,4398.57,3761.18,3921.29,4751.29,4931.28,-487.67,-327.56,352.72,532.71,16.28,16.28,18.83,18.83,850.33,170.05,0.0000,0.0000
28.208961,15.347,4.263,11.13,41.78,70.30,1.6823,15.99,-3.07,1.60,23.54,50.00,0.3000,33.56,38.82,47.75,16.78,16.78,19.41,19.41,4248.84,4248.84,4398.57,4398.57,3773.64,3900.98,4774.72,4917.87,-475.21,-347.87,376.15,519.30,16.78,16.78,19.41,19.41,859.26,135.25,0.0000,0.0000
28.208961,15.581,4.328,11.47,43.10,72.45,1.6812,16.51,-3.17,1.65,24.27,50.00,0.3000,34.60,40.01,47.75,17.30,17.30,20.00,20.00,4248.84,4248.84,4398.57,4398.57,3785.52,3881.66,4797.09,4905.16,-463.32,-367.19,398.52,506.59,17.30,17.30,20.00,20.00,867.81,102.10,0.0000,0.0000
28.208961,15.816,4.393,11.82,44.44,74.66,1.6801,17.05,-3.26,1.70,25.00,50.00,0.3000,35.65,41.23,47.75,17.82,17.82,20.61,20.61,4248.84,4248.84,4398.57,4398.57,3796.87,3863.26,4818.47,4893.10,-451.97,-385.58,419.90,494.53,17.82,17.82,20.61,20.61,875.99,70.51,0.0000,0.0000
28.208961,16.053,4.459,12.18,45.81,76.92,1.6789,17.60,-3.36,1.75,25.76,50.00,0.3000,36.73,42.47,47.75,18.36,18.36,21.24,21.24,4248.84,4248.84,4398.57,4398.57,3808.02,3845.71,4838.97,4881.33,-440.82,-403.14,440.40,482.76,18.36,18.36,21.24,21.24,883.56,40.02,0.0000,0.0000
28.208961,16.292,4.526,12.54,47.22,79.22,1.6777,18.16,-3.46,1.81,26.53,50.00,0.3000,37.83,43.75,47.75,18.91,18.91,21.87,21.87,4248.84,4248.84,4398.57,4398.57,3819.09,3828.93,4858.66,4869.72,-429.75,-419.91,460.09,471.15,18.91,18.91,21.87,21.87,890.45,10.45,0.0000,0.0000
28.208961,16.532,4.592,12.92,48.66,81.58,1.6765,18.73,-3.57,1.86,27.32,50.00,0.3000,38.95,45.05,47.75,19.48,19.48,22.52,22.52,4248.84,4248.84,4398.57,4398.57,3812.86,3830.12,4858.22,4877.62,-435.98,-418.72,459.65,479.05,19.48,19.48,22.52,22.52,896.70,18.33,0.0000,0.0000
28.208961,16.774,4.659,13.30,50.13,83.98,1.6753,19.32,-3.67,1.91,28.12,50.00,0.3000,40.10,46.37,47.75,20.05,20.05,23.19,23.19,4248.84,4248.84,4398.57,4398.57,3796.84,3841.53,4846.34,4896.58,-452.00,-407.31,447.77,498.01,20.05,20.05,23.19,23.19,902.54,47.46,0.0000,0.0000
28.208961,17.017,4.727,13.68,51.63,86.42,1.6741,19.92,-3.78,1.97,28.94,50.00,0.3000,41.27,47.72,47.75,20.63,20.63,23.86,23.86,4248.84,4248.84,4398.57,4398.57,3780.95,3853.37,4834.04,4915.45,-467.89,-395.48,435.48,516.88,20.63,20.63,23.86,23.86,907.86,76.91,0.0000,0.0000
28.208961,17.260,4.795,14.08,53.15,88.92,1.6729,20.53,-3.89,2.03,29.78,50.00,0.3000,42.46,49.10,47.75,21.23,21.23,24.55,24.55,4248.84,4248.84,4398.57,4398.57,3765.59,3865.33,4821.67,4933.80,-483.26,-383.51,423.10,535.23,21.23,21.23,24.55,24.55,912.55,105.94,0.0000,0.0000
28.208961,17.505,4.863,14.48,54.71,91.46,1.6716,21.16,-4.00,2.09,30.63,50.00,0.3000,43.67,50.50,47.75,21.84,21.84,25.25,25.25,4248.84,4248.84,4398.57,4398.57,3750.60,3877.53,4809.08,4951.78,-498.24,-371.31,410.52,553.21,21.84,21.84,25.25,25.25,916.64,134.81,0.0000,0.0000
28.377790,17.751,4.931,14.89,56.32,94.08,1.6704,21.80,-4.11,2.14,31.50,50.00,0.3000,44.94,51.93,47.77,22.47,22.47,25.97,25.97,4248.84,4248.84,4398.57,4398.57,3735.83,3890.14,4796.12,4969.60,-513.01,-358.70,397.55,571.03,22.47,22.47,25.97,25.97,920.15,163.90,0.0000,0.0000
28.377790,17.997,4.999,15.31,57.94,96.71,1.6692,22.45,-4.22,2.20,32.38,50.00,0.3000,46.19,53.38,47.77,23.10,23.10,26.69,26.69,4248.84,4248.84,4398.57,4398.57,3721.07,3903.29,4782.59,4987.45,-527.77,-345.55,384.02,588.88,23.10,23.10,26.69,26.69,923.11,193.54,0.0000,0.0000
28.377790,18.244,5.068,15.73,59.58,99.38,1.6680,23.11,-4.34,2.27,33.27,50.00,0.3000,47.47,54.86,47.77,23.73,23.73,27.43,27.43,4248.84,4248.84,4398.57,4398.57,3706.22,3917.14,4768.33,5005.46,-542.63,-331.70,369.77,606.89,23.73,23.73,27.43,27.43,925.49,224.02,0.0000,0.0000
28.377790,18.491,5.136,16.16,61.25,102.09,1.6667,23.79,-4.46,2.33,34.18,50.00,0.3000,48.76,56.35,47.77,24.38,24.38,28.18,28.18,4248.84,4248.84,4398.57,4398.57,3691.19,3931.92,4753.10,5023.73,-557.65,-316.92,354.53,625.16,24.38,24.38,28.18,28.18,927.14,255.68,0.0000,0.0000
28.377790,18.739,5.205,16.60,62.95,104.84,1.6655,24.48,-4.58,2.39,35.10,50.00,0.3000,50.08,57.87,47.77,25.04,25.04,28.94,28.94,4248.84,4248.84,4398.57,4398.57,3675.97,3948.00,4736.49,5042.31,-572.88,-300.84,337.92,643.74,25.04,25.04,28.94,28.94,927.69,288.93,0.0000,0.0000
28.377790,18.985,5.274,17.03,64.66,107.62,1.6643,25.17,-4.70,2.45,36.03,50.00,0.3000,51.40,59.40,47.77,25.70,25.70,29.70,29.70,4248.84,4248.84,4398.57,4398.57,3660.94,3967.03,4716.78,5060.88,-587.90,-281.81,318.21,662.31,25.70,25.70,29.70,29.70,925.12,325.10,0.0000,0.0000
28.377790,19.215,5.337,17.45,66.28,110.23,1.6630,25.84,-4.82,2.51,36.90,50.00,0.3000,52.65,60.85,47.77,26.33,26.33,30.42,30.42,4248.84,4248.84,4398.57,4398.57,3667.66,4023.92,4658.12,5058.63,-581.19,-224.93,259.55,660.06,26.33,26.33,30.42,30.42,862.86,378.39,0.0000,0.0000
28.377790,19.433,5.398,17.85,67.86,112.75,1.6617,26.48,-4.93,2.57,37.75,50.00,0.3000,53.86,62.24,47.77,26.93,26.93,31.12,31.12,4248.84,4248.84,4398.57,4398.57,3645.94,4084.17,4594.07,5086.74,-602.91,-164.67,195.51,688.17,26.93,26.93,31.12,31.12,825.63,465.45,0.0000,0.0000
28.377790,19.646,5.457,18.24,69.41,115.24,1.6603,27.12,-5.03,2.63,38.58,50.00,0.3000,55.04,63.61,47.77,27.52,27.52,31.81,31.81,4248.84,4248.84,4398.57,4398.57,3635.27,4118.01,4558.76,5101.45,-613.57,-130.84,160.19,702.88,27.52,27.52,31.81,31.81,803.73,512.71,0.0000,0.0000
28.377790,19.854,5.515,18.63,70.95,117.69,1.6589,27.76,-5.14,2.68,39.40,50.00,0.3000,56.22,64.97,47.77,28.11,28.11,32.48,32.48,4248.84,4248.84,4398.57,4398.57,3621.72,4147.91,4527.42,5118.96,-627.12,-100.94,128.85,720.39,28.11,28.11,32.48,32.48,788.65,558.86,0.0000,0.0000
28.377790,20.060,5.572,19.02,72.48,120.14,1.6575,28.40,-5.25,2.74,40.22,50.00,0.3000,57.39,66.32,47.77,28.69,28.69,33.16,33.16,4248.84,4248.84,4398.57,4398.57,3607.94,4174.19,4499.92,5136.49,-640.90,-74.66,101.35,737.92,28.69,28.69,33.16,33.16,777.41,601.41,0.0000,0.0000
28.377790,20.263,5.629,19.40,74.02,122.59,1.6561,29.04,-5.36,2.79,41.04,50.00,0.3000,58.56,67.67,47.77,29.28,29.28,33.83,33.83,4248.84,4248.84,4398.57,4398.57,3592.57,4199.72,4473.11,5155.66,-656.28,-49.13,74.54,757.09,29.28,29.28,33.83,33.83,768.52,644.85,0.0000,0.0000
28.539217,20.450,5.680,19.76,75.47,124.87,1.6547,29.64,-5.45,2.85,41.80,50.00,0.3000,59.66,68.92,47.77,29.83,29.83,34.46,34.46,4248.84,4248.84,4398.57,4398.57,3594.82,4258.84,4411.63,5158.12,-654.03,9.99,13.06,759.55,29.83,29.83,34.46,34.46,708.32,705.26,0.0000,0.0000
28.539217,20.587,5.719,20.03,76.55,126.55,1.6533,30.10,-5.53,2.88,42.36,50.00,0.3000,60.46,69.85,47.77,30.23,30.23,34.92,34.92,4248.84,4248.84,4398.57,4398.57,3653.00,4384.00,4283.17,5104.96,-595.84,135.16,-115.40,706.39,30.23,30.23,34.92,34.92,525.84,776.39,0.0000,0.0000
28.539217,20.773,5.770,20.39,78.00,128.85,1.6520,30.71,-5.63,2.94,43.13,50.00,0.3000,61.55,71.12,47.77,30.78,30.78,35.56,35.56,4248.84,4248.84,4398.57,4398.57,3595.21,4267.08,4404.95,5160.26,-653.64,18.23,6.38,761.69,30.78,30.78,35.56,35.56,701.74,713.59,0.0000,0.0000
28.539217,20.967,5.824,20.78,79.53,131.27,1.6505,31.36,-5.73,2.99,43.94,50.00,0.3000,62.71,72.45,47.77,31.35,31.35,36.23,36.23,4248.84,4248.84,4398.57,4398.57,3529.89,4303.16,4363.82,5233.13,-718.96,54.31,-34.75,834.56,31.35,31.35,36.23,36.23,732.22,821.29,0.0000,0.0000
28.539217,21.137,5.871,21.12,80.90,133.41,1.6490,31.94,-5.83,3.04,44.66,50.00,0.3000,63.73,73.63,47.77,31.87,31.87,36.82,36.82,4248.84,4248.84,4398.57,4398.57,3548.54,4373.29,4291.60,5218.78,-700.31,124.44,-106.97,820.21,31.87,31.87,36.82,36.82,644.55,875.96,0.0000,0.0000
28.539217,21.294,5.915,21.43,82.18,135.40,1.6476,32.49,-5.91,3.09,45.33,50.00,0.3000,64.68,74.73,47.77,32.34,32.34,37.37,37.37,4248.84,4248.84,4398.57,4398.57,3547.11,4425.82,4236.74,5224.58,-701.73,176.97,-161.83,826.01,32.34,32.34,37.37,37.37,594.47,933.27,0.0000,0.0000
28.539217,21.389,5.941,21.62,82.99,136.61,1.6461,32.86,-5.97,3.11,45.73,50.00,0.3000,65.26,75.40,47.77,32.63,32.63,37.70,37.70,4248.84,4248.84,4398.57,4398.57,3638.45,4563.43,4096.88,5136.74,-610.40,314.58,-301.69,738.17,32.63,32.63,37.70,37.70,366.14,982.42,0.0000,0.0000
28.539217,21.494,5.971,21.83,83.88,137.95,1.6447,33.25,-6.03,3.14,46.18,50.00,0.3000,65.90,76.14,47.77,32.95,32.95,38.07,38.07,4248.84,4248.84,4398.57,4398.57,3627.81,4540.41,4121.36,5147.29,-621.03,291.56,-277.21,748.72,32.95,32.95,38.07,38.07,400.49,969.26,0.0000,0.0000
28.539217,21.453,5.959,21.75,83.63,137.42,1.6433,33.20,-6.00,3.13,46.00,50.00,0.3000,65.65,75.85,47.77,32.82,32.82,37.92,37.92,4248.84,4248.84,4398.57,4398.57,3856.49,4846.56,3810.12,4923.16,-392.36,597.72,-588.45,524.59,32.82,32.82,37.92,37.92,-134.61,1051.56,0.0000,0.0000
28.539217,21.663,6.017,22.18,85.35,140.13,1.6418,33.93,-6.12,3.19,46.91,50.00,0.3000,66.94,77.34,47.77,33.47,33.47,38.67,38.67,4248.84,4248.84,4398.57,4398.57,3381.79,4407.61,4248.25,5401.47,-867.05,158.76,-150.32,1002.90,33.47,33.47,38.67,38.67,780.43,1089.52,0.0000,0.0000
28.539217,21.849,6.069,22.56,86.90,142.55,1.6403,34.59,-6.23,3.25,47.72,50.00,0.3000,68.10,78.68,47.77,34.05,34.05,39.34,39.34,4248.84,4248.84,4398.57,4398.57,3408.97,4470.09,4184.82,5377.72,-839.87,221.25,-213.75,979.15,34.05,34.05,39.34,39.34,692.01,1127.01,0.0000,0.0000
28.539217,22.033,6.120,22.94,88.46,144.96,1.6387,35.27,-6.33,3.30,48.53,50.00,0.3000,69.25,80.01,47.77,34.63,34.63,40.01,40.01,4248.84,4248.84,4398.57,4398.57,3335.17,4554.49,4091.84,5462.59,-913.67,305.65,-306.73,1064.02,34.63,34.63,40.01,40.01,682.66,1295.04,0.0000,0.0000
28.684879,22.180,6.161,23.25,89.73,146.91,1.6371,35.82,-6.42,3.35,49.17,50.00,0.3000,70.18,81.08,47.77,35.09,35.09,40.54,40.54,4248.84,4248.84,4398.57,4398.57,3407.15,4624.69,4022.75,5391.50,-841.69,375.85,-375.82,992.93,35.09,35.09,40.54,40.54,541.48,1293.15,0.0000,0.0000
28.684879,22.333,6.204,23.57,91.06,148.95,1.6357,36.40,-6.51,3.39,49.86,50.00,0.3000,71.16,82.20,47.77,35.58,35.58,41.10,41.10,4248.84,4248.84,4398.57,4398.57,3391.74,4618.79,4029.10,5408.55,-857.10,369.95,-369.47,1009.98,35.58,35.58,41.10,41.10,563.83,1303.25,0.0000,0.0000
28.684879,22.492,6.248,23.91,92.44,151.07,1.6341,37.00,-6.60,3.44,50.57,50.00,0.3000,72.17,83.38,47.77,36.09,36.09,41.69,41.69,4248.84,4248.84,4398.57,4398.57,3335.36,4660.52,3982.37,5472.11,-913.48,411.68,-416.20,1073.54,36.09,36.09,41.69,41.69,579.57,1407.45,0.0000,0.0000
28.684879,22.628,6.286,24.20,93.65,152.90,1.6327,37.54,-6.68,3.48,51.18,50.00,0.3000,73.05,84.39,47.77,36.52,36.52,42.19,42.19,4248.84,4248.84,4398.57,4398.57,3364.67,4716.82,3925.34,5445.43,-884.18,467.98,-473.22,1046.86,36.52,36.52,42.19,42.19,494.92,1436.12,0.0000,0.0000
28.684879,22.766,6.324,24.49,94.88,154.77,1.6312,38.08,-6.76,3.53,51.81,50.00,0.3000,73.94,85.42,47.77,36.97,36.97,42.71,42.71,4248.84,4248.84,4398.57,4398.57,3337.54,4743.76,3896.01,5476.87,-911.30,494.91,-502.56,1078.30,36.97,36.97,42.71,42.71,496.07,1493.54,0.0000,0.0000
28.684879,22.936,6.371,24.86,96.39,157.10,1.6297,38.74,-6.86,3.58,52.59,50.00,0.3000,75.05,86.70,47.77,37.53,37.53,43.35,43.35,4248.84,4248.84,4398.57,4398.57,3241.84,4723.76,3912.51,5578.48,-1007.00,474.92,-486.06,1179.91,37.53,37.53,43.35,43.35,612.96,1573.95,0.0000,0.0000
28.684879,23.134,6.426,25.29,98.15,159.81,1.6283,39.50,-6.98,3.64,53.49,50.00,0.3000,76.35,88.20,47.77,38.18,38.18,44.10,44.10,4248.84,4248.84,4398.57,4398.57,3140.63,4733.31,3897.48,5687.97,-1108.22,484.46,-501.09,1289.40,38.18,38.18,44.10,44.10,706.03,1691.59,0.0000,0.0000
28.684879,23.283,6.467,25.62,99.50,161.88,1.6269,40.09,-7.07,3.69,54.19,50.00,0.3000,77.34,89.34,47.77,38.67,38.67,44.67,44.67,4248.84,4248.84,4398.57,4398.57,3241.58,4813.25,3819.91,5586.77,-1007.26,564.40,-578.66,1188.20,38.67,38.67,44.67,44.67,526.20,1669.26,0.0000,0.0000
28.684879,23.447,6.513,25.98,100.99,164.17,1.6255,40.75,-7.17,3.74,54.95,50.00,0.3000,78.43,90.60,47.77,39.22,39.22,45.30,45.30,4248.84,4248.84,4398.57,4398.57,3161.55,4845.74,3781.61,5674.96,-1087.29,596.90,-616.96,1276.39,39.22,39.22,45.30,45.30,574.91,1788.77,0.0000,0.0000
28.684879,23.622,6.562,26.37,102.59,166.63,1.6242,41.44,-7.28,3.80,55.78,50.00,0.3000,79.61,91.97,47.77,39.80,39.80,45.98,45.98,4248.84,4248.84,4398.57,4398.57,3112.43,4859.15,3765.58,5729.24,-1136.41,610.31,-632.99,1330.67,39.80,39.80,45.98,45.98,611.89,1855.19,0.0000,0.0000
28.684879,23.766,6.602,26.69,103.92,168.66,1.6230,42.03,-7.37,3.84,56.46,50.00,0.3000,80.58,93.09,47.77,40.29,40.29,46.54,46.54,4248.84,4248.84,4398.57,4398.57,3184.05,4908.78,3718.36,5657.30,-1064.79,659.94,-680.21,1258.73,40.29,40.29,46.54,46.54,491.69,1831.84,0.0000,0.0000
28.684879,23.857,6.627,26.90,104.80,169.96,1.6218,42.43,-7.42,3.87,56.89,50.00,0.3000,81.20,93.80,47.77,40.60,40.60,46.90,46.90,4248.84,4248.84,4398.57,4398.57,3262.33,5025.79,3599.61,5582.09,-986.51,776.95,-798.95,1183.52,40.60,40.60,46.90,46.90,297.06,1872.97,0.0000,0.0000
28.874586,23.942,6.651,27.09,105.62,171.18,1.6207,42.80,-7.48,3.90,57.30,50.00,0.3000,81.78,94.47,47.78,40.89,40.89,47.24,47.24,4248.84,4248.84,4398.57,4398.57,3259.56,5057.66,3566.22,5587.64,-989.28,808.82,-832.35,1189.07,40.89,40.89,47.24,47.24,268.59,1909.76,0.0000,0.0000
28.874586,24.066,6.685,27.37,106.79,172.96,1.6196,43.32,-7.55,3.94,57.89,50.00,0.3000,82.63,95.46,47.78,41.32,41.32,47.73,47.73,4248.84,4248.84,4398.57,4398.57,3128.15,5053.75,3563.13,5727.89,-1120.69,804.91,-835.44,1329.32,41.32,41.32,47.73,47.73,404.83,2045.18,0.0000,0.0000
28.874586,24.160,6.711,27.59,107.70,174.31,1.6186,43.72,-7.61,3.97,58.35,50.00,0.3000,83.28,96.20,47.78,41.64,41.64,48.10,48.10,4248.84,4248.84,4398.57,4398.57,3185.70,5112.25,3505.27,5671.09,-1063.14,863.40,-893.30,1272.52,41.64,41.64,48.10,48.10,289.48,2046.18,0.0000,0.0000
28.874586,24.289,6.747,27.88,108.91,176.18,1.6176,44.26,-7.70,4.02,58.97,50.00,0.3000,84.17,97.23,47.78,42.09,42.09,48.62,48.62,4248.84,4248.84,4398.57,4398.57,3051.24,5128.10,3481.05,5815.85,-1197.61,879.25,-917.52,1417.28,42.09,42.09,48.62,48.62,409.06,2205.83,0.0000,0.0000
28.874586,24.381,6.772,28.09,109.79,177.51,1.6168,44.65,-7.75,4.05,59.42,50.00,0.3000,84.81,97.97,47.78,42.40,42.40,48.98,48.98,4248.84,4248.84,4398.57,4398.57,3138.74,5182.33,3429.57,5726.96,-1110.10,933.49,-969.00,1328.39,42.40,42.40,48.98,48.98,268.00,2170.49,0.0000,0.0000
28.874586,24.509,6.808,28.39,111.00,179.39,1.6161,45.17,-7.84,4.09,60.05,50.00,0.3000,85.71,99.00,47.78,42.85,42.85,49.50,49.50,4248.84,4248.84,4398.57,4398.57,2992.99,5204.98,3397.43,5884.14,-1255.85,956.13,-1001.14,1485.57,42.85,42.85,49.50,49.50,392.08,2349.35,0.0000,0.0000
28.874586,24.596,6.832,28.59,111.83,180.66,1.6154,45.53,-7.89,4.12,60.47,50.00,0.3000,86.31,99.70,47.78,43.16,43.16,49.85,49.85,4248.84,4248.84,4398.57,4398.57,3099.26,5255.72,3350.79,5775.07,-1149.58,1006.87,-1047.78,1376.50,43.16,43.16,49.85,49.85,235.72,2290.37,0.0000,0.0000
28.874586,24.722,6.867,28.89,113.02,182.52,1.6149,46.04,-7.97,4.16,61.09,50.00,0.3000,87.20,100.73,47.78,43.60,43.60,50.37,50.37,4248.84,4248.84,4398.57,4398.57,2937.86,5285.00,3310.63,5949.28,-1310.99,1036.15,-1087.94,1550.71,43.60,43.60,50.37,50.37,368.80,2492.89,0.0000,0.0000
28.874586,24.803,6.890,29.07,113.79,183.71,1.6145,46.37,-8.02,4.19,61.49,50.00,0.3000,87.77,101.39,47.78,43.89,43.89,50.70,50.70,4248.84,4248.84,4398.57,4398.57,3061.71,5331.00,3270.07,5821.20,-1187.13,1082.16,-1128.49,1422.63,43.89,43.89,50.70,50.70,199.55,2410.21,0.0000,0.0000
28.874586,24.927,6.924,29.37,114.95,185.55,1.6142,46.86,-8.10,4.23,62.11,50.00,0.3000,88.65,102.40,47.78,44.32,44.32,51.20,51.20,4248.84,4248.84,4398.57,4398.57,2883.06,5367.63,3221.02,6014.17,-1365.78,1118.78,-1177.55,1615.60,44.32,44.32,51.20,51.20,342.53,2638.86,0.0000,0.0000
28.874586,25.001,6.945,29.54,115.65,186.66,1.6140,47.15,-8.15,4.25,62.48,50.00,0.3000,89.18,103.02,47.78,44.59,44.59,51.51,51.51,4248.84,4248.84,4398.57,4398.57,3024.70,5407.69,3187.84,5866.79,-1224.14,1158.85,-1210.73,1468.22,44.59,44.59,51.51,51.51,161.39,2530.97,0.0000,0.0000
28.874586,25.122,6.978,29.83,116.77,188.48,1.6140,47.60,-8.23,4.30,63.09,50.00,0.3000,90.05,104.02,47.78,45.02,45.02,52.01,52.01,4248.84,4248.84,4398.57,4398.57,2828.44,5452.43,3129.07,6078.95,-1420.40,1203.58,-1269.50,1680.38,45.02,45.02,52.01,52.01,313.85,2786.93,0.0000,0.0000
29.077278,25.191,6.998,29.99,117.40,189.51,1.6142,47.85,-8.28,4.32,63.43,50.00,0.3000,90.54,104.59,47.78,45.27,45.27,52.29,52.29,4248.84,4248.84,4398.57,4398.57,2987.89,5485.54,3104.33,5912.19,-1260.95,1236.70,-1294.24,1513.62,45.27,45.27,52.29,52.29,121.82,2652.75,0.0000,0.0000
29.077278,25.327,7.035,30.32,118.66,191.57,1.6144,48.35,-8.37,4.37,64.12,50.00,0.3000,91.53,105.72,47.78,45.76,45.76,52.86,52.86,4248.84,4248.84,4398.57,4398.57,3007.73,5204.07,3405.58,5874.70,-1241.12,955.23,-992.99,1476.13,45.76,45.76,52.86,52.86,384.51,2332.73,0.0000,0.0000
29.077278,25.428,7.063,30.56,119.58,193.09,1.6147,48.72,-8.43,4.40,64.63,50.00,0.3000,92.25,106.56,47.78,46.13,46.13,53.28,53.28,4248.84,4248.84,4398.57,4398.57,3273.98,5049.56,3587.00,5583.10,-974.86,800.71,-811.57,1184.53,46.13,46.13,53.28,53.28,273.56,1885.84,0.0000,0.0000
29.077278,25.600,7.111,30.97,121.19,195.72,1.6150,49.36,-8.55,4.46,65.51,50.00,0.3000,93.51,108.01,47.78,46.75,46.75,54.01,54.01,4248.84,4248.84,4398.57,4398.57,3184.12,4869.68,3773.83,5668.73,-1064.72,620.83,-624.74,1270.16,46.75,46.75,54.01,54.01,544.65,1790.23,0.0000,0.0000
29.077278,25.715,7.143,31.25,122.25,197.48,1.6154,49.77,-8.63,4.50,66.10,50.00,0.3000,94.35,108.98,47.78,47.17,47.17,54.49,54.49,4248.84,4248.84,4398.57,4398.57,3308.63,4958.70,3687.92,5542.92,-940.21,709.85,-710.65,1144.35,47.17,47.17,54.49,54.49,332.03,1752.53,0.0000,0.0000
29.077278,25.914,7.198,31.74,124.14,200.54,1.6155,50.54,-8.76,4.57,67.13,50.00,0.3000,95.81,110.68,47.78,47.91,47.91,55.34,55.34,4248.84,4248.84,4398.57,4398.57,3628.68,4269.46,4441.40,5161.77,-620.16,20.62,42.83,763.20,47.91,47.91,55.34,55.34,702.79,680.57,0.0000,0.0000
29.077278,26.027,7.230,32.02,125.22,202.30,1.6155,50.98,-8.84,4.61,67.72,50.00,0.3000,96.66,111.65,47.78,48.33,48.33,55.82,55.82,4248.84,4248.84,4398.57,4398.57,3913.76,4283.46,4445.14,4860.76,-335.08,34.62,46.58,462.19,48.33,48.33,55.82,55.82,404.62,392.66,0.0000,0.0000
29.077278,26.238,7.288,32.54,127.25,205.59,1.6156,51.80,-8.98,4.69,68.82,50.00,0.3000,98.23,113.46,47.78,49.11,49.11,56.73,56.73,4248.84,4248.84,4398.57,4398.57,3630.25,4222.33,4494.16,5159.77,-618.59,-26.51,95.59,761.20,49.11,49.11,56.73,56.73,750.95,628.85,0.0000,0.0000
29.077278,26.372,7.326,32.87,128.53,207.70,1.6159,52.31,-9.07,4.73,69.52,50.00,0.3000,99.23,114.62,47.78,49.62,49.62,57.31,57.31,4248.84,4248.84,4398.57,4398.57,3597.73,4559.15,4135.49,5216.32,-651.12,310.30,-263.08,817.75,49.62,49.62,57.31,57.31,447.74,1021.12,0.0000,0.0000
29.077278,26.500,7.361,33.19,129.75,209.71,1.6162,52.79,-9.16,4.78,70.20,50.00,0.3000,100.20,115.74,47.78,50.10,50.10,57.87,57.87,4248.84,4248.84,4398.57,4398.57,3433.81,4765.21,3907.50,5404.25,-815.03,516.36,-491.07,1005.68,50.10,50.10,57.87,57.87,406.64,1414.07,0.0000,0.0000
29.077278,26.627,7.396,33.51,130.97,211.73,1.6166,53.27,-9.25,4.83,70.87,50.00,0.3000,101.16,116.85,47.78,50.58,50.58,58.43,58.43,4248.84,4248.84,4398.57,4398.57,3471.61,4726.53,3951.96,5362.74,-777.24,477.69,-446.61,964.17,50.58,50.58,58.43,58.43,408.55,1332.86,0.0000,0.0000
29.077278,26.755,7.432,33.83,132.20,213.77,1.6170,53.75,-9.34,4.87,71.55,50.00,0.3000,102.14,117.98,47.78,51.07,51.07,58.99,58.99,4248.84,4248.84,4398.57,4398.57,3480.79,4713.61,3967.30,5353.24,-768.05,464.77,-431.27,954.67,51.07,51.07,58.99,58.99,413.34,1309.38,0.0000,0.0000
29.214865,26.884,7.468,34.16,133.45,215.85,1.6174,54.24,-9.43,4.92,72.25,50.00,0.3000,103.13,119.12,47.78,51.56,51.56,59.56,59.56,4248.84,4248.84,4398.57,4398.57,3484.41,4705.75,3976.94,5349.97,-764.43,456.91,-421.63,951.40,51.56,51.56,59.56,59.56,418.65,1297.18,0.0000,0.0000
29.214865,27.025,7.507,34.52,134.84,218.11,1.6176,54.79,-9.53,4.97,73.01,50.00,0.3000,104.21,120.37,47.78,52.11,52.11,60.19,60.19,4248.84,4248.84,4398.57,4398.57,3776.26,4336.79,4388.11,5018.25,-472.58,87.95,-10.46,619.68,52.11,52.11,60.19,60.19,496.93,595.34,0.0000,0.0000
29.214865,27.176,7.549,34.90,136.35,220.56,1.6177,55.40,-9.63,5.03,73.83,50.00,0.3000,105.38,121.72,47.78,52.69,52.69,60.86,60.86,4248.84,4248.84,4398.57,4398.57,3817.75,4251.39,4482.65,4970.15,-431.10,2.55,84.08,571.58,52.69,52.69,60.86,60.86,542.10,460.57,0.0000,0.0000
29.214865,27.349,7.597,35.35,138.08,223.38,1.6177,56.10,-9.76,5.09,74.77,50.00,0.3000,106.73,123.28,47.78,53.36,53.36,61.64,61.64,4248.84,4248.84,4398.57,4398.57,3815.87,4170.32,4570.09,4968.56,-432.98,-78.53,171.52,569.99,53.36,53.36,61.64,61.64,626.51,376.46,0.0000,0.0000
29.214865,27.497,7.638,35.73,139.58,225.80,1.6178,56.71,-9.86,5.15,75.58,50.00,0.3000,107.88,124.61,47.78,53.94,53.94,62.31,62.31,4248.84,4248.84,4398.57,4398.57,3940.53,4131.70,4620.09,4835.00,-308.31,-117.14,221.52,436.43,53.94,53.94,62.31,62.31,541.70,203.04,0.0000,0.0000
29.214865,27.647,7.680,36.12,141.10,228.27,1.6177,57.33,-9.97,5.20,76.40,50.00,0.3000,109.06,125.98,47.78,54.53,54.53,62.99,62.99,4248.84,4248.84,4398.57,4398.57,3981.51,4079.29,4679.57,4789.50,-267.34,-169.55,281.00,390.93,54.53,54.53,62.99,62.99,554.41,103.86,0.0000,0.0000
29.214865,27.798,7.722,36.52,142.65,230.76,1.6177,57.96,-10.08,5.26,77.24,50.00,0.3000,110.25,127.35,47.78,55.13,55.13,63.68,63.68,4248.84,4248.84,4398.57,4398.57,4025.19,4031.05,4734.80,4741.38,-223.65,-217.79,336.23,342.81,55.13,55.13,63.68,63.68,560.25,6.22,0.0000,0.0000
29.214865,27.933,7.759,36.87,144.05,233.01,1.6176,58.53,-10.18,5.31,77.99,50.00,0.3000,111.33,128.59,47.78,55.66,55.66,64.30,64.30,4248.84,4248.84,4398.57,4398.57,4000.02,4109.40,4651.18,4774.14,-248.82,-139.44,252.61,375.57,55.66,55.66,64.30,64.30,508.22,116.17,0.0000,0.0000
29.214865,28.065,7.796,37.22,145.42,235.21,1.6175,59.10,-10.27,5.36,78.73,50.00,0.3000,112.38,129.81,47.78,56.19,56.19,64.90,64.90,4248.84,4248.84,4398.57,4398.57,3956.74,4162.16,4593.59,4824.53,-292.11,-86.68,195.02,425.96,56.19,56.19,64.90,64.90,499.88,218.18,0.0000,0.0000
29.214865,28.196,7.832,37.57,146.80,237.41,1.6173,59.66,-10.37,5.41,79.47,50.00,0.3000,113.43,131.02,47.78,56.72,56.72,65.51,65.51,4248.84,4248.84,4398.57,4398.57,3920.38,4200.76,4551.47,4866.67,-328.46,-48.08,152.90,468.10,56.72,56.72,65.51,65.51,498.77,297.79,0.0000,0.0000
29.214865,28.325,7.868,37.92,148.16,239.60,1.6171,60.23,-10.47,5.46,80.20,50.00,0.3000,114.48,132.23,47.78,57.24,57.24,66.12,66.12,4248.84,4248.84,4398.57,4398.57,3876.50,4248.04,4499.66,4917.34,-372.34,-0.80,101.09,518.77,57.24,57.24,66.12,66.12,496.50,394.61,0.0000,0.0000
29.214865,28.454,7.904,38.26,149.52,241.78,1.6170,60.79,-10.56,5.51,80.93,50.00,0.3000,115.52,133.43,47.78,57.76,57.76,66.72,66.72,4248.84,4248.84,4398.57,4398.57,3924.89,4209.35,4544.87,4864.66,-323.95,-39.49,146.30,466.09,57.76,57.76,66.72,66.72,487.92,302.13,0.0000,0.0000
29.405050,28.581,7.939,38.61,150.87,243.95,1.6170,61.34,-10.66,5.56,81.65,50.00,0.3000,116.56,134.63,47.78,58.28,58.28,67.32,67.32,4248.84,4248.84,4398.57,4398.57,4032.06,4114.00,4653.91,4746.03,-216.78,-134.84,255.35,347.46,58.28,58.28,67.32,67.32,477.21,87.03,0.0000,0.0000
29.405050,28.709,7.975,38.95,152.23,246.13,1.6168,61.90,-10.75,5.61,82.38,50.00,0.3000,117.60,135.83,47.78,58.80,58.80,67.92,67.92,4248.84,4248.84,4398.57,4398.57,3932.24,4209.12,4547.81,4859.08,-316.60,-39.72,149.24,460.51,58.80,58.80,67.92,67.92,483.04,294.07,0.0000,0.0000
29.405050,28.835,8.010,39.29,153.59,248.30,1.6167,62.46,-10.85,5.66,83.11,50.00,0.3000,118.63,137.03,47.78,59.32,59.32,68.52,68.52,4248.84,4248.84,4398.57,4398.57,3865.88,4278.25,4471.39,4934.98,-382.97,29.41,72.82,536.41,59.32,59.32,68.52,68.52,481.39,437.98,0.0000,0.0000
29.405050,28.960,8.044,39.64,154.94,250.46,1.6165,63.02,-10.94,5.71,83.83,50.00,0.3000,119.66,138.22,47.78,59.83,59.83,69.11,69.11,4248.84,4248.84,4398.57,4398.57,3820.60,4327.62,4417.25,4987.24,-428.24,78.78,18.68,588.67,59.83,59.83,69.11,69.11,478.41,538.50,0.0000,0.0000
29.405050,29.084,8.079,39.98,156.28,252.61,1.6163,63.58,-11.03,5.76,84.55,50.00,0.3000,120.69,139.41,47.78,60.35,60.35,69.70,69.70,4248.84,4248.84,4398.57,4398.57,3858.86,4296.96,4453.30,4945.80,-389.98,48.11,54.73,547.23,60.35,60.35,69.70,69.70,471.91,465.30,0.0000,0.0000
29.405050,29.207,8.113,40.32,157.62,254.76,1.6163,64.13,-11.13,5.81,85.27,50.00,0.3000,121.72,140.59,47.78,60.86,60.86,70.30,70.30,4248.84,4248.84,4398.57,4398.57,3956.68,4206.58,4556.47,4837.40,-292.16,-42.26,157.90,438.83,60.86,60.86,70.30,70.30,465.58,265.42,0.0000,0.0000
29.405050,29.330,8.147,40.66,158.96,256.91,1.6162,64.67,-11.22,5.85,85.99,50.00,0.3000,122.75,141.78,47.78,61.37,61.37,70.89,70.89,4248.84,4248.84,4398.57,4398.57,4029.60,4138.50,4634.41,4756.84,-219.24,-110.34,235.84,358.27,61.37,61.37,70.89,70.89,461.85,115.66,0.0000,0.0000
29.405050,29.453,8.182,41.00,160.30,259.07,1.6162,65.22,-11.32,5.90,86.71,50.00,0.3000,123.78,142.97,47.78,61.89,61.89,71.49,71.49,4248.84,4248.84,4398.57,4398.57,4082.37,4089.74,4690.59,4698.88,-166.48,-159.11,292.02,300.31,61.89,61.89,71.49,71.49,458.96,7.83,0.0000,0.0000
29.405050,29.576,8.216,41.34,161.64,261.24,1.6162,65.76,-11.41,5.95,87.44,50.00,0.3000,124.81,144.17,47.78,62.41,62.41,72.08,72.08,4248.84,4248.84,4398.57,4398.57,4053.32,4122.21,4655.42,4732.86,-195.52,-126.64,256.85,334.29,62.41,62.41,72.08,72.08,456.65,73.16,0.0000,0.0000
29.405050,29.698,8.250,41.68,162.97,263.40,1.6162,66.30,-11.50,6.00,88.16,50.00,0.3000,125.85,145.36,47.78,62.92,62.92,72.68,72.68,4248.84,4248.84,4398.57,4398.57,4024.81,4155.14,4619.78,4766.30,-224.03,-93.70,221.21,367.73,62.92,62.92,72.68,72.68,453.34,138.42,0.0000,0.0000
29.405050,29.820,8.283,42.03,164.30,265.56,1.6163,66.84,-11.60,6.05,88.89,50.00,0.3000,126.88,146.55,47.78,63.44,63.44,73.28,73.28,4248.84,4248.84,4398.57,4398.57,4000.73,4183.29,4589.50,4794.74,-248.12,-65.55,190.93,396.17,63.44,63.44,73.28,73.28,450.38,193.90,0.0000,0.0000
29.405050,29.941,8.317,42.37,165.63,267.71,1.6163,67.38,-11.69,6.10,89.61,50.00,0.3000,127.91,147.75,47.78,63.95,63.95,73.87,73.87,4248.84,4248.84,4398.57,4398.57,3979.03,4208.63,4562.35,4820.47,-269.81,-40.22,163.79,421.90,63.95,63.95,73.87,73.87,447.86,243.86,0.0000,0.0000
29.571911,30.064,8.351,42.72,167.00,269.92,1.6163,67.94,-11.79,6.15,90.34,50.00,0.3000,128.96,148.96,47.78,64.48,64.48,74.48,74.48,4248.84,4248.84,4398.57,4398.57,4004.84,4171.02,4605.04,4791.85,-244.00,-77.83,206.47,393.28,64.48,64.48,74.48,74.48,460.79,176.49,0.0000,0.0000
29.571911,30.185,8.385,43.06,168.35,272.10,1.6163,68.49,-11.88,6.20,91.08,50.00,0.3000,130.01,150.17,47.78,65.00,65.00,75.08,75.08,4248.84,4248.84,4398.57,4398.57,4053.68,4131.68,4650.98,4738.66,-195.16,-117.17,252.41,340.09,65.00,65.00,75.08,75.08,452.41,82.84,0.0000,0.0000
29.571911,30.307,8.419,43.41,169.73,274.31,1.6162,69.05,-11.98,6.25,91.82,50.00,0.3000,131.06,151.39,47.78,65.53,65.53,75.69,75.69,4248.84,4248.84,4398.57,4398.57,3996.70,4183.27,4593.78,4803.52,-252.14,-65.57,195.21,404.95,65.53,65.53,75.69,75.69,458.93,198.15,0.0000,0.0000
29.571911,30.429,8.453,43.76,171.11,276.52,1.6161,69.62,-12.08,6.30,92.56,50.00,0.3000,132.12,152.61,47.78,66.06,66.06,76.30,76.30,4248.84,4248.84,4398.57,4398.57,3906.61,4274.35,4492.59,4906.00,-342.23,25.50,94.02,507.43,66.06,66.06,76.30,76.30,459.09,390.57,0.0000,0.0000
29.571911,30.571,8.492,44.17,172.71,279.10,1.6160,70.28,-12.19,6.36,93.42,50.00,0.3000,133.35,154.03,47.78,66.67,66.67,77.01,77.01,4248.84,4248.84,4398.57,4398.57,3948.94,4164.18,4613.55,4855.53,-299.91,-84.66,214.98,456.96,66.67,66.67,77.01,77.01,528.25,228.61,0.0000,0.0000
29.571911,30.713,8.531,44.58,174.32,281.70,1.6160,70.94,-12.30,6.42,94.29,50.00,0.3000,134.59,155.46,47.78,67.30,67.30,77.73,77.73,4248.84,4248.84,4398.57,4398.57,4027.09,4085.27,4703.55,4768.96,-221.75,-163.57,304.99,370.39,67.30,67.30,77.73,77.73,530.35,61.80,0.0000,0.0000
29.571911,30.858,8.572,45.00,175.97,284.37,1.6160,71.61,-12.42,6.48,95.18,50.00,0.3000,135.87,156.94,47.78,67.93,67.93,78.47,78.47,4248.84,4248.84,4398.57,4398.57,4033.15,4071.51,4719.92,4763.05,-215.69,-177.33,321.35,364.48,67.93,67.93,78.47,78.47,539.43,40.74,0.0000,0.0000
29.571911,31.003,8.612,45.43,177.62,287.05,1.6160,72.28,-12.54,6.54,96.08,50.00,0.3000,137.15,158.41,47.78,68.57,68.57,79.21,79.21,4248.84,4248.84,4398.57,4398.57,4002.50,4104.62,4684.23,4799.04,-246.34,-144.23,285.66,400.47,68.57,68.57,79.21,79.21,538.35,108.46,0.0000,0.0000
29.571911,31.146,8.652,45.85,179.27,289.71,1.6161,72.95,-12.65,6.60,96.97,50.00,0.3000,138.42,159.88,47.78,69.21,69.21,79.94,79.94,4248.84,4248.84,4398.57,4398.57,3985.31,4129.35,4658.27,4820.20,-263.54,-119.49,259.70,421.63,69.21,69.21,79.94,79.94,532.18,152.99,0.0000,0.0000
29.571911,31.290,8.692,46.27,180.93,292.38,1.6160,73.63,-12.77,6.66,97.87,50.00,0.3000,139.70,161.36,47.78,69.85,69.85,80.68,80.68,4248.84,4248.84,4398.57,4398.57,3903.52,4207.72,4571.33,4913.31,-345.32,-41.13,172.76,514.74,69.85,69.85,80.68,80.68,536.97,323.09,0.0000,0.0000
29.571911,31.428,8.730,46.68,182.52,294.97,1.6161,74.27,-12.88,6.72,98.73,50.00,0.3000,140.93,162.79,47.78,70.46,70.46,81.39,81.39,4248.84,4248.84,4398.57,4398.57,3841.86,4296.84,4474.18,4985.66,-406.98,48.00,75.61,587.09,70.46,70.46,81.39,81.39,510.84,483.23,0.0000,0.0000
29.571911,31.565,8.768,47.09,184.08,297.55,1.6164,74.89,-13.00,6.78,99.59,50.00,0.3000,142.16,164.21,47.78,71.08,71.08,82.10,82.10,4248.84,4248.84,4398.57,4398.57,3566.35,4581.58,4155.98,5297.30,-682.50,332.73,-242.59,898.73,71.08,71.08,82.10,82.10,502.95,1078.27,0.0000,0.0000
29.724062,31.689,8.803,47.46,185.54,299.89,1.6163,75.48,-13.10,6.83,100.38,50.00,0.3000,143.28,165.50,47.78,71.64,71.64,82.75,82.75,4248.84,4248.84,4398.57,4398.57,4016.17,4170.12,4622.13,4795.19,-232.67,-78.72,223.56,396.62,71.64,71.64,82.75,82.75,465.79,163.51,0.0000,0.0000
29.724062,31.608,8.780,47.22,184.59,298.35,1.6163,75.10,-13.03,6.80,99.86,50.00,0.3000,142.55,164.65,47.78,71.27,71.27,82.33,82.33,4248.84,4248.84,4398.57,4398.57,4434.71,4502.59,4294.21,4370.51,185.87,253.74,-104.36,-28.06,71.27,71.27,82.33,82.33,-286.02,72.09,0.0000,0.0000
29.724062,31.615,8.782,47.24,184.67,298.49,1.6163,75.13,-13.04,6.80,99.91,50.00,0.3000,142.61,164.73,47.78,71.31,71.31,82.36,82.36,4248.84,4248.84,4398.57,4398.57,4247.23,4368.02,4425.57,4561.35,-1.61,119.17,27.00,162.78,71.31,71.31,82.36,82.36,36.11,128.28,0.0000,0.0000
29.724062,31.674,8.798,47.41,185.36,299.60,1.6163,75.40,-13.09,6.83,100.28,50.00,0.3000,143.14,165.34,47.78,71.57,71.57,82.67,82.67,4248.84,4248.84,4398.57,4398.57,4159.82,4266.69,4528.32,4648.47,-89.02,17.85,129.76,249.90,71.57,71.57,82.67,82.67,225.41,113.51,0.0000,0.0000
29.724062,31.737,8.816,47.60,186.10,300.80,1.6164,75.71,-13.14,6.85,100.68,50.00,0.3000,143.72,166.01,47.78,71.86,71.86,83.00,83.00,4248.84,4248.84,4398.57,4398.57,4178.84,4230.85,4568.20,4626.66,-70.00,-18.00,169.63,228.09,71.86,71.86,83.00,83.00,242.86,55.24,0.0000,0.0000
29.724062,31.824,8.840,47.87,187.12,302.46,1.6164,76.12,-13.21,6.89,101.24,50.00,0.3000,144.51,166.92,47.78,72.25,72.25,83.46,83.46,4248.84,4248.84,4398.57,4398.57,4114.79,4210.36,4586.84,4694.27,-134.05,-38.49,188.27,295.70,72.25,72.25,83.46,83.46,328.25,101.50,0.0000,0.0000
29.724062,31.923,8.867,48.16,188.28,304.33,1.6164,76.59,-13.29,6.94,101.86,50.00,0.3000,145.40,167.95,47.78,72.70,72.70,83.98,83.98,4248.84,4248.84,4398.57,4398.57,4112.22,4172.50,4627.85,4695.62,-136.62,-76.34,229.28,297.04,72.70,72.70,83.98,83.98,369.64,64.02,0.0000,0.0000
29.724062,32.028,8.897,48.48,189.54,306.34,1.6162,77.11,-13.38,6.98,102.54,50.00,0.3000,146.36,169.06,47.78,73.18,73.18,84.53,84.53,4248.84,4248.84,4398.57,4398.57,3858.52,4399.44,4372.10,4980.19,-390.32,150.59,-26.47,581.62,73.18,73.18,84.53,84.53,397.44,574.50,0.0000,0.0000
29.724062,32.135,8.926,48.80,190.79,308.39,1.6164,77.61,-13.47,7.03,103.22,50.00,0.3000,147.34,170.19,47.78,73.67,73.67,85.10,85.10,4248.84,4248.84,4398.57,4398.57,3878.71,4378.38,4396.77,4958.50,-370.13,129.54,-1.80,559.93,73.67,73.67,85.10,85.10,399.37,530.70,0.0000,0.0000
29.724062,32.243,8.956,49.13,192.08,310.47,1.6164,78.14,-13.56,7.08,103.92,50.00,0.3000,148.34,171.34,47.78,74.17,74.17,85.67,85.67,4248.84,4248.84,4398.57,4398.57,4089.09,4161.18,4641.60,4722.64,-159.75,-87.67,243.03,324.07,74.17,74.17,85.67,85.67,407.26,76.56,0.0000,0.0000
29.724062,32.353,8.987,49.47,193.38,312.58,1.6164,78.66,-13.65,7.12,104.63,50.00,0.3000,149.35,172.51,47.78,74.67,74.67,86.25,86.25,4248.84,4248.84,4398.57,4398.57,3997.22,4252.33,4540.16,4826.96,-251.62,3.49,141.59,428.39,74.67,74.67,86.25,86.25,409.06,270.95,0.0000,0.0000
29.724062,32.462,9.017,49.80,194.69,314.71,1.6164,79.19,-13.75,7.17,105.34,50.00,0.3000,150.36,173.68,47.78,75.18,75.18,86.84,86.84,4248.84,4248.84,4398.57,4398.57,4085.88,4162.46,4642.22,4728.31,-162.96,-86.38,243.65,329.74,75.18,75.18,86.84,86.84,411.36,81.34,0.0000,0.0000
29.870331,32.572,9.048,50.14,196.01,316.84,1.6165,79.73,-13.84,7.22,106.05,50.00,0.3000,151.38,174.86,47.78,75.69,75.69,87.43,87.43,4248.84,4248.84,4398.57,4398.57,4032.54,4216.46,4582.65,4789.41,-216.30,-32.38,184.08,390.84,75.69,75.69,87.43,87.43,411.80,195.34,0.0000,0.0000
29.870331,32.683,9.078,50.48,197.34,318.99,1.6164,80.27,-13.93,7.27,106.77,50.00,0.3000,152.41,176.04,47.78,76.20,76.20,88.02,88.02,4248.84,4248.84,4398.57,4398.57,4047.62,4199.58,4602.62,4773.45,-201.22,-49.26,204.05,374.88,76.20,76.20,88.02,88.02,414.71,161.39,0.0000,0.0000
29.870331,32.793,9.109,50.82,198.68,321.15,1.6164,80.82,-14.03,7.32,107.49,50.00,0.3000,153.44,177.23,47.78,76.72,76.72,88.62,88.62,4248.84,4248.84,4398.57,4398.57,4122.35,4126.01,4686.51,4690.63,-126.50,-122.84,287.94,292.06,76.72,76.72,88.62,88.62,414.67,3.89,0.0000,0.0000
29.870331,32.903,9.140,51.17,200.02,323.31,1.6164,81.36,-14.12,7.37,108.22,50.00,0.3000,154.47,178.43,47.78,77.24,77.24,89.21,89.21,4248.84,4248.84,4398.57,4398.57,4115.38,4134.19,4678.51,4699.65,-133.46,-114.66,279.94,301.08,77.24,77.24,89.21,89.21,414.57,19.97,0.0000,0.0000
29.870331,33.014,9.171,51.51,201.38,325.49,1.6163,81.93,-14.22,7.42,108.95,50.00,0.3000,155.52,179.63,47.78,77.76,77.76,89.82,89.82,4248.84,4248.84,4398.57,4398.57,3861.65,4385.70,4396.74,4985.88,-387.20,136.86,-1.82,587.31,77.76,77.76,89.82,89.82,417.91,556.60,0.0000,0.0000
29.870331,33.124,9.201,51.86,202.72,327.67,1.6164,82.47,-14.31,7.47,109.68,50.00,0.3000,156.56,180.83,47.78,78.28,78.28,90.42,90.42,4248.84,4248.84,4398.57,4398.57,3949.21,4304.21,4489.85,4888.95,-299.64,55.37,91.28,490.38,78.28,78.28,90.42,90.42,412.96,377.05,0.0000,0.0000
29.870331,33.234,9.232,52.20,204.07,329.85,1.6163,83.02,-14.41,7.52,110.41,50.00,0.3000,157.60,182.04,47.78,78.80,78.80,91.02,91.02,4248.84,4248.84,4398.57,4398.57,4064.92,4188.27,4621.31,4759.97,-183.92,-60.58,222.74,361.40,78.80,78.80,91.02,91.02,414.32,131.00,0.0000,0.0000
29.870331,33.345,9.262,52.55,205.42,332.04,1.6164,83.57,-14.50,7.57,111.14,50.00,0.3000,158.64,183.25,47.78,79.32,79.32,91.62,91.62,4248.84,4248.84,4398.57,4398.57,4050.21,4204.82,4603.93,4777.75,-198.64,-44.02,205.36,379.18,79.32,79.32,91.62,91.62,413.60,164.22,0.0000,0.0000
29.870331,33.455,9.293,52.90,206.78,334.24,1.6164,84.12,-14.60,7.62,111.88,50.00,0.3000,159.69,184.46,47.78,79.85,79.85,92.23,92.23,4248.84,4248.84,4398.57,4398.57,4125.02,4130.76,4688.38,4694.82,-123.82,-118.08,289.81,296.25,79.85,79.85,92.23,92.23,413.98,6.09,0.0000,0.0000
29.870331,33.565,9.324,53.24,208.14,336.45,1.6164,84.67,-14.70,7.67,112.61,50.00,0.3000,160.75,185.68,47.78,80.37,80.37,92.84,92.84,4248.84,4248.84,4398.57,4398.57,4079.05,4178.08,4636.39,4747.72,-169.79,-70.76,237.82,349.15,80.37,80.37,92.84,92.84,413.76,105.18,0.0000,0.0000
29.870331,33.675,9.354,53.59,209.51,338.66,1.6164,85.22,-14.79,7.72,113.35,50.00,0.3000,161.80,186.90,47.78,80.90,80.90,93.45,93.45,4248.84,4248.84,4398.57,4398.57,4100.77,4157.38,4660.87,4724.51,-148.08,-91.47,262.30,325.94,80.90,80.90,93.45,93.45,413.89,60.12,0.0000,0.0000
29.870331,33.785,9.385,53.94,210.88,340.87,1.6164,85.78,-14.89,7.77,114.10,50.00,0.3000,162.86,188.12,47.78,81.43,81.43,94.06,94.06,4248.84,4248.84,4398.57,4398.57,4083.82,4175.52,4641.69,4744.78,-165.02,-73.33,243.12,346.21,81.43,81.43,94.06,94.06,413.84,97.39,0.0000,0.0000
30.081125,33.895,9.415,54.30,212.25,343.10,1.6165,86.34,-14.99,7.82,114.84,50.00,0.3000,163.93,189.35,47.78,81.96,81.96,94.67,94.67,4248.84,4248.84,4398.57,4398.57,4088.54,4171.89,4646.98,4740.69,-160.31,-76.95,248.41,342.12,81.96,81.96,94.67,94.67,413.90,88.53,0.0000,0.0000
30.081125,34.005,9.446,54.65,213.65,345.33,1.6164,86.91,-15.08,7.87,115.59,50.00,0.3000,164.99,190.58,47.78,82.50,82.50,95.29,95.29,4248.84,4248.84,4398.57,4398.57,3929.22,4330.07,4470.24,4920.88,-319.63,81.23,71.67,522.31,82.50,82.50,95.29,95.29,416.19,425.75,0.0000,0.0000
30.081125,34.116,9.477,55.01,215.04,347.58,1.6163,87.48,-15.18,7.92,116.34,50.00,0.3000,166.07,191.82,47.78,83.03,83.03,95.91,95.91,4248.84,4248.84,4398.57,4398.57,4088.84,4172.43,4648.74,4742.71,-160.00,-76.42,250.17,344.14,83.03,83.03,95.91,95.91,415.37,88.78,0.0000,0.0000
30.081125,34.226,9.507,55.36,216.43,349.83,1.6163,88.04,-15.28,7.97,117.09,50.00,0.3000,167.14,193.06,47.78,83.57,83.57,96.53,96.53,4248.84,4248.84,4398.57,4398.57,4091.79,4171.50,4651.06,4740.68,-157.06,-77.34,252.49,342.11,83.57,83.57,96.53,96.53,414.50,84.67,0.0000,0.0000
30.081125,34.336,9.538,55.72,217.82,352.08,1.6164,88.61,-15.38,8.02,117.85,50.00,0.3000,168.22,194.30,47.78,84.11,84.11,97.15,97.15,4248.84,4248.84,4398.57,4398.57,4128.17,4136.34,4691.82,4701.01,-120.67,-112.50,293.26,302.44,84.11,84.11,97.15,97.15,414.43,8.68,0.0000,0.0000
30.081125,34.446,9.568,56.08,219.22,354.34,1.6164,89.18,-15.48,8.07,118.60,50.00,0.3000,169.30,195.55,47.78,84.65,84.65,97.78,97.78,4248.84,4248.84,4398.57,4398.57,4106.04,4159.75,4666.76,4727.13,-142.80,-89.10,268.19,328.56,84.65,84.65,97.78,97.78,414.33,57.04,0.0000,0.0000
30.081125,34.556,9.599,56.43,220.62,356.61,1.6164,89.75,-15.58,8.13,119.36,50.00,0.3000,170.38,196.80,47.78,85.19,85.19,98.40,98.40,4248.84,4248.84,4398.57,4398.57,4112.10,4154.82,4673.54,4721.56,-136.74,-94.03,274.97,322.99,85.19,85.19,98.40,98.40,414.36,45.37,0.0000,0.0000
30.081125,34.666,9.629,56.79,222.03,358.88,1.6164,90.32,-15.68,8.18,120.12,50.00,0.3000,171.47,198.06,47.78,85.73,85.73,99.03,99.03,4248.84,4248.84,4398.57,4398.57,4105.56,4162.50,4666.14,4730.15,-143.28,-86.34,267.57,331.58,85.73,85.73,99.03,99.03,414.38,60.47,0.0000,0.0000
30.081125,34.776,9.660,57.16,223.44,361.16,1.6164,90.89,-15.77,8.23,120.89,50.00,0.3000,172.56,199.32,47.78,86.28,86.28,99.66,99.66,4248.84,4248.84,4398.57,4398.57,4106.04,4163.17,4666.64,4730.86,-142.81,-85.68,268.07,332.29,86.28,86.28,99.66,99.66,414.42,60.68,0.0000,0.0000
30.081125,34.886,9.691,57.52,224.85,363.45,1.6164,91.46,-15.87,8.28,121.65,50.00,0.3000,173.65,200.58,47.78,86.82,86.82,100.29,100.29,4248.84,4248.84,4398.57,4398.57,4104.93,4165.44,4665.33,4733.36,-143.92,-83.41,266.76,334.79,86.82,86.82,100.29,100.29,414.44,64.27,0.0000,0.0000
30.081125,34.996,9.721,57.88,226.27,365.74,1.6164,92.04,-15.98,8.33,122.42,50.00,0.3000,174.75,201.85,47.78,87.37,87.37,100.92,100.92,4248.84,4248.84,4398.57,4398.57,4101.04,4170.46,4660.94,4738.98,-147.81,-78.38,262.37,340.41,87.37,87.37,100.92,100.92,414.49,73.73,0.0000,0.0000
30.081125,35.106,9.752,58.24,227.69,368.05,1.6164,92.62,-16.08,8.39,123.19,50.00,0.3000,175.85,203.12,47.78,87.92,87.92,101.56,101.56,4248.84,4248.84,4398.57,4398.57,4100.17,4172.49,4659.91,4741.22,-148.68,-76.35,261.34,342.65,87.92,87.92,101.56,101.56,414.51,76.82,0.0000,0.0000
30.251198,35.216,9.782,58.61,229.11,370.35,1.6165,93.19,-16.18,8.44,123.96,50.00,0.3000,176.95,204.39,47.78,88.47,88.47,102.19,102.19,4248.84,4248.84,4398.57,4398.57,4097.78,4176.02,4657.20,4745.16,-151.06,-72.82,258.64,346.59,88.47,88.47,102.19,102.19,414.56,83.10,0.0000,0.0000
30.251198,35.326,9.813,58.98,230.57,372.67,1.6163,93.80,-16.28,8.49,124.74,50.00,0.3000,178.06,205.67,47.78,89.03,89.03,102.83,102.83,4248.84,4248.84,4398.57,4398.57,3791.67,4481.54,4314.89,5090.45,-457.18,232.70,-83.68,691.88,89.03,89.03,102.83,102.83,416.34,732.72,0.0000,0.0000
30.251198,35.436,9.843,59.34,232.00,374.99,1.6164,94.38,-16.38,8.55,125.52,50.00,0.3000,179.17,206.95,47.78,89.58,89.58,103.48,103.48,4248.84,4248.84,4398.57,4398.57,3971.08,4305.54,4514.17,4890.16,-277.76,56.69,115.60,491.59,89.58,89.58,103.48,103.48,414.13,355.22,0.0000,0.0000
30.251198,35.546,9.874,59.71,233.45,377.33,1.6163,94.97,-16.48,8.60,126.30,50.00,0.3000,180.28,208.24,47.78,90.14,90.14,104.12,104.12,4248.84,4248.84,4398.57,4398.57,4049.81,4226.95,4603.73,4802.87,-199.04,-21.90,205.16,404.30,90.14,90.14,104.12,104.12,415.19,188.14,0.0000,0.0000
30.251198,35.655,9.904,60.08,234.89,379.66,1.6164,95.55,-16.58,8.65,127.08,50.00,0.3000,181.40,209.53,47.78,90.70,90.70,104.76,104.76,4248.84,4248.84,4398.57,4398.57,4077.88,4200.31,4634.96,4772.60,-170.96,-48.53,236.39,374.03,90.70,90.70,104.76,104.76,414.96,130.03,0.0000,0.0000
30.251198,35.765,9.935,60.45,236.34,382.01,1.6163,96.14,-16.69,8.71,127.86,50.00,0.3000,182.52,210.82,47.78,91.26,91.26,105.41,105.41,4248.84,4248.84,4398.57,4398.57,4117.66,4161.63,4679.72,4729.16,-131.19,-87.21,281.15,330.59,91.26,91.26,105.41,105.41,415.06,46.71,0.0000,0.0000
30.251198,35.875,9.965,60.83,237.79,384.36,1.6164,96.73,-16.79,8.76,128.65,50.00,0.3000,183.64,212.12,47.78,91.82,91.82,106.06,106.06,4248.84,4248.84,4398.57,4398.57,4113.54,4167.04,4674.93,4735.07,-135.30,-81.80,276.36,336.50,91.82,91.82,106.06,106.06,414.98,56.82,0.0000,0.0000
30.251198,35.985,9.996,61.20,239.25,386.72,1.6164,97.33,-16.89,8.81,129.44,50.00,0.3000,184.77,213.42,47.78,92.38,92.38,106.71,106.71,4248.84,4248.84,4398.57,4398.57,4140.02,4141.74,4704.66,4706.59,-108.82,-107.11,306.09,308.02,92.38,92.38,106.71,106.71,415.02,1.82,0.0000,0.0000
30.251198,36.095,10.026,61.57,240.71,389.08,1.6164,97.92,-16.99,8.87,130.23,50.00,0.3000,185.90,214.72,47.78,92.95,92.95,107.36,107.36,4248.84,4248.84,4398.57,4398.57,4123.97,4159.01,4686.54,4725.93,-124.87,-89.83,287.97,327.36,92.95,92.95,107.36,107.36,415.02,37.22,0.0000,0.0000
30.251198,36.205,10.057,61.95,242.18,391.45,1.6164,98.52,-17.10,8.92,131.02,50.00,0.3000,187.03,216.03,47.78,93.51,93.51,108.02,108.02,4248.84,4248.84,4398.57,4398.57,4131.96,4152.21,4695.47,4718.25,-116.89,-96.63,296.91,319.68,93.51,93.51,108.02,108.02,415.05,21.51,0.0000,0.0000
30.251198,36.315,10.087,62.33,243.65,393.83,1.6164,99.11,-17.20,8.97,131.82,50.00,0.3000,188.16,217.35,47.78,94.08,94.08,108.67,108.67,4248.84,4248.84,4398.57,4398.57,4126.16,4159.21,4688.91,4726.06,-122.69,-89.64,290.34,327.49,94.08,94.08,108.67,108.67,415.08,35.10,0.0000,0.0000
30.251198,36.424,10.118,62.70,245.12,396.22,1.6164,99.71,-17.31,9.03,132.62,50.00,0.3000,189.30,218.66,47.78,94.65,94.65,109.33,109.33,4248.84,4248.84,4398.57,4398.57,4128.21,4158.35,4691.18,4725.06,-120.64,-90.50,292.61,326.49,94.65,94.65,109.33,109.33,415.12,32.01,0.0000,0.0000
30.413786,36.534,10.148,63.08,246.60,398.61,1.6164,100.31,-17.41,9.08,133.42,50.00,0.3000,190.45,219.98,47.78,95.22,95.22,109.99,109.99,4248.84,4248.84,4398.57,4398.57,4125.84,4161.93,4688.46,4729.03,-123.01,-86.92,289.89,330.46,95.22,95.22,109.99,109.99,415.14,38.33,0.0000,0.0000
30.413786,36.644,10.179,63.46,248.10,401.01,1.6163,100.93,-17.52,9.14,134.22,50.00,0.3000,191.59,221.31,47.78,95.80,95.80,110.65,110.65,4248.84,4248.84,4398.57,4398.57,4010.26,4278.32,4558.90,4860.25,-238.58,29.48,160.33,461.68,95.80,95.80,110.65,110.65,415.56,284.70,0.0000,0.0000
30.413786,36.754,10.209,63.84,249.58,403.41,1.6164,101.53,-17.62,9.19,135.03,50.00,0.3000,192.74,222.63,47.78,96.37,96.37,111.32,111.32,4248.84,4248.84,4398.57,4398.57,4075.92,4214.30,4632.21,4787.77,-172.92,-34.54,233.64,389.20,96.37,96.37,111.32,111.32,415.15,146.97,0.0000,0.0000
30.413786,36.864,10.240,64.22,251.08,405.83,1.6163,102.14,-17.73,9.25,135.84,50.00,0.3000,193.90,223.97,47.78,96.95,96.95,111.98,111.98,4248.84,4248.84,4398.57,4398.57,4113.42,4177.84,4674.50,4746.93,-135.43,-71.00,275.93,348.36,96.95,96.95,111.98,111.98,415.36,68.42,0.0000,0.0000
30.413786,36.973,10.270,64.61,252.57,408.25,1.6164,102.75,-17.83,9.30,136.65,50.00,0.3000,195.05,225.30,47.78,97.53,97.53,112.65,112.65,4248.84,4248.84,4398.57,4398.57,4118.18,4174.35,4679.75,4742.90,-130.66,-74.49,281.18,344.33,97.53,97.53,112.65,112.65,415.33,59.66,0.0000,0.0000
30.413786,37.083,10.301,64.99,254.07,410.67,1.6164,103.36,-17.94,9.36,137.46,50.00,0.3000,196.21,226.64,47.78,98.11,98.11,113.32,113.32,4248.84,4248.84,4398.57,4398.57,4141.83,4151.89,4706.33,4717.64,-107.01,-96.96,307.76,319.06,98.11,98.11,113.32,113.32,415.40,10.68,0.0000,0.0000
30.413786,37.193,10.331,65.38,255.58,413.11,1.6164,103.97,-18.04,9.41,138.27,50.00,0.3000,197.37,227.98,47.78,98.69,98.69,113.99,113.99,4248.84,4248.84,4398.57,4398.57,4132.43,4162.53,4695.70,4729.53,-116.41,-86.32,297.13,330.96,98.69,98.69,113.99,113.99,415.41,31.96,0.0000,0.0000
30.413786,37.302,10.362,65.76,257.09,415.55,1.6164,104.58,-18.15,9.47,139.09,50.00,0.3000,198.54,229.33,47.78,99.27,99.27,114.66,114.66,4248.84,4248.84,4398.57,4398.57,4143.31,4152.86,4707.89,4718.63,-105.53,-95.98,309.32,320.06,99.27,99.27,114.66,114.66,415.45,10.14,0.0000,0.0000
30.413786,37.412,10.392,66.15,258.60,417.99,1.6164,105.20,-18.26,9.53,139.91,50.00,0.3000,199.71,230.68,47.78,99.85,99.85,115.34,115.34,4248.84,4248.84,4398.57,4398.57,4136.85,4160.56,4700.58,4727.23,-111.99,-88.29,302.01,328.66,99.85,99.85,115.34,115.34,415.47,25.17,0.0000,0.0000
30.413786,37.522,10.423,66.54,260.12,420.45,1.6164,105.81,-18.36,9.58,140.73,50.00,0.3000,200.88,232.03,47.78,100.44,100.44,116.02,116.02,4248.84,4248.84,4398.57,4398.57,4140.30,4158.33,4704.42,4724.69,-108.54,-90.51,305.85,326.12,100.44,100.44,116.02,116.02,415.51,19.15,0.0000,0.0000
30.413786,37.631,10.453,66.93,261.64,422.91,1.6164,106.43,-18.47,9.64,141.55,50.00,0.3000,202.06,233.39,47.78,101.03,101.03,116.70,116.70,4248.84,4248.84,4398.57,4398.57,4138.09,4161.78,4701.89,4728.52,-110.75,-87.07,303.32,329.95,101.03,101.03,116.70,116.70,415.54,25.16,0.0000,0.0000
30.413786,37.741,10.484,67.32,263.16,425.38,1.6164,107.05,-18.58,9.69,142.38,50.00,0.3000,203.24,234.75,47.78,101.62,101.62,117.38,117.38,4248.84,4248.84,4398.57,4398.57,4138.53,4162.57,4702.35,4729.37,-110.31,-86.28,303.78,330.80,101.62,101.62,117.38,117.38,415.58,25.53,0.0000,0.0000
30.568974,37.851,10.514,67.71,264.69,427.85,1.6164,107.67,-18.69,9.75,143.21,50.00,0.3000,204.42,236.12,47.78,102.21,102.21,118.06,118.06,4248.84,4248.84,4398.57,4398.57,4139.92,4162.43,4703.86,4729.16,-108.92,-86.42,305.29,330.59,102.21,102.21,118.06,118.06,415.61,23.90,0.0000,0.0000
30.568974,37.960,10.545,68.10,266.24,430.33,1.6164,108.31,-18.80,9.81,144.04,50.00,0.3000,205.60,237.49,47.78,102.80,102.80,118.75,118.75,4248.84,4248.84,4398.57,4398.57,4078.02,4225.42,4634.39,4800.10,-170.83,-23.42,235.82,401.53,102.80,102.80,118.75,118.75,415.80,156.56,0.0000,0.0000
30.568974,38.070,10.575,68.50,267.77,432.82,1.6164,108.93,-18.90,9.86,144.87,50.00,0.3000,206.79,238.86,47.78,103.40,103.40,119.43,119.43,4248.84,4248.84,4398.57,4398.57,4111.29,4193.55,4671.58,4764.06,-137.56,-55.29,273.02,365.49,103.40,103.40,119.43,119.43,415.68,87.37,0.0000,0.0000
30.568974,38.179,10.605,68.89,269.32,435.32,1.6164,109.56,-19.01,9.92,145.71,50.00,0.3000,207.99,240.24,47.78,103.99,103.99,120.12,120.12,4248.84,4248.84,4398.57,4398.57,4137.03,4169.01,4700.53,4736.48,-111.81,-79.84,301.96,337.91,103.99,103.99,120.12,120.12,415.76,33.96,0.0000,0.0000
30.568974,38.289,10.636,69.29,270.86,437.82,1.6164,110.19,-19.12,9.98,146.54,50.00,0.3000,209.18,241.62,47.78,104.59,104.59,120.81,120.81,4248.84,4248.84,4398.57,4398.57,4135.59,4171.71,4698.87,4739.47,-113.26,-77.14,300.30,340.90,104.59,104.59,120.81,120.81,415.79,38.36,0.0000,0.0000
30.568974,38.399,10.666,69.68,272.42,440.33,1.6164,110.82,-19.23,10.03,147.38,50.00,0.3000,210.38,243.01,47.78,105.19,105.19,121.50,121.50,4248.84,4248.84,4398.57,4398.57,4153.23,4155.32,4718.65,4721.01,-95.61,-93.52,320.08,322.44,105.19,105.19,121.50,121.50,415.83,2.22,0.0000,0.0000
30.568974,38.508,10.697,70.08,273.97,442.84,1.6164,111.45,-19.34,10.09,148.23,50.00,0.3000,211.58,244.39,47.78,105.79,105.79,122.20,122.20,4248.84,4248.84,4398.57,4398.57,4144.62,4165.21,4708.92,4732.06,-104.23,-83.64,310.35,333.49,105.79,105.79,122.20,122.20,415.85,21.87,0.0000,0.0000
30.568974,38.618,10.727,70.48,275.53,445.36,1.6164,112.08,-19.45,10.15,149.07,50.00,0.3000,212.79,245.79,47.78,106.39,106.39,122.89,122.89,4248.84,4248.84,4398.57,4398.57,4151.39,4159.67,4716.51,4725.82,-97.45,-89.17,317.94,327.25,106.39,106.39,122.89,122.89,415.91,8.80,0.0000,0.0000
30.568974,38.727,10.758,70.88,277.10,447.89,1.6164,112.72,-19.56,10.21,149.92,50.00,0.3000,214.00,247.18,47.78,107.00,107.00,123.59,123.59,4248.84,4248.84,4398.57,4398.57,4148.08,4164.26,4712.74,4730.93,-100.76,-84.58,314.17,332.36,107.00,107.00,123.59,123.59,415.94,17.19,0.0000,0.0000
30.568974,38.837,10.788,71.28,278.66,450.43,1.6164,113.36,-19.67,10.26,150.77,50.00,0.3000,215.21,248.58,47.78,107.60,107.60,124.29,124.29,4248.84,4248.84,4398.57,4398.57,4150.56,4163.04,4715.49,4729.52,-98.28,-85.80,316.92,330.95,107.60,107.60,124.29,124.29,415.98,13.26,0.0000,0.0000
30.568974,38.946,10.818,71.68,280.24,452.97,1.6164,114.00,-19.78,10.32,151.62,50.00,0.3000,216.42,249.98,47.78,108.21,108.21,124.99,124.99,4248.84,4248.84,4398.57,4398.57,4149.73,4165.14,4714.52,4731.84,-99.11,-83.70,315.95,333.27,108.21,108.21,124.99,124.99,416.01,16.37,0.0000,0.0000
30.568974,39.055,10.849,72.09,281.81,455.52,1.6164,114.64,-19.90,10.38,152.47,50.00,0.3000,217.64,251.39,47.78,108.82,108.82,125.70,125.70,4248.84,4248.84,4398.57,4398.57,4150.79,4165.37,4715.65,4732.04,-98.05,-83.47,317.08,333.47,108.82,108.82,125.70,125.70,416.04,15.48,0.0000,0.0000
30.700434,39.165,10.879,72.49,283.39,458.08,1.6164,115.28,-20.01,10.44,153.33,50.00,0.3000,218.86,252.80,47.78,109.43,109.43,126.40,126.40,4248.84,4248.84,4398.57,4398.57,4150.77,4166.66,4715.60,4733.46,-98.07,-82.19,317.03,334.89,109.43,109.43,126.40,126.40,416.09,16.87,0.0000,0.0000
30.700434,39.274,10.910,72.90,284.98,460.64,1.6164,115.93,-20.12,10.50,154.18,50.00,0.3000,220.09,254.22,47.78,110.04,110.04,127.11,127.11,4248.84,4248.84,4398.57,4398.57,4116.68,4201.98,4677.29,4773.18,-132.16,-46.86,278.72,374.61,110.04,110.04,127.11,127.11,416.18,90.59,0.0000,0.0000
30.700434,39.384,10.940,73.31,286.57,463.21,1.6164,116.57,-20.23,10.56,155.04,50.00,0.3000,221.31,255.64,47.78,110.66,110.66,127.82,127.82,4248.84,4248.84,4398.57,4398.57,4135.67,4184.33,4698.53,4753.24,-113.17,-64.51,299.96,354.67,110.66,110.66,127.82,127.82,416.15,51.68,0.0000,0.0000
30.700434,39.493,10.970,73.71,288.17,465.79,1.6164,117.22,-20.34,10.61,155.91,50.00,0.3000,222.54,257.06,47.78,111.27,111.27,128.53,128.53,4248.84,4248.84,4398.57,4398.57,4151.08,4170.20,4715.83,4737.32,-97.76,-78.65,317.26,338.75,111.27,111.27,128.53,128.53,416.21,20.30,0.0000,0.0000
30.700434,39.602,11.001,74.12,289.76,468.37,1.6164,117.87,-20.46,10.67,156.77,50.00,0.3000,223.78,258.48,47.78,111.89,111.89,129.24,129.24,4248.84,4248.84,4398.57,4398.57,4150.63,4171.94,4715.28,4739.24,-98.22,-76.91,316.71,340.67,111.89,111.89,129.24,129.24,416.25,22.63,0.0000,0.0000
30.700434,39.712,11.031,74.53,291.37,470.96,1.6164,118.53,-20.57,10.73,157.64,50.00,0.3000,225.02,259.91,47.78,112.51,112.51,129.96,129.96,4248.84,4248.84,4398.57,4398.57,4161.11,4162.74,4727.03,4728.87,-87.73,-86.10,328.46,330.30,112.51,112.51,129.96,129.96,416.29,1.73,0.0000,0.0000
30.700434,39.821,11.061,74.94,292.97,473.56,1.6164,119.18,-20.68,10.79,158.51,50.00,0.3000,226.26,261.35,47.78,113.13,113.13,130.67,130.67,4248.84,4248.84,4398.57,4398.57,4156.56,4168.60,4721.86,4735.40,-92.28,-80.24,323.29,336.83,113.13,113.13,130.67,130.67,416.32,12.79,0.0000,0.0000
30.700434,39.931,11.092,75.35,294.58,476.16,1.6164,119.83,-20.80,10.85,159.38,50.00,0.3000,227.50,262.78,47.78,113.75,113.75,131.39,131.39,4248.84,4248.84,4398.57,4398.57,4160.94,4165.52,4726.75,4731.90,-87.90,-83.32,328.18,333.33,113.75,113.75,131.39,131.39,416.37,4.87,0.0000,0.0000
30.700434,40.040,11.122,75.77,296.20,478.77,1.6164,120.49,-20.91,10.91,160.25,50.00,0.3000,228.75,264.22,47.78,114.37,114.37,132.11,132.11,4248.84,4248.84,4398.57,4398.57,4159.18,4168.59,4724.72,4735.31,-89.67,-80.25,326.15,336.74,114.37,114.37,132.11,132.11,416.40,10.00,0.0000,0.0000
30.700434,40.149,11.153,76.18,297.82,481.39,1.6164,121.15,-21.03,10.97,161.13,50.00,0.3000,230.00,265.67,47.78,115.00,115.00,132.83,132.83,4248.84,4248.84,4398.57,4398.57,4160.91,4168.16,4726.63,4734.79,-87.93,-80.68,328.07,336.22,115.00,115.00,132.83,132.83,416.45,7.70,0.0000,0.0000
30.700434,40.258,11.183,76.60,299.44,484.02,1.6164,121.81,-21.14,11.03,162.01,50.00,0.3000,231.25,267.12,47.78,115.63,115.63,133.56,133.56,4248.84,4248.84,4398.57,4398.57,4160.64,4169.75,4726.28,4736.53,-88.21,-79.09,327.71,337.96,115.63,115.63,133.56,133.56,416.48,9.68,0.0000,0.0000
30.700434,40.368,11.213,77.01,301.07,486.65,1.6164,122.47,-21.26,11.09,162.89,50.00,0.3000,232.51,268.57,47.78,116.26,116.26,134.28,134.28,4248.84,4248.84,4398.57,4398.57,4161.52,4170.19,4727.23,4736.97,-87.33,-78.66,328.66,338.40,116.26,116.26,134.28,134.28,416.52,9.21,0.0000,0.0000
30.898113,40.477,11.244,77.43,279.72,440.42,1.5745,123.13,-21.37,11.15,163.77,50.00,0.3000,184.91,270.02,41.98,92.46,92.46,135.01,135.01,4248.84,4248.84,4398.57,4398.57,4137.28,4146.90,4727.38,4738.20,-111.57,-101.94,328.81,339.63,92.46,92.46,135.01,135.01,440.98,10.22,0.0000,0.0000
30.898113,40.538,11.261,77.66,280.57,441.75,1.5745,123.51,-21.44,11.18,164.26,50.00,0.3000,185.47,270.84,41.98,92.73,92.73,135.42,135.42,4248.84,4248.84,4398.57,4398.57,4208.33,4252.61,4620.21,4669.99,-40.51,3.77,221.64,271.42,92.73,92.73,135.42,135.42,264.90,47.03,0.0000,0.0000
30.898113,40.599,11.278,77.90,281.41,443.09,1.5745,123.88,-21.50,11.22,164.76,50.00,0.3000,186.03,271.66,41.98,93.01,93.01,135.83,135.83,4248.84,4248.84,4398.57,4398.57,4217.07,4243.47,4631.14,4660.82,-31.77,-5.37,232.57,262.25,93.01,93.01,135.83,135.83,265.98,28.04,0.0000,0.0000
30.898113,40.660,11.294,78.13,282.26,444.42,1.5745,124.25,-21.56,11.25,165.26,50.00,0.3000,186.59,272.47,41.98,93.29,93.29,136.24,136.24,4248.84,4248.84,4398.57,4398.57,4226.56,4234.78,4641.66,4650.90,-22.29,-14.06,243.09,252.33,93.29,93.29,136.24,136.24,265.88,8.73,0.0000,0.0000
30.898113,40.721,11.311,78.37,283.11,445.76,1.5745,124.63,-21.63,11.29,165.75,50.00,0.3000,187.15,273.29,41.98,93.57,93.57,136.65,136.65,4248.84,4248.84,4398.57,4398.57,4224.82,4237.24,4639.63,4653.58,-24.02,-11.61,241.06,255.01,93.57,93.57,136.65,136.65,265.85,13.18,0.0000,0.0000
30.898113,40.782,11.328,78.60,283.96,447.10,1.5745,125.00,-21.69,11.32,166.25,50.00,0.3000,187.71,274.11,41.98,93.86,93.86,137.06,137.06,4248.84,4248.84,4398.57,4398.57,4230.90,4231.81,4646.46,4647.48,-17.94,-17.04,247.89,248.91,93.86,93.86,137.06,137.06,265.89,0.97,0.0000,0.0000
30.898113,40.843,11.345,78.84,284.81,448.43,1.5745,125.37,-21.76,11.35,166.75,50.00,0.3000,188.27,274.94,41.98,94.14,94.14,137.47,137.47,4248.84,4248.84,4398.57,4398.57,4227.76,4235.60,4642.93,4651.75,-21.09,-13.24,244.36,253.18,94.14,94.14,137.47,137.47,265.93,8.33,0.0000,0.0000
30.898113,40.904,11.362,79.08,285.66,449.78,1.5745,125.75,-21.82,11.39,167.25,50.00,0.3000,188.84,275.76,41.98,94.42,94.42,137.88,137.88,4248.84,4248.84,4398.57,4398.57,4229.88,4234.10,4645.34,4650.10,-18.97,-14.74,246.77,251.53,94.42,94.42,137.88,137.88,266.00,4.49,0.0000,0.0000
30.898113,40.965,11.379,79.31,286.51,451.12,1.5745,126.12,-21.89,11.42,167.75,50.00,0.3000,189.40,276.58,41.98,94.70,94.70,138.29,138.29,4248.84,4248.84,4398.57,4398.57,4228.93,4235.68,4644.30,4651.89,-19.91,-13.16,245.73,253.32,94.70,94.70,138.29,138.29,266.06,7.17,0.0000,0.0000
30.898113,41.026,11.396,79.55,287.37,452.46,1.5745,126.50,-21.96,11.45,168.25,50.00,0.3000,189.97,277.40,41.98,94.98,94.98,138.70,138.70,4248.84,4248.84,4398.57,4398.57,4229.77,4235.47,4645.27,4651.69,-19.08,-13.37,246.70,253.12,94.98,94.98,138.70,138.70,266.13,6.06,0.0000,0.0000
30.898113,41.087,11.413,79.78,288.22,453.81,1.5745,126.87,-22.02,11.49,168.75,50.00,0.3000,190.53,278.23,41.98,95.27,95.27,139.11,139.11,4248.84,4248.84,4398.57,4398.57,4229.57,4236.28,4645.10,4652.64,-19.28,-12.57,246.53,254.07,95.27,95.27,139.11,139.11,266.22,7.13,0.0000,0.0000
30.898113,41.148,11.430,80.02,289.08,455.16,1.5745,127.25,-22.09,11.52,169.25,50.00,0.3000,191.10,279.06,41.98,95.55,95.55,139.53,139.53,4248.84,4248.84,4398.57,4398.57,4229.97,4236.50,4645.59,4652.93,-18.88,-12.35,247.02,254.36,95.55,95.55,139.53,139.53,266.30,6.94,0.0000,0.0000
31.062468,41.209,11.447,80.26,285.44,442.94,1.5518,127.63,-22.15,11.56,169.75,50.00,0.3000,178.10,279.88,40.21,89.05,89.05,139.94,139.94,4248.84,4248.84,4398.57,4398.57,4223.25,4230.27,4645.70,4653.59,-25.59,-18.58,247.13,255.02,89.05,89.05,139.94,139.94,273.16,7.45,0.0000,0.0000
31.062468,41.225,11.451,80.32,285.65,443.28,1.5519,127.71,-22.17,11.57,169.88,50.00,0.3000,178.24,280.10,40.21,89.12,89.12,140.05,140.05,4248.84,4248.84,4398.57,4398.57,4124.14,4494.36,4359.23,4775.43,-124.71,245.52,-39.34,376.86,89.12,89.12,140.05,140.05,108.35,393.22,0.0000,0.0000
31.062468,41.240,11.455,80.38,285.83,443.60,1.5520,127.78,-22.18,11.57,170.00,50.00,0.3000,178.36,280.30,40.21,89.18,89.18,140.15,140.15,4248.84,4248.84,4398.57,4398.57,4027.39,4595.53,4245.93,4884.64,-221.45,346.69,-152.64,486.07,89.18,89.18,140.15,140.15,104.10,603.42,0.0000,0.0000
31.062468,41.253,11.459,80.43,285.97,443.87,1.5522,127.82,-22.20,11.58,170.11,50.00,0.3000,178.47,280.47,40.21,89.24,89.24,140.24,140.24,4248.84,4248.84,4398.57,4398.57,3928.87,4701.58,4127.32,4996.00,-319.97,452.73,-271.24,597.43,89.24,89.24,140.24,140.24,96.71,820.69,0.0000,0.0000
31.062468,41.263,11.462,80.47,286.07,444.10,1.5524,127.84,-22.21,11.59,170.19,50.00,0.3000,178.56,280.61,40.21,89.28,89.28,140.31,140.31,4248.84,4248.84,4398.57,4398.57,3834.86,4805.20,4011.54,5102.41,-413.99,556.36,-387.03,703.84,89.28,89.28,140.31,140.31,87.22,1030.60,0.0000,0.0000
31.062468,41.271,11.464,80.50,286.12,444.27,1.5527,127.84,-22.22,11.59,170.26,50.00,0.3000,178.63,280.72,40.21,89.32,89.32,140.36,140.36,4248.84,4248.84,4398.57,4398.57,3746.02,4905.21,3899.90,5203.06,-502.83,656.36,-498.67,804.49,89.32,89.32,140.36,140.36,76.14,1231.17,0.0000,0.0000
31.062468,41.276,11.466,80.52,286.13,444.38,1.5531,127.80,-22.22,11.59,170.30,50.00,0.3000,178.68,280.79,40.21,89.34,89.34,140.39,140.39,4248.84,4248.84,4398.57,4398.57,3660.17,5003.49,3790.24,5300.39,-588.67,754.64,-608.33,901.82,89.34,89.34,140.39,140.39,63.76,1426.73,0.0000,0.0000
31.062468,41.278,11.466,80.53,286.07,444.42,1.5535,127.73,-22.23,11.60,170.32,50.00,0.3000,178.69,280.82,40.21,89.35,89.35,140.41,140.41,4248.84,4248.84,4398.57,4398.57,3577.28,5099.83,3682.79,5394.44,-671.57,850.99,-715.78,995.87,89.35,89.35,140.41,140.41,50.34,1617.10,0.0000,0.0000
31.062468,41.277,11.466,80.52,285.97,444.39,1.5540,127.63,-22.22,11.60,170.31,50.00,0.3000,178.68,280.80,40.21,89.34,89.34,140.40,140.40,4248.84,4248.84,4398.57,4398.57,3497.37,5194.02,3577.77,5485.14,-751.47,945.18,-820.79,1086.57,89.34,89.34,140.40,140.40,36.04,1802.01,0.0000,0.0000
31.062468,41.272,11.465,80.50,285.80,444.30,1.5546,127.50,-22.22,11.59,170.27,50.00,0.3000,178.65,280.74,40.21,89.32,89.32,140.37,140.37,4248.84,4248.84,4398.57,4398.57,3434.29,5272.17,3490.81,5556.94,-814.55,1023.32,-907.76,1158.37,89.32,89.32,140.37,140.37,20.92,1952.00,0.0000,0.0000
31.062468,41.265,11.462,80.48,285.57,444.14,1.5553,127.33,-22.21,11.59,170.21,50.00,0.3000,178.58,280.64,40.21,89.29,89.29,140.32,140.32,4248.84,4248.84,4398.57,4398.57,3346.40,5375.75,3375.26,5656.65,-902.45,1126.90,-1023.31,1258.08,89.29,89.29,140.32,140.32,5.15,2155.37,0.0000,0.0000
31.062468,41.254,11.459,80.43,285.27,443.91,1.5561,127.12,-22.20,11.58,170.12,50.00,0.3000,178.49,280.49,40.21,89.24,89.24,140.25,140.25,4248.84,4248.84,4398.57,4398.57,3277.70,5460.73,3280.61,5734.77,-971.15,1211.88,-1117.96,1336.20,89.24,89.24,140.25,140.25,-11.25,2318.59,0.0000,0.0000
31.214746,41.240,11.456,80.38,284.92,443.61,1.5570,126.87,-22.18,11.57,170.01,50.00,0.3000,178.37,280.30,40.21,89.18,89.18,140.15,140.15,4248.84,4248.84,4398.57,4398.57,3209.23,5545.92,3185.72,5812.62,-1039.61,1297.08,-1212.85,1414.05,89.18,89.18,140.15,140.15,-28.13,2481.80,0.0000,0.0000
31.214746,41.208,11.447,80.25,284.29,442.92,1.5580,126.49,-22.15,11.56,169.74,50.00,0.3000,178.09,279.87,40.21,89.05,89.05,139.93,139.93,4248.84,4248.84,4398.57,4398.57,3182.86,5643.42,3080.18,5846.33,-1065.98,1394.58,-1318.39,1447.76,89.05,89.05,139.93,139.93,-99.62,2613.35,0.0000,0.0000
31.214746,41.173,11.437,80.12,283.60,442.16,1.5591,126.06,-22.11,11.54,169.45,50.00,0.3000,177.78,279.39,40.21,88.89,88.89,139.69,139.69,4248.84,4248.84,4398.57,4398.57,3109.86,5734.95,2978.03,5929.16,-1138.99,1486.11,-1420.54,1530.59,88.89,88.89,139.69,139.69,-118.54,2788.11,0.0000,0.0000
31.214746,41.134,11.426,79.97,282.83,441.33,1.5604,125.59,-22.07,11.52,169.13,50.00,0.3000,177.45,278.86,40.21,88.73,88.73,139.43,139.43,4248.84,4248.84,4398.57,4398.57,3054.19,5809.04,2895.46,5992.45,-1194.65,1560.20,-1503.11,1593.88,88.73,88.73,139.43,139.43,-137.39,2925.92,0.0000,0.0000
31.214746,41.093,11.415,79.80,282.01,440.44,1.5618,125.08,-22.03,11.49,168.79,50.00,0.3000,177.09,278.30,40.21,88.55,88.55,139.15,139.15,4248.84,4248.84,4398.57,4398.57,3009.52,5871.06,2826.36,6043.28,-1239.32,1622.21,-1572.21,1644.71,88.55,88.55,139.15,139.15,-155.20,3039.23,0.0000,0.0000
31.214746,41.048,11.402,79.63,281.11,439.48,1.5634,124.53,-21.98,11.47,168.42,50.00,0.3000,176.71,277.70,40.21,88.35,88.35,138.85,138.85,4248.84,4248.84,4398.57,4398.57,2954.91,5943.67,2745.35,6105.30,-1293.93,1694.83,-1653.22,1706.73,88.35,88.35,138.85,138.85,-173.69,3174.36,0.0000,0.0000
31.214746,41.000,11.389,79.45,280.15,438.47,1.5651,123.94,-21.93,11.44,168.03,50.00,0.3000,176.30,277.05,40.21,88.15,88.15,138.53,138.53,4248.84,4248.84,4398.57,4398.57,2909.90,6006.88,2674.90,6156.51,-1338.95,1758.03,-1723.67,1757.94,88.15,88.15,138.53,138.53,-192.41,3289.30,0.0000,0.0000
31.214746,40.950,11.375,79.25,279.13,437.39,1.5670,123.29,-21.87,11.41,167.62,50.00,0.3000,175.87,276.37,40.21,87.93,87.93,138.19,138.19,4248.84,4248.84,4398.57,4398.57,2867.79,6067.26,2607.60,6204.42,-1381.05,1818.41,-1790.97,1805.85,87.93,87.93,138.19,138.19,-211.24,3398.14,0.0000,0.0000
31.214746,40.897,11.360,79.05,278.04,436.25,1.5690,122.61,-21.82,11.38,167.19,50.00,0.3000,175.41,275.66,40.21,87.71,87.71,137.83,137.83,4248.84,4248.84,4398.57,4398.57,2829.26,6124.10,2544.25,6248.29,-1419.58,1875.25,-1854.32,1849.72,87.71,87.71,137.83,137.83,-230.14,3499.44,0.0000,0.0000
31.214746,40.841,11.345,78.83,276.88,435.06,1.5713,121.88,-21.76,11.35,166.73,50.00,0.3000,174.93,274.90,40.21,87.47,87.47,137.45,137.45,4248.84,4248.84,4398.57,4398.57,2794.18,6177.47,2484.76,6288.24,-1454.66,1928.63,-1913.81,1889.67,87.47,87.47,137.45,137.45,-249.05,3593.38,0.0000,0.0000
31.214746,40.782,11.328,78.60,275.66,433.81,1.5737,121.10,-21.69,11.32,166.25,50.00,0.3000,174.43,274.11,40.21,87.21,87.21,137.06,137.06,4248.84,4248.84,4398.57,4398.57,2762.38,6227.50,2429.00,6324.48,-1486.46,1978.66,-1969.57,1925.91,87.21,87.21,137.06,137.06,-267.93,3680.30,0.0000,0.0000
31.214746,40.721,11.311,78.37,274.38,432.51,1.5763,120.28,-21.63,11.28,165.75,50.00,0.3000,173.90,273.29,40.21,86.95,86.95,136.65,136.65,4248.84,4248.84,4398.57,4398.57,2733.74,6274.25,2376.90,6357.13,-1515.11,2025.41,-2021.67,1958.56,86.95,86.95,136.65,136.65,-286.71,3760.38,0.0000,0.0000
31.381990,40.657,11.294,78.12,273.03,431.15,1.5791,119.42,-21.56,11.25,165.23,50.00,0.3000,173.36,272.43,40.21,86.68,86.68,136.22,136.22,4248.84,4248.84,4398.57,4398.57,2708.02,6317.91,2328.23,6386.46,-1540.83,2069.06,-2070.34,1987.89,86.68,86.68,136.22,136.22,-305.34,3834.06,0.0000,0.0000
31.381990,40.584,11.273,77.84,271.53,429.60,1.5821,118.47,-21.48,11.21,164.64,50.00,0.3000,172.73,271.45,40.21,86.37,86.37,135.73,135.73,4248.84,4248.84,4398.57,4398.57,2707.16,6360.57,2282.07,6389.21,-1541.68,2111.72,-2116.50,1990.64,86.37,86.37,135.73,135.73,-347.95,3880.27,0.0000,0.0000
31.381990,40.508,11.252,77.55,269.96,427.99,1.5854,117.48,-21.40,11.17,164.02,50.00,0.3000,172.09,270.44,40.21,86.04,86.04,135.22,135.22,4248.84,4248.84,4398.57,4398.57,2681.65,6404.76,2232.71,6418.23,-1567.19,2155.92,-2165.86,2019.66,86.04,86.04,135.22,135.22,-367.46,3954.31,0.0000,0.0000
31.381990,40.429,11.230,77.25,268.34,426.33,1.5888,116.44,-21.32,11.12,163.39,50.00,0.3000,171.42,269.39,40.21,85.71,85.71,134.69,134.69,4248.84,4248.84,4398.57,4398.57,2665.37,6438.13,2195.40,6436.74,-1583.48,2189.29,-2203.16,2038.17,85.71,85.71,134.69,134.69,-385.40,4007.05,0.0000,0.0000
31.381990,40.340,11.206,76.91,266.65,424.45,1.5918,115.42,-21.23,11.07,162.66,50.00,0.3000,170.66,268.20,40.21,85.33,85.33,134.10,134.10,4248.84,4248.84,4398.57,4398.57,2999.31,6122.52,2550.38,6061.49,-1249.54,1873.67,-1848.19,1662.92,85.33,85.33,134.10,134.10,-404.70,3317.16,0.0000,0.0000
31.381990,40.247,11.180,76.55,264.87,422.49,1.5951,114.35,-21.13,11.02,161.91,50.00,0.3000,169.88,266.96,40.21,84.94,84.94,133.48,133.48,4248.84,4248.84,4398.57,4398.57,2928.51,6216.72,2444.92,6141.51,-1320.33,1967.87,-1953.65,1742.94,84.94,84.94,133.48,133.48,-429.12,3492.40,0.0000,0.0000
31.381990,40.151,11.153,76.19,263.04,420.49,1.5986,113.22,-21.03,10.97,161.15,50.00,0.3000,169.07,265.70,40.21,84.54,84.54,132.85,132.85,4248.84,4248.84,4398.57,4398.57,2877.25,6283.48,2369.80,6199.07,-1371.59,2034.63,-2028.77,1800.50,84.54,84.54,132.85,132.85,-445.66,3617.75,0.0000,0.0000
31.381990,40.054,11.126,75.82,261.15,418.45,1.6024,112.06,-20.93,10.92,160.36,50.00,0.3000,168.25,264.41,40.21,84.13,84.13,132.20,132.20,4248.84,4248.84,4398.57,4398.57,2837.98,6337.30,2309.14,6243.07,-1410.86,2088.46,-2089.43,1844.50,84.13,84.13,132.20,132.20,-461.27,3716.63,0.0000,0.0000
31.381990,39.954,11.098,75.44,259.20,416.38,1.6064,110.85,-20.82,10.86,159.57,50.00,0.3000,167.42,263.10,40.21,83.71,83.71,131.55,131.55,4248.84,4248.84,4398.57,4398.57,2807.55,6381.63,2259.10,6277.07,-1441.30,2132.78,-2139.47,1878.50,83.71,83.71,131.55,131.55,-476.23,3796.02,0.0000,0.0000
31.381990,39.853,11.070,75.06,257.21,414.26,1.6106,109.61,-20.72,10.81,158.76,50.00,0.3000,166.57,261.76,40.21,83.28,83.28,130.88,130.88,4248.84,4248.84,4398.57,4398.57,2784.11,6418.30,2217.60,6303.15,-1464.74,2169.45,-2180.97,1904.58,83.28,83.28,130.88,130.88,-490.55,3859.87,0.0000,0.0000
31.381990,39.749,11.041,74.67,255.16,412.11,1.6151,108.33,-20.61,10.75,157.93,50.00,0.3000,165.70,260.40,40.21,82.85,82.85,130.20,130.20,4248.84,4248.84,4398.57,4398.57,2766.23,6448.71,2183.08,6322.91,-1482.61,2199.86,-2215.49,1924.34,82.85,82.85,130.20,130.20,-504.20,3911.15,0.0000,0.0000
31.381990,39.644,11.012,74.28,253.08,409.93,1.6198,107.02,-20.50,10.70,157.10,50.00,0.3000,164.82,259.02,40.21,82.41,82.41,129.51,129.51,4248.84,4248.84,4398.57,4398.57,2752.86,6473.88,2154.39,6337.54,-1495.98,2225.03,-2244.18,1938.97,82.41,82.41,129.51,129.51,-517.13,3952.08,0.0000,0.0000
31.535624,39.536,10.982,73.87,250.95,407.71,1.6247,105.68,-20.39,10.64,156.25,50.00,0.3000,163.93,257.62,40.21,81.97,81.97,128.81,128.81,4248.84,4248.84,4398.57,4398.57,2743.16,6494.59,2130.64,6347.99,-1505.69,2245.75,-2267.93,1949.42,81.97,81.97,128.81,128.81,-529.28,3984.40,0.0000,0.0000
31.535624,39.424,10.951,73.45,248.73,405.39,1.6298,104.30,-20.27,10.58,155.36,50.00,0.3000,163.00,256.15,40.21,81.50,81.50,128.08,128.08,4248.84,4248.84,4398.57,4398.57,2751.94,6509.47,2114.18,6338.39,-1496.91,2260.62,-2284.39,1939.82,81.50,81.50,128.08,128.08,-554.14,3990.87,0.0000,0.0000
31.535624,39.309,10.919,73.03,246.48,403.03,1.6351,102.89,-20.16,10.52,154.45,50.00,0.3000,162.05,254.66,40.21,81.03,81.03,127.33,127.33,4248.84,4248.84,4398.57,4398.57,2747.48,6524.07,2097.18,6342.81,-1501.37,2275.22,-2301.39,1944.24,81.03,81.03,127.33,127.33,-565.50,4011.11,0.0000,0.0000
31.535624,39.193,10.887,72.60,244.20,400.65,1.6407,101.45,-20.04,10.45,153.54,50.00,0.3000,161.10,253.16,40.21,80.55,80.55,126.58,126.58,4248.84,4248.84,4398.57,4398.57,2745.58,6534.09,2085.19,6344.23,-1503.27,2285.25,-2313.38,1945.66,80.55,80.55,126.58,126.58,-574.85,4023.78,0.0000,0.0000
31.535624,39.075,10.854,72.16,241.89,398.26,1.6464,100.00,-19.92,10.39,152.63,50.00,0.3000,160.13,251.65,40.21,80.07,80.07,125.82,125.82,4248.84,4248.84,4398.57,4398.57,2745.78,6540.99,2076.63,6343.21,-1503.07,2292.15,-2321.94,1944.64,80.07,80.07,125.82,125.82,-583.19,4030.89,0.0000,0.0000
31.535624,38.957,10.821,71.72,239.57,395.85,1.6523,98.53,-19.80,10.33,151.70,50.00,0.3000,159.16,250.12,40.21,79.58,79.58,125.06,125.06,4248.84,4248.84,4398.57,4398.57,2747.84,6544.99,2071.27,6340.01,-1501.00,2296.14,-2327.30,1941.44,79.58,79.58,125.06,125.06,-590.50,4032.94,0.0000,0.0000
31.535624,38.839,10.788,71.29,237.22,393.44,1.6586,97.04,-19.68,10.27,150.78,50.00,0.3000,158.20,248.61,40.21,79.10,79.10,124.30,124.30,4248.84,4248.84,4398.57,4398.57,2723.23,6574.20,2037.47,6366.73,-1525.61,2325.36,-2361.10,1968.16,79.10,79.10,124.30,124.30,-596.34,4090.11,0.0000,0.0000
31.535624,38.721,10.756,70.86,234.86,391.06,1.6651,95.53,-19.56,10.20,149.87,50.00,0.3000,157.24,247.10,40.21,78.62,78.62,123.55,123.55,4248.84,4248.84,4398.57,4398.57,2694.92,6605.15,2001.61,6397.48,-1553.92,2356.31,-2396.95,1998.91,78.62,78.62,123.55,123.55,-600.22,4153.05,0.0000,0.0000
31.535624,38.604,10.723,70.43,232.50,388.71,1.6719,94.01,-19.44,10.14,148.97,50.00,0.3000,156.29,245.61,40.21,78.15,78.15,122.81,122.81,4248.84,4248.84,4398.57,4398.57,2672.99,6629.02,1973.68,6421.04,-1575.85,2380.18,-2424.89,2022.47,78.15,78.15,122.81,122.81,-603.38,4201.69,0.0000,0.0000
31.535624,38.488,10.691,70.01,230.13,386.38,1.6790,92.47,-19.32,10.08,148.07,50.00,0.3000,155.35,244.14,40.21,77.68,77.68,122.07,122.07,4248.84,4248.84,4398.57,4398.57,2647.09,6656.66,1941.52,6449.06,-1601.76,2407.81,-2457.05,2050.49,77.68,77.68,122.07,122.07,-606.31,4258.56,0.0000,0.0000
31.535624,38.373,10.659,69.59,227.75,384.07,1.6864,90.91,-19.21,10.02,147.19,50.00,0.3000,154.43,242.69,40.21,77.21,77.21,121.34,121.34,4248.84,4248.84,4398.57,4398.57,2622.86,6682.05,1911.85,6475.19,-1625.99,2433.20,-2486.72,2076.61,77.21,77.21,121.34,121.34,-608.66,4311.26,0.0000,0.0000
31.535624,38.260,10.628,69.18,225.37,381.80,1.6941,89.34,-19.09,9.96,146.32,50.00,0.3000,153.52,241.25,40.21,76.76,76.76,120.62,120.62,4248.84,4248.84,4398.57,4398.57,2600.27,6705.47,1884.40,6499.46,-1648.58,2456.63,-2514.17,2100.89,76.76,76.76,120.62,120.62,-610.67,4360.13,0.0000,0.0000
31.679493,38.147,10.596,68.77,223.00,379.56,1.7021,87.76,-18.98,9.90,145.46,50.00,0.3000,152.61,239.83,40.21,76.31,76.31,119.92,119.92,4248.84,4248.84,4398.57,4398.57,2579.18,6727.05,1859.01,6522.03,-1669.66,2478.21,-2539.56,2123.46,76.31,76.31,119.92,119.92,-612.32,4405.45,0.0000,0.0000
31.679493,38.032,10.564,68.36,220.59,377.27,1.7103,86.17,-18.87,9.84,144.58,50.00,0.3000,151.69,238.39,40.21,75.85,75.85,119.19,119.19,4248.84,4248.84,4398.57,4398.57,2594.51,6723.57,1862.48,6504.35,-1654.33,2474.72,-2536.09,2105.78,75.85,75.85,119.19,119.19,-625.35,4385.46,0.0000,0.0000
31.679493,37.915,10.532,67.94,218.16,374.96,1.7187,84.57,-18.75,9.78,143.70,50.00,0.3000,150.77,236.93,40.21,75.38,75.38,118.47,118.47,4248.84,4248.84,4398.57,4398.57,2599.77,6724.76,1860.34,6497.65,-1649.07,2475.92,-2538.22,2099.08,75.38,75.38,118.47,118.47,-633.00,4381.15,0.0000,0.0000
31.679493,37.799,10.500,67.53,215.73,372.67,1.7275,82.95,-18.64,9.72,142.82,50.00,0.3000,149.85,235.48,40.21,74.92,74.92,117.74,117.74,4248.84,4248.84,4398.57,4398.57,2581.95,6745.77,1835.75,6516.69,-1666.89,2496.92,-2562.82,2118.12,74.92,74.92,117.74,117.74,-637.37,4422.38,0.0000,0.0000
31.679493,37.684,10.468,67.12,213.30,370.41,1.7365,81.33,-18.52,9.66,141.95,50.00,0.3000,148.94,234.05,40.21,74.47,74.47,117.03,117.03,4248.84,4248.84,4398.57,4398.57,2562.16,6766.84,1810.96,6537.85,-1686.68,2518.00,-2587.61,2139.28,74.47,74.47,117.03,117.03,-639.82,4465.78,0.0000,0.0000
31.679493,37.571,10.436,66.71,210.88,368.18,1.7459,79.70,-18.41,9.61,141.10,50.00,0.3000,148.04,232.64,40.21,74.02,74.02,116.32,116.32,4248.84,4248.84,4398.57,4398.57,2538.49,6791.16,1782.51,6563.35,-1710.35,2542.31,-2616.06,2164.78,74.02,74.02,116.32,116.32,-641.62,4516.75,0.0000,0.0000
31.679493,37.458,10.405,66.31,208.46,365.98,1.7556,78.07,-18.30,9.55,140.25,50.00,0.3000,147.15,231.25,40.21,73.58,73.58,115.63,115.63,4248.84,4248.84,4398.57,4398.57,2521.96,6807.81,1762.66,6580.80,-1726.88,2558.96,-2635.91,2182.23,73.58,73.58,115.63,115.63,-642.88,4551.99,0.0000,0.0000
31.679493,37.347,10.374,65.92,206.06,363.81,1.7656,76.44,-18.19,9.49,139.42,50.00,0.3000,146.28,229.88,40.21,73.14,73.14,114.94,114.94,4248.84,4248.84,4398.57,4398.57,2506.95,6822.91,1744.57,6596.56,-1741.90,2574.06,-2654.00,2197.99,73.14,73.14,114.94,114.94,-644.09,4583.97,0.0000,0.0000
31.679493,37.237,10.344,65.53,203.66,361.67,1.7758,74.80,-18.09,9.44,138.60,50.00,0.3000,145.42,228.53,40.21,72.71,72.71,114.27,114.27,4248.84,4248.84,4398.57,4398.57,2493.17,6836.48,1728.20,6610.93,-1755.67,2587.63,-2670.37,2212.36,72.71,72.71,114.27,114.27,-644.99,4613.02,0.0000,0.0000
31.679493,37.129,10.314,65.15,201.28,359.57,1.7864,73.17,-17.98,9.38,137.80,50.00,0.3000,144.58,227.20,40.21,72.29,72.29,113.60,113.60,4248.84,4248.84,4398.57,4398.57,2480.59,6848.51,1713.55,6623.96,-1768.25,2599.67,-2685.02,2225.38,72.29,72.29,113.60,113.60,-645.53,4639.16,0.0000,0.0000
31.679493,37.022,10.284,64.78,198.92,357.50,1.7972,71.55,-17.88,9.33,137.01,50.00,0.3000,143.74,225.89,40.21,71.87,71.87,112.95,112.95,4248.84,4248.84,4398.57,4398.57,2469.20,6859.01,1700.63,6635.64,-1779.65,2610.16,-2697.94,2237.07,71.87,71.87,112.95,112.95,-645.70,4662.41,0.0000,0.0000
31.679493,36.916,10.255,64.41,196.58,355.46,1.8082,69.93,-17.78,9.27,136.23,50.00,0.3000,142.93,224.61,40.21,71.46,71.46,112.30,112.30,4248.84,4248.84,4398.57,4398.57,2458.95,6867.97,1689.42,6646.02,-1789.89,2619.13,-2709.15,2247.45,71.46,71.46,112.30,112.30,-645.47,4682.81,0.0000,0.0000
31.866930,36.813,10.226,64.05,194.26,353.47,1.8195,68.33,-17.68,9.22,135.46,50.00,0.3000,142.12,223.35,40.21,71.06,71.06,111.67,111.67,4248.84,4248.84,4398.57,4398.57,2449.86,6875.39,1679.94,6655.11,-1798.99,2626.54,-2718.63,2256.54,71.06,71.06,111.67,111.67,-644.82,4700.35,0.0000,0.0000
31.866930,36.706,10.196,63.67,191.92,351.42,1.8310,66.72,-17.57,9.17,134.67,50.00,0.3000,141.30,222.05,40.21,70.65,70.65,111.03,111.03,4248.84,4248.84,4398.57,4398.57,2462.57,6876.12,1678.89,6640.59,-1786.27,2627.28,-2719.68,2242.02,70.65,70.65,111.03,111.03,-659.33,4687.63,0.0000,0.0000
31.866930,36.599,10.166,63.31,189.60,349.38,1.8427,65.12,-17.47,9.12,133.89,50.00,0.3000,140.48,220.76,40.21,70.24,70.24,110.38,110.38,4248.84,4248.84,4398.57,4398.57,2456.30,6884.50,1668.55,6646.72,-1792.54,2635.66,-2730.02,2248.15,70.24,70.24,110.38,110.38,-662.49,4703.18,0.0000,0.0000
31.866930,36.494,10.137,62.94,187.30,347.38,1.8546,63.54,-17.37,9.06,133.13,50.00,0.3000,139.67,219.50,40.21,69.84,69.84,109.75,109.75,4248.84,4248.84,4398.57,4398.57,2447.73,6892.35,1658.65,6655.28,-1801.12,2643.50,-2739.92,2256.71,69.84,69.84,109.75,109.75,-662.80,4720.62,0.0000,0.0000
31.866930,36.390,10.108,62.59,185.04,345.41,1.8667,61.97,-17.27,9.01,132.37,50.00,0.3000,138.88,218.25,40.21,69.44,69.44,109.13,109.13,4248.84,4248.84,4398.57,4398.57,2439.90,6898.60,1650.51,6662.96,-1808.94,2649.75,-2748.06,2264.38,69.44,69.44,109.13,109.13,-662.24,4735.57,0.0000,0.0000
31.866930,36.288,10.080,62.23,182.80,343.47,1.8789,60.43,-17.18,8.96,131.63,50.00,0.3000,138.10,217.03,40.21,69.05,69.05,108.52,108.52,4248.84,4248.84,4398.57,4398.57,2433.25,6903.20,1644.20,6669.31,-1815.60,2654.36,-2754.37,2270.74,69.05,69.05,108.52,108.52,-661.20,4747.53,0.0000,0.0000
31.866930,36.188,10.052,61.89,180.60,341.57,1.8913,58.90,-17.08,8.91,130.90,50.00,0.3000,137.34,215.83,40.21,68.67,68.67,107.92,107.92,4248.84,4248.84,4398.57,4398.57,2427.75,6906.22,1639.67,6674.35,-1821.09,2657.38,-2758.90,2275.78,68.67,68.67,107.92,107.92,-659.70,4756.57,0.0000,0.0000
31.866930,36.089,10.025,61.55,178.44,339.71,1.9038,57.41,-16.99,8.86,130.19,50.00,0.3000,136.59,214.66,40.21,68.30,68.30,107.33,107.33,4248.84,4248.84,4398.57,4398.57,2423.40,6907.68,1636.89,6678.11,-1825.44,2658.84,-2761.68,2279.54,68.30,68.30,107.33,107.33,-657.77,4762.75,0.0000,0.0000
31.866930,35.992,9.998,61.22,176.32,337.89,1.9163,55.94,-16.90,8.82,129.49,50.00,0.3000,135.86,213.50,40.21,67.93,67.93,106.75,106.75,4248.84,4248.84,4398.57,4398.57,2420.12,6907.65,1635.77,6680.64,-1828.72,2658.81,-2762.79,2282.07,67.93,67.93,106.75,106.75,-655.40,4766.20,0.0000,0.0000
31.866930,35.897,9.971,60.90,174.25,336.11,1.9289,54.50,-16.81,8.77,128.81,50.00,0.3000,135.14,212.38,40.21,67.57,67.57,106.19,106.19,4248.84,4248.84,4398.57,4398.57,2417.87,6906.19,1636.27,6682.02,-1830.98,2657.34,-2762.30,2283.45,67.57,67.57,106.19,106.19,-652.60,4767.04,0.0000,0.0000
31.866930,35.804,9.946,60.58,172.22,334.36,1.9415,53.09,-16.72,8.72,128.14,50.00,0.3000,134.44,211.27,40.21,67.22,67.22,105.64,105.64,4248.84,4248.84,4398.57,4398.57,2416.57,6903.37,1638.28,6682.33,-1832.28,2654.52,-2760.29,2283.76,67.22,67.22,105.64,105.64,-649.39,4765.42,0.0000,0.0000
31.866930,35.712,9.920,60.28,170.24,332.66,1.9541,51.72,-16.64,8.68,127.49,50.00,0.3000,133.76,210.20,40.21,66.88,66.88,105.10,105.10,4248.84,4248.84,4398.57,4398.57,2416.18,6899.26,1641.74,6681.60,-1832.66,2650.42,-2756.83,2283.03,66.88,66.88,105.10,105.10,-645.78,4761.47,0.0000,0.0000
32.005890,35.623,9.895,59.97,168.31,330.99,1.9665,50.38,-16.55,8.64,126.85,50.00,0.3000,133.09,209.15,40.21,66.54,66.54,104.57,104.57,4248.84,4248.84,4398.57,4398.57,2416.62,6893.96,1646.53,6679.95,-1832.22,2645.12,-2752.04,2281.38,66.54,66.54,104.57,104.57,-641.78,4755.38,0.0000,0.0000
32.005890,35.530,9.869,59.66,166.38,329.26,1.9790,49.07,-16.47,8.59,126.18,50.00,0.3000,132.39,208.05,40.21,66.19,66.19,104.03,104.03,4248.84,4248.84,4398.57,4398.57,2417.02,6912.21,1626.28,6679.75,-1831.82,2663.37,-2772.29,2281.18,66.19,66.19,104.03,104.03,-661.33,4774.33,0.0000,0.0000
32.005890,35.437,9.844,59.35,164.49,327.55,1.9913,47.78,-16.38,8.55,125.53,50.00,0.3000,131.70,206.97,40.21,65.85,65.85,103.48,103.48,4248.84,4248.84,4398.57,4398.57,2417.50,6911.23,1626.46,6678.30,-1831.34,2662.39,-2772.10,2279.73,65.85,65.85,103.48,103.48,-661.71,4772.78,0.0000,0.0000
32.005890,35.346,9.818,59.05,162.65,325.87,2.0035,46.55,-16.30,8.50,124.88,50.00,0.3000,131.03,205.91,40.21,65.51,65.51,102.95,102.95,4248.84,4248.84,4398.57,4398.57,2418.27,6906.58,1630.58,6676.33,-1830.58,2657.74,-2767.99,2277.76,65.51,65.51,102.95,102.95,-658.69,4767.03,0.0000,0.0000
32.005890,35.257,9.794,58.75,160.87,324.23,2.0154,45.36,-16.21,8.46,124.26,50.00,0.3000,130.37,204.87,40.21,65.18,65.18,102.44,102.44,4248.84,4248.84,4398.57,4398.57,2419.56,6900.60,1636.17,6673.74,-1829.29,2651.76,-2762.40,2275.17,65.18,65.18,102.44,102.44,-654.85,4759.31,0.0000,0.0000
32.005890,35.170,9.769,58.46,159.16,322.63,2.0271,44.21,-16.13,8.42,123.64,50.00,0.3000,129.72,203.86,40.21,64.86,64.86,101.93,101.93,4248.84,4248.84,4398.57,4398.57,2421.40,6893.65,1642.83,6670.52,-1827.44,2644.81,-2755.74,2271.95,64.86,64.86,101.93,101.93,-650.58,4749.97,0.0000,0.0000
32.005890,35.085,9.746,58.17,157.51,321.06,2.0384,43.12,-16.06,8.38,123.04,50.00,0.3000,129.09,202.87,40.21,64.55,64.55,101.44,101.44,4248.84,4248.84,4398.57,4398.57,2423.80,6885.85,1650.46,6666.69,-1825.05,2637.01,-2748.11,2268.12,64.55,64.55,101.44,101.44,-645.98,4739.14,0.0000,0.0000
32.005890,35.001,9.723,57.90,155.92,319.54,2.0494,42.07,-15.98,8.34,122.46,50.00,0.3000,128.48,201.91,40.21,64.24,64.24,100.95,100.95,4248.84,4248.84,4398.57,4398.57,2426.68,6877.32,1658.91,6662.30,-1822.16,2628.48,-2739.66,2263.73,64.24,64.24,100.95,100.95,-641.12,4727.02,0.0000,0.0000
32.005890,34.920,9.700,57.63,154.40,318.05,2.0599,41.08,-15.91,8.30,121.89,50.00,0.3000,127.88,200.97,40.21,63.94,63.94,100.48,100.48,4248.84,4248.84,4398.57,4398.57,2430.02,6868.14,1668.10,6657.42,-1818.82,2619.29,-2730.47,2258.85,63.94,63.94,100.48,100.48,-636.04,4713.72,0.0000,0.0000
32.005890,34.840,9.678,57.37,152.95,316.60,2.0700,40.15,-15.83,8.26,121.33,50.00,0.3000,127.30,200.05,40.21,63.65,63.65,100.03,100.03,4248.84,4248.84,4398.57,4398.57,2433.74,6858.42,1677.91,6652.11,-1815.10,2609.57,-2720.66,2253.54,63.65,63.65,100.03,100.03,-630.80,4699.44,0.0000,0.0000
32.005890,34.762,9.656,57.11,151.56,315.19,2.0796,39.26,-15.76,8.22,120.79,50.00,0.3000,126.73,199.16,40.21,63.37,63.37,99.58,99.58,4248.84,4248.84,4398.57,4398.57,2437.83,6848.24,1688.24,6646.41,-1811.02,2599.40,-2710.33,2247.84,63.37,63.37,99.58,99.58,-625.43,4684.29,0.0000,0.0000
32.005890,34.686,9.635,56.86,150.24,313.81,2.0887,38.43,-15.69,8.19,120.26,50.00,0.3000,126.18,198.29,40.21,63.09,63.09,99.14,99.14,4248.84,4248.84,4398.57,4398.57,2442.19,6837.73,1698.96,6640.42,-1806.66,2588.89,-2699.61,2241.85,63.09,63.09,99.14,99.14,-620.00,4668.50,0.0000,0.0000
32.161461,34.612,9.614,56.62,148.99,312.47,2.0973,37.66,-15.63,8.15,119.75,50.00,0.3000,125.64,197.44,40.21,62.82,62.82,98.72,98.72,4248.84,4248.84,4398.57,4398.57,2446.78,6826.98,1709.97,6634.18,-1802.07,2578.13,-2688.60,2235.61,62.82,62.82,98.72,98.72,-614.53,4652.21,0.0000,0.0000
32.161461,34.536,9.593,56.37,147.77,311.11,2.1053,36.93,-15.56,8.12,119.23,50.00,0.3000,125.09,196.58,40.21,62.55,62.55,98.29,98.29,4248.84,4248.84,4398.57,4398.57,2443.06,6838.85,1696.42,6638.16,-1805.78,2590.01,-2702.14,2239.59,62.55,62.55,98.29,98.29,-623.39,4668.76,0.0000,0.0000
32.161461,34.462,9.573,56.13,146.62,309.77,2.1127,36.26,-15.49,8.08,118.71,50.00,0.3000,124.55,195.74,40.21,62.28,62.28,97.87,97.87,4248.84,4248.84,4398.57,4398.57,2447.03,6830.97,1704.35,6632.76,-1801.81,2582.13,-2694.22,2234.19,62.28,62.28,97.87,97.87,-620.17,4656.17,0.0000,0.0000
32.161461,34.389,9.553,55.89,145.54,308.46,2.1195,35.64,-15.43,8.05,118.21,50.00,0.3000,124.03,194.91,40.21,62.01,62.01,97.46,97.46,4248.84,4248.84,4398.57,4398.57,2452.61,6819.53,1716.17,6625.45,-1796.23,2570.69,-2682.40,2226.88,62.01,62.01,97.46,97.46,-614.99,4638.10,0.0000,0.0000
32.161461,34.318,9.533,55.66,144.52,307.19,2.1256,35.07,-15.36,8.02,117.73,50.00,0.3000,123.52,194.11,40.21,61.76,61.76,97.05,97.05,4248.84,4248.84,4398.57,4398.57,2458.29,6807.79,1728.33,6618.03,-1790.55,2558.95,-2670.23,2219.46,61.76,61.76,97.05,97.05,-609.59,4619.60,0.0000,0.0000
32.161461,34.249,9.514,55.44,143.56,305.95,2.1311,34.56,-15.30,7.98,117.25,50.00,0.3000,123.02,193.32,40.21,61.51,61.51,96.66,96.66,4248.84,4248.84,4398.57,4398.57,2463.85,6796.22,1740.33,6610.76,-1784.99,2547.37,-2658.24,2212.19,61.51,61.51,96.66,96.66,-604.22,4601.40,0.0000,0.0000
32.161461,34.181,9.495,55.22,142.67,304.74,2.1359,34.10,-15.24,7.95,116.79,50.00,0.3000,122.53,192.56,40.21,61.27,61.27,96.28,96.28,4248.84,4248.84,4398.57,4398.57,2469.30,6784.87,1752.10,6603.65,-1779.54,2536.02,-2646.47,2205.08,61.27,61.27,96.28,96.28,-598.94,4583.56,0.0000,0.0000
32.161461,34.115,9.476,55.00,141.84,303.56,2.1401,33.69,-15.18,7.92,116.33,50.00,0.3000,122.06,191.81,40.21,61.03,61.03,95.90,95.90,4248.84,4248.84,4398.57,4398.57,2474.66,6773.75,1763.63,6596.65,-1774.19,2524.90,-2634.93,2198.08,61.03,61.03,95.90,95.90,-593.78,4566.05,0.0000,0.0000
32.161461,34.050,9.458,54.79,141.07,302.40,2.1436,33.33,-15.12,7.89,115.89,50.00,0.3000,121.59,191.08,40.21,60.80,60.80,95.54,95.54,4248.84,4248.84,4398.57,4398.57,2479.93,6762.86,1774.92,6589.79,-1768.92,2514.02,-2623.65,2191.22,60.80,60.80,95.54,95.54,-588.77,4548.90,0.0000,0.0000
32.161461,33.986,9.441,54.59,140.35,301.28,2.1466,33.01,-15.07,7.86,115.46,50.00,0.3000,121.14,190.37,40.21,60.57,60.57,95.18,95.18,4248.84,4248.84,4398.57,4398.57,2485.13,6752.22,1785.97,6583.01,-1763.71,2503.37,-2612.60,2184.44,60.57,60.57,95.18,95.18,-583.91,4532.06,0.0000,0.0000
32.161461,33.924,9.423,54.39,139.69,300.17,2.1489,32.74,-15.01,7.83,115.04,50.00,0.3000,120.69,189.67,40.21,60.35,60.35,94.84,94.84,4248.84,4248.84,4398.57,4398.57,2490.27,6741.82,1796.77,6576.34,-1758.57,2492.97,-2601.80,2177.77,60.35,60.35,94.84,94.84,-579.21,4515.56,0.0000,0.0000
32.161461,33.863,9.406,54.19,139.07,299.09,2.1507,32.51,-14.96,7.80,114.62,50.00,0.3000,120.26,188.99,40.21,60.13,60.13,94.49,94.49,4248.84,4248.84,4398.57,4398.57,2495.35,6731.65,1807.32,6569.76,-1753.49,2482.81,-2591.25,2171.19,60.13,60.13,94.49,94.49,-574.69,4499.37,0.0000,0.0000
32.298550,33.803,9.390,54.00,138.50,298.04,2.1519,32.31,-14.90,7.78,114.22,50.00,0.3000,119.84,188.32,40.21,59.92,59.92,94.16,94.16,4248.84,4248.84,4398.57,4398.57,2500.37,6721.73,1817.62,6563.26,-1748.47,2472.89,-2580.95,2164.69,59.92,59.92,94.16,94.16,-570.34,4483.50,0.0000,0.0000
32.298550,33.742,9.373,53.81,137.95,296.96,2.1526,32.15,-14.85,7.75,113.80,50.00,0.3000,119.40,187.64,40.21,59.70,59.70,93.82,93.82,4248.84,4248.84,4398.57,4398.57,2494.66,6735.87,1801.69,6569.65,-1754.19,2487.03,-2596.88,2171.08,59.70,59.70,93.82,93.82,-579.32,4504.58,0.0000,0.0000
32.298550,33.681,9.356,53.61,137.44,295.89,2.1529,32.02,-14.80,7.72,113.40,50.00,0.3000,118.97,186.97,40.21,59.49,59.49,93.48,93.48,4248.84,4248.84,4398.57,4398.57,2499.10,6728.42,1809.33,6563.91,-1749.74,2479.57,-2589.24,2165.34,59.49,59.49,93.48,93.48,-576.86,4491.95,0.0000,0.0000
32.298550,33.622,9.339,53.42,136.97,294.85,2.1527,31.92,-14.75,7.69,113.00,50.00,0.3000,118.55,186.31,40.21,59.28,59.28,93.15,93.15,4248.84,4248.84,4398.57,4398.57,2505.45,6717.31,1820.98,6555.95,-1743.40,2468.46,-2577.58,2157.38,59.28,59.28,93.15,93.15,-572.64,4473.41,0.0000,0.0000
32.298550,33.563,9.323,53.24,136.53,293.83,2.1521,31.84,-14.69,7.67,112.60,50.00,0.3000,118.14,185.66,40.21,59.07,59.07,92.83,92.83,4248.84,4248.84,4398.57,4398.57,2511.46,6706.54,1832.27,6548.37,-1737.39,2457.69,-2566.30,2149.80,59.07,59.07,92.83,92.83,-568.40,4455.59,0.0000,0.0000
32.298550,33.506,9.307,53.06,136.12,292.82,2.1512,31.79,-14.64,7.64,112.22,50.00,0.3000,117.74,185.03,40.21,58.87,58.87,92.51,92.51,4248.84,4248.84,4398.57,4398.57,2517.14,6696.27,1843.01,6541.18,-1731.71,2447.42,-2555.56,2142.61,58.87,58.87,92.51,92.51,-564.33,4438.65,0.0000,0.0000
32.298550,33.450,9.292,52.88,135.74,291.84,2.1500,31.76,-14.59,7.61,111.84,50.00,0.3000,117.34,184.41,40.21,58.67,58.67,92.20,92.20,4248.84,4248.84,4398.57,4398.57,2522.49,6686.54,1853.16,6534.38,-1726.35,2437.70,-2545.41,2135.81,58.67,58.67,92.20,92.20,-560.47,4422.64,0.0000,0.0000
32.298550,33.394,9.276,52.70,135.39,290.88,2.1485,31.75,-14.55,7.59,111.47,50.00,0.3000,116.96,183.80,40.21,58.48,58.48,91.90,91.90,4248.84,4248.84,4398.57,4398.57,2527.57,6677.30,1862.80,6527.92,-1721.28,2428.45,-2535.77,2129.34,58.48,58.48,91.90,91.90,-556.80,4407.42,0.0000,0.0000
32.298550,33.340,9.261,52.53,135.05,289.93,2.1468,31.75,-14.50,7.56,111.11,50.00,0.3000,116.57,183.20,40.21,58.29,58.29,91.60,91.60,4248.84,4248.84,4398.57,4398.57,2532.45,6668.45,1872.01,6521.69,-1716.40,2419.60,-2526.56,2123.12,58.29,58.29,91.60,91.60,-553.32,4392.84,0.0000,0.0000
32.298550,33.286,9.246,52.36,134.73,288.99,2.1449,31.77,-14.45,7.54,110.75,50.00,0.3000,116.20,182.61,40.21,58.10,58.10,91.30,91.30,4248.84,4248.84,4398.57,4398.57,2537.18,6659.93,1880.87,6515.65,-1711.66,2411.08,-2517.69,2117.08,58.10,58.10,91.30,91.30,-550.02,4378.76,0.0000,0.0000
32.298550,33.233,9.231,52.20,134.43,288.08,2.1429,31.80,-14.41,7.52,110.40,50.00,0.3000,115.83,182.03,40.21,57.92,57.92,91.01,91.01,4248.84,4248.84,4398.57,4398.57,2541.83,6651.66,1889.47,6509.73,-1707.02,2402.81,-2509.10,2111.16,57.92,57.92,91.01,91.01,-546.87,4365.04,0.0000,0.0000
32.298550,20.078,5.577,19.05,53.27,105.15,1.9739,15.81,-5.26,2.74,40.30,50.00,0.3000,42.28,66.44,40.21,21.14,21.14,33.22,33.22,4248.84,4248.84,4398.57,4398.57,0.00,85437.48,0.00,45397.06,-4248.84,81188.63,-4398.57,40998.49,21.14,21.14,33.22,33.22,-20169.93,65417.27,0.0000,0.0000
32.478745,20.057,5.572,19.01,52.82,104.93,1.9866,15.43,-5.25,2.74,40.21,50.00,0.3000,42.19,66.30,40.21,21.10,21.10,33.15,33.15,4248.84,4248.84,4398.57,4398.57,2822.22,5510.70,3024.01,6046.39,-1426.62,1261.86,-1374.56,1647.82,21.10,21.10,33.15,33.15,219.01,2855.43,0.0000,0.0000
32.478745,20.207,5.613,19.30,52.95,106.50,2.0113,15.01,-5.33,2.78,40.82,50.00,0.3000,42.82,67.30,40.21,21.41,21.41,33.65,33.65,4248.84,4248.84,4398.57,4398.57,1224.39,6277.02,2111.70,7791.84,-3024.45,2028.17,-2286.87,3393.27,21.41,21.41,33.65,33.65,1051.34,5366.38,0.0000,0.0000
32.478745,19.877,5.521,18.67,50.84,103.05,2.0270,14.12,-5.15,2.69,39.49,50.00,0.3000,41.43,65.11,40.21,20.72,20.72,32.56,32.56,4248.84,4248.84,4398.57,4398.57,2648.99,6775.80,1668.62,6307.97,-1599.85,2526.96,-2729.95,1909.40,20.72,20.72,32.56,32.56,-873.83,4383.08,0.0000,0.0000
32.478745,19.928,5.536,18.77,50.64,103.59,2.0455,13.74,-5.18,2.70,39.70,50.00,0.3000,41.65,65.45,40.21,20.83,20.83,32.73,32.73,4248.84,4248.84,4398.57,4398.57,1902.35,6134.16,2304.02,7061.40,-2346.49,1885.31,-2094.55,2662.83,20.83,20.83,32.73,32.73,514.73,4494.60,0.0000,0.0000
32.478745,19.627,5.452,18.21,48.76,100.48,2.0606,12.96,-5.03,2.62,38.51,50.00,0.3000,40.40,63.49,40.21,20.20,20.20,31.75,31.75,4248.84,4248.84,4398.57,4398.57,2620.46,6767.20,1674.65,6336.41,-1628.39,2518.36,-2723.92,1937.84,20.20,20.20,31.75,31.75,-838.03,4404.26,0.0000,0.0000
32.478745,19.702,5.473,18.35,48.82,101.25,2.0740,12.74,-5.06,2.64,38.80,50.00,0.3000,40.71,63.98,40.21,20.36,20.36,31.99,31.99,4248.84,4248.84,4398.57,4398.57,2337.72,5742.32,2746.02,6573.46,-1911.13,1493.47,-1652.55,2174.89,20.36,20.36,31.99,31.99,470.00,3616.02,0.0000,0.0000
32.478745,19.457,5.405,17.89,47.39,98.75,2.0836,12.21,-4.94,2.58,37.84,50.00,0.3000,39.70,62.39,40.21,19.85,19.85,31.20,31.20,4248.84,4248.84,4398.57,4398.57,3197.40,6107.05,2410.72,5681.75,-1051.44,1858.21,-1987.84,1283.18,19.85,19.85,31.20,31.20,-755.72,3090.33,0.0000,0.0000
32.478745,19.466,5.407,17.91,47.31,98.83,2.0889,12.10,-4.94,2.58,37.88,50.00,0.3000,39.74,62.45,40.21,19.87,19.87,31.23,31.23,4248.84,4248.84,4398.57,4398.57,3464.34,4980.43,3623.93,5328.31,-784.50,731.58,-774.63,929.74,19.87,19.87,31.23,31.23,104.01,1610.23,0.0000,0.0000
32.478745,19.199,5.333,17.42,45.94,96.14,2.0926,11.69,-4.81,2.51,36.84,50.00,0.3000,38.66,60.75,40.21,19.33,19.33,30.37,30.37,4248.84,4248.84,4398.57,4398.57,4088.30,5380.18,3236.71,4689.04,-160.54,1131.33,-1161.86,290.47,19.33,19.33,30.37,30.37,-921.09,1372.10,0.0000,0.0000
32.478745,19.113,5.309,17.26,45.37,95.28,2.1000,11.42,-4.77,2.49,36.52,50.00,0.3000,38.31,60.21,40.21,19.16,19.16,30.10,30.10,4248.84,4248.84,4398.57,4398.57,3221.10,5554.52,2997.26,5620.48,-1027.75,1305.67,-1401.31,1221.91,19.16,19.16,30.10,30.10,-228.67,2478.32,0.0000,0.0000
32.478745,19.040,5.289,17.13,44.91,94.55,2.1057,11.22,-4.73,2.47,36.24,50.00,0.3000,38.02,59.75,40.21,19.01,19.01,29.87,29.87,4248.84,4248.84,4398.57,4398.57,3443.05,5312.38,3267.83,5369.33,-805.79,1063.54,-1130.74,970.76,19.01,19.01,29.87,29.87,-208.86,1985.41,0.0000,0.0000
32.478745,18.863,5.240,16.82,44.06,92.80,2.1065,10.99,-4.64,2.42,35.57,50.00,0.3000,37.31,58.64,40.21,18.66,18.66,29.32,29.32,4248.84,4248.84,4398.57,4398.57,4401.72,4772.19,3900.20,4316.68,152.88,523.34,-498.37,-81.89,18.66,18.66,29.32,29.32,-628.24,393.47,0.0000,0.0000
32.664848,18.660,5.183,16.46,43.07,90.82,2.1088,10.71,-4.54,2.37,34.81,50.00,0.3000,36.52,57.39,40.21,18.26,18.26,28.69,28.69,4248.84,4248.84,4398.57,4398.57,4202.24,5053.83,3587.65,4545.01,-46.61,804.99,-810.92,146.44,18.26,18.26,28.69,28.69,-711.43,904.48,0.0000,0.0000
32.664848,18.639,5.178,16.42,42.84,90.62,2.1152,10.56,-4.53,2.36,34.73,50.00,0.3000,36.44,57.26,40.21,18.22,18.22,28.63,28.63,4248.84,4248.84,4398.57,4398.57,3168.01,5405.47,3149.85,5665.19,-1080.83,1156.62,-1248.72,1266.62,18.22,18.22,28.63,28.63,-28.94,2376.40,0.0000,0.0000
32.664848,18.489,5.136,16.16,42.15,89.17,2.1156,10.38,-4.46,2.33,34.17,50.00,0.3000,35.85,56.34,40.21,17.93,17.93,28.17,28.17,4248.84,4248.84,4398.57,4398.57,4437.32,4639.92,4041.01,4268.77,188.48,391.08,-357.56,-129.80,17.93,17.93,28.17,28.17,-533.46,215.19,0.0000,0.0000
32.664848,18.306,5.085,15.84,41.27,87.40,2.1178,10.13,-4.37,2.28,33.50,50.00,0.3000,35.14,55.23,40.21,17.57,17.57,27.61,27.61,4248.84,4248.84,4398.57,4398.57,4166.73,5026.24,3612.99,4579.24,-82.11,777.40,-785.58,180.67,17.57,17.57,27.61,27.61,-650.10,912.88,0.0000,0.0000
32.664848,18.155,5.043,15.58,40.54,85.97,2.1206,9.91,-4.30,2.24,32.95,50.00,0.3000,34.57,54.32,40.21,17.28,17.28,27.16,27.16,4248.84,4248.84,4398.57,4398.57,3992.96,5078.93,3545.49,4766.34,-255.89,830.09,-853.08,367.77,17.28,17.28,27.16,27.16,-529.75,1153.41,0.0000,0.0000
32.664848,18.023,5.007,15.35,39.91,84.73,2.1232,9.72,-4.24,2.21,32.47,50.00,0.3000,34.07,53.54,40.21,17.03,17.03,26.77,26.77,4248.84,4248.84,4398.57,4398.57,3982.82,5022.40,3604.26,4772.95,-266.02,773.55,-794.31,374.38,17.03,17.03,26.77,26.77,-463.73,1104.13,0.0000,0.0000
32.664848,17.892,4.970,15.13,39.28,83.50,2.1256,9.53,-4.18,2.18,32.00,50.00,0.3000,33.57,52.76,40.21,16.79,16.79,26.38,26.38,4248.84,4248.84,4398.57,4398.57,4013.86,4993.60,3636.14,4737.56,-234.98,744.76,-762.43,338.99,16.79,16.79,26.38,26.38,-466.61,1040.58,0.0000,0.0000
32.664848,17.767,4.935,14.92,38.69,82.34,2.1282,9.35,-4.12,2.15,31.55,50.00,0.3000,33.11,52.03,40.21,16.55,16.55,26.01,26.01,4248.84,4248.84,4398.57,4398.57,3962.96,5021.52,3602.73,4792.75,-285.88,772.67,-795.84,394.18,16.55,16.55,26.01,26.01,-444.23,1124.29,0.0000,0.0000
32.664848,17.646,4.902,14.72,38.12,81.21,2.1306,9.18,-4.06,2.12,31.12,50.00,0.3000,32.65,51.32,40.21,16.33,16.33,25.66,25.66,4248.84,4248.84,4398.57,4398.57,3953.78,5021.91,3601.16,4801.95,-295.06,773.07,-797.41,403.38,16.33,16.33,25.66,25.66,-436.02,1134.46,0.0000,0.0000
32.664848,17.525,4.868,14.51,37.56,80.11,2.1330,9.01,-4.01,2.09,30.70,50.00,0.3000,32.21,50.62,40.21,16.10,16.10,25.31,25.31,4248.84,4248.84,4398.57,4398.57,3937.51,5038.12,3582.36,4819.66,-311.33,789.27,-816.21,421.09,16.10,16.10,25.31,25.31,-436.53,1168.95,0.0000,0.0000
32.664848,17.404,4.834,14.31,37.00,79.00,2.1354,8.85,-3.95,2.06,30.28,50.00,0.3000,31.77,49.92,40.21,15.88,15.88,24.96,24.96,4248.84,4248.84,4398.57,4398.57,3923.13,5056.49,3561.39,4835.51,-325.71,807.65,-837.18,436.94,15.88,15.88,24.96,24.96,-441.09,1203.74,0.0000,0.0000
32.664848,17.282,4.800,14.11,36.44,77.90,2.1377,8.69,-3.90,2.03,29.85,50.00,0.3000,31.32,49.22,40.21,15.66,15.66,24.61,24.61,4248.84,4248.84,4398.57,4398.57,3903.08,5083.02,3531.39,4857.88,-345.77,834.17,-867.18,459.31,15.66,15.66,24.61,24.61,-448.13,1253.22,0.0000,0.0000
32.853363,17.158,4.766,13.91,35.89,76.79,2.1399,8.53,-3.84,2.00,29.43,50.00,0.3000,30.88,48.52,40.21,15.44,15.44,24.26,24.26,4248.84,4248.84,4398.57,4398.57,3882.08,5111.96,3498.78,4881.41,-366.77,863.12,-899.79,482.84,15.44,15.44,24.26,24.26,-456.65,1306.26,0.0000,0.0000
32.853363,17.034,4.732,13.71,35.33,75.68,2.1421,8.37,-3.78,1.97,29.00,50.00,0.3000,30.43,47.82,40.21,15.21,15.21,23.91,23.91,4248.84,4248.84,4398.57,4398.57,3859.95,5143.25,3463.60,4906.28,-388.89,894.40,-934.97,507.71,15.21,15.21,23.91,23.91,-466.39,1362.98,0.0000,0.0000
32.853363,16.908,4.697,13.51,34.78,74.57,2.1442,8.21,-3.73,1.95,28.58,50.00,0.3000,29.98,47.12,40.21,14.99,14.99,23.56,23.56,4248.84,4248.84,4398.57,4398.57,3834.16,5179.22,3423.21,4935.33,-414.68,930.38,-975.36,536.75,14.99,14.99,23.56,23.56,-477.15,1428.58,0.0000,0.0000
32.853363,16.780,4.661,13.31,34.22,73.45,2.1461,8.06,-3.67,1.92,28.15,50.00,0.3000,29.53,46.41,40.21,14.77,14.77,23.20,23.20,4248.84,4248.84,4398.57,4398.57,3806.86,5217.54,3380.24,4966.12,-441.98,968.70,-1018.33,567.55,14.77,14.77,23.20,23.20,-488.75,1498.28,0.0000,0.0000
32.853363,16.651,4.625,13.10,33.67,72.32,2.1479,7.90,-3.62,1.89,27.72,50.00,0.3000,29.08,45.70,40.21,14.54,14.54,22.85,22.85,4248.84,4248.84,4398.57,4398.57,3779.34,5257.21,3335.82,4997.23,-469.50,1008.37,-1062.75,598.66,14.54,14.54,22.85,22.85,-501.48,1569.64,0.0000,0.0000
32.853363,16.521,4.589,12.90,33.12,71.19,2.1494,7.76,-3.56,1.86,27.28,50.00,0.3000,28.62,44.98,40.21,14.31,14.31,22.49,22.49,4248.84,4248.84,4398.57,4398.57,3748.29,5301.82,3285.92,5032.40,-500.55,1052.98,-1112.65,633.83,14.31,14.31,22.49,22.49,-515.62,1650.00,0.0000,0.0000
32.853363,16.388,4.552,12.69,32.57,70.05,2.1508,7.61,-3.50,1.83,26.85,50.00,0.3000,28.17,44.26,40.21,14.08,14.08,22.13,22.13,4248.84,4248.84,4398.57,4398.57,3714.33,5350.56,3231.46,5070.90,-534.51,1101.71,-1167.10,672.33,14.08,14.08,22.13,22.13,-530.99,1737.83,0.0000,0.0000
32.853363,16.254,4.515,12.49,32.02,68.91,2.1518,7.47,-3.45,1.80,26.41,50.00,0.3000,27.71,43.54,40.21,13.85,13.85,21.77,21.77,4248.84,4248.84,4398.57,4398.57,3680.53,5400.69,3175.53,5109.32,-568.31,1151.84,-1223.04,710.75,13.85,13.85,21.77,21.77,-547.91,1826.97,0.0000,0.0000
32.853363,16.118,4.477,12.28,31.48,67.76,2.1525,7.34,-3.39,1.77,25.97,50.00,0.3000,27.24,42.81,40.21,13.62,13.62,21.41,21.41,4248.84,4248.84,4398.57,4398.57,3644.89,5454.51,3115.56,5149.93,-603.96,1205.67,-1283.01,751.36,13.62,13.62,21.41,21.41,-566.68,1922.00,0.0000,0.0000
32.853363,15.979,4.439,12.07,30.94,66.60,2.1528,7.21,-3.33,1.74,25.52,50.00,0.3000,26.78,42.08,40.21,13.39,13.39,21.04,21.04,4248.84,4248.84,4398.57,4398.57,3607.51,5512.14,3051.43,5192.61,-641.33,1263.29,-1347.14,794.04,13.39,13.39,21.04,21.04,-587.53,2022.90,0.0000,0.0000
32.853363,15.839,4.400,11.86,30.40,65.43,2.1527,7.08,-3.27,1.71,25.08,50.00,0.3000,26.31,41.35,40.21,13.15,13.15,20.67,20.67,4248.84,4248.84,4398.57,4398.57,3568.70,5573.01,2983.77,5237.00,-680.14,1324.16,-1414.80,838.43,13.15,13.15,20.67,20.67,-610.20,2128.77,0.0000,0.0000
32.853363,15.696,4.360,11.64,29.86,64.26,2.1521,6.96,-3.21,1.68,24.63,50.00,0.3000,25.84,40.60,40.21,12.92,12.92,20.30,20.30,4248.84,4248.84,4398.57,4398.57,3529.50,5637.09,2912.66,5282.02,-719.35,1388.25,-1485.91,883.45,12.92,12.92,20.30,20.30,-635.68,2238.47,0.0000,0.0000
33.011288,15.551,4.320,11.43,29.32,63.08,2.1510,6.85,-3.15,1.65,24.17,50.00,0.3000,25.36,39.86,40.21,12.68,12.68,19.93,19.93,4248.84,4248.84,4398.57,4398.57,3486.48,5707.47,2834.63,5331.46,-762.36,1458.63,-1563.94,932.89,12.68,12.68,19.93,19.93,-663.66,2358.92,0.0000,0.0000
33.011288,15.402,4.278,11.21,28.79,61.88,2.1494,6.74,-3.09,1.61,23.71,50.00,0.3000,24.88,39.10,40.21,12.44,12.44,19.55,19.55,4248.84,4248.84,4398.57,4398.57,3480.36,5742.95,2795.95,5339.55,-768.49,1494.10,-1602.62,940.98,12.44,12.44,19.55,19.55,-693.63,2403.10,0.0000,0.0000
33.011288,15.253,4.237,11.00,28.26,60.69,2.1472,6.64,-3.03,1.58,23.26,50.00,0.3000,24.40,38.35,40.21,12.20,12.20,19.17,19.17,4248.84,4248.84,4398.57,4398.57,3400.31,5853.35,2673.10,5430.81,-848.54,1604.51,-1725.47,1032.24,12.20,12.20,19.17,19.17,-724.60,2605.38,0.0000,0.0000
33.011288,15.104,4.196,10.78,27.75,59.51,2.1445,6.55,-2.98,1.55,22.80,50.00,0.3000,23.93,37.60,40.21,11.96,11.96,18.80,18.80,4248.84,4248.84,4398.57,4398.57,3364.79,5914.13,2605.73,5471.70,-884.06,1665.29,-1792.84,1073.13,11.96,11.96,18.80,18.80,-750.47,2707.66,0.0000,0.0000
33.011288,14.958,4.155,10.57,27.25,58.36,2.1413,6.46,-2.92,1.52,22.36,50.00,0.3000,23.46,36.87,40.21,11.73,11.73,18.44,18.44,4248.84,4248.84,4398.57,4398.57,3338.63,5956.08,2558.96,5501.49,-910.21,1707.24,-1839.61,1102.92,11.73,11.73,18.44,18.44,-766.86,2779.99,0.0000,0.0000
33.011288,14.819,4.116,10.38,26.79,57.28,2.1380,6.38,-2.86,1.49,21.95,50.00,0.3000,23.03,36.19,40.21,11.51,11.51,18.10,18.10,4248.84,4248.84,4398.57,4398.57,3336.87,5951.17,2563.51,5502.49,-911.97,1702.32,-1835.06,1103.92,11.51,11.51,18.10,18.10,-760.74,2776.64,0.0000,0.0000
33.011288,14.693,4.081,10.20,26.38,56.31,2.1346,6.32,-2.82,1.47,21.58,50.00,0.3000,22.64,35.58,40.21,11.32,11.32,17.79,17.79,4248.84,4248.84,4398.57,4398.57,3371.85,5873.08,2648.12,5459.99,-876.99,1624.23,-1750.44,1061.42,11.32,11.32,17.79,17.79,-718.13,2656.55,0.0000,0.0000
33.011288,14.587,4.052,10.06,26.04,55.50,2.1316,6.26,-2.78,1.45,21.27,50.00,0.3000,22.32,35.07,40.21,11.16,11.16,17.54,17.54,4248.84,4248.84,4398.57,4398.57,3435.19,5729.71,2803.91,5383.40,-813.65,1480.87,-1594.66,984.83,11.16,11.16,17.54,17.54,-638.52,2437.01,0.0000,0.0000
33.011288,14.504,4.029,9.94,25.78,54.87,2.1289,6.22,-2.74,1.43,21.03,50.00,0.3000,22.06,34.67,40.21,11.03,11.03,17.34,17.34,4248.84,4248.84,4398.57,4398.57,3508.78,5556.64,2991.97,5294.17,-740.06,1307.79,-1406.60,895.60,11.03,11.03,17.34,17.34,-539.37,2175.02,0.0000,0.0000
33.011288,14.442,4.012,9.86,25.58,54.41,2.1266,6.20,-2.72,1.42,20.85,50.00,0.3000,21.88,34.38,40.21,10.94,10.94,17.19,17.19,4248.84,4248.84,4398.57,4398.57,3570.65,5400.19,3161.74,5218.50,-678.19,1151.34,-1236.83,819.93,10.94,10.94,17.19,17.19,-445.03,1943.15,0.0000,0.0000
33.011288,7.818,2.172,2.89,7.53,15.94,2.1182,1.85,-0.80,0.42,6.11,50.00,0.3000,6.41,10.07,40.21,3.20,3.20,5.04,5.04,4248.84,4248.84,4398.57,4398.57,16716.64,17779.61,0.00,0.00,12467.79,13530.76,-4398.57,-4398.57,3.20,3.20,5.04,5.04,-17397.85,531.48,0.0000,0.0000
33.011288,8.075,2.243,3.08,8.02,17.01,2.1197,1.96,-0.85,0.44,6.52,50.00,0.3000,6.84,10.75,40.21,3.42,3.42,5.37,5.37,4248.84,4248.84,4398.57,4398.57,2872.07,5075.01,3444.40,5920.93,-1376.77,826.17,-954.17,1522.36,3.42,3.42,5.37,5.37,559.40,2339.73,0.0000,0.0000
33.206791,8.073,2.243,3.08,8.02,17.00,2.1190,1.97,-0.85,0.44,6.52,50.00,0.3000,6.84,10.74,40.21,3.42,3.42,5.37,5.37,4248.84,4248.84,4398.57,4398.57,3964.43,4432.08,4195.08,4720.82,-284.42,183.24,-203.49,322.25,3.42,3.42,5.37,5.37,109.96,496.70,0.0000,0.0000
33.206791,8.058,2.238,3.07,8.00,16.94,2.1178,1.96,-0.85,0.44,6.49,50.00,0.3000,6.81,10.70,40.21,3.40,3.40,5.35,5.35,4248.84,4248.84,4398.57,4398.57,3716.78,4632.78,3966.51,4996.28,-532.07,383.93,-432.06,597.71,3.40,3.40,5.35,5.35,156.89,972.88,0.0000,0.0000
33.206791,8.037,2.232,3.05,7.96,16.85,2.1164,1.96,-0.84,0.44,6.46,50.00,0.3000,6.77,10.64,40.21,3.39,3.39,5.32,5.32,4248.84,4248.84,4398.57,4398.57,3510.90,4787.33,3789.53,5224.49,-737.95,538.48,-609.04,825.92,3.39,3.39,5.32,5.32,208.17,1355.70,0.0000,0.0000
33.206791,7.869,2.186,2.93,7.64,16.15,2.1150,1.88,-0.81,0.42,6.19,50.00,0.3000,6.49,10.20,40.21,3.25,3.25,5.10,5.10,4248.84,4248.84,4398.57,4398.57,3163.13,5521.94,2987.34,5639.11,-1085.71,1273.10,-1411.23,1240.54,3.25,3.25,5.10,5.10,-179.04,2505.29,0.0000,0.0000
33.206791,7.677,2.132,2.79,7.27,15.37,2.1144,1.79,-0.77,0.40,5.89,50.00,0.3000,6.18,9.71,40.21,3.09,3.09,4.86,4.86,4248.84,4248.84,4398.57,4398.57,3186.86,5608.90,2896.06,5618.91,-1061.98,1360.05,-1502.51,1220.34,3.09,3.09,4.86,4.86,-290.12,2572.44,0.0000,0.0000
33.206791,7.486,2.079,2.65,6.91,14.62,2.1144,1.71,-0.73,0.38,5.60,50.00,0.3000,5.88,9.24,40.21,2.94,2.94,4.62,4.62,4248.84,4248.84,4398.57,4398.57,3312.51,5537.12,2979.70,5480.61,-936.33,1288.28,-1418.87,1082.04,2.94,2.94,4.62,4.62,-344.39,2362.76,0.0000,0.0000
33.206791,7.344,2.040,2.55,6.65,14.07,2.1146,1.64,-0.70,0.37,5.39,50.00,0.3000,5.66,8.89,40.21,2.83,2.83,4.44,4.44,4248.84,4248.84,4398.57,4398.57,3753.34,5079.67,3492.66,4983.71,-495.51,830.82,-905.91,585.14,2.83,2.83,4.44,4.44,-328.04,1408.69,0.0000,0.0000
33.206791,7.303,2.029,2.52,6.58,13.91,2.1145,1.62,-0.70,0.36,5.33,50.00,0.3000,5.59,8.79,40.21,2.80,2.80,4.39,4.39,4248.84,4248.84,4398.57,4398.57,4220.48,4494.25,4143.36,4451.12,-28.36,245.40,-255.21,52.55,2.80,2.80,4.39,4.39,-209.85,290.76,0.0000,0.0000
33.206791,7.260,2.017,2.49,6.50,13.75,2.1148,1.60,-0.69,0.36,5.27,50.00,0.3000,5.53,8.69,40.21,2.76,2.76,4.34,4.34,4248.84,4248.84,4398.57,4398.57,3820.99,4699.67,3900.29,4888.09,-427.85,450.82,-498.28,489.52,2.76,2.76,4.34,4.34,-15.87,933.24,0.0000,0.0000
33.206791,7.229,2.008,2.47,6.44,13.63,2.1150,1.59,-0.68,0.36,5.22,50.00,0.3000,5.48,8.61,40.21,2.74,2.74,4.31,4.31,4248.84,4248.84,4398.57,4398.57,4023.50,4520.46,4103.14,4661.82,-225.34,271.62,-295.43,263.25,2.74,2.74,4.31,4.31,-39.23,527.82,0.0000,0.0000
33.206791,7.198,1.999,2.45,6.39,13.51,2.1154,1.57,-0.68,0.35,5.18,50.00,0.3000,5.43,8.54,40.21,2.72,2.72,4.27,4.27,4248.84,4248.84,4398.57,4398.57,3945.26,4576.13,4039.09,4748.32,-303.58,327.28,-359.47,349.75,2.72,2.72,4.27,4.27,-16.71,670.05,0.0000,0.0000
33.206791,7.169,1.991,2.43,6.34,13.41,2.1158,1.56,-0.67,0.35,5.14,50.00,0.3000,5.39,8.47,40.21,2.70,2.70,4.24,4.24,4248.84,4248.84,4398.57,4398.57,3984.80,4543.22,4076.45,4704.22,-264.04,294.37,-322.12,305.65,2.70,2.70,4.24,4.24,-23.40,593.09,0.0000,0.0000
33.379414,7.141,1.984,2.41,6.29,13.30,2.1162,1.55,-0.67,0.35,5.10,50.00,0.3000,5.35,8.40,40.21,2.67,2.67,4.20,4.20,4248.84,4248.84,4398.57,4398.57,3995.64,4534.23,4086.61,4692.10,-253.21,285.39,-311.95,293.53,2.67,2.67,4.20,4.20,-25.30,572.04,0.0000,0.0000
33.379414,7.128,1.980,2.40,6.26,13.25,2.1171,1.54,-0.66,0.35,5.08,50.00,0.3000,5.33,8.37,40.21,2.66,2.66,4.19,4.19,4248.84,4248.84,4398.57,4398.57,3774.39,4651.82,3947.96,4934.36,-474.46,402.97,-450.61,535.79,2.66,2.66,4.19,4.19,78.33,931.92,0.0000,0.0000
33.379414,7.084,1.968,2.37,6.18,13.09,2.1181,1.52,-0.65,0.34,5.02,50.00,0.3000,5.26,8.27,40.21,2.63,2.63,4.14,4.14,4248.84,4248.84,4398.57,4398.57,3835.35,4714.67,3884.90,4873.44,-413.50,465.83,-513.67,474.87,2.63,2.63,4.14,4.14,-45.56,933.93,0.0000,0.0000
33.379414,7.094,1.971,2.38,6.19,13.13,2.1190,1.52,-0.66,0.34,5.03,50.00,0.3000,5.28,8.29,40.21,2.64,2.64,4.15,4.15,4248.84,4248.84,4398.57,4398.57,3916.08,4475.72,4143.73,4772.87,-332.76,226.87,-254.84,374.30,2.64,2.64,4.15,4.15,112.68,594.39,0.0000,0.0000
33.379414,7.125,1.979,2.40,6.25,13.24,2.1201,1.53,-0.66,0.35,5.07,50.00,0.3000,5.32,8.37,40.21,2.66,2.66,4.18,4.18,4248.84,4248.84,4398.57,4398.57,3859.76,4451.68,4165.82,4831.26,-389.08,202.83,-232.74,432.69,2.66,2.66,4.18,4.18,193.10,628.67,0.0000,0.0000
33.379414,7.162,1.989,2.42,6.31,13.38,2.1211,1.54,-0.67,0.35,5.13,50.00,0.3000,5.38,8.45,40.21,2.69,2.69,4.23,4.23,4248.84,4248.84,4398.57,4398.57,3931.02,4378.93,4247.58,4751.12,-317.82,130.09,-150.98,352.55,2.69,2.69,4.23,4.23,194.65,475.72,0.0000,0.0000
33.379414,7.202,2.001,2.45,6.38,13.53,2.1221,1.55,-0.68,0.35,5.18,50.00,0.3000,5.44,8.55,40.21,2.72,2.72,4.27,4.27,4248.84,4248.84,4398.57,4398.57,3905.05,4388.97,4235.38,4779.41,-343.79,140.13,-163.19,380.84,2.72,2.72,4.27,4.27,210.66,513.97,0.0000,0.0000
33.379414,7.245,2.012,2.48,6.45,13.69,2.1232,1.57,-0.68,0.36,5.25,50.00,0.3000,5.50,8.65,40.21,2.75,2.75,4.33,4.33,4248.84,4248.84,4398.57,4398.57,3934.32,4359.91,4268.15,4746.60,-314.53,111.07,-130.42,348.03,2.75,2.75,4.33,4.33,210.54,452.02,0.0000,0.0000
33.379414,7.288,2.024,2.51,6.52,13.85,2.1241,1.59,-0.69,0.36,5.31,50.00,0.3000,5.57,8.75,40.21,2.79,2.79,4.38,4.38,4248.84,4248.84,4398.57,4398.57,3958.25,4342.58,4288.12,4720.19,-290.59,93.74,-110.44,321.62,2.79,2.79,4.38,4.38,204.02,408.20,0.0000,0.0000
33.379414,7.331,2.036,2.54,6.60,14.02,2.1250,1.60,-0.70,0.37,5.37,50.00,0.3000,5.64,8.86,40.21,2.82,2.82,4.43,4.43,4248.84,4248.84,4398.57,4398.57,3973.66,4331.18,4301.28,4703.21,-275.19,82.34,-97.29,304.64,2.82,2.82,4.43,4.43,200.10,379.73,0.0000,0.0000
33.379414,7.374,2.048,2.57,6.67,14.18,2.1259,1.62,-0.71,0.37,5.44,50.00,0.3000,5.70,8.96,40.21,2.85,2.85,4.48,4.48,4248.84,4248.84,4398.57,4398.57,3992.44,4317.84,4316.70,4682.51,-256.40,69.00,-81.87,283.94,2.85,2.85,4.48,4.48,194.74,345.61,0.0000,0.0000
33.379414,7.309,2.030,2.52,6.55,13.93,2.1270,1.59,-0.70,0.36,5.34,50.00,0.3000,5.60,8.80,40.21,2.80,2.80,4.40,4.40,4248.84,4248.84,4398.57,4398.57,4017.53,4669.00,3945.16,4677.55,-231.32,420.15,-453.41,278.98,2.80,2.80,4.40,4.40,-181.63,691.93,0.0000,0.0000
33.523895,7.376,2.049,2.57,6.67,14.19,2.1270,1.62,-0.71,0.37,5.44,50.00,0.3000,5.71,8.97,40.21,2.85,2.85,4.48,4.48,4248.84,4248.84,4398.57,4398.57,4064.97,4201.36,4444.92,4598.25,-183.87,-47.48,46.35,199.68,2.85,2.85,4.48,4.48,238.69,144.86,0.0000,0.0000
33.523895,7.491,2.081,2.65,6.88,14.64,2.1278,1.66,-0.73,0.38,5.61,50.00,0.3000,5.89,9.25,40.21,2.94,2.94,4.62,4.62,4248.84,4248.84,4398.57,4398.57,3971.89,4090.36,4557.26,4690.45,-276.96,-158.48,158.69,291.88,2.94,2.94,4.62,4.62,443.01,125.83,0.0000,0.0000
33.523895,7.456,2.071,2.63,6.81,14.50,2.1286,1.65,-0.73,0.38,5.56,50.00,0.3000,5.83,9.16,40.21,2.92,2.92,4.58,4.58,4248.84,4248.84,4398.57,4398.57,4072.49,4523.62,4103.28,4610.43,-176.35,274.78,-295.29,211.86,2.92,2.92,4.58,4.58,-90.93,479.14,0.0000,0.0000
33.523895,7.361,2.045,2.56,6.64,14.13,2.1295,1.60,-0.71,0.37,5.42,50.00,0.3000,5.68,8.93,40.21,2.84,2.84,4.46,4.46,4248.84,4248.84,4398.57,4398.57,4119.60,4692.25,3926.90,4570.68,-129.25,443.41,-471.66,172.11,2.84,2.84,4.46,4.46,-306.86,608.22,0.0000,0.0000
33.523895,7.267,2.019,2.50,6.47,13.78,2.1297,1.56,-0.69,0.36,5.28,50.00,0.3000,5.54,8.70,40.21,2.77,2.77,4.35,4.35,4248.84,4248.84,4398.57,4398.57,4296.83,4535.34,4104.38,4372.52,47.98,286.50,-294.19,-26.05,2.77,2.77,4.35,4.35,-327.36,253.33,0.0000,0.0000
33.523895,7.261,2.017,2.49,6.46,13.75,2.1300,1.56,-0.69,0.36,5.27,50.00,0.3000,5.53,8.69,40.21,2.76,2.76,4.34,4.34,4248.84,4248.84,4398.57,4398.57,4187.28,4327.82,4317.97,4475.97,-61.56,78.98,-80.60,77.40,2.76,2.76,4.34,4.34,-10.31,149.27,0.0000,0.0000
33.523895,7.292,2.026,2.51,6.51,13.87,2.1305,1.57,-0.69,0.36,5.32,50.00,0.3000,5.58,8.76,40.21,2.79,2.79,4.38,4.38,4248.84,4248.84,4398.57,4398.57,4103.67,4272.13,4371.99,4561.38,-145.18,23.29,-26.58,162.81,2.79,2.79,4.38,4.38,129.06,178.92,0.0000,0.0000
33.523895,7.337,2.038,2.54,6.59,14.04,2.1310,1.59,-0.70,0.37,5.38,50.00,0.3000,5.65,8.87,40.21,2.82,2.82,4.44,4.44,4248.84,4248.84,4398.57,4398.57,4086.30,4240.23,4404.88,4577.93,-162.54,-8.61,6.31,179.36,2.82,2.82,4.44,4.44,178.41,163.49,0.0000,0.0000
33.523895,7.386,2.052,2.58,6.67,14.23,2.1316,1.61,-0.71,0.37,5.45,50.00,0.3000,5.72,8.99,40.21,2.86,2.86,4.50,4.50,4248.84,4248.84,4398.57,4398.57,4068.31,4241.77,4402.22,4597.23,-180.54,-7.07,3.65,198.66,2.86,2.86,4.50,4.50,194.96,184.24,0.0000,0.0000
33.523895,7.484,2.079,2.65,6.85,14.61,2.1320,1.65,-0.73,0.38,5.60,50.00,0.3000,5.87,9.23,40.21,2.94,2.94,4.62,4.62,4248.84,4248.84,4398.57,4398.57,4046.68,4089.54,4562.76,4610.95,-202.16,-159.30,164.19,212.38,2.94,2.94,4.62,4.62,369.01,45.52,0.0000,0.0000
33.523895,7.597,2.110,2.73,7.06,15.06,2.1325,1.70,-0.75,0.39,5.77,50.00,0.3000,6.05,9.51,40.21,3.03,3.03,4.76,4.76,4248.84,4248.84,4398.57,4398.57,4030.31,4053.61,4600.14,4626.34,-218.54,-195.23,201.57,227.77,3.03,3.03,4.76,4.76,421.55,24.75,0.0000,0.0000
33.523895,7.592,2.109,2.72,7.05,15.03,2.1331,1.69,-0.75,0.39,5.76,50.00,0.3000,6.05,9.50,40.21,3.02,3.02,4.75,4.75,4248.84,4248.84,4398.57,4398.57,4101.28,4402.50,4233.98,4572.61,-147.57,153.66,-164.59,174.04,3.02,3.02,4.75,4.75,1.68,319.93,0.0000,0.0000
33.673790,7.545,2.096,2.69,6.96,14.85,2.1344,1.67,-0.74,0.39,5.69,50.00,0.3000,5.97,9.38,40.21,2.99,2.99,4.69,4.69,4248.84,4248.84,4398.57,4398.57,4010.38,4629.06,3987.61,4683.13,-238.47,380.21,-410.95,284.56,2.99,2.99,4.69,4.69,-134.07,657.10,0.0000,0.0000
33.673790,7.476,2.077,2.64,6.83,14.58,2.1347,1.63,-0.73,0.38,5.59,50.00,0.3000,5.86,9.21,40.21,2.93,2.93,4.61,4.61,4248.84,4248.84,4398.57,4398.57,4257.75,4487.47,4153.22,4411.47,8.91,238.62,-245.35,12.90,2.93,2.93,4.61,4.61,-239.99,243.98,0.0000,0.0000
33.673790,7.399,2.055,2.59,6.69,14.28,2.1355,1.60,-0.71,0.37,5.47,50.00,0.3000,5.74,9.02,40.21,2.87,2.87,4.51,4.51,4248.84,4248.84,4398.57,4398.57,4163.09,4599.30,4028.41,4518.79,-85.75,350.45,-370.16,120.22,2.87,2.87,4.51,4.51,-257.32,463.29,0.0000,0.0000
33.673790,7.319,2.033,2.53,6.54,13.97,2.1361,1.56,-0.70,0.36,5.35,50.00,0.3000,5.62,8.83,40.21,2.81,2.81,4.41,4.41,4248.84,4248.84,4398.57,4398.57,4215.13,4564.81,4068.12,4461.22,-33.72,315.96,-330.45,62.65,2.81,2.81,4.41,4.41,-275.02,371.39,0.0000,0.0000
33.673790,7.253,2.015,2.49,6.42,13.72,2.1369,1.53,-0.69,0.36,5.26,50.00,0.3000,5.52,8.67,40.21,2.76,2.76,4.33,4.33,4248.84,4248.84,4398.57,4398.57,4160.70,4563.54,4065.95,4518.82,-88.14,314.69,-332.62,120.25,2.76,2.76,4.33,4.33,-219.46,427.85,0.0000,0.0000
33.673790,7.311,2.031,2.53,6.52,13.94,2.1374,1.56,-0.70,0.36,5.34,50.00,0.3000,5.61,8.81,40.21,2.80,2.80,4.40,4.40,4248.84,4248.84,4398.57,4398.57,4069.69,4213.87,4431.80,4593.88,-179.15,-34.98,33.23,195.31,2.80,2.80,4.40,4.40,221.34,153.13,0.0000,0.0000
33.673790,7.417,2.060,2.60,6.71,14.35,2.1383,1.60,-0.72,0.37,5.50,50.00,0.3000,5.77,9.07,40.21,2.89,2.89,4.53,4.53,4248.84,4248.84,4398.57,4398.57,3910.34,4187.97,4449.62,4761.74,-338.51,-60.87,51.05,363.17,2.89,2.89,4.53,4.53,406.80,294.88,0.0000,0.0000
33.673790,7.397,2.055,2.59,6.67,14.27,2.1392,1.59,-0.71,0.37,5.47,50.00,0.3000,5.74,9.02,40.21,2.87,2.87,4.51,4.51,4248.84,4248.84,4398.57,4398.57,4088.70,4472.19,4158.79,4589.91,-160.14,223.35,-239.78,191.34,2.87,2.87,4.51,4.51,-55.82,407.30,0.0000,0.0000
33.673790,7.468,2.075,2.64,6.80,14.55,2.1402,1.61,-0.73,0.38,5.58,50.00,0.3000,5.85,9.19,40.21,2.92,2.92,4.60,4.60,4248.84,4248.84,4398.57,4398.57,3927.41,4299.29,4332.55,4750.62,-321.44,50.44,-66.02,352.05,2.92,2.92,4.60,4.60,278.51,394.97,0.0000,0.0000
33.673790,7.575,2.104,2.71,6.99,14.97,2.1409,1.66,-0.75,0.39,5.74,50.00,0.3000,6.02,9.46,40.21,3.01,3.01,4.73,4.73,4248.84,4248.84,4398.57,4398.57,3936.26,4169.07,4471.62,4733.34,-312.58,-79.77,73.05,334.77,3.01,3.01,4.73,4.73,400.09,247.26,0.0000,0.0000
33.673790,7.535,2.093,2.68,6.91,14.81,2.1419,1.64,-0.74,0.39,5.68,50.00,0.3000,5.95,9.36,40.21,2.98,2.98,4.68,4.68,4248.84,4248.84,4398.57,4398.57,4080.66,4551.35,4074.49,4603.64,-168.18,302.51,-324.08,205.07,2.98,2.98,4.68,4.68,-126.67,499.92,0.0000,0.0000
33.673790,7.457,2.071,2.63,6.77,14.50,2.1430,1.60,-0.73,0.38,5.56,50.00,0.3000,5.83,9.16,40.21,2.92,2.92,4.58,4.58,4248.84,4248.84,4398.57,4398.57,4097.10,4673.18,3945.96,4593.58,-151.74,424.34,-452.61,195.01,2.92,2.92,4.58,4.58,-265.10,611.85,0.0000,0.0000
33.858040,7.350,2.042,2.55,6.57,14.09,2.1437,1.55,-0.70,0.37,5.40,50.00,0.3000,5.67,8.90,40.21,2.83,2.83,4.45,4.45,4248.84,4248.84,4398.57,4398.57,4239.39,4642.95,3986.69,4440.37,-9.46,394.10,-411.88,41.80,2.83,2.83,4.45,4.45,-377.36,428.62,0.0000,0.0000
33.858040,7.232,2.009,2.47,6.36,13.64,2.1446,1.50,-0.68,0.36,5.23,50.00,0.3000,5.49,8.62,40.21,2.74,2.74,4.31,4.31,4248.84,4248.84,4398.57,4398.57,4215.90,4705.17,3918.91,4468.95,-32.94,456.33,-479.66,70.38,2.74,2.74,4.31,4.31,-416.33,519.65,0.0000,0.0000
33.858040,7.262,2.017,2.49,6.41,13.76,2.1452,1.51,-0.69,0.36,5.27,50.00,0.3000,5.53,8.69,40.21,2.77,2.77,4.35,4.35,4248.84,4248.84,4398.57,4398.57,4046.29,4338.17,4298.23,4626.36,-202.55,89.33,-100.34,227.79,2.77,2.77,4.35,4.35,120.34,310.01,0.0000,0.0000
33.858040,6.293,1.748,1.87,4.87,10.33,2.1233,1.18,-0.52,0.27,3.96,50.00,0.3000,4.15,6.53,40.21,2.08,2.08,3.26,3.26,4248.84,4248.84,4398.57,4398.57,2285.71,10204.08,0.00,6858.76,-1963.13,5955.24,-4398.57,2460.19,2.08,2.08,3.26,3.26,-2965.24,7388.56,0.0000,0.0000
33.858040,6.185,1.718,1.81,4.69,9.98,2.1290,1.13,-0.50,0.26,3.82,50.00,0.3000,4.01,6.30,40.21,2.01,2.01,3.15,3.15,4248.84,4248.84,4398.57,4398.57,3100.60,5611.27,2885.40,5707.88,-1148.25,1362.42,-1513.17,1309.31,2.01,2.01,3.15,3.15,-209.02,2666.58,0.0000,0.0000
33.858040,6.034,1.676,1.72,4.44,9.50,2.1386,1.06,-0.47,0.25,3.64,50.00,0.3000,3.82,6.00,40.21,1.91,1.91,3.00,3.00,4248.84,4248.84,4398.57,4398.57,2647.43,6216.09,2214.63,6226.51,-1601.42,1967.24,-2183.94,1827.94,1.91,1.91,3.00,3.00,-360.92,3790.27,0.0000,0.0000
33.858040,5.299,1.472,1.33,3.43,7.32,2.1337,0.82,-0.37,0.19,2.81,50.00,0.3000,2.94,4.63,40.21,1.47,1.47,2.31,2.31,4248.84,4248.84,4398.57,4398.57,5213.10,6024.60,2576.21,3488.49,964.26,1775.76,-1822.36,-910.08,1.47,1.47,2.31,2.31,-2736.23,861.89,0.0000,0.0000
33.858040,5.208,1.447,1.28,3.31,7.07,2.1364,0.79,-0.35,0.18,2.71,50.00,0.3000,2.84,4.47,40.21,1.42,1.42,2.24,2.24,4248.84,4248.84,4398.57,4398.57,3934.47,4854.46,3739.48,4773.73,-314.37,605.61,-659.09,375.16,1.42,1.42,2.24,2.24,-287.58,977.12,0.0000,0.0000
33.858040,5.200,1.444,1.28,3.30,7.05,2.1365,0.79,-0.35,0.18,2.70,50.00,0.3000,2.84,4.46,40.21,1.42,1.42,2.23,2.23,4248.84,4248.84,4398.57,4398.57,4246.68,4282.84,4365.97,4406.63,-2.16,34.00,-32.60,8.06,1.42,1.42,2.23,2.23,-28.19,38.41,0.0000,0.0000
33.858040,5.212,1.448,1.28,3.32,7.09,2.1362,0.79,-0.35,0.18,2.72,50.00,0.3000,2.85,4.48,40.21,1.42,1.42,2.24,2.24,4248.84,4248.84,4398.57,4398.57,4182.59,4277.30,4367.89,4474.36,-66.25,28.46,-30.68,75.79,1.42,1.42,2.24,2.24,41.46,100.59,0.0000,0.0000
33.858040,5.215,1.449,1.29,3.32,7.09,2.1387,0.79,-0.35,0.19,2.72,50.00,0.3000,2.85,4.48,40.21,1.43,1.43,2.24,2.24,4248.84,4248.84,4398.57,4398.57,3854.14,4603.25,4001.31,4843.46,-394.70,354.40,-397.25,444.89,1.43,1.43,2.24,2.24,43.96,795.62,0.0000,0.0000
33.858040,5.195,1.443,1.28,3.29,7.04,2.1405,0.78,-0.35,0.18,2.70,50.00,0.3000,2.83,4.45,40.21,1.42,1.42,2.22,2.22,4248.84,4248.84,4398.57,4398.57,3996.89,4556.65,4059.64,4688.92,-251.95,307.81,-338.93,290.35,1.42,1.42,2.22,2.22,-52.22,594.52,0.0000,0.0000
34.016182,5.157,1.432,1.26,3.24,6.94,2.1424,0.77,-0.35,0.18,2.66,50.00,0.3000,2.79,4.38,40.21,1.39,1.39,2.19,2.19,4248.84,4248.84,4398.57,4398.57,4003.94,4617.44,3995.47,4685.15,-244.90,368.59,-403.10,286.58,1.39,1.39,2.19,2.19,-120.11,651.59,0.0000,0.0000
34.016182,5.065,1.407,1.21,3.12,6.69,2.1441,0.74,-0.33,0.17,2.56,50.00,0.3000,2.69,4.23,40.21,1.35,1.35,2.11,2.11,4248.84,4248.84,4398.57,4398.57,4103.05,4716.02,3896.79,4585.88,-145.79,467.17,-501.78,187.31,1.35,1.35,2.11,2.11,-317.92,651.03,0.0000,0.0000
34.016182,4.953,1.376,1.16,2.98,6.40,2.1456,0.70,-0.32,0.17,2.45,50.00,0.3000,2.57,4.04,40.21,1.29,1.29,2.02,2.02,4248.84,4248.84,4398.57,4398.57,4178.31,4721.94,3895.03,4506.17,-70.53,473.09,-503.54,107.60,1.29,1.29,2.02,2.02,-399.25,577.38,0.0000,0.0000
34.016182,4.888,1.358,1.13,2.90,6.23,2.1469,0.68,-0.31,0.16,2.39,50.00,0.3000,2.51,3.94,40.21,1.25,1.25,1.97,1.97,4248.84,4248.84,4398.57,4398.57,4138.45,4589.99,4032.61,4540.23,-110.39,341.15,-365.96,141.66,1.25,1.25,1.97,1.97,-227.53,479.58,0.0000,0.0000
34.016182,4.838,1.344,1.11,2.84,6.11,2.1478,0.67,-0.31,0.16,2.34,50.00,0.3000,2.46,3.86,40.21,1.23,1.23,1.93,1.93,4248.84,4248.84,4398.57,4398.57,4159.79,4517.42,4110.95,4512.99,-89.06,268.57,-287.62,114.42,1.23,1.23,1.93,1.93,-176.36,379.84,0.0000,0.0000
34.016182,4.727,1.313,1.06,2.71,5.83,2.1485,0.64,-0.29,0.15,2.23,50.00,0.3000,2.34,3.68,40.21,1.17,1.17,1.84,1.84,4248.84,4248.84,4398.57,4398.57,4310.10,4593.79,4039.02,4357.94,61.26,344.94,-359.55,-40.63,1.17,1.17,1.84,1.84,-403.19,301.30,0.0000,0.0000
34.016182,4.607,1.280,1.00,2.58,5.54,2.1490,0.60,-0.28,0.14,2.12,50.00,0.3000,2.23,3.50,40.21,1.11,1.11,1.75,1.75,4248.84,4248.84,4398.57,4398.57,4375.56,4562.04,4076.66,4286.29,126.72,313.20,-321.91,-112.28,1.11,1.11,1.75,1.75,-437.06,198.05,0.0000,0.0000
34.016182,4.481,1.245,0.95,2.44,5.24,2.1485,0.57,-0.26,0.14,2.01,50.00,0.3000,2.11,3.31,40.21,1.05,1.05,1.65,1.65,4248.84,4248.84,4398.57,4398.57,4400.13,4562.58,4077.45,4260.08,151.29,313.74,-321.12,-138.49,1.05,1.05,1.65,1.65,-462.32,172.54,0.0000,0.0000
34.016182,4.318,1.199,0.88,2.26,4.86,2.1490,0.53,-0.24,0.13,1.86,50.00,0.3000,1.96,3.07,40.21,0.98,0.98,1.54,1.54,4248.84,4248.84,4398.57,4398.57,4462.17,4629.89,4009.63,4198.17,213.33,381.04,-388.94,-200.40,0.98,0.98,1.54,1.54,-591.86,178.13,0.0000,0.0000
34.016182,4.162,1.156,0.82,2.10,4.52,2.1493,0.49,-0.23,0.12,1.73,50.00,0.3000,1.82,2.85,40.21,0.91,0.91,1.43,1.43,4248.84,4248.84,4398.57,4398.57,4467.53,4601.72,4039.69,4190.55,218.69,352.88,-358.87,-208.02,0.91,0.91,1.43,1.43,-569.23,142.52,0.0000,0.0000
34.016182,4.058,1.127,0.78,2.00,4.30,2.1487,0.47,-0.21,0.11,1.65,50.00,0.3000,1.73,2.71,40.21,0.86,0.86,1.36,1.36,4248.84,4248.84,4398.57,4398.57,4342.62,4536.03,4101.60,4319.02,93.78,287.18,-296.97,-79.55,0.86,0.86,1.36,1.36,-378.74,205.41,0.0000,0.0000
34.016182,3.962,1.101,0.74,1.91,4.09,2.1491,0.45,-0.20,0.11,1.57,50.00,0.3000,1.65,2.59,40.21,0.82,0.82,1.29,1.29,4248.84,4248.84,4398.57,4398.57,4351.91,4496.51,4144.04,4306.60,103.07,247.67,-254.53,-91.97,0.82,0.82,1.29,1.29,-348.62,153.58,0.0000,0.0000
34.205315,3.890,1.081,0.72,1.84,3.95,2.1494,0.43,-0.20,0.10,1.51,50.00,0.3000,1.59,2.49,40.21,0.79,0.79,1.25,1.25,4248.84,4248.84,4398.57,4398.57,4300.99,4457.49,4182.24,4358.18,52.15,208.65,-216.33,-40.39,0.79,0.79,1.25,1.25,-258.76,166.22,0.0000,0.0000
34.205315,3.773,1.048,0.67,1.73,3.71,2.1498,0.40,-0.19,0.10,1.42,50.00,0.3000,1.49,2.35,40.21,0.75,0.75,1.17,1.17,4248.84,4248.84,4398.57,4398.57,4397.68,4527.82,4113.43,4259.74,148.83,278.98,-285.14,-138.83,0.75,0.75,1.17,1.17,-425.89,138.22,0.0000,0.0000
34.205315,3.639,1.011,0.63,1.61,3.45,2.1500,0.38,-0.17,0.09,1.32,50.00,0.3000,1.39,2.18,40.21,0.69,0.69,1.09,1.09,4248.84,4248.84,4398.57,4398.57,4439.24,4547.57,4094.91,4216.69,190.39,298.72,-303.66,-181.88,0.69,0.69,1.09,1.09,-487.33,115.06,0.0000,0.0000
34.205315,3.495,0.971,0.58,1.48,3.19,2.1501,0.35,-0.16,0.08,1.22,50.00,0.3000,1.28,2.01,40.21,0.64,0.64,1.01,1.01,4248.84,4248.84,4398.57,4398.57,4494.24,4530.57,4116.24,4157.08,245.39,281.72,-282.33,-241.49,0.64,0.64,1.01,1.01,-525.47,38.58,0.0000,0.0000
34.205315,3.392,0.942,0.54,1.40,3.00,2.1489,0.33,-0.15,0.08,1.15,50.00,0.3000,1.21,1.90,40.21,0.60,0.60,0.95,0.95,4248.84,4248.84,4398.57,4398.57,4256.61,4621.63,4004.67,4415.02,7.76,372.78,-393.90,16.45,0.60,0.60,0.95,0.95,-379.00,387.69,0.0000,0.0000
34.205315,3.282,0.912,0.51,1.31,2.81,2.1492,0.31,-0.14,0.07,1.08,50.00,0.3000,1.13,1.78,40.21,0.56,0.56,0.89,0.89,4248.84,4248.84,4398.57,4398.57,4392.60,4505.03,4136.86,4263.25,143.76,256.18,-261.71,-135.32,0.56,0.56,0.89,0.89,-398.49,119.41,0.0000,0.0000
34.205315,3.157,0.877,0.47,1.21,2.60,2.1495,0.28,-0.13,0.07,1.00,50.00,0.3000,1.04,1.64,40.21,0.52,0.52,0.82,0.82,4248.84,4248.84,4398.57,4398.57,4423.30,4531.35,4110.70,4232.17,174.45,282.50,-287.87,-166.40,0.52,0.52,0.82,0.82,-455.61,114.76,0.0000,0.0000
34.205315,3.016,0.838,0.43,1.10,2.37,2.1494,0.26,-0.12,0.06,0.91,50.00,0.3000,0.95,1.50,40.21,0.48,0.48,0.75,0.75,4248.84,4248.84,4398.57,4398.57,4496.11,4516.99,4130.35,4153.83,247.27,268.15,-268.22,-244.74,0.48,0.48,0.75,0.75,-514.18,22.18,0.0000,0.0000
34.205315,2.908,0.808,0.40,1.03,2.21,2.1476,0.24,-0.11,0.06,0.85,50.00,0.3000,0.89,1.39,40.21,0.44,0.44,0.70,0.70,4248.84,4248.84,4398.57,4398.57,4244.22,4649.67,3973.71,4429.51,-4.63,400.82,-424.86,30.94,0.44,0.44,0.70,0.70,-395.06,430.63,0.0000,0.0000
34.205315,2.789,0.775,0.37,0.94,2.03,0.0000,0.22,-0.10,0.05,0.78,50.00,0.3000,0.82,1.28,40.21,0.41,0.41,0.64,0.64,4248.84,4248.84,4398.57,4398.57,4432.14,4499.05,4145.26,4220.48,183.29,250.20,-253.31,-178.09,0.41,0.41,0.64,0.64,-432.45,71.06,0.0000,0.0000
34.205315,2.658,0.738,0.33,0.86,1.84,0.0000,0.20,-0.09,0.05,0.71,50.00,0.3000,0.74,1.16,40.21,0.37,0.37,0.58,0.58,4248.84,4248.84,4398.57,4398.57,4450.88,4524.71,4119.08,4202.07,202.04,275.86,-279.49,-196.50,0.37,0.37,0.58,0.58,-476.95,78.41,0.0000,0.0000
34.205315,2.512,0.698,0.30,0.77,1.65,0.0000,0.18,-0.08,0.04,0.63,50.00,0.3000,0.66,1.04,40.21,0.33,0.33,0.52,0.52,4248.84,4248.84,4398.57,4398.57,4498.39,4534.24,4111.80,4152.10,249.54,285.40,-286.77,-246.47,0.33,0.33,0.52,0.52,-534.09,38.08,0.0000,0.0000
34.396713,2.355,0.654,0.26,0.67,1.45,0.0000,0.16,-0.07,0.04,0.55,50.00,0.3000,0.58,0.91,40.21,0.29,0.29,0.46,0.46,4248.84,4248.84,4398.57,4398.57,4508.18,4562.80,4081.97,4143.37,259.34,313.96,-316.60,-255.20,0.29,0.29,0.46,0.46,-572.55,58.02,0.0000,0.0000
34.396713,2.220,0.617,0.23,0.60,1.29,0.0000,0.14,-0.06,0.03,0.49,50.00,0.3000,0.52,0.81,40.21,0.26,0.26,0.41,0.41,4248.84,4248.84,4398.57,4398.57,4468.21,4522.95,4121.73,4183.27,219.37,274.11,-276.84,-215.30,0.26,0.26,0.41,0.41,-492.81,58.14,0.0000,0.0000
34.396713,2.096,0.582,0.21,0.53,1.15,0.0000,0.13,-0.06,0.03,0.44,50.00,0.3000,0.46,0.72,40.21,0.23,0.23,0.36,0.36,4248.84,4248.84,4398.57,4398.57,4452.11,4500.69,4144.30,4198.91,203.26,251.85,-254.27,-199.66,0.23,0.23,0.36,0.36,-454.52,51.60,0.0000,0.0000
34.396713,1.977,0.549,0.18,0.48,1.02,0.0000,0.11,-0.05,0.03,0.39,50.00,0.3000,0.41,0.64,40.21,0.20,0.20,0.32,0.32,4248.84,4248.84,4398.57,4398.57,4446.10,4486.70,4158.72,4204.36,197.26,237.85,-239.85,-194.21,0.20,0.20,0.32,0.32,-434.58,43.12,0.0000,0.0000
34.396713,1.833,0.509,0.16,0.41,0.88,0.0000,0.10,-0.04,0.02,0.34,50.00,0.3000,0.35,0.55,50.00,0.18,0.18,0.28,0.28,4248.84,4248.84,4398.57,4398.57,4490.76,4533.49,4111.72,4159.76,241.92,284.64,-286.84,-238.81,0.18,0.18,0.28,0.28,-526.11,45.38,0.0000,0.0000
34.396713,1.674,0.465,0.13,0.00,0.00,0.0000,0.00,-0.00,0.00,0.00,50.00,0.3000,0.00,0.00,50.00,0.00,0.00,0.00,0.00,4248.84,4248.84,4398.57,4398.57,4512.90,4566.10,4078.01,4137.81,264.06,317.26,-320.56,-260.76,0.00,0.00,0.00,0.00,-581.32,56.50,0.0000,0.0000
34.396713,1.504,0.418,0.11,0.00,0.00,0.0000,0.00,-0.00,0.00,0.00,50.00,0.3000,0.00,0.00,50.00,0.00,0.00,0.00,0.00,4248.84,4248.84,4398.57,4398.57,4525.67,4596.90,4046.09,4126.17,276.82,348.05,-352.47,-272.40,0.00,0.00,0.00,0.00,-624.87,75.65,0.0000,0.0000
34.396713,1.322,0.367,0.08,0.00,0.00,0.0000,0.00,-0.00,0.00,0.00,50.00,0.3000,0.00,0.00,50.00,0.00,0.00,0.00,0.00,4248.84,4248.84,4398.57,4398.57,4540.79,4623.18,4019.12,4111.74,291.94,374.33,-379.45,-286.83,0.00,0.00,0.00,0.00,-666.28,87.51,0.0000,0.0000
34.396713,1.132,0.314,0.06,0.00,0.00,0.0000,0.00,-0.00,0.00,0.00,50.00,0.3000,0.00,0.00,50.00,0.00,0.00,0.00,0.00,4248.84,4248.84,4398.57,4398.57,4558.62,4641.37,4000.90,4093.94,309.77,392.53,-397.67,-304.63,0.00,0.00,0.00,0.00,-702.30,87.90,0.0000,0.0000
34.396713,0.934,0.259,0.04,0.00,0.00,0.0000,0.00,-0.00,0.00,0.00,50.00,0.3000,0.00,0.00,50.00,0.00,0.00,0.00,0.00,4248.84,4248.84,4398.57,4398.57,4578.27,4650.77,3992.14,4073.65,329.43,401.92,-406.43,-324.93,0.00,0.00,0.00,0.00,-731.35,77.00,0.0000,0.0000
34.396713,0.757,0.210,0.03,0.00,0.00,0.0000,0.00,-0.00,0.00,0.00,50.00,0.3000,0.00,0.00,50.00,0.00,0.00,0.00,0.00,4248.84,4248.84,4398.57,4398.57,4560.91,4593.53,4051.86,4088.53,312.07,344.68,-346.71,-310.04,0.00,0.00,0.00,0.00,-656.75,34.64,0.0000,0.0000
34.396713,0.586,0.163,0.02,0.00,0.00,0.0000,0.00,-0.00,0.00,0.00,50.00,0.3000,0.00,0.00,50.00,0.00,0.00,0.00,0.00,4248.84,4248.84,4398.57,4398.57,4560.56,4574.08,4072.50,4087.70,311.71,325.23,-326.07,-310.87,0.00,0.00,0.00,0.00,-636.95,14.36,0.0000,0.0000
34.554886,0.413,0.115,0.01,0.00,0.00,0.0000,0.00,-0.00,0.00,0.00,50.00,0.3000,0.00,0.00,50.00,0.00,0.00,0.00,0.00,4248.84,4248.84,4398.57,4398.57,4532.57,4613.51,4028.88,4119.87,283.72,364.66,-369.69,-278.70,0.00,0.00,0.00,0.00,-648.39,85.96,0.0000,0.0000
34.554886,0.242,0.067,0.00,0.00,0.00,0.0000,0.00,-0.00,0.00,0.00,50.00,0.3000,0.00,0.00,50.00,0.00,0.00,0.00,0.00,4248.84,4248.84,4398.57,4398.57,4496.60,4649.17,3988.77,4160.29,247.75,400.32,-409.80,-238.28,0.00,0.00,0.00,0.00,-648.08,162.04,0.0000,0.0000
34.554886,0.095,0.026,0.00,0.00,0.00,0.0000,0.00,-0.00,0.00,0.00,50.00,0.3000,0.00,0.00,50.00,0.00,0.00,0.00,0.00,4248.84,4248.84,4398.57,4398.57,3946.41,4992.11,3590.37,4765.94,-302.43,743.27,-808.20,367.37,0.00,0.00,0.00,0.00,-440.83,1110.63,0.0000,0.0000
34.554886,0.062,0.017,0.00,0.00,0.00,0.0000,0.00,-0.00,0.00,0.00,50.00,0.3000,0.00,0.00,50.00,0.00,0.00,0.00,0.00,4248.84,4248.84,4398.57,4398.57,4157.74,4748.77,3861.94,4526.38,-91.10,499.92,-536.62,127.81,0.00,0.00,0.00,0.00,-408.82,627.73,0.0000,0.0000
34.554886,0.038,0.010,0.00,0.00,0.00,0.0000,0.00,-0.00,0.00,0.00,50.00,0.3000,0.00,0.00,50.00,0.00,0.00,0.00,0.00,4248.84,4248.84,4398.57,4398.57,4117.43,4413.65,4215.37,4548.38,-131.42,164.80,-183.20,149.81,0.00,0.00,0.00,0.00,-33.39,314.62,0.0000,0.0000
34.554886,0.042,0.012,0.00,0.00,0.00,0.0000,0.00,-0.00,0.00,0.00,50.00,0.3000,0.00,0.00,50.00,0.00,0.00,0.00,0.00,4248.84,4248.84,4398.57,4398.57,4192.02,4262.71,4380.31,4459.79,-56.83,13.86,-18.25,61.22,0.00,0.00,0.00,0.00,42.96,75.08,0.0000,0.0000
34.554886,0.039,0.011,0.00,0.00,0.00,0.0000,0.00,-0.00,0.00,0.00,50.00,0.3000,0.00,0.00,50.00,0.00,0.00,0.00,0.00,4248.84,4248.84,4398.57,4398.57,4119.80,4336.15,4297.83,4541.04,-129.04,87.31,-100.74,142.47,0.00,0.00,0.00,0.00,41.73,229.78,0.0000,0.0000
34.554886,0.050,0.014,0.00,0.00,0.00,0.0000,0.00,-0.00,0.00,0.00,50.00,0.3000,0.00,0.00,50.00,0.00,0.00,0.00,0.00,4248.84,4248.84,4398.57,4398.57,4251.93,4260.88,4385.97,4396.04,3.09,12.04,-12.60,-2.53,0.00,0.00,0.00,0.00,-15.13,9.51,0.0000,0.0000
34.554886,0.059,0.016,0.00,0.00,0.00,0.0000,0.00,-0.00,0.00,0.00,50.00,0.3000,0.00,0.00,50.00,0.00,0.00,0.00,0.00,4248.84,4248.84,4398.57,4398.57,4220.17,4291.54,4351.45,4431.68,-28.68,42.69,-47.12,33.11,0.00,0.00,0.00,0.00,-14.01,75.80,0.0000,0.0000
34.554886,0.066,0.018,0.00,0.00,0.00,0.0000,0.00,-0.00,0.00,0.00,50.00,0.3000,0.00,0.00,50.00,0.00,0.00,0.00,0.00,4248.84,4248.84,4398.57,4398.57,4236.54,4273.30,4371.83,4413.16,-12.31,24.45,-26.74,14.59,0.00,0.00,0.00,0.00,-12.14,39.04,0.0000,0.0000
34.554886,0.073,0.020,0.00,0.00,0.00,0.0000,0.00,-0.00,0.00,0.00,50.00,0.3000,0.00,0.00,50.00,0.00,0.00,0.00,0.00,4248.84,4248.84,4398.57,4398.57,4232.20,4275.94,4368.75,4417.93,-16.64,27.10,-29.82,19.36,0.00,0.00,0.00,0.00,-10.46,46.46,0.0000,0.0000
34.554886,0.077,0.022,0.00,0.00,0.00,0.0000,0.00,-0.00,0.00,0.00,50.00,0.3000,0.00,0.00,50.00,0.00,0.00,0.00,0.00,4248.84,4248.84,4398.57,4398.57,4247.42,4259.07,4387.62,4400.72,-1.43,10.23,-10.95,2.15,0.00,0.00,0.00,0.00,-8.80,12.38,0.0000,0.0000
34.708458,0.081,0.023,0.00,0.00,0.00,0.0000,0.00,-0.00,0.00,0.00,50.00,0.3000,0.00,0.00,50.00,0.00,0.00,0.00,0.00,4248.84,4248.84,4398.57,4398.57,4228.40,4276.36,4368.08,4421.99,-20.45,27.51,-30.49,23.42,0.00,0.00,0.00,0.00,-7.07,50.94,0.0000,0.0000
34.708458,0.083,0.023,0.00,0.00,0.00,0.0000,0.00,-0.00,0.00,0.00,50.00,0.3000,0.00,0.00,50.00,0.00,0.00,0.00,0.00,4248.84,4248.84,4398.57,4398.57,4247.81,4255.50,4391.44,4400.08,-1.04,6.66,-7.13,1.51,0.00,0.00,0.00,0.00,-5.62,8.17,0.0000,0.0000
34.708458,0.085,0.023,0.00,0.00,0.00,0.0000,0.00,-0.00,0.00,0.00,50.00,0.3000,0.00,0.00,50.00,0.00,0.00,0.00,0.00,4248.84,4248.84,4398.57,4398.57,4235.14,4266.64,4378.81,4414.23,-13.70,17.80,-19.75,15.66,0.00,0.00,0.00,0.00,-4.09,33.46,0.0000,0.0000
34.708458,0.084,0.023,0.00,0.00,0.00,0.0000,0.00,-0.00,0.00,0.00,50.00,0.3000,0.00,0.00,50.00,0.00,0.00,0.00,0.00,4248.84,4248.84,4398.57,4398.57,4245.93,4254.58,4392.29,4402.02,-2.92,5.74,-6.28,3.45,0.00,0.00,0.00,0.00,-2.83,9.19,0.0000,0.0000
34.708458,0.101,0.028,0.00,0.00,0.00,0.0000,0.00,-0.00,0.00,0.00,50.00,0.3000,0.00,0.00,50.00,0.00,0.00,0.00,0.00,4248.84,4248.84,4398.57,4398.57,4124.83,4478.91,4146.52,4544.57,-124.01,230.06,-252.05,146.00,0.00,0.00,0.00,0.00,-106.05,376.06,0.0000,0.0000
34.708458,0.098,0.027,0.00,0.00,0.00,0.0000,0.00,-0.00,0.00,0.00,50.00,0.3000,0.00,0.00,50.00,0.00,0.00,0.00,0.00,4248.84,4248.84,4398.57,4398.57,4163.17,4264.46,4376.67,4490.54,-85.68,15.61,-21.90,91.97,0.00,0.00,0.00,0.00,70.06,107.58,0.0000,0.0000
34.708458,0.092,0.026,0.00,0.00,0.00,0.0000,0.00,-0.00,0.00,0.00,50.00,0.3000,0.00,0.00,50.00,0.00,0.00,0.00,0.00,4248.84,4248.84,4398.57,4398.57,4216.36,4245.70,4399.89,4432.87,-32.48,-3.15,1.32,34.30,0.00,0.00,0.00,0.00,35.63,31.16,0.0000,0.0000
34.708458,0.086,0.024,0.00,0.00,0.00,0.0000,0.00,-0.00,0.00,0.00,50.00,0.3000,0.00,0.00,50.00,0.00,0.00,0.00,0.00,4248.84,4248.84,4398.57,4398.57,4225.60,4267.87,4376.92,4424.44,-23.25,19.02,-21.65,25.87,0.00,0.00,0.00,0.00,4.22,44.89,0.0000,0.0000
34.708458,0.080,0.022,0.00,0.00,0.00,0.0000,0.00,-0.00,0.00,0.00,50.00,0.3000,0.00,0.00,50.00,0.00,0.00,0.00,0.00,4248.84,4248.84,4398.57,4398.57,4247.29,4248.51,4398.83,4400.20,-1.55,-0.34,0.26,1.63,0.00,0.00,0.00,0.00,1.89,1.29,0.0000,0.0000
34.708458,0.074,0.021,0.00,0.00,0.00,0.0000,0.00,-0.00,0.00,0.00,50.00,0.3000,0.00,0.00,50.00,0.00,0.00,0.00,0.00,4248.84,4248.84,4398.57,4398.57,4234.97,4260.28,4385.56,4414.02,-13.88,11.43,-13.00,15.45,0.00,0.00,0.00,0.00,2.44,26.88,0.0000,0.0000
34.708458,0.068,0.019,0.00,0.00,0.00,0.0000,0.00,-0.00,0.00,0.00,50.00,0.3000,0.00,0.00,50.00,0.00,0.00,0.00,0.00,4248.84,4248.84,4398.57,4398.57,4247.22,4247.39,4400.02,4400.21,-1.63,-1.46,1.45,1.64,0.00,0.00,0.00,0.00,3.08,0.18,0.0000,0.0000
34.708458,0.063,0.017,0.00,0.00,0.00,0.0000,0.00,-0.00,0.00,0.00,50.00,0.3000,0.00,0.00,50.00,0.00,0.00,0.00,0.00,4248.84,4248.84,4398.57,4398.57,4225.56,4268.46,4376.28,4424.52,-23.28,19.62,-22.28,25.95,0.00,0.00,0.00,0.00,3.66,45.57,0.0000,0.0000
34.846424,0.057,0.016,0.00,0.00,0.00,0.0000,0.00,-0.00,0.00,0.00,50.00,0.3000,0.00,0.00,50.00,0.00,0.00,0.00,0.00,4248.84,4248.84,4398.57,4398.57,4245.18,4248.39,4398.82,4402.44,-3.67,-0.45,0.25,3.87,0.00,0.00,0.00,0.00,4.12,3.42,0.0000,0.0000
34.846424,0.051,0.014,0.00,0.00,0.00,0.0000,0.00,-0.00,0.00,0.00,50.00,0.3000,0.00,0.00,50.00,0.00,0.00,0.00,0.00,4248.84,4248.84,4398.57,4398.57,4244.93,4248.23,4398.97,4402.69,-3.92,-0.61,0.40,4.12,0.00,0.00,0.00,0.00,4.52,3.51,0.0000,0.0000
34.846424,0.046,0.013,0.00,0.00,0.00,0.0000,0.00,-0.00,0.00,0.00,50.00,0.3000,0.00,0.00,50.00,0.00,0.00,0.00,0.00,4248.84,4248.84,4398.57,4398.57,4244.72,4248.11,4399.09,4402.90,-4.12,-0.73,0.52,4.33,0.00,0.00,0.00,0.00,4.85,3.60,0.0000,0.0000
34.846424,0.041,0.011,0.00,0.00,0.00,0.0000,0.00,-0.00,0.00,0.00,50.00,0.3000,0.00,0.00,50.00,0.00,0.00,0.00,0.00,4248.84,4248.84,4398.57,4398.57,4230.74,4261.82,4383.66,4418.60,-18.10,12.98,-14.91,20.03,0.00,0.00,0.00,0.00,5.13,33.01,0.0000,0.0000
34.846424,0.036,0.010,0.00,0.00,0.00,0.0000,0.00,-0.00,0.00,0.00,50.00,0.3000,0.00,0.00,50.00,0.00,0.00,0.00,0.00,4248.84,4248.84,4398.57,4398.57,4242.61,4249.86,4397.11,4405.25,-6.23,1.01,-1.46,6.68,0.00,0.00,0.00,0.00,5.22,7.70,0.0000,0.0000
34.846424,0.031,0.009,0.00,0.00,0.00,0.0000,0.00,-0.00,0.00,0.00,50.00,0.3000,0.00,0.00,50.00,0.00,0.00,0.00,0.00,4248.84,4248.84,4398.57,4398.57,4242.44,4249.81,4397.14,4405.43,-6.40,0.97,-1.43,6.86,0.00,0.00,0.00,0.00,5.43,7.83,0.0000,0.0000
34.846424,0.027,0.007,0.00,0.00,0.00,0.0000,0.00,-0.00,0.00,0.00,50.00,0.3000,0.00,0.00,50.00,0.00,0.00,0.00,0.00,4248.84,4248.84,4398.57,4398.57,4242.36,4249.82,4397.13,4405.51,-6.48,0.98,-1.44,6.94,0.00,0.00,0.00,0.00,5.50,7.92,0.0000,0.0000
34.846424,0.022,0.006,0.00,0.00,0.00,0.0000,0.00,-0.00,0.00,0.00,50.00,0.3000,0.00,0.00,50.00,0.00,0.00,0.00,0.00,4248.84,4248.84,4398.57,4398.57,4242.34,4249.81,4397.14,4405.54,-6.51,0.96,-1.42,6.97,0.00,0.00,0.00,0.00,5.55,7.93,0.0000,0.0000
34.846424,0.019,0.005,0.00,0.00,0.00,0.0000,0.00,-0.00,0.00,0.00,50.00,0.3000,0.00,0.00,50.00,0.00,0.00,0.00,0.00,4248.84,4248.84,4398.57,4398.57,4242.38,4249.76,4397.19,4405.49,-6.47,0.92,-1.38,6.92,0.00,0.00,0.00,0.00,5.55,7.84,0.0000,0.0000
34.846424,0.015,0.004,0.00,0.00,0.00,0.0000,0.00,-0.00,0.00,0.00,50.00,0.3000,0.00,0.00,50.00,0.00,0.00,0.00,0.00,4248.84,4248.84,4398.57,4398.57,4242.51,4249.67,4397.30,4405.35,-6.34,0.82,-1.27,6.78,0.00,0.00,0.00,0.00,5.51,7.60,0.0000,0.0000
34.846424,0.000,0.000,0.00,0.00,0.00,0.0000,0.00,-0.00,0.00,0.00,50.00,0.3000,0.00,0.00,50.00,0.00,0.00,0.00,0.00,4248.84,4248.84,4398.57,4398.57,4221.01,4244.02,4401.96,4427.83,-27.83,-4.82,3.39,29.26,0.00,0.00,0.00,0.00,32.66,24.44,0.0000,0.0000
34.846424,0.000,0.000,0.00,0.00,0.00,0.0000,0.00,-0.00,0.00,0.00,50.00,0.3000,0.00,0.00,50.00,0.00,0.00,0.00,0.00,4248.84,4248.84,4398.57,4398.57,4248.84,4248.84,4398.57,4398.57,0.00,0.00,0.00,0.00,0.00,0.00,0.00,0.00,0.00,0.00,0.0000,0.0000
35.019718,0.000,0.000,0.00,0.00,0.00,0.0000,0.00,-0.00,0.00,0.00,50.00,0.3000,0.00,0.00,50.00,0.00,0.00,0.00,0.00,4248.84,4248.84,4398.57,4398.57,4248.84,4248.84,4398.57,4398.57,0.00,0.00,0.00,0.00,0.00,0.00,0.00,0.00,0.00,0.00,0.0000,0.0000
35.019718,0.000,0.000,0.00,0.00,0.00,0.0000,0.00,-0.00,0.00,0.00,50.00,0.3000,0.00,0.00,50.00,0.00,0.00,0.00,0.00,4248.84,4248.84,4398.57,4398.57,4248.84,4248.84,4398.57,4398.57,0.00,0.00,0.00,0.00,0.00,0.00,0.00,0.00,0.00,0.00,0.0000,0.0000
35.019718,0.000,0.000,0.00,0.00,0.00,0.0000,0.00,-0.00,0.00,0.00,50.00,0.3000,0.00,0.00,50.00,0.00,0.00,0.00,0.00,4248.84,4248.84,4398.57,4398.57,4248.84,4248.84,4398.57,4398.57,0.00,0.00,0.00,0.00,0.00,0.00,0.00,0.00,0.00,0.00,0.0000,0.0000
35.019718,0.000,0.000,0.00,0.00,0.00,0.0000,0.00,-0.00,0.00,0.00,50.00,0.3000,0.00,0.00,50.00,0.00,0.00,0.00,0.00,4248.84,4248.84,4398.57,4398.57,4248.84,4248.84,4398.57,4398.57,0.00,0.00,0.00,0.00,0.00,0.00,0.00,0.00,0.00,0.00,0.0000,0.0000
35.019718,0.000,0.000,0.00,0.00,0.00,0.0000,0.00,-0.00,0.00,0.00,50.00,0.3000,0.00,0.00,50.00,0.00,0.00,0.00,0.00,4248.84,4248.84,4398.57,4398.57,4248.84,4248.84,4398.57,4398.57,0.00,0.00,0.00,0.00,0.00,0.00,0.00,0.00,0.00,0.00,0.0000,0.0000
35.019718,0.000,0.000,0.00,0.00,0.00,0.0000,0.00,-0.00,0.00,0.00,50.00,0.3000,0.00,0.00,50.00,0.00,0.00,0.00,0.00,4248.84,4248.84,4398.57,4398.57,4248.84,4248.84,4398.57,4398.57,0.00,0.00,0.00,0.00,0.00,0.00,0.00,0.00,0.00,0.00,0.0000,0.0000
35.019718,0.000,0.000,0.00,0.00,0.00,0.0000,0.00,-0.00,0.00,0.00,50.00,0.3000,0.00,0.00,50.00,0.00,0.00,0.00,0.00,4248.84,4248.84,4398.57,4398.57,4248.84,4248.84,4398.57,4398.57,0.00,0.00,0.00,0.00,0.00,0.00,0.00,0.00,0.00,0.00,0.0000,0.0000
35.019718,0.000,0.000,0.00,0.00,0.00,0.0000,0.00,-0.00,0.00,0.00,50.00,0.3000,0.00,0.00,50.00,0.00,0.00,0.00,0.00,4248.84,4248.84,4398.57,4398.57,4248.84,4248.84,4398.57,4398.57,0.00,0.00,0.00,0.00,0.00,0.00,0.00,0.00,0.00,0.00,0.0000,0.0000
35.019718,0.000,0.000,0.00,0.00,0.00,0.0000,0.00,-0.00,0.00,0.00,50.00,0.3000,0.00,0.00,50.00,0.00,0.00,0.00,0.00,4248.84,4248.84,4398.57,4398.57,4248.84,4248.84,4398.57,4398.57,0.00,0.00,0.00,0.00,0.00,0.00,0.00,0.00,0.00,0.00,0.0000,0.0000
35.019718,0.000,0.000,0.00,0.00,0.00,0.0000,0.00,-0.00,0.00,0.00,50.00,0.3000,0.00,0.00,50.00,0.00,0.00,0.00,0.00,4248.84,4248.84,4398.57,4398.57,4248.84,4248.84,4398.57,4398.57,0.00,0.00,0.00,0.00,0.00,0.00,0.00,0.00,0.00,0.00,0.0000,0.0000
35.019718,0.000,0.000,0.00,0.00,0.00,0.0000,0.00,-0.00,0.00,0.00,50.00,0.3000,0.00,0.00,50.00,0.00,0.00,0.00,0.00,4248.84,4248.84,4398.57,4398.57,4248.84,4248.84,4398.57,4398.57,0.00,0.00,0.00,0.00,0.00,0.00,0.00,0.00,0.00,0.00,0.0000,0.0000
35.019718,0.000,0.000,0.00,0.00,0.00,0.0000,0.00,-0.00,0.00,0.00,50.00,0.3000,0.00,0.00,50.00,0.00,0.00,0.00,0.00,4248.84,4248.84,4398.57,4398.57,4248.84,4248.84,4398.57,4398.57,0.00,0.00,0.00,0.00,0.00,0.00,0.00,0.00,0.00,0.00,0.0000,0.0000
35.194225,0.000,0.000,0.00,0.00,0.00,0.0000,0.00,-0.00,0.00,0.00,50.00,0.3000,0.00,0.00,50.00,0.00,0.00,0.00,0.00,4248.84,4248.84,4398.57,4398.57,4248.84,4248.84,4398.57,4398.57,0.00,0.00,0.00,0.00,0.00,0.00,0.00,0.00,0.00,0.00,0.0000,0.0000
35.194225,0.000,0.000,0.00,0.00,0.00,0.0000,0.00,-0.00,0.00,0.00,50.00,0.3000,0.00,0.00,50.00,0.00,0.00,0.00,0.00,4248.84,4248.84,4398.57,4398.57,4248.84,4248.84,4398.57,4398.57,0.00,0.00,0.00,0.00,0.00,0.00,0.00,0.00,0.00,0.00,0.0000,0.0000
35.194225,0.000,0.000,0.00,0.00,0.00,0.0000,0.00,-0.00,0.00,0.00,50.00,0.3000,0.00,0.00,50.00,0.00,0.00,0.00,0.00,4248.84,4248.84,4398.57,4398.57,4248.84,4248.84,4398.57,4398.57,0.00,0.00,0.00,0.00,0.00,0.00,0.00,0.00,0.00,0.00,0.0000,0.0000
35.194225,0.000,0.000,0.00,0.00,0.00,0.0000,0.00,-0.00,0.00,0.00,50.00,0.3000,0.00,0.00,50.00,0.00,0.00,0.00,0.00,4248.84,4248.84,4398.57,4398.57,4248.84,4248.84,4398.57,4398.57,0.00,0.00,0.00,0.00,0.00,0.00,0.00,0.00,0.00,0.00,0.0000,0.0000
35.194225,0.000,0.000,0.00,0.00,0.00,0.0000,0.00,-0.00,0.00,0.00,50.00,0.3000,0.00,0.00,50.00,0.00,0.00,0.00,0.00,4248.84,4248.84,4398.57,4398.57,4248.84,4248.84,4398.57,4398.57,0.00,0.00,0.00,0.00,0.00,0.00,0.00,0.00,0.00,0.00,0.0000,0.0000
35.194225,0.000,0.000,0.00,0.00,0.00,0.0000,0.00,-0.00,0.00,0.00,50.00,0.3000,0.00,0.00,50.00,0.00,0.00,0.00,0.00,4248.84,4248.84,4398.57,4398.57,4248.84,4248.84,4398.57,4398.57,0.00,0.00,0.00,0.00,0.00,0.00,0.00,0.00,0.00,0.00,0.0000,0.0000
35.194225,0.000,0.000,0.00,0.00,0.00,0.0000,0.00,-0.00,0.00,0.00,50.00,0.3000,0.00,0.00,50.00,0.00,0.00,0.00,0.00,4248.84,4248.84,4398.57,4398.57,4248.84,4248.84,4398.57,4398.57,0.00,0.00,0.00,0.00,0.00,0.00,0.00,0.00,0.00,0.00,0.0000,0.0000
35.194225,0.000,0.000,0.00,0.00,0.00,0.0000,0.00,-0.00,0.00,0.00,50.00,0.3000,0.00,0.00,50.00,0.00,0.00,0.00,0.00,4248.84,4248.84,4398.57,4398.57,4248.84,4248.84,4398.57,4398.57,0.00,0.00,0.00,0.00,0.00,0.00,0.00,0.00,0.00,0.00,0.0000,0.0000
35.194225,0.000,0.000,0.00,0.00,0.00,0.0000,0.00,-0.00,0.00,0.00,50.00,0.3000,0.00,0.00,50.00,0.00,0.00,0.00,0.00,4248.84,4248.84,4398.57,4398.57,4248.84,4248.84,4398.57,4398.57,0.00,0.00,0.00,0.00,0.00,0.00,0.00,0.00,0.00,0.00,0.0000,0.0000
35.194225,0.000,0.000,0.00,0.00,0.00,0.0000,0.00,-0.00,0.00,0.00,50.00,0.3000,0.00,0.00,50.00,0.00,0.00,0.00,0.00,4248.84,4248.84,4398.57,4398.57,4248.84,4248.84,4398.57,4398.57,0.00,0.00,0.00,0.00,0.00,0.00,0.00,0.00,0.00,0.00,0.0000,0.0000
35.194225,0.000,0.000,0.00,0.00,0.00,0.0000,0.00,-0.00,0.00,0.00,50.00,0.3000,0.00,0.00,50.00,0.00,0.00,0.00,0.00,4248.84,4248.84,4398.57,4398.57,4248.84,4248.84,4398.57,4398.57,0.00,0.00,0.00,0.00,0.00,0.00,0.00,0.00,0.00,0.00,0.0000,0.0000
35.194225,0.000,0.000,0.00,0.00,0.00,0.0000,0.00,-0.00,0.00,0.00,50.00,0.3000,0.00,0.00,50.00,0.00,0.00,0.00,0.00,4248.84,4248.84,4398.57,4398.57,4248.84,4248.84,4398.57,4398.57,0.00,0.00,0.00,0.00,0.00,0.00,0.00,0.00,0.00,0.00,0.0000,0.0000
35.380955,0.000,0.000,0.00,0.00,0.00,0.0000,0.00,-0.00,0.00,0.00,50.00,0.3000,0.00,0.00,50.00,0.00,0.00,0.00,0.00,4248.84,4248.84,4398.57,4398.57,4248.84,4248.84,4398.57,4398.57,0.00,0.00,0.00,0.00,0.00,0.00,0.00,0.00,0.00,0.00,0.0000,0.0000
35.380955,0.000,0.000,0.00,0.00,0.00,0.0000,0.00,-0.00,0.00,0.00,50.00,0.3000,0.00,0.00,50.00,0.00,0.00,0.00,0.00,4248.84,4248.84,4398.57,4398.57,4248.84,4248.84,4398.57,4398.57,0.00,0.00,0.00,0.00,0.00,0.00,0.00,0.00,0.00,0.00,0.0000,0.0000
35.380955,0.000,0.000,0.00,0.00,0.00,0.0000,0.00,-0.00,0.00,0.00,50.00,0.3000,0.00,0.00,50.00,0.00,0.00,0.00,0.00,4248.84,4248.84,4398.57,4398.57,4248.84,4248.84,4398.57,4398.57,0.00,0.00,0.00,0.00,0.00,0.00,0.00,0.00,0.00,0.00,0.0000,0.0000
35.380955,0.000,0.000,0.00,0.00,0.00,0.0000,0.00,-0.00,0.00,0.00,50.00,0.3000,0.00,0.00,50.00,0.00,0.00,0.00,0.00,4248.84,4248.84,4398.57,4398.57,4248.84,4248.84,4398.57,4398.57,0.00,0.00,0.00,0.00,0.00,0.00,0.00,0.00,0.00,0.00,0.0000,0.0000
35.380955,0.000,0.000,0.00,0.00,0.00,0.0000,0.00,-0.00,0.00,0.00,50.00,0.3000,0.00,0.00,50.00,0.00,0.00,0.00,0.00,4248.84,4248.84,4398.57,4398.57,4248.84,4248.84,4398.57,4398.57,0.00,0.00,0.00,0.00,0.00,0.00,0.00,0.00,0.00,0.00,0.0000,0.0000
35.380955,0.000,0.000,0.00,0.00,0.00,0.0000,0.00,-0.00,0.00,0.00,50.00,0.3000,0.00,0.00,50.00,0.00,0.00,0.00,0.00,4248.84,4248.84,4398.57,4398.57,4248.84,4248.84,4398.57,4398.57,0.00,0.00,0.00,0.00,0.00,0.00,0.00,0.00,0.00,0.00,0.0000,0.0000
35.380955,0.000,0.000,0.00,0.00,0.00,0.0000,0.00,-0.00,0.00,0.00,50.00,0.3000,0.00,0.00,50.00,0.00,0.00,0.00,0.00,4248.84,4248.84,4398.57,4398.57,4248.84,4248.84,4398.57,4398.57,0.00,0.00,0.00,0.00,0.00,0.00,0.00,0.00,0.00,0.00,0.0000,0.0000
35.380955,0.000,0.000,0.00,0.00,0.00,0.0000,0.00,-0.00,0.00,0.00,50.00,0.3000,0.00,0.00,50.00,0.00,0.00,0.00,0.00,4248.84,4248.84,4398.57,4398.57,4248.84,4248.84,4398.57,4398.57,0.00,0.00,0.00,0.00,0.00,0.00,0.00,0.00,0.00,0.00,0.0000,0.0000
35.380955,0.000,0.000,0.00,0.00,0.00,0.0000,0.00,-0.00,0.00,0.00,50.00,0.3000,0.00,0.00,50.00,0.00,0.00,0.00,0.00,4248.84,4248.84,4398.57,4398.57,4248.84,4248.84,4398.57,4398.57,0.00,0.00,0.00,0.00,0.00,0.00,0.00,0.00,0.00,0.00,0.0000,0.0000
35.380955,0.000,0.000,0.00,0.00,0.00,0.0000,0.00,-0.00,0.00,0.00,50.00,0.3000,0.00,0.00,50.00,0.00,0.00,0.00,0.00,4248.84,4248.84,4398.57,4398.57,4248.84,4248.84,4398.57,4398.57,0.00,0.00,0.00,0.00,0.00,0.00,0.00,0.00,0.00,0.00,0.0000,0.0000
35.380955,0.000,0.000,0.00,0.00,0.00,0.0000,0.00,-0.00,0.00,0.00,50.00,0.3000,0.00,0.00,50.00,0.00,0.00,0.00,0.00,4248.84,4248.84,4398.57,4398.57,4248.84,4248.84,4398.57,4398.57,0.00,0.00,0.00,0.00,0.00,0.00,0.00,0.00,0.00,0.00,0.0000,0.0000
35.380955,0.000,0.000,0.00,0.00,0.00,0.0000,0.00,-0.00,0.00,0.00,50.00,0.3000,0.00,0.00,50.00,0.00,0.00,0.00,0.00,4248.84,4248.84,4398.57,4398.57,4248.84,4248.84,4398.57,4398.57,0.00,0.00,0.00,0.00,0.00,0.00,0.00,0.00,0.00,0.00,0.0000,0.0000
