Timestamp,PlayerName,IsServer,IsLocalController,VehicleName,HasOwner,HasNetConnection,LocalRole,RemoteRole,Ping_ms,Throttle,Brake,Steering,LocationX,LocationY,LocationZ,VelX,VelY,VelZ,Speed_kmh,PacketsSent,PacketsReceived,BytesSent,BytesReceived
0.061,VehicleControllerBP_C_0,1,1,V_1_C_0,1,0,Authority,SimulatedProxy,0.0,0.000,0.000,0.000,320.0,180.0,65.5,0.0,0.0,0.0,0.0,0,0,0.0,0.0
0.461,VehicleControllerBP_C_0,1,1,V_1_C_0,1,0,Authority,SimulatedProxy,0.0,0.000,0.000,0.000,320.0,180.0,64.1,-0.0,-0.0,-32.7,1.2,0,0,0.0,0.0
0.861,VehicleControllerBP_C_0,1,1,V_1_C_0,1,0,Authority,SimulatedProxy,0.0,0.000,0.000,0.000,320.0,180.0,61.2,-0.0,-0.0,-19.2,0.7,0,0,0.0,0.0
1.084,VehicleControllerBP_C_0,1,1,V_1_C_0,1,0,Authority,SimulatedProxy,0.0,0.000,0.000,0.000,320.0,180.0,60.3,0.0,0.0,-2.8,0.1,0,0,0.0,0.0
1.343,VehicleControllerBP_C_0,1,1,V_1_C_0,1,0,Authority,SimulatedProxy,0.0,0.000,0.000,0.000,320.0,180.0,60.3,0.0,0.0,0.0,0.0,0,0,0.0,0.0
1.524,VehicleControllerBP_C_0,1,1,V_1_C_0,1,0,Authority,SimulatedProxy,0.0,0.000,0.000,0.000,320.0,180.0,60.3,0.0,0.0,0.0,0.0,0,0,0.0,0.0
1.667,VehicleControllerBP_C_0,1,1,V_1_C_0,1,0,Authority,SimulatedProxy,0.0,0.000,0.000,0.000,320.0,180.0,60.3,0.0,0.0,0.0,0.0,0,0,0.0,0.0
1.904,VehicleControllerBP_C_0,1,1,V_1_C_0,1,0,Authority,SimulatedProxy,0.0,0.000,0.000,0.000,320.0,180.0,60.3,0.0,0.0,0.0,0.0,0,0,0.0,0.0
2.095,VehicleControllerBP_C_0,1,1,V_1_C_0,1,0,Authority,SimulatedProxy,0.0,0.000,0.000,0.000,320.0,180.0,60.3,0.0,0.0,0.0,0.0,0,0,0.0,0.0
2.187,VehicleControllerBP_C_0,1,1,V_1_C_0,1,0,Authority,SimulatedProxy,0.0,0.000,0.000,0.000,320.0,180.0,60.3,0.0,0.0,0.0,0.0,0,0,0.0,0.0
2.587,VehicleControllerBP_C_0,1,1,V_1_C_0,1,0,Authority,SimulatedProxy,0.0,0.000,0.000,0.000,320.0,180.0,60.3,0.0,0.0,0.0,0.0,0,0,0.0,0.0
2.685,VehicleControllerBP_C_0,1,1,V_1_C_0,1,0,Authority,SimulatedProxy,0.0,0.000,0.000,0.000,320.0,180.0,60.3,0.0,0.0,0.0,0.0,0,0,0.0,0.0
2.774,VehicleControllerBP_C_0,1,1,V_1_C_0,1,0,Authority,SimulatedProxy,0.0,0.000,0.000,0.000,320.0,180.0,60.3,0.0,0.0,0.0,0.0,0,0,0.0,0.0
2.875,VehicleControllerBP_C_0,1,1,V_1_C_0,1,0,Authority,SimulatedProxy,0.0,0.000,0.000,0.000,320.0,180.0,60.3,0.0,0.0,0.0,0.0,0,0,0.0,0.0
2.971,VehicleControllerBP_C_0,1,1,V_1_C_0,1,0,Authority,SimulatedProxy,0.0,0.000,0.000,0.000,320.0,180.0,60.3,0.0,0.0,0.0,0.0,0,0,0.0,0.0
3.075,VehicleControllerBP_C_0,1,1,V_1_C_0,1,0,Authority,SimulatedProxy,0.0,0.000,0.000,0.000,320.0,180.0,60.3,0.0,0.0,0.0,0.0,0,0,0.0,0.0
3.188,VehicleControllerBP_C_0,1,1,V_1_C_0,1,0,Authority,SimulatedProxy,0.0,0.000,0.000,0.000,320.0,180.0,60.3,0.0,0.0,0.0,0.0,0,0,0.0,0.0
3.263,VehicleControllerBP_C_0,1,1,V_1_C_0,1,0,Authority,SimulatedProxy,0.0,0.000,0.000,0.000,320.0,180.0,60.3,0.0,0.0,0.0,0.0,0,0,0.0,0.0
3.365,VehicleControllerBP_C_0,1,1,V_1_C_0,1,0,Authority,SimulatedProxy,0.0,0.000,0.000,0.000,320.0,180.0,60.3,0.0,0.0,0.0,0.0,0,0,0.0,0.0
3.492,VehicleControllerBP_C_0,1,1,V_1_C_0,1,0,Authority,SimulatedProxy,0.0,0.000,0.000,0.000,320.0,180.0,60.3,0.0,0.0,0.0,0.0,0,0,0.0,0.0
3.596,VehicleControllerBP_C_0,1,1,V_1_C_0,1,0,Authority,SimulatedProxy,0.0,0.000,0.000,0.000,320.0,180.0,60.3,0.0,0.0,0.0,0.0,0,0,0.0,0.0
3.670,VehicleControllerBP_C_0,1,1,V_1_C_0,1,0,Authority,SimulatedProxy,0.0,0.000,0.000,0.000,320.0,180.0,60.3,0.0,0.0,0.0,0.0,0,0,0.0,0.0
3.762,VehicleControllerBP_C_0,1,1,V_1_C_0,1,0,Authority,SimulatedProxy,0.0,0.000,0.000,0.000,320.0,180.0,60.3,0.0,0.0,0.0,0.0,0,0,0.0,0.0
3.933,VehicleControllerBP_C_0,1,1,V_1_C_0,1,0,Authority,SimulatedProxy,0.0,0.000,0.000,0.000,320.0,180.0,60.3,0.0,0.0,0.0,0.0,0,0,0.0,0.0
4.028,VehicleControllerBP_C_0,1,1,V_1_C_0,1,0,Authority,SimulatedProxy,0.0,0.000,0.000,0.000,320.0,180.0,60.3,0.0,0.0,0.0,0.0,0,0,0.0,0.0
4.107,VehicleControllerBP_C_0,1,1,V_1_C_0,1,0,Authority,SimulatedProxy,0.0,0.000,0.000,0.000,320.0,180.0,60.3,0.0,0.0,0.0,0.0,0,0,0.0,0.0
4.202,VehicleControllerBP_C_0,1,1,V_1_C_0,1,0,Authority,SimulatedProxy,0.0,0.000,0.000,0.000,320.0,180.0,60.3,0.0,0.0,0.0,0.0,0,0,0.0,0.0
4.288,VehicleControllerBP_C_0,1,1,V_1_C_0,1,0,Authority,SimulatedProxy,0.0,0.000,0.000,0.000,320.0,180.0,60.3,0.0,0.0,0.0,0.0,0,0,0.0,0.0
4.401,VehicleControllerBP_C_0,1,1,V_1_C_0,1,0,Authority,SimulatedProxy,0.0,0.000,0.000,0.000,320.0,180.0,60.3,0.0,0.0,0.0,0.0,0,0,0.0,0.0
4.490,VehicleControllerBP_C_0,1,1,V_1_C_0,1,0,Authority,SimulatedProxy,0.0,0.000,0.000,0.000,320.0,180.0,60.3,0.0,0.0,0.0,0.0,0,0,0.0,0.0
4.596,VehicleControllerBP_C_0,1,1,V_1_C_0,1,0,Authority,SimulatedProxy,0.0,0.000,0.000,0.000,320.0,180.0,60.3,0.0,0.0,0.0,0.0,0,0,0.0,0.0
4.687,VehicleControllerBP_C_0,1,1,V_1_C_0,1,0,Authority,SimulatedProxy,0.0,0.000,0.000,0.000,320.0,180.0,60.3,0.0,0.0,0.0,0.0,0,0,0.0,0.0
4.771,VehicleControllerBP_C_0,1,1,V_1_C_0,1,0,Authority,SimulatedProxy,0.0,0.000,0.000,0.000,320.0,180.0,60.3,0.0,0.0,0.0,0.0,0,0,0.0,0.0
4.836,VehicleControllerBP_C_0,1,1,V_1_C_0,1,0,Authority,SimulatedProxy,0.0,0.000,0.000,0.000,320.0,180.0,60.3,0.0,0.0,0.0,0.0,0,0,0.0,0.0
4.932,VehicleControllerBP_C_0,1,1,V_1_C_0,1,0,Authority,SimulatedProxy,0.0,0.000,0.000,0.000,320.0,180.0,60.3,0.0,0.0,0.0,0.0,0,0,0.0,0.0
5.019,VehicleControllerBP_C_0,1,1,V_1_C_0,1,0,Authority,SimulatedProxy,0.0,0.000,0.000,0.000,320.0,180.0,60.3,0.0,0.0,0.0,0.0,0,0,0.0,0.0
5.094,VehicleControllerBP_C_0,1,1,V_1_C_0,1,0,Authority,SimulatedProxy,0.0,0.000,0.000,0.000,320.0,180.0,60.3,0.0,0.0,0.0,0.0,0,0,0.0,0.0
5.201,VehicleControllerBP_C_0,1,1,V_1_C_0,1,0,Authority,SimulatedProxy,0.0,0.321,0.000,0.000,320.0,180.0,60.3,0.0,0.0,0.0,0.0,0,0,0.0,0.0
5.304,VehicleControllerBP_C_0,1,1,V_1_C_0,1,0,Authority,SimulatedProxy,0.0,0.531,0.000,0.000,320.0,180.0,60.3,0.0,0.0,0.0,0.0,0,0,0.0,0.0
5.411,VehicleControllerBP_C_0,1,1,V_1_C_0,1,0,Authority,SimulatedProxy,0.0,0.681,0.000,0.000,320.0,180.0,60.3,0.6,-0.0,0.5,0.0,0,0,0.0,0.0
5.507,VehicleControllerBP_C_0,1,1,V_1_C_0,1,0,Authority,SimulatedProxy,0.0,0.773,0.000,0.000,320.4,180.0,60.4,5.1,0.0,1.1,0.2,0,0,0.0,0.0
5.600,VehicleControllerBP_C_0,1,1,V_1_C_0,1,0,Authority,SimulatedProxy,0.0,0.836,0.000,0.000,321.2,180.0,60.5,10.0,0.0,0.6,0.4,0,0,0.0,0.0
5.747,VehicleControllerBP_C_0,1,1,V_1_C_0,1,0,Authority,SimulatedProxy,0.0,0.909,0.000,0.000,322.5,180.0,60.5,15.3,0.0,0.2,0.6,0,0,0.0,0.0
5.861,VehicleControllerBP_C_0,1,1,V_1_C_0,1,0,Authority,SimulatedProxy,0.0,0.940,0.000,0.000,324.3,180.0,60.5,21.4,0.0,0.0,0.8,0,0,0.0,0.0
5.961,VehicleControllerBP_C_0,1,1,V_1_C_0,1,0,Authority,SimulatedProxy,0.0,0.659,0.000,0.000,327.0,180.0,60.5,30.4,0.0,-0.0,1.1,0,0,0.0,0.0
6.051,VehicleControllerBP_C_0,1,1,V_1_C_0,1,0,Authority,SimulatedProxy,0.0,0.480,0.000,0.000,330.6,180.0,60.5,39.3,0.0,-0.0,1.4,0,0,0.0,0.0
6.165,VehicleControllerBP_C_0,1,1,V_1_C_0,1,0,Authority,SimulatedProxy,0.0,0.317,0.000,0.000,334.5,180.0,60.5,46.7,0.0,0.0,1.7,0,0,0.0,0.0
6.298,VehicleControllerBP_C_0,1,1,V_1_C_0,1,0,Authority,SimulatedProxy,0.0,0.190,0.000,0.000,339.2,180.0,60.5,48.9,0.0,0.0,1.8,0,0,0.0,0.0
6.389,VehicleControllerBP_C_0,1,1,V_1_C_0,1,0,Authority,SimulatedProxy,0.0,0.138,0.000,0.000,345.1,180.0,60.5,72.9,-0.0,0.0,2.6,0,0,0.0,0.0
6.499,VehicleControllerBP_C_0,1,1,V_1_C_0,1,0,Authority,SimulatedProxy,0.0,0.093,0.000,0.000,354.5,180.0,60.5,131.0,-0.0,0.1,4.7,0,0,0.0,0.0
6.584,VehicleControllerBP_C_0,1,1,V_1_C_0,1,0,Authority,SimulatedProxy,0.0,0.069,0.000,0.000,370.6,180.0,60.5,175.7,-0.0,0.2,6.3,0,0,0.0,0.0
6.688,VehicleControllerBP_C_0,1,1,V_1_C_0,1,0,Authority,SimulatedProxy,0.0,0.048,0.000,0.000,386.2,180.0,60.6,197.1,-0.1,0.2,7.1,0,0,0.0,0.0
6.797,VehicleControllerBP_C_0,1,1,V_1_C_0,1,0,Authority,SimulatedProxy,0.0,0.032,0.000,0.000,406.4,180.0,60.6,212.6,0.2,0.1,7.7,0,0,0.0,0.0
6.903,VehicleControllerBP_C_0,1,1,V_1_C_0,1,0,Authority,SimulatedProxy,0.0,0.022,0.000,0.000,428.1,180.0,60.6,225.7,0.0,-0.1,8.1,0,0,0.0,0.0
7.052,VehicleControllerBP_C_0,1,1,V_1_C_0,1,0,Authority,SimulatedProxy,0.0,0.012,0.000,0.000,451.0,180.0,60.5,232.0,-0.1,-0.1,8.4,0,0,0.0,0.0
7.148,VehicleControllerBP_C_0,1,1,V_1_C_0,1,0,Authority,SimulatedProxy,0.0,0.009,0.000,0.000,475.0,180.0,60.5,243.7,0.0,-0.1,8.8,0,0,0.0,0.0
7.250,VehicleControllerBP_C_0,1,1,V_1_C_0,1,0,Authority,SimulatedProxy,0.0,0.006,0.000,0.000,500.3,180.0,60.5,267.5,-0.1,0.1,9.6,0,0,0.0,0.0
7.342,VehicleControllerBP_C_0,1,1,V_1_C_0,1,0,Authority,SimulatedProxy,0.0,0.004,0.000,0.000,527.2,180.0,60.6,266.6,-0.1,0.1,9.6,0,0,0.0,0.0
7.468,VehicleControllerBP_C_0,1,1,V_1_C_0,1,0,Authority,SimulatedProxy,0.0,0.003,0.000,0.000,552.5,180.0,60.5,276.8,-0.1,-0.1,10.0,0,0,0.0,0.0
7.550,VehicleControllerBP_C_0,1,1,V_1_C_0,1,0,Authority,SimulatedProxy,0.0,0.002,0.000,0.000,580.4,180.0,60.5,276.0,-0.1,-0.1,9.9,0,0,0.0,0.0
7.642,VehicleControllerBP_C_0,1,1,V_1_C_0,1,0,Authority,SimulatedProxy,0.0,0.001,0.000,0.000,603.2,180.0,60.5,283.5,-0.1,-0.2,10.2,0,0,0.0,0.0
7.713,VehicleControllerBP_C_0,1,1,V_1_C_0,1,0,Authority,SimulatedProxy,0.0,0.001,0.000,0.000,629.6,180.0,60.5,291.7,-0.1,-0.0,10.5,0,0,0.0,0.0
7.787,VehicleControllerBP_C_0,1,1,V_1_C_0,1,0,Authority,SimulatedProxy,0.0,0.001,0.000,0.000,650.6,179.9,60.5,296.4,-0.1,0.1,10.7,0,0,0.0,0.0
7.867,VehicleControllerBP_C_0,1,1,V_1_C_0,1,0,Authority,SimulatedProxy,0.0,0.001,0.000,0.000,672.2,179.9,60.5,290.7,-0.1,0.1,10.5,0,0,0.0,0.0
7.994,VehicleControllerBP_C_0,1,1,V_1_C_0,1,0,Authority,SimulatedProxy,0.0,0.000,0.000,0.000,695.6,179.9,60.5,288.7,-0.1,-0.1,10.4,0,0,0.0,0.0
8.084,VehicleControllerBP_C_0,1,1,V_1_C_0,1,0,Authority,SimulatedProxy,0.0,0.000,0.000,0.000,724.8,179.9,60.5,290.8,-0.0,-0.1,10.5,0,0,0.0,0.0
8.184,VehicleControllerBP_C_0,1,1,V_1_C_0,1,0,Authority,SimulatedProxy,0.0,0.000,0.000,0.000,751.1,179.9,60.5,294.8,-0.1,-0.0,10.6,0,0,0.0,0.0
8.263,VehicleControllerBP_C_0,1,1,V_1_C_0,1,0,Authority,SimulatedProxy,0.0,0.000,0.000,0.000,780.3,179.9,60.5,293.9,-0.1,-0.0,10.6,0,0,0.0,0.0
8.350,VehicleControllerBP_C_0,1,1,V_1_C_0,1,0,Authority,SimulatedProxy,0.0,0.000,0.000,0.000,803.4,179.9,60.5,293.8,-0.1,0.0,10.6,0,0,0.0,0.0
8.438,VehicleControllerBP_C_0,1,1,V_1_C_0,1,0,Authority,SimulatedProxy,0.0,0.000,0.000,0.000,828.5,179.9,60.5,289.2,-0.1,0.0,10.4,0,0,0.0,0.0
8.535,VehicleControllerBP_C_0,1,1,V_1_C_0,1,0,Authority,SimulatedProxy,0.0,0.000,0.000,0.000,854.4,179.9,60.5,293.8,-0.1,0.0,10.6,0,0,0.0,0.0
8.674,VehicleControllerBP_C_0,1,1,V_1_C_0,1,0,Authority,SimulatedProxy,0.0,0.000,0.000,0.000,882.5,179.9,60.5,293.4,-0.1,0.0,10.6,0,0,0.0,0.0
8.756,VehicleControllerBP_C_0,1,1,V_1_C_0,1,0,Authority,SimulatedProxy,0.0,0.000,0.000,0.000,911.6,179.9,60.5,292.4,-0.1,-0.0,10.5,0,0,0.0,0.0
8.841,VehicleControllerBP_C_0,1,1,V_1_C_0,1,0,Authority,SimulatedProxy,0.0,0.000,0.000,0.000,935.4,179.9,60.5,291.8,-0.1,-0.0,10.5,0,0,0.0,0.0
8.930,VehicleControllerBP_C_0,1,1,V_1_C_0,1,0,Authority,SimulatedProxy,0.0,0.000,0.000,0.000,959.9,179.9,60.5,287.5,-0.1,-0.0,10.3,0,0,0.0,0.0
9.017,VehicleControllerBP_C_0,1,1,V_1_C_0,1,0,Authority,SimulatedProxy,0.0,0.000,0.000,0.000,985.9,179.9,60.5,292.2,-0.1,0.0,10.5,0,0,0.0,0.0
9.142,VehicleControllerBP_C_0,1,1,V_1_C_0,1,0,Authority,SimulatedProxy,0.0,0.000,0.000,0.000,1010.9,179.9,60.5,287.6,-0.1,0.0,10.4,0,0,0.0,0.0
9.247,VehicleControllerBP_C_0,1,1,V_1_C_0,1,0,Authority,SimulatedProxy,0.0,0.000,0.000,0.000,1039.9,179.9,60.5,286.9,-0.1,0.0,10.3,0,0,0.0,0.0
9.407,VehicleControllerBP_C_0,1,1,V_1_C_0,1,0,Authority,SimulatedProxy,0.0,0.000,0.000,-0.400,1068.8,179.9,60.5,286.0,-0.1,-0.0,10.3,0,0,0.0,0.0
9.597,VehicleControllerBP_C_0,1,1,V_1_C_0,1,0,Authority,SimulatedProxy,0.0,0.000,0.000,-0.686,1097.5,178.6,60.5,283.1,-19.7,-0.0,10.2,0,0,0.0,0.0
9.671,VehicleControllerBP_C_0,1,1,V_1_C_0,1,0,Authority,SimulatedProxy,0.0,0.000,0.000,-0.744,1125.6,175.0,60.5,276.6,-43.8,-0.0,10.1,0,0,0.0,0.0
9.762,VehicleControllerBP_C_0,1,1,V_1_C_0,1,0,Authority,SimulatedProxy,0.0,0.000,0.000,-0.802,1146.2,172.0,60.5,280.9,-47.0,-0.0,10.3,0,0,0.0,0.0
9.848,VehicleControllerBP_C_0,1,1,V_1_C_0,1,0,Authority,SimulatedProxy,0.0,0.000,0.000,-0.845,1171.4,167.6,60.5,273.6,-51.9,-0.0,10.0,0,0,0.0,0.0
9.969,VehicleControllerBP_C_0,1,1,V_1_C_0,1,0,Authority,SimulatedProxy,0.0,0.000,0.000,-0.892,1195.4,162.8,60.5,282.5,-58.3,0.0,10.4,0,0,0.0,0.0
10.080,VehicleControllerBP_C_0,1,1,V_1_C_0,1,0,Authority,SimulatedProxy,0.0,0.000,0.000,-0.922,1223.3,156.7,60.5,280.2,-65.3,0.1,10.4,0,0,0.0,0.0
10.186,VehicleControllerBP_C_0,1,1,V_1_C_0,1,0,Authority,SimulatedProxy,0.0,0.000,0.000,-0.942,1251.0,150.0,60.5,278.8,-69.3,0.0,10.3,0,0,0.0,0.0
10.264,VehicleControllerBP_C_0,1,1,V_1_C_0,1,0,Authority,SimulatedProxy,0.0,0.000,0.000,-0.954,1278.4,142.7,60.5,275.5,-77.0,-0.0,10.3,0,0,0.0,0.0
10.396,VehicleControllerBP_C_0,1,1,V_1_C_0,1,0,Authority,SimulatedProxy,0.0,0.000,0.000,-0.969,1299.6,136.7,60.5,274.9,-80.3,-0.0,10.3,0,0,0.0,0.0
10.481,VehicleControllerBP_C_0,1,1,V_1_C_0,1,0,Authority,SimulatedProxy,0.0,0.000,0.000,-0.976,1326.7,128.4,60.5,272.1,-87.0,-0.0,10.3,0,0,0.0,0.0
10.586,VehicleControllerBP_C_0,1,1,V_1_C_0,1,0,Authority,SimulatedProxy,0.0,0.000,0.000,-0.982,1349.6,120.9,60.5,266.3,-90.2,0.0,10.1,0,0,0.0,0.0
10.660,VehicleControllerBP_C_0,1,1,V_1_C_0,1,0,Authority,SimulatedProxy,0.0,0.000,0.000,-0.985,1376.4,111.5,60.5,264.4,-95.5,0.0,10.1,0,0,0.0,0.0
10.761,VehicleControllerBP_C_0,1,1,V_1_C_0,1,0,Authority,SimulatedProxy,0.0,0.000,0.000,-0.989,1396.1,104.2,60.5,267.0,-101.2,0.0,10.3,0,0,0.0,0.0
10.849,VehicleControllerBP_C_0,1,1,V_1_C_0,1,0,Authority,SimulatedProxy,0.0,0.000,0.000,-0.991,1422.4,93.8,60.5,263.8,-106.6,-0.0,10.2,0,0,0.0,0.0
10.967,VehicleControllerBP_C_0,1,1,V_1_C_0,1,0,Authority,SimulatedProxy,0.0,0.000,0.000,-0.994,1445.2,84.3,60.5,258.1,-109.0,-0.0,10.1,0,0,0.0,0.0
11.075,VehicleControllerBP_C_0,1,1,V_1_C_0,1,0,Authority,SimulatedProxy,0.0,0.000,0.000,-0.996,1471.0,72.9,60.5,254.1,-115.5,0.0,10.0,0,0,0.0,0.0
11.183,VehicleControllerBP_C_0,1,1,V_1_C_0,1,0,Authority,SimulatedProxy,0.0,0.000,0.000,-0.997,1496.9,60.9,60.5,268.4,-128.5,0.0,10.7,0,0,0.0,0.0
11.275,VehicleControllerBP_C_0,1,1,V_1_C_0,1,0,Authority,SimulatedProxy,0.0,0.000,0.000,-0.998,1524.0,47.4,60.5,276.0,-141.7,0.2,11.2,0,0,0.0,0.0
11.382,VehicleControllerBP_C_0,1,1,V_1_C_0,1,0,Authority,SimulatedProxy,0.0,0.000,0.000,-0.998,1550.2,33.7,60.5,291.0,-155.3,0.3,11.9,0,0,0.0,0.0
11.489,VehicleControllerBP_C_0,1,1,V_1_C_0,1,0,Authority,SimulatedProxy,0.0,0.000,0.000,-0.999,1580.3,16.9,60.6,305.2,-174.2,0.3,12.7,0,0,0.0,0.0
11.602,VehicleControllerBP_C_0,1,1,V_1_C_0,1,0,Authority,SimulatedProxy,0.0,0.000,0.000,-0.999,1611.6,-1.5,60.6,316.8,-190.3,0.1,13.3,0,0,0.0,0.0
11.727,VehicleControllerBP_C_0,1,1,V_1_C_0,1,0,Authority,SimulatedProxy,0.0,0.000,0.000,-0.999,1643.2,-21.5,60.6,322.2,-206.1,-0.1,13.8,0,0,0.0,0.0
11.827,VehicleControllerBP_C_0,1,1,V_1_C_0,1,0,Authority,SimulatedProxy,0.0,0.000,0.000,-1.000,1675.6,-43.3,60.6,332.4,-227.9,-0.1,14.5,0,0,0.0,0.0
11.906,VehicleControllerBP_C_0,1,1,V_1_C_0,1,0,Authority,SimulatedProxy,0.0,0.000,0.000,-1.000,1708.5,-66.9,60.6,330.4,-243.5,-0.0,14.8,0,0,0.0,0.0
12.029,VehicleControllerBP_C_0,1,1,V_1_C_0,1,0,Authority,SimulatedProxy,0.0,0.000,0.000,-0.691,1734.4,-86.6,60.6,326.4,-254.6,-0.1,14.9,0,0,0.0,0.0
12.156,VehicleControllerBP_C_0,1,1,V_1_C_0,1,0,Authority,SimulatedProxy,0.0,0.000,0.000,-0.472,1766.9,-112.9,60.6,320.8,-266.7,-0.2,15.0,0,0,0.0,0.0
12.302,VehicleControllerBP_C_0,1,1,V_1_C_0,1,0,Authority,SimulatedProxy,0.0,0.000,0.000,-0.300,1798.7,-140.3,60.5,314.1,-277.6,-0.2,15.1,0,0,0.0,0.0
12.406,VehicleControllerBP_C_0,1,1,V_1_C_0,1,0,Authority,SimulatedProxy,0.0,0.000,0.000,-0.222,1830.9,-167.9,60.5,318.9,-277.4,-0.2,15.2,0,0,0.0,0.0
12.492,VehicleControllerBP_C_0,1,1,V_1_C_0,1,0,Authority,SimulatedProxy,0.0,0.000,0.000,-0.174,1863.7,-195.9,60.5,332.7,-283.2,0.0,15.7,0,0,0.0,0.0
12.594,VehicleControllerBP_C_0,1,1,V_1_C_0,1,0,Authority,SimulatedProxy,0.0,0.000,0.000,-0.130,1893.4,-221.1,60.5,352.9,-300.6,0.3,16.7,0,0,0.0,0.0
12.693,VehicleControllerBP_C_0,1,1,V_1_C_0,1,0,Authority,SimulatedProxy,0.0,0.000,0.000,-0.098,1930.5,-252.5,60.6,382.1,-325.5,0.7,18.1,0,0,0.0,0.0
12.791,VehicleControllerBP_C_0,1,1,V_1_C_0,1,0,Authority,SimulatedProxy,0.0,0.000,0.000,-0.074,1970.1,-286.2,60.7,411.5,-350.8,0.7,19.5,0,0,0.0,0.0
12.888,VehicleControllerBP_C_0,1,1,V_1_C_0,1,0,Authority,SimulatedProxy,0.0,0.000,0.000,-0.056,2012.1,-321.9,60.7,441.3,-376.6,0.5,20.9,0,0,0.0,0.0
13.017,VehicleControllerBP_C_0,1,1,V_1_C_0,1,0,Authority,SimulatedProxy,0.0,0.000,0.000,-0.038,2056.4,-359.5,60.7,464.4,-397.1,0.2,22.0,0,0,0.0,0.0
13.122,VehicleControllerBP_C_0,1,1,V_1_C_0,1,0,Authority,SimulatedProxy,0.0,0.315,0.000,-0.028,2102.9,-399.1,60.7,465.0,-396.8,-0.5,22.0,0,0,0.0,0.0
13.253,VehicleControllerBP_C_0,1,1,V_1_C_0,1,0,Authority,SimulatedProxy,0.0,0.585,0.000,-0.019,2149.1,-438.5,60.6,462.1,-394.5,-1.3,21.9,0,0,0.0,0.0
13.340,VehicleControllerBP_C_0,1,1,V_1_C_0,1,0,Authority,SimulatedProxy,0.0,0.693,0.000,-0.015,2196.0,-478.4,60.5,466.9,-398.2,-0.8,22.1,0,0,0.0,0.0
13.446,VehicleControllerBP_C_0,1,1,V_1_C_0,1,0,Authority,SimulatedProxy,0.0,0.791,0.000,-0.011,2236.9,-513.3,60.5,477.4,-407.5,-0.1,22.6,0,0,0.0,0.0
13.556,VehicleControllerBP_C_0,1,1,V_1_C_0,1,0,Authority,SimulatedProxy,0.0,0.532,0.000,-0.008,2284.5,-553.9,60.5,481.7,-411.4,0.2,22.8,0,0,0.0,0.0
13.659,VehicleControllerBP_C_0,1,1,V_1_C_0,1,0,Authority,SimulatedProxy,0.0,0.367,0.000,-0.006,2332.6,-595.0,60.5,486.2,-415.2,0.2,23.0,0,0,0.0,0.0
13.747,VehicleControllerBP_C_0,1,1,V_1_C_0,1,0,Authority,SimulatedProxy,0.0,0.270,0.000,-0.005,2381.1,-636.4,60.5,490.7,-419.1,0.1,23.2,0,0,0.0,0.0
13.877,VehicleControllerBP_C_0,1,1,V_1_C_0,1,0,Authority,SimulatedProxy,0.0,0.165,0.000,-0.003,2424.1,-673.1,60.5,488.4,-417.2,0.0,23.1,0,0,0.0,0.0
14.007,VehicleControllerBP_C_0,1,1,V_1_C_0,1,0,Authority,SimulatedProxy,0.0,0.100,0.000,-0.002,2473.6,-715.4,60.5,493.2,-421.3,0.0,23.3,0,0,0.0,0.0
14.112,VehicleControllerBP_C_0,1,1,V_1_C_0,1,0,Authority,SimulatedProxy,0.0,0.069,0.000,-0.002,2523.5,-758.0,60.5,498.0,-425.3,-0.0,23.6,0,0,0.0,0.0
14.202,VehicleControllerBP_C_0,1,1,V_1_C_0,1,0,Authority,SimulatedProxy,0.0,0.050,0.000,-0.001,2573.9,-801.1,60.5,502.8,-429.5,-0.0,23.8,0,0,0.0,0.0
14.306,VehicleControllerBP_C_0,1,1,V_1_C_0,1,0,Authority,SimulatedProxy,0.0,0.035,0.000,-0.001,2619.8,-840.3,60.5,514.4,-439.5,-0.0,24.4,0,0,0.0,0.0
14.404,VehicleControllerBP_C_0,1,1,V_1_C_0,1,0,Authority,SimulatedProxy,0.0,0.024,0.000,-0.001,2671.2,-884.1,60.5,519.5,-443.8,0.0,24.6,0,0,0.0,0.0
14.498,VehicleControllerBP_C_0,1,1,V_1_C_0,1,0,Authority,SimulatedProxy,0.0,0.018,0.000,-0.001,2722.0,-927.6,60.5,524.9,-448.4,0.0,24.9,0,0,0.0,0.0
14.583,VehicleControllerBP_C_0,1,1,V_1_C_0,1,0,Authority,SimulatedProxy,0.0,0.013,0.000,-0.000,2771.2,-969.6,60.5,530.7,-453.4,0.0,25.1,0,0,0.0,0.0
14.695,VehicleControllerBP_C_0,1,1,V_1_C_0,1,0,Authority,SimulatedProxy,0.0,0.009,0.000,-0.000,2816.5,-1008.3,60.5,529.5,-452.5,0.1,25.1,0,0,0.0,0.0
14.777,VehicleControllerBP_C_0,1,1,V_1_C_0,1,0,Authority,SimulatedProxy,0.0,0.007,0.000,-0.000,2870.2,-1054.2,60.5,535.3,-457.4,0.0,25.3,0,0,0.0,0.0
14.883,VehicleControllerBP_C_0,1,1,V_1_C_0,1,0,Authority,SimulatedProxy,0.0,0.004,0.000,-0.000,2914.2,-1091.8,60.5,540.2,-461.6,-0.0,25.6,0,0,0.0,0.0
14.982,VehicleControllerBP_C_0,1,1,V_1_C_0,1,0,Authority,SimulatedProxy,0.0,0.003,0.000,-0.000,2968.9,-1138.5,60.5,546.2,-466.7,-0.0,25.9,0,0,0.0,0.0
15.053,VehicleControllerBP_C_0,1,1,V_1_C_0,1,0,Authority,SimulatedProxy,0.0,0.002,0.000,-0.000,3023.6,-1185.2,60.5,552.3,-471.9,-0.0,26.2,0,0,0.0,0.0
15.147,VehicleControllerBP_C_0,1,1,V_1_C_0,1,0,Authority,SimulatedProxy,0.0,0.002,0.000,-0.000,3063.3,-1219.2,60.5,564.0,-481.9,-0.0,26.7,0,0,0.0,0.0
15.267,VehicleControllerBP_C_0,1,1,V_1_C_0,1,0,Authority,SimulatedProxy,0.0,0.001,0.000,0.000,3116.2,-1264.4,60.5,570.9,-487.8,0.0,27.0,0,0,0.0,0.0
15.362,VehicleControllerBP_C_0,1,1,V_1_C_0,1,0,Authority,SimulatedProxy,0.0,0.001,0.000,0.000,3173.2,-1313.1,60.5,577.5,-493.4,0.0,27.3,0,0,0.0,0.0
15.437,VehicleControllerBP_C_0,1,1,V_1_C_0,1,0,Authority,SimulatedProxy,0.0,0.001,0.000,0.000,3228.1,-1360.0,60.5,584.7,-499.6,0.0,27.7,0,0,0.0,0.0
15.520,VehicleControllerBP_C_0,1,1,V_1_C_0,1,0,Authority,SimulatedProxy,0.0,0.000,0.000,0.000,3272.1,-1397.6,60.5,591.3,-505.3,0.0,28.0,0,0,0.0,0.0
15.583,VehicleControllerBP_C_0,1,1,V_1_C_0,1,0,Authority,SimulatedProxy,0.0,0.000,0.000,0.000,3321.4,-1439.7,60.6,592.0,-505.9,0.1,28.0,0,0,0.0,0.0
15.651,VehicleControllerBP_C_0,1,1,V_1_C_0,1,0,Authority,SimulatedProxy,0.0,0.000,0.000,0.000,3359.2,-1472.1,60.6,597.4,-510.5,0.1,28.3,0,0,0.0,0.0
15.750,VehicleControllerBP_C_0,1,1,V_1_C_0,1,0,Authority,SimulatedProxy,0.0,0.000,0.000,0.000,3400.0,-1506.9,60.6,610.4,-521.6,0.1,28.9,0,0,0.0,0.0
15.855,VehicleControllerBP_C_0,1,1,V_1_C_0,1,0,Authority,SimulatedProxy,0.0,0.000,0.000,0.000,3460.6,-1558.7,60.6,610.4,-521.6,-0.1,28.9,0,0,0.0,0.0
15.974,VehicleControllerBP_C_0,1,1,V_1_C_0,1,0,Authority,SimulatedProxy,0.0,0.000,0.000,0.000,3521.5,-1610.7,60.5,608.8,-520.2,-0.4,28.8,0,0,0.0,0.0
16.085,VehicleControllerBP_C_0,1,1,V_1_C_0,1,0,Authority,SimulatedProxy,0.0,0.000,0.000,0.000,3582.3,-1662.7,60.5,607.3,-518.9,-0.6,28.8,0,0,0.0,0.0
16.178,VehicleControllerBP_C_0,1,1,V_1_C_0,1,0,Authority,SimulatedProxy,0.0,0.000,0.000,0.000,3642.9,-1714.5,60.4,605.7,-517.5,-0.3,28.7,0,0,0.0,0.0
16.268,VehicleControllerBP_C_0,1,1,V_1_C_0,1,0,Authority,SimulatedProxy,0.0,0.000,0.000,0.000,3698.7,-1762.1,60.4,604.3,-516.3,-0.1,28.6,0,0,0.0,0.0
16.370,VehicleControllerBP_C_0,1,1,V_1_C_0,1,0,Authority,SimulatedProxy,0.0,0.000,0.000,0.000,3753.4,-1808.9,60.4,602.8,-515.1,0.0,28.5,0,0,0.0,0.0
16.465,VehicleControllerBP_C_0,1,1,V_1_C_0,1,0,Authority,SimulatedProxy,0.0,0.000,0.000,0.000,3813.6,-1860.3,60.4,601.3,-513.8,0.1,28.5,0,0,0.0,0.0
16.561,VehicleControllerBP_C_0,1,1,V_1_C_0,1,0,Authority,SimulatedProxy,0.0,0.000,0.000,0.000,3870.2,-1908.7,60.4,599.8,-512.5,0.0,28.4,0,0,0.0,0.0
16.646,VehicleControllerBP_C_0,1,1,V_1_C_0,1,0,Authority,SimulatedProxy,0.0,0.255,0.000,0.000,3927.7,-1957.8,60.4,598.3,-511.3,0.0,28.3,0,0,0.0,0.0
16.732,VehicleControllerBP_C_0,1,1,V_1_C_0,1,0,Authority,SimulatedProxy,0.0,0.449,0.000,0.000,3976.7,-1999.6,60.4,567.9,-485.2,-0.7,26.9,0,0,0.0,0.0
16.819,VehicleControllerBP_C_0,1,1,V_1_C_0,1,0,Authority,SimulatedProxy,0.0,0.593,0.000,0.000,4026.6,-2042.3,60.3,582.1,-497.3,-0.8,27.6,0,0,0.0,0.0
16.934,VehicleControllerBP_C_0,1,1,V_1_C_0,1,0,Authority,SimulatedProxy,0.0,0.733,0.000,0.000,4077.3,-2085.6,60.3,582.0,-497.3,0.5,27.6,0,0,0.0,0.0
17.036,VehicleControllerBP_C_0,1,1,V_1_C_0,1,0,Authority,SimulatedProxy,0.0,0.814,0.000,0.000,4136.3,-2136.1,60.4,589.2,-503.5,1.2,27.9,0,0,0.0,0.0
17.138,VehicleControllerBP_C_0,1,1,V_1_C_0,1,0,Authority,SimulatedProxy,0.0,0.871,0.000,0.000,4196.0,-2187.1,60.5,596.3,-509.6,0.7,28.2,0,0,0.0,0.0
17.238,VehicleControllerBP_C_0,1,1,V_1_C_0,1,0,Authority,SimulatedProxy,0.0,0.910,0.000,0.000,4256.4,-2238.6,60.6,603.6,-515.8,0.1,28.6,0,0,0.0,0.0
17.362,VehicleControllerBP_C_0,1,1,V_1_C_0,1,0,Authority,SimulatedProxy,0.0,0.943,0.000,0.000,4317.5,-2290.9,60.6,611.0,-522.1,-0.2,28.9,0,0,0.0,0.0
17.475,VehicleControllerBP_C_0,1,1,V_1_C_0,1,0,Authority,SimulatedProxy,0.0,0.623,0.000,0.000,4379.4,-2343.7,60.5,618.6,-528.5,-0.1,29.3,0,0,0.0,0.0
17.553,VehicleControllerBP_C_0,1,1,V_1_C_0,1,0,Authority,SimulatedProxy,0.0,0.477,0.000,0.000,4442.0,-2397.3,60.5,626.4,-535.2,0.0,29.7,0,0,0.0,0.0
17.638,VehicleControllerBP_C_0,1,1,V_1_C_0,1,0,Authority,SimulatedProxy,0.0,0.356,0.000,0.000,4491.4,-2439.5,60.5,632.3,-540.3,0.1,29.9,0,0,0.0,0.0
17.746,VehicleControllerBP_C_0,1,1,V_1_C_0,1,0,Authority,SimulatedProxy,0.0,0.240,0.000,0.000,4545.8,-2486.0,60.5,647.3,-553.1,0.1,30.7,0,0,0.0,0.0
17.841,VehicleControllerBP_C_0,1,1,V_1_C_0,1,0,Authority,SimulatedProxy,0.0,0.172,0.000,0.000,4610.7,-2541.4,60.6,655.6,-560.2,0.1,31.0,0,0,0.0,0.0
17.963,VehicleControllerBP_C_0,1,1,V_1_C_0,1,0,Authority,SimulatedProxy,0.0,0.109,0.000,0.000,4672.9,-2594.6,60.6,664.8,-568.1,0.1,31.5,0,0,0.0,0.0
18.072,VehicleControllerBP_C_0,1,1,V_1_C_0,1,0,Authority,SimulatedProxy,0.0,0.073,0.000,0.000,4739.5,-2651.5,60.6,673.6,-575.6,0.0,31.9,0,0,0.0,0.0
18.169,VehicleControllerBP_C_0,1,1,V_1_C_0,1,0,Authority,SimulatedProxy,0.0,0.052,0.000,0.000,4807.0,-2709.1,60.6,682.7,-583.3,-0.0,32.3,0,0,0.0,0.0
18.305,VehicleControllerBP_C_0,1,1,V_1_C_0,1,0,Authority,SimulatedProxy,0.0,0.031,0.000,0.000,4873.4,-2765.9,60.6,692.4,-591.6,0.0,32.8,0,0,0.0,0.0
18.393,VehicleControllerBP_C_0,1,1,V_1_C_0,1,0,Authority,SimulatedProxy,0.0,0.023,0.000,0.000,4942.8,-2825.2,60.6,702.0,-599.8,0.0,33.2,0,0,0.0,0.0
18.477,VehicleControllerBP_C_0,1,1,V_1_C_0,1,0,Authority,SimulatedProxy,0.0,0.017,0.000,0.000,5004.6,-2878.0,60.6,704.3,-601.8,0.1,33.4,0,0,0.0,0.0
18.557,VehicleControllerBP_C_0,1,1,V_1_C_0,1,0,Authority,SimulatedProxy,0.0,0.013,0.000,0.000,5064.6,-2929.3,60.6,721.5,-616.5,0.1,34.2,0,0,0.0,0.0
18.645,VehicleControllerBP_C_0,1,1,V_1_C_0,1,0,Authority,SimulatedProxy,0.0,0.009,0.000,0.000,5122.3,-2978.5,60.6,730.7,-624.3,0.1,34.6,0,0,0.0,0.0
18.725,VehicleControllerBP_C_0,1,1,V_1_C_0,1,0,Authority,SimulatedProxy,0.0,0.007,0.000,0.000,5186.6,-3033.5,60.6,733.7,-627.0,0.1,34.7,0,0,0.0,0.0
18.800,VehicleControllerBP_C_0,1,1,V_1_C_0,1,0,Authority,SimulatedProxy,0.0,0.006,0.000,0.000,5246.2,-3084.4,60.6,743.4,-635.2,0.1,35.2,0,0,0.0,0.0
18.910,VehicleControllerBP_C_0,1,1,V_1_C_0,1,0,Authority,SimulatedProxy,0.0,0.004,0.000,0.000,5302.9,-3132.9,60.6,753.7,-644.1,0.0,35.7,0,0,0.0,0.0
19.014,VehicleControllerBP_C_0,1,1,V_1_C_0,1,0,Authority,SimulatedProxy,0.0,0.003,0.000,0.000,5379.3,-3198.2,60.6,766.0,-654.5,0.1,36.3,0,0,0.0,0.0
19.114,VehicleControllerBP_C_0,1,1,V_1_C_0,1,0,Authority,SimulatedProxy,0.0,0.002,0.000,0.000,5457.0,-3264.5,60.6,778.2,-664.9,0.0,36.8,0,0,0.0,0.0
19.211,VehicleControllerBP_C_0,1,1,V_1_C_0,1,0,Authority,SimulatedProxy,0.0,0.001,0.000,0.000,5535.8,-3331.9,60.6,790.8,-675.7,-0.0,37.4,0,0,0.0,0.0
19.294,VehicleControllerBP_C_0,1,1,V_1_C_0,1,0,Authority,SimulatedProxy,0.0,0.001,0.000,0.000,5613.4,-3398.2,60.6,804.2,-687.2,0.0,38.1,0,0,0.0,0.0
19.395,VehicleControllerBP_C_0,1,1,V_1_C_0,1,0,Authority,SimulatedProxy,0.0,0.001,0.000,0.000,5681.4,-3456.3,60.6,825.1,-705.0,0.1,39.1,0,0,0.0,0.0
19.497,VehicleControllerBP_C_0,1,1,V_1_C_0,1,0,Authority,SimulatedProxy,0.0,0.000,0.000,0.000,5764.3,-3527.1,60.6,839.1,-717.0,0.2,39.7,0,0,0.0,0.0
19.581,VehicleControllerBP_C_0,1,1,V_1_C_0,1,0,Authority,SimulatedProxy,0.0,0.000,0.000,0.000,5848.6,-3599.1,60.6,853.8,-729.6,0.1,40.4,0,0,0.0,0.0
19.675,VehicleControllerBP_C_0,1,1,V_1_C_0,1,0,Authority,SimulatedProxy,0.0,0.000,0.000,0.000,5920.8,-3660.8,60.6,861.7,-736.3,0.1,40.8,0,0,0.0,0.0
19.752,VehicleControllerBP_C_0,1,1,V_1_C_0,1,0,Authority,SimulatedProxy,0.0,0.000,0.000,0.000,6002.9,-3731.0,60.7,878.9,-751.0,0.2,41.6,0,0,0.0,0.0
19.829,VehicleControllerBP_C_0,1,1,V_1_C_0,1,0,Authority,SimulatedProxy,0.0,0.000,0.000,0.000,6072.0,-3790.0,60.7,893.9,-763.8,0.3,42.3,0,0,0.0,0.0
19.952,VehicleControllerBP_C_0,1,1,V_1_C_0,1,0,Authority,SimulatedProxy,0.0,0.000,0.000,0.000,6141.2,-3849.2,60.7,909.7,-777.3,0.3,43.1,0,0,0.0,0.0
20.049,VehicleControllerBP_C_0,1,1,V_1_C_0,1,0,Authority,SimulatedProxy,0.0,0.000,0.000,0.000,6233.7,-3928.2,60.7,928.5,-793.4,0.2,44.0,0,0,0.0,0.0
20.145,VehicleControllerBP_C_0,1,1,V_1_C_0,1,0,Authority,SimulatedProxy,0.0,0.000,0.000,0.000,6323.0,-4004.6,60.7,919.5,-785.7,-1.1,43.5,0,0,0.0,0.0
20.261,VehicleControllerBP_C_0,1,1,V_1_C_0,1,0,Authority,SimulatedProxy,0.0,0.349,0.000,0.000,6410.9,-4079.6,60.5,918.7,-785.0,-2.1,43.5,0,0,0.0,0.0
20.368,VehicleControllerBP_C_0,1,1,V_1_C_0,1,0,Authority,SimulatedProxy,0.0,0.558,0.000,0.000,6500.1,-4155.9,60.3,877.3,-749.7,-2.8,41.5,0,0,0.0,0.0
20.471,VehicleControllerBP_C_0,1,1,V_1_C_0,1,0,Authority,SimulatedProxy,0.0,0.694,0.000,0.000,6586.5,-4229.7,60.0,850.1,-726.4,-2.8,40.3,0,0,0.0,0.0
20.592,VehicleControllerBP_C_0,1,1,V_1_C_0,1,0,Authority,SimulatedProxy,0.0,0.805,0.000,0.000,6670.2,-4301.2,59.8,821.8,-702.2,-1.3,38.9,0,0,0.0,0.0
20.681,VehicleControllerBP_C_0,1,1,V_1_C_0,1,0,Authority,SimulatedProxy,0.0,0.857,0.000,0.000,6751.0,-4370.3,59.7,792.9,-677.5,-0.0,37.5,0,0,0.0,0.0
20.785,VehicleControllerBP_C_0,1,1,V_1_C_0,1,0,Authority,SimulatedProxy,0.0,0.902,0.000,0.000,6820.8,-4429.9,59.8,771.0,-658.8,0.4,36.5,0,0,0.0,0.0
20.868,VehicleControllerBP_C_0,1,1,V_1_C_0,1,0,Authority,SimulatedProxy,0.0,0.926,0.000,0.000,6896.0,-4494.2,59.8,740.4,-632.7,0.4,35.1,0,0,0.0,0.0
21.131,VehicleControllerBP_C_0,1,1,V_1_C_0,1,0,Authority,SimulatedProxy,0.0,0.984,0.000,0.000,6955.9,-4545.4,59.8,711.4,-607.9,0.2,33.7,0,0,0.0,0.0
21.266,VehicleControllerBP_C_0,1,1,V_1_C_0,1,0,Authority,SimulatedProxy,0.0,0.585,0.000,0.000,7025.7,-4605.0,59.8,695.1,-594.0,0.1,32.9,0,0,0.0,0.0
21.382,VehicleControllerBP_C_0,1,1,V_1_C_0,1,0,Authority,SimulatedProxy,0.0,0.382,0.000,0.000,7096.3,-4665.4,60.0,705.1,-602.6,2.4,33.4,0,0,0.0,0.0
21.509,VehicleControllerBP_C_0,1,1,V_1_C_0,1,0,Authority,SimulatedProxy,0.0,0.237,0.000,0.000,7167.9,-4726.5,60.3,715.3,-611.3,3.2,33.9,0,0,0.0,0.0
21.586,VehicleControllerBP_C_0,1,1,V_1_C_0,1,0,Authority,SimulatedProxy,0.0,0.182,0.000,0.000,7240.4,-4788.5,60.5,725.8,-620.3,2.0,34.4,0,0,0.0,0.0
21.679,VehicleControllerBP_C_0,1,1,V_1_C_0,1,0,Authority,SimulatedProxy,0.0,0.131,0.000,0.000,7297.0,-4836.9,60.6,734.9,-628.0,0.7,34.8,0,0,0.0,0.0
21.782,VehicleControllerBP_C_0,1,1,V_1_C_0,1,0,Authority,SimulatedProxy,0.0,0.090,0.000,0.000,7366.5,-4896.3,60.6,746.9,-638.4,-0.1,35.4,0,0,0.0,0.0
21.895,VehicleControllerBP_C_0,1,1,V_1_C_0,1,0,Authority,SimulatedProxy,0.0,0.060,0.000,0.000,7442.2,-4961.0,60.6,758.7,-648.4,-0.2,35.9,0,0,0.0,0.0
22.005,VehicleControllerBP_C_0,1,1,V_1_C_0,1,0,Authority,SimulatedProxy,0.0,0.040,0.000,0.000,7519.1,-5026.7,60.6,770.6,-658.6,-0.1,36.5,0,0,0.0,0.0
22.119,VehicleControllerBP_C_0,1,1,V_1_C_0,1,0,Authority,SimulatedProxy,0.0,0.026,0.000,0.000,7597.2,-5093.4,60.6,782.8,-669.0,-0.1,37.1,0,0,0.0,0.0
22.204,VehicleControllerBP_C_0,1,1,V_1_C_0,1,0,Authority,SimulatedProxy,0.0,0.276,0.000,0.000,7676.6,-5161.3,60.6,795.5,-679.9,0.0,37.7,0,0,0.0,0.0
22.341,VehicleControllerBP_C_0,1,1,V_1_C_0,1,0,Authority,SimulatedProxy,0.0,0.162,0.000,0.000,7745.3,-5220.0,60.6,815.4,-696.9,0.1,38.6,0,0,0.0,0.0
22.442,VehicleControllerBP_C_0,1,1,V_1_C_0,1,0,Authority,SimulatedProxy,0.0,0.113,0.000,0.000,7827.2,-5290.0,60.6,829.0,-708.5,0.1,39.3,0,0,0.0,0.0
22.568,VehicleControllerBP_C_0,1,1,V_1_C_0,1,0,Authority,SimulatedProxy,0.0,0.450,0.000,0.000,7910.5,-5361.2,60.6,843.0,-720.5,0.1,39.9,0,0,0.0,0.0
22.670,VehicleControllerBP_C_0,1,1,V_1_C_0,1,0,Authority,SimulatedProxy,0.0,0.313,0.000,0.000,7995.2,-5433.5,60.6,857.5,-732.9,0.0,40.6,0,0,0.0,0.0
22.765,VehicleControllerBP_C_0,1,1,V_1_C_0,1,0,Authority,SimulatedProxy,0.0,0.224,0.000,0.000,8081.3,-5507.2,60.6,872.6,-745.7,0.0,41.3,0,0,0.0,0.0
22.887,VehicleControllerBP_C_0,1,1,V_1_C_0,1,0,Authority,SimulatedProxy,0.0,0.508,0.000,0.000,8165.1,-5578.8,60.6,889.0,-759.8,0.1,42.1,0,0,0.0,0.0
23.011,VehicleControllerBP_C_0,1,1,V_1_C_0,1,0,Authority,SimulatedProxy,0.0,0.318,0.000,0.000,8254.5,-5655.2,60.7,905.2,-773.6,0.2,42.9,0,0,0.0,0.0
23.097,VehicleControllerBP_C_0,1,1,V_1_C_0,1,0,Authority,SimulatedProxy,0.0,0.493,0.000,0.000,8345.5,-5733.0,60.7,922.0,-788.0,0.1,43.7,0,0,0.0,0.0
23.193,VehicleControllerBP_C_0,1,1,V_1_C_0,1,0,Authority,SimulatedProxy,0.0,0.350,0.000,0.000,8424.5,-5800.5,60.7,931.6,-796.2,0.1,44.1,0,0,0.0,0.0
23.296,VehicleControllerBP_C_0,1,1,V_1_C_0,1,0,Authority,SimulatedProxy,0.0,0.242,0.000,0.000,8515.8,-5878.5,60.7,950.6,-812.5,0.3,45.0,0,0,0.0,0.0
23.374,VehicleControllerBP_C_0,1,1,V_1_C_0,1,0,Authority,SimulatedProxy,0.0,0.185,0.000,0.000,8612.3,-5961.0,60.7,969.7,-828.8,0.2,45.9,0,0,0.0,0.0
23.489,VehicleControllerBP_C_0,1,1,V_1_C_0,1,0,Authority,SimulatedProxy,0.0,0.121,0.000,0.000,8689.4,-6026.9,60.7,986.6,-843.2,0.1,46.7,0,0,0.0,0.0
23.608,VehicleControllerBP_C_0,1,1,V_1_C_0,1,0,Authority,SimulatedProxy,0.0,0.078,0.000,0.000,8789.6,-6112.5,60.7,1007.3,-860.9,0.1,47.7,0,0,0.0,0.0
23.708,VehicleControllerBP_C_0,1,1,V_1_C_0,1,0,Authority,SimulatedProxy,0.0,0.055,0.000,0.000,8891.9,-6200.0,60.8,1028.5,-879.0,0.1,48.7,0,0,0.0,0.0
23.796,VehicleControllerBP_C_0,1,1,V_1_C_0,1,0,Authority,SimulatedProxy,0.0,0.040,0.000,0.000,8996.4,-6289.2,60.8,1050.5,-897.8,0.1,49.7,0,0,0.0,0.0
23.916,VehicleControllerBP_C_0,1,1,V_1_C_0,1,0,Authority,SimulatedProxy,0.0,0.026,0.000,0.000,9089.5,-6368.8,60.8,1080.2,-923.2,0.2,51.2,0,0,0.0,0.0
23.983,VehicleControllerBP_C_0,1,1,V_1_C_0,1,0,Authority,SimulatedProxy,0.0,0.021,0.000,0.000,9198.4,-6461.9,60.8,1103.9,-943.5,0.3,52.3,0,0,0.0,0.0
24.084,VehicleControllerBP_C_0,1,1,V_1_C_0,1,0,Authority,SimulatedProxy,0.0,0.014,0.000,0.000,9272.9,-6525.6,60.8,1114.1,-952.2,0.3,52.8,0,0,0.0,0.0
24.169,VehicleControllerBP_C_0,1,1,V_1_C_0,1,0,Authority,SimulatedProxy,0.0,0.011,0.000,0.000,9386.2,-6622.4,60.9,1139.6,-974.0,0.4,54.0,0,0,0.0,0.0
24.289,VehicleControllerBP_C_0,1,1,V_1_C_0,1,0,Authority,SimulatedProxy,0.0,0.007,0.000,0.000,9484.2,-6706.2,60.9,1170.6,-1000.5,0.2,55.4,0,0,0.0,0.0
24.441,VehicleControllerBP_C_0,1,1,V_1_C_0,1,0,Authority,SimulatedProxy,0.0,0.004,0.000,0.000,9602.2,-6807.1,60.9,1197.1,-1023.2,0.0,56.7,0,0,0.0,0.0
24.547,VehicleControllerBP_C_0,1,1,V_1_C_0,1,0,Authority,SimulatedProxy,0.0,0.003,0.000,0.000,9723.0,-6910.3,60.9,1224.1,-1046.3,0.0,58.0,0,0,0.0,0.0
24.660,VehicleControllerBP_C_0,1,1,V_1_C_0,1,0,Authority,SimulatedProxy,0.0,0.002,0.000,0.000,9846.4,-7015.8,60.9,1251.3,-1069.5,0.1,59.3,0,0,0.0,0.0
24.752,VehicleControllerBP_C_0,1,1,V_1_C_0,1,0,Authority,SimulatedProxy,0.0,0.001,0.000,0.000,9972.5,-7123.6,60.9,1278.4,-1092.7,0.1,60.5,0,0,0.0,0.0
24.833,VehicleControllerBP_C_0,1,1,V_1_C_0,1,0,Authority,SimulatedProxy,0.0,0.001,0.000,0.000,10090.4,-7224.3,60.9,1293.8,-1105.9,0.1,61.3,0,0,0.0,0.0
24.937,VehicleControllerBP_C_0,1,1,V_1_C_0,1,0,Authority,SimulatedProxy,0.0,0.001,0.000,0.000,10196.4,-7314.9,60.9,1313.4,-1122.6,-0.1,62.2,0,0,0.0,0.0
25.037,VehicleControllerBP_C_0,1,1,V_1_C_0,1,0,Authority,SimulatedProxy,0.0,0.000,0.000,0.000,10329.5,-7428.7,60.9,1337.9,-1143.6,-0.3,63.4,0,0,0.0,0.0
25.149,VehicleControllerBP_C_0,1,1,V_1_C_0,1,0,Authority,SimulatedProxy,0.0,0.000,0.000,0.000,10465.0,-7544.5,60.9,1361.2,-1163.6,-0.2,64.5,0,0,0.0,0.0
25.233,VehicleControllerBP_C_0,1,1,V_1_C_0,1,0,Authority,SimulatedProxy,0.0,0.000,0.000,0.000,10602.3,-7661.9,60.8,1376.1,-1176.3,-0.5,65.2,0,0,0.0,0.0
25.342,VehicleControllerBP_C_0,1,1,V_1_C_0,1,0,Authority,SimulatedProxy,0.0,0.329,0.000,0.000,10716.9,-7759.8,60.7,1376.7,-1176.8,-2.4,65.2,0,0,0.0,0.0
25.451,VehicleControllerBP_C_0,1,1,V_1_C_0,1,0,Authority,SimulatedProxy,0.0,0.222,0.000,0.000,10854.4,-7877.4,60.4,1381.1,-1180.6,-2.7,65.4,0,0,0.0,0.0
25.553,VehicleControllerBP_C_0,1,1,V_1_C_0,1,0,Authority,SimulatedProxy,0.0,0.154,0.000,0.000,10992.4,-7995.4,60.3,1382.7,-1182.0,-1.1,65.5,0,0,0.0,0.0
25.635,VehicleControllerBP_C_0,1,1,V_1_C_0,1,0,Authority,SimulatedProxy,0.0,0.116,0.000,0.000,11130.8,-8113.7,60.2,1385.3,-1184.2,0.3,65.6,0,0,0.0,0.0
25.734,VehicleControllerBP_C_0,1,1,V_1_C_0,1,0,Authority,SimulatedProxy,0.0,0.082,0.000,0.000,11244.5,-8210.8,60.3,1386.0,-1184.7,0.3,65.6,0,0,0.0,0.0
25.830,VehicleControllerBP_C_0,1,1,V_1_C_0,1,0,Authority,SimulatedProxy,0.0,0.347,0.000,0.000,11381.4,-8327.8,60.3,1385.1,-1184.0,-0.2,65.6,0,0,0.0,0.0
25.899,VehicleControllerBP_C_0,1,1,V_1_C_0,1,0,Authority,SimulatedProxy,0.0,0.275,0.000,0.000,11515.3,-8442.4,60.2,1395.6,-1193.0,-0.0,66.1,0,0,0.0,0.0
25.994,VehicleControllerBP_C_0,1,1,V_1_C_0,1,0,Authority,SimulatedProxy,0.0,0.197,0.000,0.000,11612.1,-8525.1,60.3,1400.9,-1197.5,0.7,66.3,0,0,0.0,0.0
26.087,VehicleControllerBP_C_0,1,1,V_1_C_0,1,0,Authority,SimulatedProxy,0.0,0.142,0.000,0.000,11745.2,-8638.8,60.3,1404.7,-1200.8,0.8,66.5,0,0,0.0,0.0
26.213,VehicleControllerBP_C_0,1,1,V_1_C_0,1,0,Authority,SimulatedProxy,0.0,0.088,0.000,0.000,11875.6,-8750.3,60.4,1406.2,-1202.0,-0.1,66.6,0,0,0.0,0.0
26.291,VehicleControllerBP_C_0,1,1,V_1_C_0,1,0,Authority,SimulatedProxy,0.0,0.068,0.000,0.000,12016.1,-8870.5,60.3,1405.3,-1201.3,-0.9,66.6,0,0,0.0,0.0
26.386,VehicleControllerBP_C_0,1,1,V_1_C_0,1,0,Authority,SimulatedProxy,0.0,0.048,0.000,0.000,12125.2,-8963.6,60.2,1403.8,-1200.0,-1.0,66.5,0,0,0.0,0.0
26.477,VehicleControllerBP_C_0,1,1,V_1_C_0,1,0,Authority,SimulatedProxy,0.0,0.035,0.000,0.000,12259.2,-9078.2,60.2,1401.3,-1197.8,-0.8,66.4,0,0,0.0,0.0
26.571,VehicleControllerBP_C_0,1,1,V_1_C_0,1,0,Authority,SimulatedProxy,0.0,0.308,0.000,0.000,12386.0,-9186.7,60.1,1398.3,-1195.3,-0.5,66.2,0,0,0.0,0.0
26.685,VehicleControllerBP_C_0,1,1,V_1_C_0,1,0,Authority,SimulatedProxy,0.0,0.203,0.000,0.000,12518.3,-9299.7,60.1,1405.3,-1201.3,0.2,66.6,0,0,0.0,0.0
26.784,VehicleControllerBP_C_0,1,1,V_1_C_0,1,0,Authority,SimulatedProxy,0.0,0.439,0.000,0.000,12659.0,-9420.0,60.2,1408.5,-1204.0,1.1,66.7,0,0,0.0,0.0
26.895,VehicleControllerBP_C_0,1,1,V_1_C_0,1,0,Authority,SimulatedProxy,0.0,0.293,0.000,0.000,12798.9,-9539.6,60.3,1420.4,-1214.2,1.2,67.3,0,0,0.0,0.0
27.004,VehicleControllerBP_C_0,1,1,V_1_C_0,1,0,Authority,SimulatedProxy,0.0,0.524,0.000,0.000,12941.3,-9661.3,60.4,1426.8,-1219.7,0.9,67.6,0,0,0.0,0.0
27.105,VehicleControllerBP_C_0,1,1,V_1_C_0,1,0,Authority,SimulatedProxy,0.0,0.364,0.000,0.000,13084.8,-9784.0,60.5,1441.7,-1232.4,0.4,68.3,0,0,0.0,0.0
27.206,VehicleControllerBP_C_0,1,1,V_1_C_0,1,0,Authority,SimulatedProxy,0.0,0.556,0.000,0.000,13229.4,-9907.6,60.5,1450.5,-1239.9,0.4,68.7,0,0,0.0,0.0
27.313,VehicleControllerBP_C_0,1,1,V_1_C_0,1,0,Authority,SimulatedProxy,0.0,0.377,0.000,0.000,13375.3,-10032.3,60.5,1466.1,-1253.3,0.1,69.4,0,0,0.0,0.0
27.404,VehicleControllerBP_C_0,1,1,V_1_C_0,1,0,Authority,SimulatedProxy,0.0,0.275,0.000,0.000,13522.4,-10158.1,60.5,1475.0,-1260.9,0.1,69.9,0,0,0.0,0.0
27.506,VehicleControllerBP_C_0,1,1,V_1_C_0,1,0,Authority,SimulatedProxy,0.0,0.190,0.000,0.000,13655.9,-10272.1,60.5,1479.5,-1264.8,-0.5,70.1,0,0,0.0,0.0
27.581,VehicleControllerBP_C_0,1,1,V_1_C_0,1,0,Authority,SimulatedProxy,0.0,0.147,0.000,0.000,13803.9,-10398.7,60.4,1481.3,-1266.3,-1.2,70.2,0,0,0.0,0.0
27.712,VehicleControllerBP_C_0,1,1,V_1_C_0,1,0,Authority,SimulatedProxy,0.0,0.483,0.000,0.000,13915.4,-10494.1,60.3,1481.3,-1266.3,-1.3,70.2,0,0,0.0,0.0
27.809,VehicleControllerBP_C_0,1,1,V_1_C_0,1,0,Authority,SimulatedProxy,0.0,0.343,0.000,0.000,14064.2,-10621.2,60.2,1492.5,-1275.9,-0.5,70.7,0,0,0.0,0.0
27.909,VehicleControllerBP_C_0,1,1,V_1_C_0,1,0,Authority,SimulatedProxy,0.0,0.240,0.000,0.000,14209.1,-10745.1,60.3,1498.6,-1281.1,0.8,71.0,0,0,0.0,0.0
28.034,VehicleControllerBP_C_0,1,1,V_1_C_0,1,0,Authority,SimulatedProxy,0.0,0.150,0.000,0.000,14359.1,-10873.3,60.3,1501.3,-1283.4,0.5,71.1,0,0,0.0,0.0
28.126,VehicleControllerBP_C_0,1,1,V_1_C_0,1,0,Authority,SimulatedProxy,0.0,0.109,0.000,0.000,14509.1,-11001.6,60.3,1500.8,-1283.0,-0.6,71.1,0,0,0.0,0.0
28.229,VehicleControllerBP_C_0,1,1,V_1_C_0,1,0,Authority,SimulatedProxy,0.0,0.075,0.000,0.000,14647.4,-11119.7,60.2,1499.1,-1281.6,-1.1,71.0,0,0,0.0,0.0
28.347,VehicleControllerBP_C_0,1,1,V_1_C_0,1,0,Authority,SimulatedProxy,0.0,0.049,0.000,0.000,14797.1,-11247.7,60.1,1496.2,-1279.1,-1.0,70.9,0,0,0.0,0.0
28.445,VehicleControllerBP_C_0,1,1,V_1_C_0,1,0,Authority,SimulatedProxy,0.0,0.034,0.000,0.000,14945.4,-11374.5,60.0,1479.4,-1264.7,-1.6,70.1,0,0,0.0,0.0
28.570,VehicleControllerBP_C_0,1,1,V_1_C_0,1,0,Authority,SimulatedProxy,0.0,0.021,0.000,0.000,15090.5,-11498.6,59.9,1474.5,-1260.5,-1.3,69.8,0,0,0.0,0.0
28.679,VehicleControllerBP_C_0,1,1,V_1_C_0,1,0,Authority,SimulatedProxy,0.0,0.014,0.000,0.000,15237.8,-11624.5,59.8,1469.6,-1256.3,0.2,69.6,0,0,0.0,0.0
28.777,VehicleControllerBP_C_0,1,1,V_1_C_0,1,0,Authority,SimulatedProxy,0.0,0.010,0.000,0.000,15384.5,-11749.9,59.9,1464.7,-1252.1,0.9,69.4,0,0,0.0,0.0
28.885,VehicleControllerBP_C_0,1,1,V_1_C_0,1,0,Authority,SimulatedProxy,0.0,0.007,0.000,0.000,15527.2,-11871.9,60.0,1459.9,-1248.0,0.6,69.1,0,0,0.0,0.0
28.998,VehicleControllerBP_C_0,1,1,V_1_C_0,1,0,Authority,SimulatedProxy,0.0,0.005,0.000,0.000,15672.9,-11996.5,60.0,1455.0,-1243.9,0.2,68.9,0,0,0.0,0.0
29.121,VehicleControllerBP_C_0,1,1,V_1_C_0,1,0,Authority,SimulatedProxy,0.0,0.003,0.000,0.000,15818.1,-12120.6,60.0,1450.1,-1239.7,-0.0,68.7,0,0,0.0,0.0
29.227,VehicleControllerBP_C_0,1,1,V_1_C_0,1,0,Authority,SimulatedProxy,0.0,0.002,0.000,0.000,15962.9,-12244.4,60.0,1445.3,-1235.6,-0.0,68.5,0,0,0.0,0.0
29.321,VehicleControllerBP_C_0,1,1,V_1_C_0,1,0,Authority,SimulatedProxy,0.0,0.001,0.000,0.000,16107.2,-12367.7,60.0,1440.5,-1231.4,0.0,68.2,0,0,0.0,0.0
29.454,VehicleControllerBP_C_0,1,1,V_1_C_0,1,0,Authority,SimulatedProxy,0.0,0.400,0.000,0.000,16242.5,-12483.4,60.0,1435.9,-1227.5,0.0,68.0,0,0,0.0,0.0
29.541,VehicleControllerBP_C_0,1,1,V_1_C_0,1,0,Authority,SimulatedProxy,0.0,0.296,0.000,0.000,16382.1,-12602.7,59.9,1374.5,-1175.0,-3.2,65.1,0,0,0.0,0.0
29.668,VehicleControllerBP_C_0,1,1,V_1_C_0,1,0,Authority,SimulatedProxy,0.0,0.183,0.000,0.000,16500.1,-12703.6,59.4,1350.6,-1154.6,-5.9,64.0,0,0,0.0,0.0
29.752,VehicleControllerBP_C_0,1,1,V_1_C_0,1,0,Authority,SimulatedProxy,0.0,0.137,0.000,0.000,16633.8,-12817.9,59.0,1328.5,-1135.7,-2.8,62.9,0,0,0.0,0.0
29.855,VehicleControllerBP_C_0,1,1,V_1_C_0,1,0,Authority,SimulatedProxy,0.0,0.405,0.000,0.000,16743.5,-12911.7,58.9,1298.4,-1110.0,0.5,61.5,0,0,0.0,0.0
29.930,VehicleControllerBP_C_0,1,1,V_1_C_0,1,0,Authority,SimulatedProxy,0.0,0.315,0.000,0.000,16872.3,-13021.8,59.1,1276.4,-1091.3,1.8,60.5,0,0,0.0,0.0
30.080,VehicleControllerBP_C_0,1,1,V_1_C_0,1,0,Authority,SimulatedProxy,0.0,0.623,0.000,0.000,16967.0,-13102.7,59.2,1266.6,-1082.9,2.1,60.0,0,0,0.0,0.0
30.158,VehicleControllerBP_C_0,1,1,V_1_C_0,1,0,Authority,SimulatedProxy,0.0,0.476,0.000,0.000,17092.3,-13209.9,59.4,1246.8,-1066.0,1.7,59.1,0,0,0.0,0.0
30.264,VehicleControllerBP_C_0,1,1,V_1_C_0,1,0,Authority,SimulatedProxy,0.0,0.642,0.000,0.000,17189.6,-13293.0,59.5,1230.4,-1051.9,1.3,58.3,0,0,0.0,0.0
30.396,VehicleControllerBP_C_0,1,1,V_1_C_0,1,0,Authority,SimulatedProxy,0.0,0.784,0.000,0.000,17311.3,-13397.1,59.6,1210.7,-1035.1,0.5,57.3,0,0,0.0,0.0
30.509,VehicleControllerBP_C_0,1,1,V_1_C_0,1,0,Authority,SimulatedProxy,0.0,0.857,0.000,0.000,17431.0,-13499.5,59.6,1190.8,-1018.1,0.2,56.4,0,0,0.0,0.0
30.665,VehicleControllerBP_C_0,1,1,V_1_C_0,1,0,Authority,SimulatedProxy,0.0,0.924,0.000,0.000,17548.7,-13600.1,59.6,1170.7,-1000.9,0.1,55.4,0,0,0.0,0.0
30.754,VehicleControllerBP_C_0,1,1,V_1_C_0,1,0,Authority,SimulatedProxy,0.0,0.944,0.000,0.000,17664.4,-13699.0,59.6,1150.2,-983.4,0.1,54.5,0,0,0.0,0.0
30.876,VehicleControllerBP_C_0,1,1,V_1_C_0,1,0,Authority,SimulatedProxy,0.0,0.965,0.000,0.000,17765.9,-13785.8,59.7,1127.1,-963.7,0.1,53.4,0,0,0.0,0.0
30.933,VehicleControllerBP_C_0,1,1,V_1_C_0,1,0,Authority,SimulatedProxy,0.0,0.971,0.000,0.000,17877.6,-13881.3,59.7,1106.0,-945.7,0.1,52.4,0,0,0.0,0.0
31.019,VehicleControllerBP_C_0,1,1,V_1_C_0,1,0,Authority,SimulatedProxy,0.0,0.978,0.000,0.000,17941.5,-13936.0,59.7,1117.1,-955.2,0.1,52.9,0,0,0.0,0.0
31.102,VehicleControllerBP_C_0,1,1,V_1_C_0,1,0,Authority,SimulatedProxy,0.0,0.984,0.000,0.000,18038.6,-14019.0,59.8,1147.7,-981.3,3.3,54.4,0,0,0.0,0.0
31.216,VehicleControllerBP_C_0,1,1,V_1_C_0,1,0,Authority,SimulatedProxy,0.0,0.989,0.000,0.000,18135.3,-14101.7,60.2,1179.4,-1008.4,6.2,55.9,0,0,0.0,0.0
31.306,VehicleControllerBP_C_0,1,1,V_1_C_0,1,0,Authority,SimulatedProxy,0.0,0.992,0.000,0.000,18255.4,-14204.3,60.8,1219.5,-1042.7,5.2,57.8,0,0,0.0,0.0
31.405,VehicleControllerBP_C_0,1,1,V_1_C_0,1,0,Authority,SimulatedProxy,0.0,0.994,0.000,0.000,18366.2,-14299.0,61.2,1255.5,-1073.6,2.3,59.5,0,0,0.0,0.0
31.488,VehicleControllerBP_C_0,1,1,V_1_C_0,1,0,Authority,SimulatedProxy,0.0,0.996,0.000,0.000,18492.3,-14406.8,61.3,1293.2,-1105.7,0.1,61.3,0,0,0.0,0.0
31.585,VehicleControllerBP_C_0,1,1,V_1_C_0,1,0,Authority,SimulatedProxy,0.0,0.997,0.000,0.000,18601.2,-14500.0,61.2,1333.3,-1140.0,-0.4,63.2,0,0,0.0,0.0
31.695,VehicleControllerBP_C_0,1,1,V_1_C_0,1,0,Authority,SimulatedProxy,0.0,0.998,0.000,0.000,18733.0,-14612.7,61.2,1376.7,-1177.1,-0.0,65.2,0,0,0.0,0.0
31.817,VehicleControllerBP_C_0,1,1,V_1_C_0,1,0,Authority,SimulatedProxy,0.0,0.999,0.000,0.000,18873.0,-14732.4,61.3,1419.1,-1213.4,0.5,67.2,0,0,0.0,0.0
31.928,VehicleControllerBP_C_0,1,1,V_1_C_0,1,0,Authority,SimulatedProxy,0.0,0.999,0.000,0.000,19018.0,-14856.3,61.3,1468.3,-1255.1,0.8,69.5,0,0,0.0,0.0
32.328,VehicleControllerBP_C_0,1,1,V_1_C_0,1,0,Authority,SimulatedProxy,0.0,0.000,0.000,-1.000,19168.1,-14984.7,61.4,1526.2,-1305.0,0.9,72.3,0,0,0.0,0.0
32.422,VehicleControllerBP_C_0,1,1,V_1_C_0,1,0,Authority,SimulatedProxy,0.0,0.000,0.000,-1.000,19317.8,-15117.3,61.4,1472.1,-1347.6,-1.6,71.8,0,0,0.0,0.0
32.527,VehicleControllerBP_C_0,1,1,V_1_C_0,1,0,Authority,SimulatedProxy,0.0,0.000,0.000,-1.000,19449.2,-15247.4,61.0,1363.0,-1419.8,-8.0,70.9,0,0,0.0,0.0
32.620,VehicleControllerBP_C_0,1,1,V_1_C_0,1,0,Authority,SimulatedProxy,0.0,0.000,0.000,-1.000,19577.8,-15393.0,60.0,1225.7,-1488.8,-9.0,69.4,0,0,0.0,0.0
32.752,VehicleControllerBP_C_0,1,1,V_1_C_0,1,0,Authority,SimulatedProxy,0.0,0.000,0.000,-1.000,19685.0,-15533.9,59.4,1092.8,-1540.6,-5.6,68.0,0,0,0.0,0.0
32.877,VehicleControllerBP_C_0,1,1,V_1_C_0,1,0,Authority,SimulatedProxy,0.0,0.000,0.000,-1.000,19786.1,-15690.5,59.0,942.7,-1586.6,-1.8,66.4,0,0,0.0,0.0
32.970,VehicleControllerBP_C_0,1,1,V_1_C_0,1,0,Authority,SimulatedProxy,0.0,0.000,0.000,-0.769,19872.2,-15850.9,59.0,791.9,-1619.0,0.3,64.9,0,0,0.0,0.0
33.099,VehicleControllerBP_C_0,1,1,V_1_C_0,1,0,Authority,SimulatedProxy,0.0,0.387,0.000,-0.521,19938.1,-16001.6,59.0,647.0,-1647.2,1.0,63.7,0,0,0.0,0.0
33.190,VehicleControllerBP_C_0,1,1,V_1_C_0,1,0,Authority,SimulatedProxy,0.0,0.554,0.000,-0.402,19993.2,-16167.8,59.2,472.0,-1675.2,1.6,62.7,0,0,0.0,0.0
33.290,VehicleControllerBP_C_0,1,1,V_1_C_0,1,0,Authority,SimulatedProxy,0.0,0.688,0.000,-0.302,20028.5,-16323.1,59.4,320.3,-1729.6,3.8,63.3,0,0,0.0,0.0
33.407,VehicleControllerBP_C_0,1,1,V_1_C_0,1,0,Authority,SimulatedProxy,0.0,0.797,0.000,-0.214,20053.4,-16499.1,59.9,180.5,-1780.9,6.5,64.4,0,0,0.0,0.0
33.509,VehicleControllerBP_C_0,1,1,V_1_C_0,1,0,Authority,SimulatedProxy,0.0,0.860,0.000,-0.159,20065.4,-16680.0,60.6,63.0,-1829.0,6.0,65.9,0,0,0.0,0.0
33.605,VehicleControllerBP_C_0,1,1,V_1_C_0,1,0,Authority,SimulatedProxy,0.0,0.900,0.000,-0.121,20066.4,-16865.6,61.0,-38.8,-1878.6,3.3,67.6,0,0,0.0,0.0
33.697,VehicleControllerBP_C_0,1,1,V_1_C_0,1,0,Authority,SimulatedProxy,0.0,0.928,0.000,-0.093,20058.5,-17048.9,61.2,-122.0,-1928.5,1.2,69.6,0,0,0.0,0.0
33.800,VehicleControllerBP_C_0,1,1,V_1_C_0,1,0,Authority,SimulatedProxy,0.0,0.950,0.000,-0.069,20044.2,-17228.9,61.3,-187.3,-1975.6,0.5,71.4,0,0,0.0,0.0
33.884,VehicleControllerBP_C_0,1,1,V_1_C_0,1,0,Authority,SimulatedProxy,0.0,0.963,0.000,-0.055,20022.4,-17429.7,61.3,-245.5,-2035.6,0.5,73.8,0,0,0.0,0.0
34.000,VehicleControllerBP_C_0,1,1,V_1_C_0,1,0,Authority,SimulatedProxy,0.0,0.629,0.000,-0.039,19999.9,-17603.4,61.4,-287.4,-2086.5,0.8,75.8,0,0,0.0,0.0
34.109,VehicleControllerBP_C_0,1,1,V_1_C_0,1,0,Authority,SimulatedProxy,0.0,0.423,0.000,-0.028,19969.2,-17814.1,61.5,-325.2,-2124.7,0.3,77.4,0,0,0.0,0.0
34.229,VehicleControllerBP_C_0,1,1,V_1_C_0,1,0,Authority,SimulatedProxy,0.0,0.270,0.000,-0.020,19935.2,-18027.5,61.3,-354.0,-2144.9,-2.5,78.3,0,0,0.0,0.0
34.326,VehicleControllerBP_C_0,1,1,V_1_C_0,1,0,Authority,SimulatedProxy,0.0,0.482,0.000,-0.015,19898.7,-18242.4,61.0,-375.5,-2154.2,-4.3,78.7,0,0,0.0,0.0
34.431,VehicleControllerBP_C_0,1,1,V_1_C_0,1,0,Authority,SimulatedProxy,0.0,0.645,0.000,-0.011,19861.5,-18451.7,60.6,-395.0,-2178.4,-2.9,79.7,0,0,0.0,0.0
34.544,VehicleControllerBP_C_0,1,1,V_1_C_0,1,0,Authority,SimulatedProxy,0.0,0.765,0.000,-0.008,19821.0,-18671.7,60.5,-414.0,-2217.0,0.7,81.2,0,0,0.0,0.0
34.643,VehicleControllerBP_C_0,1,1,V_1_C_0,1,0,Authority,SimulatedProxy,0.0,0.835,0.000,-0.006,19778.6,-18896.2,60.7,-432.2,-2266.7,3.5,83.1,0,0,0.0,0.0
34.768,VehicleControllerBP_C_0,1,1,V_1_C_0,1,0,Authority,SimulatedProxy,0.0,0.897,0.000,-0.004,19734.4,-19124.5,61.1,-453.6,-2323.2,3.7,85.2,0,0,0.0,0.0
34.823,VehicleControllerBP_C_0,1,1,V_1_C_0,1,0,Authority,SimulatedProxy,0.0,0.914,0.000,-0.004,19688.0,-19360.4,61.4,-473.9,-2388.7,2.6,87.7,0,0,0.0,0.0
34.893,VehicleControllerBP_C_0,1,1,V_1_C_0,1,0,Authority,SimulatedProxy,0.0,0.932,0.000,-0.003,19661.2,-19494.8,61.5,-485.6,-2427.4,1.9,89.1,0,0,0.0,0.0
35.029,VehicleControllerBP_C_0,1,1,V_1_C_0,1,0,Authority,SimulatedProxy,0.0,0.960,0.000,-0.002,19627.0,-19664.7,61.7,-500.5,-2477.9,1.3,91.0,0,0,0.0,0.0
35.102,VehicleControllerBP_C_0,1,1,V_1_C_0,1,0,Authority,SimulatedProxy,0.0,0.969,0.000,-0.002,19575.8,-19916.8,61.8,-522.4,-2557.1,1.1,94.0,0,0,0.0,0.0
35.165,VehicleControllerBP_C_0,1,1,V_1_C_0,1,0,Authority,SimulatedProxy,0.0,0.787,0.000,-0.001,19536.5,-20108.4,61.9,-538.9,-2618.7,1.3,96.2,0,0,0.0,0.0
35.327,VehicleControllerBP_C_0,1,1,V_1_C_0,1,0,Authority,SimulatedProxy,0.0,0.405,0.000,-0.001,19502.4,-20273.4,61.9,-549.8,-2659.1,1.2,97.8,0,0,0.0,0.0
35.430,VehicleControllerBP_C_0,1,1,V_1_C_0,1,0,Authority,SimulatedProxy,0.0,0.280,0.000,-0.001,19447.1,-20540.5,61.9,-556.1,-2686.5,-2.6,98.8,0,0,0.0,0.0
35.512,VehicleControllerBP_C_0,1,1,V_1_C_0,1,0,Authority,SimulatedProxy,0.0,0.211,0.000,-0.000,19391.4,-20809.7,61.4,-559.5,-2701.6,-7.5,99.3,0,0,0.0,0.0
35.616,VehicleControllerBP_C_0,1,1,V_1_C_0,1,0,Authority,SimulatedProxy,0.0,0.145,0.000,-0.000,19345.4,-21031.9,60.7,-561.4,-2708.7,-7.3,99.6,0,0,0.0,0.0
35.731,VehicleControllerBP_C_0,1,1,V_1_C_0,1,0,Authority,SimulatedProxy,0.0,0.095,0.000,-0.000,19289.2,-21302.8,60.2,-562.2,-2711.3,-4.2,99.7,0,0,0.0,0.0
35.835,VehicleControllerBP_C_0,1,1,V_1_C_0,1,0,Authority,SimulatedProxy,0.0,0.377,0.000,-0.000,19233.0,-21573.8,59.9,-562.0,-2709.3,-1.7,99.6,0,0,0.0,0.0
35.940,VehicleControllerBP_C_0,1,1,V_1_C_0,1,0,Authority,SimulatedProxy,0.0,0.573,0.000,-0.000,19176.5,-21846.0,59.8,-566.5,-2730.5,0.5,100.4,0,0,0.0,0.0
36.037,VehicleControllerBP_C_0,1,1,V_1_C_0,1,0,Authority,SimulatedProxy,0.0,0.407,0.000,-0.000,19119.4,-22121.2,60.0,-574.5,-2768.4,4.0,101.8,0,0,0.0,0.0
36.164,VehicleControllerBP_C_0,1,1,V_1_C_0,1,0,Authority,SimulatedProxy,0.0,0.251,0.000,-0.000,19063.6,-22390.0,60.5,-579.4,-2791.4,5.0,102.6,0,0,0.0,0.0
36.249,VehicleControllerBP_C_0,1,1,V_1_C_0,1,0,Authority,SimulatedProxy,0.0,0.187,0.000,0.000,19005.6,-22669.6,60.8,-581.6,-2801.8,0.7,103.0,0,0,0.0,0.0
36.362,VehicleControllerBP_C_0,1,1,V_1_C_0,1,0,Authority,SimulatedProxy,0.0,0.462,0.000,0.000,18956.4,-22906.9,60.7,-582.4,-2805.7,-3.2,103.2,0,0,0.0,0.0
36.452,VehicleControllerBP_C_0,1,1,V_1_C_0,1,0,Authority,SimulatedProxy,0.0,0.608,0.000,0.000,18897.8,-23188.9,60.3,-587.8,-2832.0,-3.0,104.1,0,0,0.0,0.0
36.533,VehicleControllerBP_C_0,1,1,V_1_C_0,1,0,Authority,SimulatedProxy,0.0,0.461,0.000,0.000,18844.3,-23446.5,60.2,-595.0,-2866.4,1.0,105.4,0,0,0.0,0.0
36.611,VehicleControllerBP_C_0,1,1,V_1_C_0,1,0,Authority,SimulatedProxy,0.0,0.353,0.000,0.000,18796.2,-23678.6,60.5,-599.4,-2887.5,3.7,106.2,0,0,0.0,0.0
36.687,VehicleControllerBP_C_0,1,1,V_1_C_0,1,0,Authority,SimulatedProxy,0.0,0.272,0.000,0.000,18749.4,-23904.1,60.7,-602.1,-2900.7,2.5,106.7,0,0,0.0,0.0
36.770,VehicleControllerBP_C_0,1,1,V_1_C_0,1,0,Authority,SimulatedProxy,0.0,0.205,0.000,0.000,18703.0,-24127.3,60.8,-603.8,-2908.5,-0.8,106.9,0,0,0.0,0.0
36.872,VehicleControllerBP_C_0,1,1,V_1_C_0,1,0,Authority,SimulatedProxy,0.0,0.142,0.000,0.000,18653.2,-24367.2,60.6,-604.5,-2912.3,-3.5,107.1,0,0,0.0,0.0
36.990,VehicleControllerBP_C_0,1,1,V_1_C_0,1,0,Authority,SimulatedProxy,0.0,0.091,0.000,0.297,18592.8,-24658.3,60.2,-604.4,-2911.8,-4.1,107.1,0,0,0.0,0.0
37.098,VehicleControllerBP_C_0,1,1,V_1_C_0,1,0,Authority,SimulatedProxy,0.0,0.062,0.000,0.218,18536.6,-24949.8,59.8,-525.2,-2916.5,-3.3,106.7,0,0,0.0,0.0
37.181,VehicleControllerBP_C_0,1,1,V_1_C_0,1,0,Authority,SimulatedProxy,0.0,0.047,0.000,0.172,18489.0,-25241.6,59.5,-433.0,-2920.0,-2.9,106.3,0,0,0.0,0.0
37.277,VehicleControllerBP_C_0,1,1,V_1_C_0,1,0,Authority,SimulatedProxy,0.0,0.321,0.000,0.131,18457.1,-25484.2,59.3,-341.2,-2921.9,-1.9,105.9,0,0,0.0,0.0
37.359,VehicleControllerBP_C_0,1,1,V_1_C_0,1,0,Authority,SimulatedProxy,0.0,0.489,0.000,0.104,18430.3,-25765.1,59.2,-227.9,-2938.0,0.3,106.1,0,0,0.0,0.0
37.462,VehicleControllerBP_C_0,1,1,V_1_C_0,1,0,Authority,SimulatedProxy,0.0,0.646,0.000,0.077,18415.9,-26008.4,59.4,-130.8,-2957.3,3.2,106.6,0,0,0.0,0.0
37.556,VehicleControllerBP_C_0,1,1,V_1_C_0,1,0,Authority,SimulatedProxy,0.0,0.746,0.000,0.059,18408.4,-26305.8,59.8,-25.2,-2984.6,5.5,107.4,0,0,0.0,0.0
37.658,VehicleControllerBP_C_0,1,1,V_1_C_0,1,0,Authority,SimulatedProxy,0.0,0.824,0.000,0.044,18410.2,-26589.5,60.4,58.7,-3019.4,5.3,108.7,0,0,0.0,0.0
37.725,VehicleControllerBP_C_0,1,1,V_1_C_0,1,0,Authority,SimulatedProxy,0.0,0.859,0.000,0.037,18419.8,-26893.6,60.8,129.5,-3057.8,3.8,110.2,0,0,0.0,0.0
37.796,VehicleControllerBP_C_0,1,1,V_1_C_0,1,0,Authority,SimulatedProxy,0.0,0.889,0.000,0.030,18430.0,-27102.1,61.0,168.5,-3085.2,2.4,111.2,0,0,0.0,0.0
37.922,VehicleControllerBP_C_0,1,1,V_1_C_0,1,0,Authority,SimulatedProxy,0.0,0.931,0.000,0.021,18443.0,-27319.6,61.1,202.3,-3115.0,1.1,112.4,0,0,0.0,0.0
38.009,VehicleControllerBP_C_0,1,1,V_1_C_0,1,0,Authority,SimulatedProxy,0.0,0.949,0.000,0.016,18465.2,-27633.5,61.2,240.2,-3160.5,0.2,114.1,0,0,0.0,0.0
38.105,VehicleControllerBP_C_0,1,1,V_1_C_0,1,0,Authority,SimulatedProxy,0.0,0.964,0.000,0.012,18487.5,-27912.8,61.2,266.4,-3201.4,0.2,115.6,0,0,0.0,0.0
38.194,VehicleControllerBP_C_0,1,1,V_1_C_0,1,0,Authority,SimulatedProxy,0.0,0.973,0.000,0.010,18514.0,-28220.1,61.2,289.0,-3246.6,0.3,117.3,0,0,0.0,0.0
38.290,VehicleControllerBP_C_0,1,1,V_1_C_0,1,0,Authority,SimulatedProxy,0.0,0.981,0.000,0.007,18540.6,-28511.8,61.2,305.9,-3289.3,0.2,118.9,0,0,0.0,0.0
38.366,VehicleControllerBP_C_0,1,1,V_1_C_0,1,0,Authority,SimulatedProxy,0.0,0.985,0.000,0.006,18570.6,-28828.7,61.2,320.7,-3334.8,0.0,120.6,0,0,0.0,0.0
38.471,VehicleControllerBP_C_0,1,1,V_1_C_0,1,0,Authority,SimulatedProxy,0.0,0.990,0.000,0.004,18595.5,-29084.7,61.2,331.0,-3370.6,-0.2,121.9,0,0,0.0,0.0
38.568,VehicleControllerBP_C_0,1,1,V_1_C_0,1,0,Authority,SimulatedProxy,0.0,0.993,0.000,0.003,18629.2,-29424.3,61.2,342.8,-3416.7,-0.3,123.6,0,0,0.0,0.0
38.674,VehicleControllerBP_C_0,1,1,V_1_C_0,1,0,Authority,SimulatedProxy,0.0,0.995,0.000,0.002,18662.9,-29757.3,61.2,352.8,-3459.7,-0.5,125.2,0,0,0.0,0.0
38.789,VehicleControllerBP_C_0,1,1,V_1_C_0,1,0,Authority,SimulatedProxy,0.0,0.997,0.000,0.002,18699.1,-30105.5,61.1,367.5,-3501.6,-0.6,126.7,0,0,0.0,0.0
38.882,VehicleControllerBP_C_0,1,1,V_1_C_0,1,0,Authority,SimulatedProxy,0.0,0.998,0.000,0.001,18735.7,-30457.9,61.0,367.4,-3542.2,-0.8,128.2,0,0,0.0,0.0
38.996,VehicleControllerBP_C_0,1,1,V_1_C_0,1,0,Authority,SimulatedProxy,0.0,0.998,0.000,0.001,18770.0,-30786.6,61.0,374.2,-3576.0,-1.0,129.4,0,0,0.0,0.0
39.099,VehicleControllerBP_C_0,1,1,V_1_C_0,1,0,Authority,SimulatedProxy,0.0,0.999,0.000,0.001,18807.7,-31145.9,60.8,381.7,-3608.5,-1.2,130.6,0,0,0.0,0.0
39.208,VehicleControllerBP_C_0,1,1,V_1_C_0,1,0,Authority,SimulatedProxy,0.0,0.999,0.000,0.001,18845.8,-31508.3,60.7,386.0,-3636.0,-1.5,131.6,0,0,0.0,0.0
39.295,VehicleControllerBP_C_0,1,1,V_1_C_0,1,0,Authority,SimulatedProxy,0.0,0.999,0.000,0.000,18884.1,-31873.1,60.5,381.8,-3657.8,-1.9,132.4,0,0,0.0,0.0
39.417,VehicleControllerBP_C_0,1,1,V_1_C_0,1,0,Authority,SimulatedProxy,0.0,1.000,0.000,0.000,18917.6,-32192.4,60.3,384.3,-3672.1,-2.4,132.9,0,0,0.0,0.0
39.489,VehicleControllerBP_C_0,1,1,V_1_C_0,1,0,Authority,SimulatedProxy,0.0,1.000,0.000,0.000,18956.2,-32560.5,60.1,385.9,-3688.4,-2.1,133.5,0,0,0.0,0.0
39.583,VehicleControllerBP_C_0,1,1,V_1_C_0,1,0,Authority,SimulatedProxy,0.0,1.000,0.000,0.000,18983.9,-32823.9,60.0,391.0,-3699.4,-1.4,133.9,0,0,0.0,0.0
39.681,VehicleControllerBP_C_0,1,1,V_1_C_0,1,0,Authority,SimulatedProxy,0.0,1.000,0.000,0.000,19020.6,-33173.7,59.9,388.4,-3715.0,-0.4,134.5,0,0,0.0,0.0
39.788,VehicleControllerBP_C_0,1,1,V_1_C_0,1,0,Authority,SimulatedProxy,0.0,1.000,0.000,0.000,19058.8,-33537.7,59.9,390.0,-3730.5,0.2,135.0,0,0,0.0,0.0
39.886,VehicleControllerBP_C_0,1,1,V_1_C_0,1,0,Authority,SimulatedProxy,0.0,1.000,0.000,0.000,19098.0,-33911.6,59.9,394.3,-3746.0,0.2,135.6,0,0,0.0,0.0
40.045,VehicleControllerBP_C_0,1,1,V_1_C_0,1,0,Authority,SimulatedProxy,0.0,1.000,0.000,0.000,19136.8,-34281.1,59.9,395.6,-3761.3,-0.0,136.2,0,0,0.0,0.0
40.167,VehicleControllerBP_C_0,1,1,V_1_C_0,1,0,Authority,SimulatedProxy,0.0,1.000,0.000,0.000,19176.2,-34658.1,59.9,396.7,-3776.8,-0.2,136.7,0,0,0.0,0.0
40.246,VehicleControllerBP_C_0,1,1,V_1_C_0,1,0,Authority,SimulatedProxy,0.0,1.000,0.000,0.000,19215.9,-35036.6,59.9,400.4,-3791.8,-0.2,137.3,0,0,0.0,0.0
40.356,VehicleControllerBP_C_0,1,1,V_1_C_0,1,0,Authority,SimulatedProxy,0.0,1.000,0.000,0.000,19247.2,-35335.6,59.9,400.0,-3803.9,-0.2,137.7,0,0,0.0,0.0
40.461,VehicleControllerBP_C_0,1,1,V_1_C_0,1,0,Authority,SimulatedProxy,0.0,1.000,0.000,0.000,19287.1,-35716.8,59.9,401.4,-3818.9,-0.1,138.2,0,0,0.0,0.0
40.534,VehicleControllerBP_C_0,1,1,V_1_C_0,1,0,Authority,SimulatedProxy,0.0,1.000,0.000,0.000,19327.2,-36099.5,59.9,402.5,-3833.8,-0.1,138.8,0,0,0.0,0.0
40.633,VehicleControllerBP_C_0,1,1,V_1_C_0,1,0,Authority,SimulatedProxy,0.0,1.000,0.000,0.000,19356.6,-36380.2,59.9,403.1,-3844.6,-0.1,139.2,0,0,0.0,0.0
40.752,VehicleControllerBP_C_0,1,1,V_1_C_0,1,0,Authority,SimulatedProxy,0.0,1.000,0.000,0.000,19396.4,-36760.9,59.8,403.9,-3859.1,-0.1,139.7,0,0,0.0,0.0
40.838,VehicleControllerBP_C_0,1,1,V_1_C_0,1,0,Authority,SimulatedProxy,0.0,1.000,0.000,0.000,19436.7,-37147.6,59.8,405.2,-3873.6,-0.1,140.2,0,0,0.0,0.0
40.961,VehicleControllerBP_C_0,1,1,V_1_C_0,1,0,Authority,SimulatedProxy,0.0,1.000,0.000,0.000,19471.3,-37480.0,59.8,403.9,-3886.1,-0.1,140.7,0,0,0.0,0.0
41.053,VehicleControllerBP_C_0,1,1,V_1_C_0,1,0,Authority,SimulatedProxy,0.0,1.000,0.000,0.000,19511.9,-37869.3,59.8,407.1,-3900.1,-0.1,141.2,0,0,0.0,0.0
41.183,VehicleControllerBP_C_0,1,1,V_1_C_0,1,0,Authority,SimulatedProxy,0.0,1.000,0.000,0.000,19549.0,-38226.4,59.8,404.7,-3913.4,-0.1,141.6,0,0,0.0,0.0
41.278,VehicleControllerBP_C_0,1,1,V_1_C_0,1,0,Authority,SimulatedProxy,0.0,1.000,0.000,0.000,19589.9,-38618.5,59.8,409.2,-3926.9,-0.1,142.1,0,0,0.0,0.0
41.387,VehicleControllerBP_C_0,1,1,V_1_C_0,1,0,Authority,SimulatedProxy,0.0,0.674,0.000,0.000,19629.0,-38994.5,59.8,412.5,-3939.9,-0.1,142.6,0,0,0.0,0.0
41.499,VehicleControllerBP_C_0,1,1,V_1_C_0,1,0,Authority,SimulatedProxy,0.0,0.447,0.000,0.000,19670.0,-39388.7,59.8,407.3,-3944.4,0.1,142.8,0,0,0.0,0.0
41.583,VehicleControllerBP_C_0,1,1,V_1_C_0,1,0,Authority,SimulatedProxy,0.0,0.334,0.000,0.000,19711.0,-39782.8,59.7,412.2,-3940.6,-2.0,142.6,0,0,0.0,0.0
41.701,VehicleControllerBP_C_0,1,1,V_1_C_0,1,0,Authority,SimulatedProxy,0.0,0.216,0.000,0.000,19745.3,-40113.0,59.5,410.0,-3934.7,-3.7,142.4,0,0,0.0,0.0
41.808,VehicleControllerBP_C_0,1,1,V_1_C_0,1,0,Authority,SimulatedProxy,0.0,0.147,0.000,0.000,19786.1,-40505.8,59.1,407.9,-3923.7,-3.9,142.0,0,0,0.0,0.0
41.919,VehicleControllerBP_C_0,1,1,V_1_C_0,1,0,Authority,SimulatedProxy,0.0,0.098,0.000,-0.277,19826.7,-40897.5,58.7,408.2,-3910.2,-3.0,141.5,0,0,0.0,0.0
42.010,VehicleControllerBP_C_0,1,1,V_1_C_0,1,0,Authority,SimulatedProxy,0.0,0.071,0.000,-0.441,19862.7,-41287.9,58.5,324.9,-3898.7,-2.3,140.8,0,0,0.0,0.0
42.126,VehicleControllerBP_C_0,1,1,V_1_C_0,1,0,Authority,SimulatedProxy,0.0,0.046,0.000,-0.603,19885.0,-41640.9,58.3,187.7,-3882.3,-3.2,139.9,0,0,0.0,0.0
42.229,VehicleControllerBP_C_0,1,1,V_1_C_0,1,0,Authority,SimulatedProxy,0.0,0.032,0.000,-0.706,19891.4,-42025.8,57.8,-31.9,-3830.5,-7.4,137.9,0,0,0.0,0.0
42.328,VehicleControllerBP_C_0,1,1,V_1_C_0,1,0,Authority,SimulatedProxy,0.0,0.023,0.000,-0.778,19875.0,-42405.6,56.9,-270.9,-3771.7,-8.7,136.1,0,0,0.0,0.0
42.436,VehicleControllerBP_C_0,1,1,V_1_C_0,1,0,Authority,SimulatedProxy,0.0,0.015,0.000,-0.838,19836.0,-42775.1,56.2,-497.3,-3693.3,-5.0,134.2,0,0,0.0,0.0
42.521,VehicleControllerBP_C_0,1,1,V_1_C_0,1,0,Authority,SimulatedProxy,0.0,0.011,0.000,-0.873,19774.8,-43139.2,55.9,-708.8,-3598.1,-1.9,132.0,0,0,0.0,0.0
42.625,VehicleControllerBP_C_0,1,1,V_1_C_0,1,0,Authority,SimulatedProxy,0.0,0.008,0.000,-0.906,19706.5,-43442.2,55.8,-877.3,-3506.7,-0.9,130.1,0,0,0.0,0.0
42.709,VehicleControllerBP_C_0,1,1,V_1_C_0,1,0,Authority,SimulatedProxy,0.0,0.006,0.000,-0.926,19608.7,-43786.5,55.7,-1064.0,-3389.9,-0.7,127.9,0,0,0.0,0.0
42.811,VehicleControllerBP_C_0,1,1,V_1_C_0,1,0,Authority,SimulatedProxy,0.0,0.004,0.000,-0.944,19511.7,-44068.5,55.7,-1215.1,-3284.4,-0.5,126.1,0,0,0.0,0.0
42.901,VehicleControllerBP_C_0,1,1,V_1_C_0,1,0,Authority,SimulatedProxy,0.0,0.003,0.000,-0.957,19381.0,-44389.8,55.7,-1385.2,-3154.8,0.2,124.0,0,0,0.0,0.0
43.036,VehicleControllerBP_C_0,1,1,V_1_C_0,1,0,Authority,SimulatedProxy,0.0,0.002,0.000,-0.971,19249.0,-44669.6,55.7,-1520.7,-3040.1,1.3,122.4,0,0,0.0,0.0
43.141,VehicleControllerBP_C_0,1,1,V_1_C_0,1,0,Authority,SimulatedProxy,0.0,0.001,0.000,-0.979,19090.3,-44967.0,55.9,-1647.6,-2917.9,1.7,120.6,0,0,0.0,0.0
43.254,VehicleControllerBP_C_0,1,1,V_1_C_0,1,0,Authority,SimulatedProxy,0.0,0.001,0.000,-0.985,18919.1,-45251.9,56.0,-1767.5,-2790.7,0.6,118.9,0,0,0.0,0.0
43.338,VehicleControllerBP_C_0,1,1,V_1_C_0,1,0,Authority,SimulatedProxy,0.0,0.001,0.000,-0.988,18735.8,-45523.3,56.0,-1889.7,-2650.7,-0.5,117.2,0,0,0.0,0.0
43.427,VehicleControllerBP_C_0,1,1,V_1_C_0,1,0,Authority,SimulatedProxy,0.0,0.000,0.000,-0.991,18571.3,-45741.2,56.0,-1992.4,-2522.0,-0.3,115.7,0,0,0.0,0.0
43.491,VehicleControllerBP_C_0,1,1,V_1_C_0,1,0,Authority,SimulatedProxy,0.0,0.000,0.000,-0.992,18388.6,-45959.1,56.0,-2095.7,-2378.2,0.7,114.1,0,0,0.0,0.0
43.561,VehicleControllerBP_C_0,1,1,V_1_C_0,1,0,Authority,SimulatedProxy,0.0,0.000,0.000,-0.994,18251.8,-46107.7,56.0,-2164.7,-2271.5,1.5,113.0,0,0,0.0,0.0
43.628,VehicleControllerBP_C_0,1,1,V_1_C_0,1,0,Authority,SimulatedProxy,0.0,0.000,0.000,-0.995,18098.2,-46261.5,56.2,-2233.8,-2153.7,2.2,111.7,0,0,0.0,0.0
43.734,VehicleControllerBP_C_0,1,1,V_1_C_0,1,0,Authority,SimulatedProxy,0.0,0.000,0.000,-0.996,17947.6,-46400.3,56.3,-2293.6,-2040.6,2.5,110.5,0,0,0.0,0.0
43.814,VehicleControllerBP_C_0,1,1,V_1_C_0,1,0,Authority,SimulatedProxy,0.0,0.000,0.000,-0.997,17714.1,-46595.2,56.6,-2372.0,-1871.0,2.4,108.8,0,0,0.0,0.0
43.925,VehicleControllerBP_C_0,1,1,V_1_C_0,1,0,Authority,SimulatedProxy,0.0,0.000,0.000,-0.998,17521.4,-46739.5,56.8,-2425.1,-1735.9,2.1,107.4,0,0,0.0,0.0
44.007,VehicleControllerBP_C_0,1,1,V_1_C_0,1,0,Authority,SimulatedProxy,0.0,0.000,0.000,-0.998,17276.0,-46904.0,56.9,-2480.5,-1568.3,1.5,105.6,0,0,0.0,0.0
44.116,VehicleControllerBP_C_0,1,1,V_1_C_0,1,0,Authority,SimulatedProxy,0.0,0.000,0.000,-0.999,17072.8,-47025.3,57.0,-2517.5,-1431.8,1.1,104.3,0,0,0.0,0.0
44.199,VehicleControllerBP_C_0,1,1,V_1_C_0,1,0,Authority,SimulatedProxy,0.0,0.000,0.000,-0.791,16819.1,-47159.3,57.1,-2554.0,-1262.4,0.9,102.6,0,0,0.0,0.0
44.291,VehicleControllerBP_C_0,1,1,V_1_C_0,1,0,Authority,SimulatedProxy,0.0,0.277,0.000,-0.609,16605.7,-47257.3,57.2,-2581.7,-1112.1,0.8,101.2,0,0,0.0,0.0
44.387,VehicleControllerBP_C_0,1,1,V_1_C_0,1,0,Authority,SimulatedProxy,0.0,0.486,0.000,-0.462,16369.3,-47349.9,57.2,-2554.0,-915.5,-2.2,97.7,0,0,0.0,0.0
44.495,VehicleControllerBP_C_0,1,1,V_1_C_0,1,0,Authority,SimulatedProxy,0.0,0.652,0.000,-0.338,16122.7,-47427.0,56.7,-2566.2,-705.4,-6.5,95.8,0,0,0.0,0.0
44.574,VehicleControllerBP_C_0,1,1,V_1_C_0,1,0,Authority,SimulatedProxy,0.0,0.735,0.000,-0.271,15865.5,-47485.2,56.2,-2592.3,-481.6,-2.3,94.9,0,0,0.0,0.0
44.651,VehicleControllerBP_C_0,1,1,V_1_C_0,1,0,Authority,SimulatedProxy,0.0,0.796,0.000,-0.219,15659.0,-47515.9,56.4,-2612.6,-308.7,5.9,94.7,0,0,0.0,0.0
44.767,VehicleControllerBP_C_0,1,1,V_1_C_0,1,0,Authority,SimulatedProxy,0.0,0.867,0.000,-0.155,15457.8,-47532.9,57.1,-2626.3,-145.3,12.8,94.7,0,0,0.0,0.0
44.887,VehicleControllerBP_C_0,1,1,V_1_C_0,1,0,Authority,SimulatedProxy,0.0,0.915,0.000,-0.109,15194.9,-47536.8,58.6,-2628.5,54.0,15.1,94.6,0,0,0.0,0.0
44.990,VehicleControllerBP_C_0,1,1,V_1_C_0,1,0,Authority,SimulatedProxy,0.0,0.941,0.000,-0.081,14931.7,-47521.9,59.9,-2630.5,233.6,10.1,95.1,0,0,0.0,0.0
45.065,VehicleControllerBP_C_0,1,1,V_1_C_0,1,0,Authority,SimulatedProxy,0.0,0.954,0.000,-0.066,14668.6,-47490.5,60.5,-2633.8,384.0,3.6,95.8,0,0,0.0,0.0
45.144,VehicleControllerBP_C_0,1,1,V_1_C_0,1,0,Authority,SimulatedProxy,0.0,0.965,0.000,-0.053,14469.9,-47458.1,60.6,-2632.3,472.9,0.4,96.3,0,0,0.0,0.0
45.238,VehicleControllerBP_C_0,1,1,V_1_C_0,1,0,Authority,SimulatedProxy,0.0,0.975,0.000,-0.040,14261.7,-47417.7,60.6,-2634.7,546.1,-0.7,96.9,0,0,0.0,0.0
45.324,VehicleControllerBP_C_0,1,1,V_1_C_0,1,0,Authority,SimulatedProxy,0.0,0.981,0.000,-0.032,14014.9,-47363.5,60.5,-2641.0,612.2,-0.8,97.6,0,0,0.0,0.0
45.415,VehicleControllerBP_C_0,1,1,V_1_C_0,1,0,Authority,SimulatedProxy,0.0,0.986,0.000,-0.024,13788.4,-47309.0,60.5,-2649.5,659.2,-0.3,98.3,0,0,0.0,0.0
45.505,VehicleControllerBP_C_0,1,1,V_1_C_0,1,0,Authority,SimulatedProxy,0.0,0.990,0.000,-0.019,13546.3,-47247.0,60.5,-2660.8,698.8,0.1,99.0,0,0,0.0,0.0
45.602,VehicleControllerBP_C_0,1,1,V_1_C_0,1,0,Authority,SimulatedProxy,0.0,0.993,0.000,-0.014,13304.5,-47182.1,60.5,-2673.9,730.4,0.3,99.8,0,0,0.0,0.0
45.712,VehicleControllerBP_C_0,1,1,V_1_C_0,1,0,Authority,SimulatedProxy,0.0,0.995,0.000,-0.010,13046.5,-47110.5,60.5,-2689.4,757.4,0.2,100.6,0,0,0.0,0.0
45.802,VehicleControllerBP_C_0,1,1,V_1_C_0,1,0,Authority,SimulatedProxy,0.0,0.997,0.000,-0.008,12776.6,-47033.6,60.5,-2707.0,780.0,0.0,101.4,0,0,0.0,0.0
45.939,VehicleControllerBP_C_0,1,1,V_1_C_0,1,0,Authority,SimulatedProxy,0.0,0.998,0.000,-0.005,12533.6,-46963.0,60.5,-2723.5,797.0,-0.1,102.2,0,0,0.0,0.0
46.047,VehicleControllerBP_C_0,1,1,V_1_C_0,1,0,Authority,SimulatedProxy,0.0,0.999,0.000,-0.004,12260.2,-46882.5,60.5,-2742.8,812.7,-0.1,103.0,0,0,0.0,0.0
46.140,VehicleControllerBP_C_0,1,1,V_1_C_0,1,0,Authority,SimulatedProxy,0.0,0.999,0.000,-0.003,11984.8,-46800.5,60.5,-2762.6,826.1,-0.1,103.8,0,0,0.0,0.0
46.215,VehicleControllerBP_C_0,1,1,V_1_C_0,1,0,Authority,SimulatedProxy,0.0,0.999,0.000,-0.002,11728.2,-46723.2,60.5,-2780.0,840.9,-0.1,104.6,0,0,0.0,0.0
46.299,VehicleControllerBP_C_0,1,1,V_1_C_0,1,0,Authority,SimulatedProxy,0.0,0.999,0.000,-0.002,11519.6,-46659.8,60.5,-2794.5,851.5,-0.1,105.2,0,0,0.0,0.0
46.382,VehicleControllerBP_C_0,1,1,V_1_C_0,1,0,Authority,SimulatedProxy,0.0,1.000,0.000,-0.002,11282.4,-46587.3,60.4,-2810.7,863.6,-0.1,105.9,0,0,0.0,0.0
46.458,VehicleControllerBP_C_0,1,1,V_1_C_0,1,0,Authority,SimulatedProxy,0.0,1.000,0.000,-0.001,11048.9,-46515.2,60.4,-2826.4,875.4,-0.1,106.5,0,0,0.0,0.0
46.544,VehicleControllerBP_C_0,1,1,V_1_C_0,1,0,Authority,SimulatedProxy,0.0,1.000,0.000,-0.001,10833.1,-46448.1,60.4,-2840.7,886.4,-0.1,107.1,0,0,0.0,0.0
46.631,VehicleControllerBP_C_0,1,1,V_1_C_0,1,0,Authority,SimulatedProxy,0.0,1.000,0.000,-0.001,10587.6,-46371.2,60.4,-2856.9,898.6,-0.1,107.8,0,0,0.0,0.0
46.708,VehicleControllerBP_C_0,1,1,V_1_C_0,1,0,Authority,SimulatedProxy,0.0,1.000,0.000,-0.001,10338.3,-46292.4,60.4,-2873.1,910.7,-0.1,108.5,0,0,0.0,0.0
46.812,VehicleControllerBP_C_0,1,1,V_1_C_0,1,0,Authority,SimulatedProxy,0.0,1.000,0.000,-0.000,10117.2,-46222.1,60.4,-2887.3,921.2,-0.1,109.1,0,0,0.0,0.0
46.912,VehicleControllerBP_C_0,1,1,V_1_C_0,1,0,Authority,SimulatedProxy,0.0,1.000,0.000,-0.000,9827.5,-46129.2,60.4,-2905.9,934.6,-0.1,109.9,0,0,0.0,0.0
47.028,VehicleControllerBP_C_0,1,1,V_1_C_0,1,0,Authority,SimulatedProxy,0.0,1.000,0.000,-0.000,9535.9,-46035.1,60.4,-2924.4,947.6,-0.1,110.7,0,0,0.0,0.0
47.125,VehicleControllerBP_C_0,1,1,V_1_C_0,1,0,Authority,SimulatedProxy,0.0,1.000,0.000,-0.000,9242.5,-45939.6,60.4,-2942.8,960.2,-0.1,111.4,0,0,0.0,0.0
47.233,VehicleControllerBP_C_0,1,1,V_1_C_0,1,0,Authority,SimulatedProxy,0.0,1.000,0.000,-0.000,8956.9,-45846.1,60.4,-2960.6,972.1,-0.1,112.2,0,0,0.0,0.0
47.316,VehicleControllerBP_C_0,1,1,V_1_C_0,1,0,Authority,SimulatedProxy,0.0,1.000,0.000,-0.000,8659.9,-45748.3,60.4,-2978.9,984.2,-0.1,112.9,0,0,0.0,0.0
47.421,VehicleControllerBP_C_0,1,1,V_1_C_0,1,0,Authority,SimulatedProxy,0.0,1.000,0.000,-0.000,8410.6,-45665.7,60.3,-2994.0,994.1,-0.1,113.6,0,0,0.0,0.0
47.495,VehicleControllerBP_C_0,1,1,V_1_C_0,1,0,Authority,SimulatedProxy,0.0,0.779,0.000,0.000,8110.2,-45565.7,60.3,-3012.2,1005.7,-0.1,114.3,0,0,0.0,0.0
47.590,VehicleControllerBP_C_0,1,1,V_1_C_0,1,0,Authority,SimulatedProxy,0.0,0.556,0.000,0.000,7887.9,-45491.3,60.3,-3020.5,1012.4,0.1,114.7,0,0,0.0,0.0
47.671,VehicleControllerBP_C_0,1,1,V_1_C_0,1,0,Authority,SimulatedProxy,0.0,0.422,0.000,0.000,7599.8,-45394.5,60.3,-3024.7,1018.8,-0.8,114.9,0,0,0.0,0.0
47.760,VehicleControllerBP_C_0,1,1,V_1_C_0,1,0,Authority,SimulatedProxy,0.0,0.309,0.000,0.000,7356.4,-45312.3,60.2,-3024.9,1022.9,-2.2,115.0,0,0,0.0,0.0
47.847,VehicleControllerBP_C_0,1,1,V_1_C_0,1,0,Authority,SimulatedProxy,0.0,0.228,0.000,0.000,7087.1,-45221.0,60.0,-3021.8,1026.3,-2.9,114.9,0,0,0.0,0.0
47.974,VehicleControllerBP_C_0,1,1,V_1_C_0,1,0,Authority,SimulatedProxy,0.0,0.141,0.000,0.317,6822.8,-45131.1,59.7,-3016.5,1028.8,-2.6,114.7,0,0,0.0,0.0
48.059,VehicleControllerBP_C_0,1,1,V_1_C_0,1,0,Authority,SimulatedProxy,0.0,0.106,0.000,0.461,6520.6,-45032.3,59.5,-3026.3,955.0,-2.1,114.2,0,0,0.0,0.0
48.178,VehicleControllerBP_C_0,1,1,V_1_C_0,1,0,Authority,SimulatedProxy,0.0,0.068,0.000,0.622,6265.2,-44958.4,59.3,-3041.6,828.0,-3.2,113.5,0,0,0.0,0.0
48.272,VehicleControllerBP_C_0,1,1,V_1_C_0,1,0,Authority,SimulatedProxy,0.0,0.049,0.000,0.711,5960.4,-44886.9,58.9,-3053.0,625.8,-5.0,112.2,0,0,0.0,0.0
48.375,VehicleControllerBP_C_0,1,1,V_1_C_0,1,0,Authority,SimulatedProxy,0.0,0.034,0.000,0.785,5675.4,-44838.8,58.4,-3028.7,419.4,-6.4,110.1,0,0,0.0,0.0
48.472,VehicleControllerBP_C_0,1,1,V_1_C_0,1,0,Authority,SimulatedProxy,0.0,0.024,0.000,0.837,5374.2,-44808.4,57.7,-2999.7,206.4,-5.7,108.2,0,0,0.0,0.0
48.579,VehicleControllerBP_C_0,1,1,V_1_C_0,1,0,Authority,SimulatedProxy,0.0,0.016,0.000,0.881,5085.9,-44798.6,57.3,-2954.2,11.6,-2.7,106.4,0,0,0.0,0.0
48.684,VehicleControllerBP_C_0,1,1,V_1_C_0,1,0,Authority,SimulatedProxy,0.0,0.011,0.000,0.912,4793.9,-44807.7,57.2,-2892.2,-178.6,-0.7,104.3,0,0,0.0,0.0
48.768,VehicleControllerBP_C_0,1,1,V_1_C_0,1,0,Authority,SimulatedProxy,0.0,0.008,0.000,0.931,4508.8,-44835.4,57.2,-2818.1,-359.8,0.1,102.3,0,0,0.0,0.0
48.877,VehicleControllerBP_C_0,1,1,V_1_C_0,1,0,Authority,SimulatedProxy,0.0,0.006,0.000,0.949,4275.5,-44872.2,57.2,-2748.4,-506.1,0.4,100.6,0,0,0.0,0.0
48.983,VehicleControllerBP_C_0,1,1,V_1_C_0,1,0,Authority,SimulatedProxy,0.0,0.004,0.000,0.963,4005.5,-44931.7,57.2,-2660.5,-668.5,1.0,98.8,0,0,0.0,0.0
49.085,VehicleControllerBP_C_0,1,1,V_1_C_0,1,0,Authority,SimulatedProxy,0.0,0.003,0.000,0.972,3744.3,-45005.8,57.4,-2573.0,-804.8,1.7,97.1,0,0,0.0,0.0
49.175,VehicleControllerBP_C_0,1,1,V_1_C_0,1,0,Authority,SimulatedProxy,0.0,0.002,0.000,0.979,3491.8,-45092.4,57.5,-2485.2,-920.7,1.5,95.4,0,0,0.0,0.0
49.264,VehicleControllerBP_C_0,1,1,V_1_C_0,1,0,Authority,SimulatedProxy,0.0,0.001,0.000,0.983,3272.4,-45180.0,57.6,-2401.5,-1020.8,0.7,93.9,0,0,0.0,0.0
49.363,VehicleControllerBP_C_0,1,1,V_1_C_0,1,0,Authority,SimulatedProxy,0.0,0.001,0.000,0.987,3064.6,-45275.1,57.7,-2311.8,-1120.9,0.2,92.5,0,0,0.0,0.0
49.443,VehicleControllerBP_C_0,1,1,V_1_C_0,1,0,Authority,SimulatedProxy,0.0,0.001,0.000,0.990,2840.8,-45392.6,57.7,-2201.3,-1234.2,0.4,90.9,0,0,0.0,0.0
49.547,VehicleControllerBP_C_0,1,1,V_1_C_0,1,0,Authority,SimulatedProxy,0.0,0.001,0.000,0.993,2667.8,-45496.0,57.7,-2105.0,-1323.6,0.9,89.5,0,0,0.0,0.0
49.644,VehicleControllerBP_C_0,1,1,V_1_C_0,1,0,Authority,SimulatedProxy,0.0,0.000,0.000,0.994,2464.1,-45634.0,57.8,-1979.0,-1427.9,1.3,87.9,0,0,0.0,0.0
49.754,VehicleControllerBP_C_0,1,1,V_1_C_0,1,0,Authority,SimulatedProxy,0.0,0.000,0.000,0.996,2278.6,-45777.5,58.0,-1851.9,-1519.6,1.3,86.2,0,0,0.0,0.0
49.908,VehicleControllerBP_C_0,1,1,V_1_C_0,1,0,Authority,SimulatedProxy,0.0,0.461,0.000,0.997,2100.7,-45934.0,58.1,-1718.0,-1603.0,1.2,84.6,0,0,0.0,0.0
49.980,VehicleControllerBP_C_0,1,1,V_1_C_0,1,0,Authority,SimulatedProxy,0.0,0.578,0.000,0.998,1938.0,-46095.4,58.1,-1563.0,-1648.6,-1.8,81.8,0,0,0.0,0.0
50.093,VehicleControllerBP_C_0,1,1,V_1_C_0,1,0,Authority,SimulatedProxy,0.0,0.721,0.000,0.999,1829.2,-46216.1,57.9,-1462.8,-1688.5,-3.0,80.4,0,0,0.0,0.0
50.191,VehicleControllerBP_C_0,1,1,V_1_C_0,1,0,Authority,SimulatedProxy,0.0,0.803,0.000,0.999,1689.7,-46388.6,57.8,-1334.6,-1748.4,0.7,79.2,0,0,0.0,0.0
50.332,VehicleControllerBP_C_0,1,1,V_1_C_0,1,0,Authority,SimulatedProxy,0.0,0.886,0.000,0.999,1565.2,-46562.8,58.0,-1209.7,-1795.1,3.8,77.9,0,0,0.0,0.0
50.437,VehicleControllerBP_C_0,1,1,V_1_C_0,1,0,Authority,SimulatedProxy,0.0,0.922,0.000,0.999,1451.3,-46744.3,58.4,-1078.2,-1827.1,3.3,76.4,0,0,0.0,0.0
50.535,VehicleControllerBP_C_0,1,1,V_1_C_0,1,0,Authority,SimulatedProxy,0.0,0.945,0.000,1.000,1350.7,-46929.5,58.6,-943.1,-1860.4,1.8,75.1,0,0,0.0,0.0
50.626,VehicleControllerBP_C_0,1,1,V_1_C_0,1,0,Authority,SimulatedProxy,0.0,0.960,0.000,1.000,1265.3,-47114.2,58.8,-806.5,-1885.4,1.2,73.8,0,0,0.0,0.0
50.732,VehicleControllerBP_C_0,1,1,V_1_C_0,1,0,Authority,SimulatedProxy,0.0,0.973,0.000,1.000,1198.6,-47286.3,58.9,-678.4,-1909.3,1.0,72.9,0,0,0.0,0.0
50.840,VehicleControllerBP_C_0,1,1,V_1_C_0,1,0,Authority,SimulatedProxy,0.0,0.982,0.000,1.000,1138.5,-47477.1,59.0,-535.4,-1914.2,0.6,71.6,0,0,0.0,0.0
50.932,VehicleControllerBP_C_0,1,1,V_1_C_0,1,0,Authority,SimulatedProxy,0.0,0.987,0.000,1.000,1092.7,-47667.8,59.0,-392.5,-1909.7,0.2,70.2,0,0,0.0,0.0
51.021,VehicleControllerBP_C_0,1,1,V_1_C_0,1,0,Authority,SimulatedProxy,0.0,0.990,0.000,1.000,1063.1,-47841.9,59.0,-262.5,-1898.2,0.1,69.0,0,0,0.0,0.0
51.140,VehicleControllerBP_C_0,1,1,V_1_C_0,1,0,Authority,SimulatedProxy,0.0,0.994,0.000,1.000,1045.5,-48008.8,59.0,-141.8,-1866.3,0.3,67.4,0,0,0.0,0.0
51.212,VehicleControllerBP_C_0,1,1,V_1_C_0,1,0,Authority,SimulatedProxy,0.0,0.995,0.000,1.000,1038.9,-48194.0,59.1,-5.3,-1832.0,0.4,66.0,0,0,0.0,0.0
51.324,VehicleControllerBP_C_0,1,1,V_1_C_0,1,0,Authority,SimulatedProxy,0.0,0.997,0.000,1.000,1042.5,-48325.4,59.1,94.1,-1807.1,0.2,65.1,0,0,0.0,0.0
51.400,VehicleControllerBP_C_0,1,1,V_1_C_0,1,0,Authority,SimulatedProxy,0.0,0.997,0.000,1.000,1058.8,-48502.7,59.1,220.1,-1748.0,0.1,63.4,0,0,0.0,0.0
51.505,VehicleControllerBP_C_0,1,1,V_1_C_0,1,0,Authority,SimulatedProxy,0.0,0.998,0.000,1.000,1079.5,-48633.5,59.1,318.4,-1702.9,-0.1,62.4,0,0,0.0,0.0
51.623,VehicleControllerBP_C_0,1,1,V_1_C_0,1,0,Authority,SimulatedProxy,0.0,0.999,0.000,1.000,1117.8,-48799.6,59.1,441.2,-1633.3,0.1,60.9,0,0,0.0,0.0
51.706,VehicleControllerBP_C_0,1,1,V_1_C_0,1,0,Authority,SimulatedProxy,0.0,0.999,0.000,1.000,1168.1,-48958.4,59.1,558.6,-1554.4,0.7,59.5,0,0,0.0,0.0
51.786,VehicleControllerBP_C_0,1,1,V_1_C_0,1,0,Authority,SimulatedProxy,0.0,0.999,0.000,1.000,1218.1,-49083.0,59.2,650.8,-1482.0,0.8,58.3,0,0,0.0,0.0
51.884,VehicleControllerBP_C_0,1,1,V_1_C_0,1,0,Authority,SimulatedProxy,0.0,1.000,0.000,1.000,1274.3,-49199.1,59.3,736.4,-1404.8,0.8,57.1,0,0,0.0,0.0
52.021,VehicleControllerBP_C_0,1,1,V_1_C_0,1,0,Authority,SimulatedProxy,0.0,1.000,0.000,1.000,1351.3,-49331.0,59.3,833.6,-1303.3,0.6,55.7,0,0,0.0,0.0
52.107,VehicleControllerBP_C_0,1,1,V_1_C_0,1,0,Authority,SimulatedProxy,0.0,1.000,0.000,1.000,1439.2,-49455.0,59.4,924.3,-1190.6,0.5,54.3,0,0,0.0,0.0
52.209,VehicleControllerBP_C_0,1,1,V_1_C_0,1,0,Authority,SimulatedProxy,0.0,1.000,0.000,1.000,1521.3,-49551.9,59.4,987.4,-1084.0,0.5,52.8,0,0,0.0,0.0
52.323,VehicleControllerBP_C_0,1,1,V_1_C_0,1,0,Authority,SimulatedProxy,0.0,1.000,0.000,1.000,1624.2,-49653.6,59.5,1058.0,-956.9,0.5,51.4,0,0,0.0,0.0
52.408,VehicleControllerBP_C_0,1,1,V_1_C_0,1,0,Authority,SimulatedProxy,0.0,1.000,0.000,1.000,1733.5,-49742.1,59.5,1116.5,-822.3,0.4,49.9,0,0,0.0,0.0
52.510,VehicleControllerBP_C_0,1,1,V_1_C_0,1,0,Authority,SimulatedProxy,0.0,1.000,0.000,1.000,1831.0,-49806.8,59.6,1157.5,-703.2,0.4,48.8,0,0,0.0,0.0
52.628,VehicleControllerBP_C_0,1,1,V_1_C_0,1,0,Authority,SimulatedProxy,0.0,1.000,0.000,1.000,1948.2,-49869.1,59.6,1191.7,-557.7,0.2,47.4,0,0,0.0,0.0
52.726,VehicleControllerBP_C_0,1,1,V_1_C_0,1,0,Authority,SimulatedProxy,0.0,1.000,0.000,1.000,2067.9,-49916.7,59.6,1208.5,-407.6,0.3,45.9,0,0,0.0,0.0
52.808,VehicleControllerBP_C_0,1,1,V_1_C_0,1,0,Authority,SimulatedProxy,0.0,1.000,0.000,1.000,2185.3,-49948.5,59.7,1209.2,-258.4,0.5,44.5,0,0,0.0,0.0
53.208,VehicleControllerBP_C_0,1,1,V_1_C_0,1,0,Authority,SimulatedProxy,0.0,0.000,0.000,1.000,2284.0,-49964.0,59.7,1196.2,-130.8,0.6,43.3,0,0,0.0,0.0
53.282,VehicleControllerBP_C_0,1,1,V_1_C_0,1,0,Authority,SimulatedProxy,0.0,0.000,0.000,1.000,2401.5,-49968.8,59.8,1163.1,23.9,0.7,41.9,0,0,0.0,0.0
53.351,VehicleControllerBP_C_0,1,1,V_1_C_0,1,0,Authority,SimulatedProxy,0.0,0.000,0.000,0.828,2485.3,-49962.5,59.8,1119.7,134.3,0.6,40.6,0,0,0.0,0.0
53.414,VehicleControllerBP_C_0,1,1,V_1_C_0,1,0,Authority,SimulatedProxy,0.0,0.000,0.000,0.696,2561.0,-49948.9,59.9,1088.8,240.6,0.5,40.1,0,0,0.0,0.0
53.492,VehicleControllerBP_C_0,1,1,V_1_C_0,1,0,Authority,SimulatedProxy,0.0,0.000,0.000,0.562,2630.0,-49932.4,59.9,1072.3,302.0,1.0,40.1,0,0,0.0,0.0
53.603,VehicleControllerBP_C_0,1,1,V_1_C_0,1,0,Authority,SimulatedProxy,0.0,0.000,0.000,0.405,2710.7,-49905.1,60.0,1032.0,394.8,2.0,39.8,0,0,0.0,0.0
53.713,VehicleControllerBP_C_0,1,1,V_1_C_0,1,0,Authority,SimulatedProxy,0.0,0.000,0.000,0.294,2811.8,-49862.1,60.2,998.0,467.2,1.9,39.7,0,0,0.0,0.0
53.796,VehicleControllerBP_C_0,1,1,V_1_C_0,1,0,Authority,SimulatedProxy,0.0,0.000,0.000,0.233,2910.0,-49813.6,60.3,971.6,511.1,1.0,39.5,0,0,0.0,0.0
53.884,VehicleControllerBP_C_0,1,1,V_1_C_0,1,0,Authority,SimulatedProxy,0.0,0.000,0.000,0.181,2989.4,-49770.1,60.4,949.4,539.7,0.2,39.3,0,0,0.0,0.0
54.000,VehicleControllerBP_C_0,1,1,V_1_C_0,1,0,Authority,SimulatedProxy,0.0,0.000,0.000,0.129,3072.2,-49721.6,60.4,921.1,560.2,-0.3,38.8,0,0,0.0,0.0
54.102,VehicleControllerBP_C_0,1,1,V_1_C_0,1,0,Authority,SimulatedProxy,0.0,0.000,0.000,0.096,3163.9,-49665.0,60.3,903.1,573.1,-0.4,38.5,0,0,0.0,0.0
54.203,VehicleControllerBP_C_0,1,1,V_1_C_0,1,0,Authority,SimulatedProxy,0.0,0.000,0.000,0.072,3253.8,-49607.3,60.3,885.9,582.0,-0.3,38.2,0,0,0.0,0.0
54.328,VehicleControllerBP_C_0,1,1,V_1_C_0,1,0,Authority,SimulatedProxy,0.0,0.000,0.000,0.049,3342.1,-49549.1,60.3,873.4,582.6,-0.2,37.8,0,0,0.0,0.0
54.407,VehicleControllerBP_C_0,1,1,V_1_C_0,1,0,Authority,SimulatedProxy,0.0,0.000,0.000,0.040,3429.3,-49490.9,60.3,863.1,578.9,-0.1,37.4,0,0,0.0,0.0
54.522,VehicleControllerBP_C_0,1,1,V_1_C_0,1,0,Authority,SimulatedProxy,0.0,0.000,0.000,0.028,3497.5,-49445.1,60.3,855.5,576.8,-0.0,37.1,0,0,0.0,0.0
54.642,VehicleControllerBP_C_0,1,1,V_1_C_0,1,0,Authority,SimulatedProxy,0.0,0.000,0.000,0.020,3582.9,-49387.5,60.3,845.7,572.1,0.1,36.8,0,0,0.0,0.0
54.744,VehicleControllerBP_C_0,1,1,V_1_C_0,1,0,Authority,SimulatedProxy,0.0,0.000,0.000,0.015,3667.1,-49330.5,60.3,837.2,567.8,-0.0,36.4,0,0,0.0,0.0
54.850,VehicleControllerBP_C_0,1,1,V_1_C_0,1,0,Authority,SimulatedProxy,0.0,0.000,0.000,0.011,3750.5,-49273.9,60.3,834.1,567.4,-0.1,36.3,0,0,0.0,0.0
54.955,VehicleControllerBP_C_0,1,1,V_1_C_0,1,0,Authority,SimulatedProxy,0.0,0.000,0.000,-0.255,3833.5,-49217.5,60.3,831.0,566.4,0.4,36.2,0,0,0.0,0.0
55.023,VehicleControllerBP_C_0,1,1,V_1_C_0,1,0,Authority,SimulatedProxy,0.0,0.000,0.000,-0.381,3917.4,-49163.2,60.3,847.4,521.2,0.5,35.8,0,0,0.0,0.0
55.093,VehicleControllerBP_C_0,1,1,V_1_C_0,1,0,Authority,SimulatedProxy,0.0,0.000,0.000,-0.491,3976.2,-49130.4,60.4,872.2,462.5,0.2,35.5,0,0,0.0,0.0
55.186,VehicleControllerBP_C_0,1,1,V_1_C_0,1,0,Authority,SimulatedProxy,0.0,0.000,0.000,-0.609,4038.7,-49100.9,60.4,894.7,388.8,-0.2,35.1,0,0,0.0,0.0
55.259,VehicleControllerBP_C_0,1,1,V_1_C_0,1,0,Authority,SimulatedProxy,0.0,0.000,0.000,-0.680,4122.2,-49069.7,60.3,907.6,300.0,-0.6,34.4,0,0,0.0,0.0
55.356,VehicleControllerBP_C_0,1,1,V_1_C_0,1,0,Authority,SimulatedProxy,0.0,0.000,0.000,-0.758,4188.5,-49050.2,60.3,911.5,231.4,-0.4,33.9,0,0,0.0,0.0
55.438,VehicleControllerBP_C_0,1,1,V_1_C_0,1,0,Authority,SimulatedProxy,0.0,0.000,0.000,-0.807,4277.6,-49031.7,60.2,919.7,148.5,-0.1,33.5,0,0,0.0,0.0
55.543,VehicleControllerBP_C_0,1,1,V_1_C_0,1,0,Authority,SimulatedProxy,0.0,0.000,0.000,-0.858,4352.2,-49022.2,60.3,914.6,83.0,0.2,33.1,0,0,0.0,0.0
55.656,VehicleControllerBP_C_0,1,1,V_1_C_0,1,0,Authority,SimulatedProxy,0.0,0.000,0.000,-0.898,4443.5,-49018.1,60.3,909.9,1.3,0.4,32.8,0,0,0.0,0.0
55.770,VehicleControllerBP_C_0,1,1,V_1_C_0,1,0,Authority,SimulatedProxy,0.0,0.343,0.000,-0.927,4533.8,-49022.0,60.3,898.6,-74.7,0.4,32.5,0,0,0.0,0.0
55.852,VehicleControllerBP_C_0,1,1,V_1_C_0,1,0,Authority,SimulatedProxy,0.0,0.504,0.000,-0.942,4620.9,-49033.3,60.3,864.9,-144.1,-0.4,31.6,0,0,0.0,0.0
55.945,VehicleControllerBP_C_0,1,1,V_1_C_0,1,0,Authority,SimulatedProxy,0.0,0.642,0.000,-0.956,4690.5,-49048.0,60.3,843.7,-203.6,-0.5,31.2,0,0,0.0,0.0
56.031,VehicleControllerBP_C_0,1,1,V_1_C_0,1,0,Authority,SimulatedProxy,0.0,0.735,0.000,-0.965,4766.8,-49070.0,60.3,817.5,-265.3,0.1,30.9,0,0,0.0,0.0
56.116,VehicleControllerBP_C_0,1,1,V_1_C_0,1,0,Authority,SimulatedProxy,0.0,0.802,0.000,-0.973,4835.7,-49095.7,60.3,781.7,-317.3,0.5,30.4,0,0,0.0,0.0
56.192,VehicleControllerBP_C_0,1,1,V_1_C_0,1,0,Authority,SimulatedProxy,0.0,0.847,0.000,-0.978,4900.6,-49125.2,60.3,756.5,-369.9,0.4,30.3,0,0,0.0,0.0
56.289,VehicleControllerBP_C_0,1,1,V_1_C_0,1,0,Authority,SimulatedProxy,0.0,0.892,0.000,-0.983,4956.0,-49155.0,60.4,725.8,-412.1,0.2,30.0,0,0,0.0,0.0
56.403,VehicleControllerBP_C_0,1,1,V_1_C_0,1,0,Authority,SimulatedProxy,0.0,0.929,0.000,-0.988,5024.3,-49198.0,60.4,682.1,-460.9,-0.0,29.6,0,0,0.0,0.0
56.509,VehicleControllerBP_C_0,1,1,V_1_C_0,1,0,Authority,SimulatedProxy,0.0,0.952,0.000,-0.991,5089.3,-49246.4,60.4,631.3,-507.4,-0.1,29.2,0,0,0.0,0.0
56.622,VehicleControllerBP_C_0,1,1,V_1_C_0,1,0,Authority,SimulatedProxy,0.0,0.968,0.000,-0.994,5149.4,-49299.0,60.3,578.7,-547.2,-0.1,28.7,0,0,0.0,0.0
56.724,VehicleControllerBP_C_0,1,1,V_1_C_0,1,0,Authority,SimulatedProxy,0.0,0.978,0.000,-0.995,5204.4,-49355.0,60.3,527.6,-578.8,-0.1,28.2,0,0,0.0,0.0
56.812,VehicleControllerBP_C_0,1,1,V_1_C_0,1,0,Authority,SimulatedProxy,0.0,0.984,0.000,-0.996,5254.5,-49413.8,60.3,481.4,-601.9,-0.0,27.7,0,0,0.0,0.0
56.928,VehicleControllerBP_C_0,1,1,V_1_C_0,1,0,Authority,SimulatedProxy,0.0,0.989,0.000,-0.997,5294.6,-49468.1,60.3,431.0,-616.3,0.0,27.1,0,0,0.0,0.0
57.043,VehicleControllerBP_C_0,1,1,V_1_C_0,1,0,Authority,SimulatedProxy,0.0,0.993,0.000,-0.998,5334.8,-49531.0,60.3,375.3,-634.7,0.0,26.5,0,0,0.0,0.0
57.127,VehicleControllerBP_C_0,1,1,V_1_C_0,1,0,Authority,SimulatedProxy,0.0,0.995,0.000,-0.999,5369.9,-49595.4,60.3,324.2,-646.1,0.0,26.0,0,0,0.0,0.0
57.210,VehicleControllerBP_C_0,1,1,V_1_C_0,1,0,Authority,SimulatedProxy,0.0,0.996,0.000,-0.999,5395.7,-49650.1,60.3,287.4,-656.7,-0.0,25.8,0,0,0.0,0.0
57.282,VehicleControllerBP_C_0,1,1,V_1_C_0,1,0,Authority,SimulatedProxy,0.0,0.997,0.000,-0.999,5417.8,-49704.5,60.3,248.7,-662.0,-0.0,25.5,0,0,0.0,0.0
57.396,VehicleControllerBP_C_0,1,1,V_1_C_0,1,0,Authority,SimulatedProxy,0.0,0.998,0.000,-0.999,5434.3,-49751.8,60.3,211.2,-656.7,0.1,24.8,0,0,0.0,0.0
57.548,VehicleControllerBP_C_0,1,1,V_1_C_0,1,0,Authority,SimulatedProxy,0.0,0.999,0.000,-1.000,5453.4,-49817.6,60.3,171.6,-653.1,0.1,24.3,0,0,0.0,0.0
57.736,VehicleControllerBP_C_0,1,1,V_1_C_0,1,0,Authority,SimulatedProxy,0.0,1.000,0.000,-1.000,5468.1,-49882.9,60.4,127.4,-647.1,-0.0,23.7,0,0,0.0,0.0
57.818,VehicleControllerBP_C_0,1,1,V_1_C_0,1,0,Authority,SimulatedProxy,0.0,1.000,0.000,-1.000,5478.5,-49947.4,60.3,82.8,-637.2,-0.1,23.1,0,0,0.0,0.0
57.919,VehicleControllerBP_C_0,1,1,V_1_C_0,1,0,Authority,SimulatedProxy,0.0,1.000,0.000,-1.000,5484.2,-49999.2,60.3,52.9,-625.5,-0.0,22.6,0,0,0.0,0.0
58.014,VehicleControllerBP_C_0,1,1,V_1_C_0,1,0,Authority,SimulatedProxy,0.0,1.000,0.000,-1.000,5488.0,-50062.7,60.3,23.3,-645.9,0.3,23.3,0,0,0.0,0.0
58.120,VehicleControllerBP_C_0,1,1,V_1_C_0,1,0,Authority,SimulatedProxy,0.0,1.000,0.000,-1.000,5488.4,-50123.9,60.4,-8.3,-653.3,0.9,23.5,0,0,0.0,0.0
58.253,VehicleControllerBP_C_0,1,1,V_1_C_0,1,0,Authority,SimulatedProxy,0.0,1.000,0.000,-1.000,5485.3,-50189.0,60.5,-49.6,-656.4,0.8,23.7,0,0,0.0,0.0
58.359,VehicleControllerBP_C_0,1,1,V_1_C_0,1,0,Authority,SimulatedProxy,0.0,1.000,0.000,-1.000,5478.5,-50254.3,60.5,-88.5,-657.6,0.2,23.9,0,0,0.0,0.0
58.430,VehicleControllerBP_C_0,1,1,V_1_C_0,1,0,Authority,SimulatedProxy,0.0,1.000,0.000,-1.000,5468.0,-50319.7,60.5,-120.4,-659.8,-0.1,24.1,0,0,0.0,0.0
58.543,VehicleControllerBP_C_0,1,1,V_1_C_0,1,0,Authority,SimulatedProxy,0.0,1.000,0.000,-0.717,5458.2,-50366.3,60.5,-146.6,-650.6,-0.1,24.0,0,0,0.0,0.0
58.671,VehicleControllerBP_C_0,1,1,V_1_C_0,1,0,Authority,SimulatedProxy,0.0,1.000,0.000,-0.488,5441.2,-50431.6,60.5,-187.0,-646.9,-0.0,24.2,0,0,0.0,0.0
58.782,VehicleControllerBP_C_0,1,1,V_1_C_0,1,0,Authority,SimulatedProxy,0.0,1.000,0.000,-0.353,5420.1,-50496.3,60.5,-226.6,-641.0,0.0,24.5,0,0,0.0,0.0
58.889,VehicleControllerBP_C_0,1,1,V_1_C_0,1,0,Authority,SimulatedProxy,0.0,1.000,0.000,-0.258,5396.8,-50561.3,60.5,-245.3,-645.0,-0.0,24.8,0,0,0.0,0.0
59.266,VehicleControllerBP_C_0,1,1,V_1_C_0,1,0,Authority,SimulatedProxy,0.0,1.000,0.000,-0.015,5371.8,-50626.7,60.5,-255.6,-651.1,0.0,25.2,0,0,0.0,0.0
59.357,VehicleControllerBP_C_0,1,1,V_1_C_0,1,0,Authority,SimulatedProxy,0.0,1.000,0.000,-0.011,5346.9,-50693.0,60.5,-240.3,-661.5,-0.0,25.3,0,0,0.0,0.0
59.408,VehicleControllerBP_C_0,1,1,V_1_C_0,1,0,Authority,SimulatedProxy,0.0,1.000,0.000,-0.010,5324.9,-50755.5,60.5,-240.7,-693.4,0.3,26.4,0,0,0.0,0.0
59.468,VehicleControllerBP_C_0,1,1,V_1_C_0,1,0,Authority,SimulatedProxy,0.0,1.000,0.000,-0.008,5312.2,-50791.7,60.6,-244.9,-709.7,0.5,27.0,0,0,0.0,0.0
59.569,VehicleControllerBP_C_0,1,1,V_1_C_0,1,0,Authority,SimulatedProxy,0.0,1.000,0.000,-0.006,5297.2,-50835.1,60.6,-254.2,-731.9,0.7,27.9,0,0,0.0,0.0
59.674,VehicleControllerBP_C_0,1,1,V_1_C_0,1,0,Authority,SimulatedProxy,0.0,1.000,0.000,-0.005,5270.6,-50911.2,60.7,-269.7,-771.3,1.1,29.4,0,0,0.0,0.0
59.773,VehicleControllerBP_C_0,1,1,V_1_C_0,1,0,Authority,SimulatedProxy,0.0,1.000,0.000,-0.004,5243.7,-50988.2,60.8,-272.6,-780.0,-0.0,29.7,0,0,0.0,0.0
59.867,VehicleControllerBP_C_0,1,1,V_1_C_0,1,0,Authority,SimulatedProxy,0.0,1.000,0.000,-0.003,5216.5,-51066.1,60.7,-286.0,-818.4,-1.0,31.2,0,0,0.0,0.0
59.958,VehicleControllerBP_C_0,1,1,V_1_C_0,1,0,Authority,SimulatedProxy,0.0,1.000,0.000,-0.002,5187.8,-51148.3,60.7,-315.9,-903.2,1.6,34.4,0,0,0.0,0.0
60.062,VehicleControllerBP_C_0,1,1,V_1_C_0,1,0,Authority,SimulatedProxy,0.0,1.000,0.000,-0.002,5157.6,-51234.7,61.0,-346.1,-988.9,3.4,37.7,0,0,0.0,0.0
60.162,VehicleControllerBP_C_0,1,1,V_1_C_0,1,0,Authority,SimulatedProxy,0.0,1.000,0.000,-0.001,5121.4,-51337.9,61.3,-373.4,-1066.3,2.5,40.7,0,0,0.0,0.0
60.256,VehicleControllerBP_C_0,1,1,V_1_C_0,1,0,Authority,SimulatedProxy,0.0,1.000,0.000,-0.001,5082.3,-51449.6,61.4,-404.1,-1153.7,0.9,44.0,0,0,0.0,0.0
60.376,VehicleControllerBP_C_0,1,1,V_1_C_0,1,0,Authority,SimulatedProxy,0.0,1.000,0.000,-0.001,5043.0,-51561.9,61.5,-433.5,-1237.0,0.1,47.2,0,0,0.0,0.0
60.481,VehicleControllerBP_C_0,1,1,V_1_C_0,1,0,Authority,SimulatedProxy,0.0,1.000,0.000,-0.000,4998.9,-51687.7,61.4,-448.0,-1278.1,-0.9,48.8,0,0,0.0,0.0
60.574,VehicleControllerBP_C_0,1,1,V_1_C_0,1,0,Authority,SimulatedProxy,0.0,1.000,0.000,-0.000,4953.0,-51818.5,61.3,-465.6,-1327.7,-1.9,50.7,0,0,0.0,0.0
60.674,VehicleControllerBP_C_0,1,1,V_1_C_0,1,0,Authority,SimulatedProxy,0.0,1.000,0.000,-0.000,4908.7,-51944.9,61.1,-486.1,-1386.0,-1.3,52.9,0,0,0.0,0.0
60.764,VehicleControllerBP_C_0,1,1,V_1_C_0,1,0,Authority,SimulatedProxy,0.0,1.000,0.000,-0.000,4859.3,-52085.8,61.1,-500.3,-1426.4,-0.1,54.4,0,0,0.0,0.0
60.843,VehicleControllerBP_C_0,1,1,V_1_C_0,1,0,Authority,SimulatedProxy,0.0,1.000,0.000,-0.000,4814.2,-52214.3,61.0,-503.9,-1436.6,-0.8,54.8,0,0,0.0,0.0
60.941,VehicleControllerBP_C_0,1,1,V_1_C_0,1,0,Authority,SimulatedProxy,0.0,1.000,0.000,-0.000,4774.5,-52327.6,60.9,-508.2,-1448.6,-1.9,55.3,0,0,0.0,0.0
61.059,VehicleControllerBP_C_0,1,1,V_1_C_0,1,0,Authority,SimulatedProxy,0.0,1.000,0.000,-0.000,4724.2,-52471.1,60.7,-513.2,-1462.8,-2.1,55.8,0,0,0.0,0.0
61.136,VehicleControllerBP_C_0,1,1,V_1_C_0,1,0,Authority,SimulatedProxy,0.0,1.000,0.000,-0.193,4672.4,-52618.6,60.5,-518.2,-1476.9,-1.1,56.3,0,0,0.0,0.0
61.232,VehicleControllerBP_C_0,1,1,V_1_C_0,1,0,Authority,SimulatedProxy,0.0,0.713,0.000,-0.386,4630.7,-52732.4,60.5,-555.3,-1469.1,-0.7,56.5,0,0,0.0,0.0
61.347,VehicleControllerBP_C_0,1,1,V_1_C_0,1,0,Authority,SimulatedProxy,0.0,0.467,0.000,-0.562,4570.6,-52874.4,60.5,-663.4,-1465.4,1.4,57.9,0,0,0.0,0.0
61.431,VehicleControllerBP_C_0,1,1,V_1_C_0,1,0,Authority,SimulatedProxy,0.0,0.350,0.000,-0.654,4496.7,-53017.6,60.7,-797.2,-1398.6,0.9,58.0,0,0,0.0,0.0
61.544,VehicleControllerBP_C_0,1,1,V_1_C_0,1,0,Authority,SimulatedProxy,0.0,0.231,0.000,-0.752,4423.5,-53131.9,60.7,-932.7,-1338.6,-1.1,58.7,0,0,0.0,0.0
61.848,VehicleControllerBP_C_0,1,1,V_1_C_0,1,0,Authority,SimulatedProxy,0.0,0.021,0.000,-0.940,4322.2,-53260.0,60.6,-1078.2,-1230.2,-0.2,58.9,0,0,0.0,0.0
61.921,VehicleControllerBP_C_0,1,1,V_1_C_0,1,0,Authority,SimulatedProxy,0.0,0.016,0.000,-0.951,4208.5,-53375.5,60.5,-1181.6,-1089.2,-0.9,57.9,0,0,0.0,0.0
62.030,VehicleControllerBP_C_0,1,1,V_1_C_0,1,0,Authority,SimulatedProxy,0.0,0.011,0.000,-0.964,4119.5,-53450.9,60.4,-1241.2,-980.0,-2.9,56.9,0,0,0.0,0.0
62.111,VehicleControllerBP_C_0,1,1,V_1_C_0,1,0,Authority,SimulatedProxy,0.0,0.008,0.000,-0.972,3991.9,-53540.3,60.0,-1308.5,-826.2,-3.9,55.7,0,0,0.0,0.0
62.206,VehicleControllerBP_C_0,1,1,V_1_C_0,1,0,Authority,SimulatedProxy,0.0,0.006,0.000,-0.978,3884.9,-53601.4,59.7,-1336.8,-698.6,-2.6,54.3,0,0,0.0,0.0
62.304,VehicleControllerBP_C_0,1,1,V_1_C_0,1,0,Authority,SimulatedProxy,0.0,0.004,0.000,-0.984,3755.1,-53661.0,59.6,-1364.8,-554.4,-0.8,53.0,0,0,0.0,0.0
62.428,VehicleControllerBP_C_0,1,1,V_1_C_0,1,0,Authority,SimulatedProxy,0.0,0.003,0.000,-0.679,3620.8,-53707.7,59.6,-1372.2,-411.0,0.1,51.6,0,0,0.0,0.0
62.524,VehicleControllerBP_C_0,1,1,V_1_C_0,1,0,Authority,SimulatedProxy,0.0,0.002,0.000,-0.516,3483.3,-53740.3,59.6,-1377.9,-253.6,0.2,50.4,0,0,0.0,0.0
62.645,VehicleControllerBP_C_0,1,1,V_1_C_0,1,0,Authority,SimulatedProxy,0.0,0.001,0.000,-0.360,3351.7,-53755.7,59.6,-1371.7,-89.2,0.4,49.5,0,0,0.0,0.0
62.753,VehicleControllerBP_C_0,1,1,V_1_C_0,1,0,Authority,SimulatedProxy,0.0,0.001,0.000,-0.263,3214.7,-53758.4,59.7,-1365.0,29.7,2.3,49.2,0,0,0.0,0.0
62.860,VehicleControllerBP_C_0,1,1,V_1_C_0,1,0,Authority,SimulatedProxy,0.0,0.001,0.000,-0.192,3078.0,-53751.1,60.0,-1361.5,117.4,3.0,49.2,0,0,0.0,0.0
62.947,VehicleControllerBP_C_0,1,1,V_1_C_0,1,0,Authority,SimulatedProxy,0.0,0.000,0.000,-0.150,2942.5,-53735.8,60.3,-1354.2,187.1,1.7,49.2,0,0,0.0,0.0
63.032,VehicleControllerBP_C_0,1,1,V_1_C_0,1,0,Authority,SimulatedProxy,0.0,0.000,0.000,-0.119,2825.1,-53717.3,60.3,-1339.0,234.9,0.5,48.9,0,0,0.0,0.0
63.135,VehicleControllerBP_C_0,1,1,V_1_C_0,1,0,Authority,SimulatedProxy,0.0,0.000,0.000,-0.088,2713.1,-53696.0,60.3,-1330.9,271.7,-0.3,48.9,0,0,0.0,0.0
63.240,VehicleControllerBP_C_0,1,1,V_1_C_0,1,0,Authority,SimulatedProxy,0.0,0.000,0.000,-0.065,2581.0,-53667.2,60.3,-1312.0,305.6,-0.4,48.5,0,0,0.0,0.0
63.329,VehicleControllerBP_C_0,1,1,V_1_C_0,1,0,Authority,SimulatedProxy,0.0,0.000,0.000,-0.051,2449.9,-53635.6,60.3,-1307.6,329.1,-0.3,48.5,0,0,0.0,0.0
63.429,VehicleControllerBP_C_0,1,1,V_1_C_0,1,0,Authority,SimulatedProxy,0.0,0.000,0.000,-0.038,2334.2,-53605.8,60.3,-1295.2,343.4,-0.1,48.2,0,0,0.0,0.0
63.533,VehicleControllerBP_C_0,1,1,V_1_C_0,1,0,Authority,SimulatedProxy,0.0,0.000,0.000,-0.028,2204.8,-53570.9,60.3,-1290.1,356.6,0.0,48.2,0,0,0.0,0.0
63.653,VehicleControllerBP_C_0,1,1,V_1_C_0,1,0,Authority,SimulatedProxy,0.0,0.000,0.000,-0.020,2076.2,-53534.9,60.3,-1282.9,365.3,0.1,48.0,0,0,0.0,0.0
63.817,VehicleControllerBP_C_0,1,1,V_1_C_0,1,0,Authority,SimulatedProxy,0.0,0.000,0.000,-0.012,1948.2,-53498.2,60.3,-1276.6,370.5,0.0,47.9,0,0,0.0,0.0
63.884,VehicleControllerBP_C_0,1,1,V_1_C_0,1,0,Authority,SimulatedProxy,0.0,0.000,0.000,-0.010,1820.8,-53461.1,60.3,-1271.0,373.4,-0.0,47.7,0,0,0.0,0.0
63.969,VehicleControllerBP_C_0,1,1,V_1_C_0,1,0,Authority,SimulatedProxy,0.0,0.000,0.000,-0.008,1735.0,-53435.8,60.3,-1267.4,374.3,-0.0,47.6,0,0,0.0,0.0
64.111,VehicleControllerBP_C_0,1,1,V_1_C_0,1,0,Authority,SimulatedProxy,0.0,0.000,0.000,-0.005,1627.6,-53404.1,60.3,-1263.5,374.2,0.0,47.4,0,0,0.0,0.0
64.388,VehicleControllerBP_C_0,1,1,V_1_C_0,1,0,Authority,SimulatedProxy,0.0,0.000,0.000,-0.002,1501.5,-53366.8,60.3,-1259.0,373.2,0.0,47.3,0,0,0.0,0.0
64.492,VehicleControllerBP_C_0,1,1,V_1_C_0,1,0,Authority,SimulatedProxy,0.0,0.000,0.000,-0.001,1375.8,-53329.6,60.3,-1254.8,371.3,0.0,47.1,0,0,0.0,0.0
64.610,VehicleControllerBP_C_0,1,1,V_1_C_0,1,0,Authority,SimulatedProxy,0.0,0.000,0.000,-0.001,1250.6,-53292.5,60.3,-1250.4,370.2,0.0,46.9,0,0,0.0,0.0
64.727,VehicleControllerBP_C_0,1,1,V_1_C_0,1,0,Authority,SimulatedProxy,0.0,0.000,0.000,0.291,1125.8,-53255.6,60.3,-1246.0,369.0,0.0,46.8,0,0,0.0,0.0
64.815,VehicleControllerBP_C_0,1,1,V_1_C_0,1,0,Authority,SimulatedProxy,0.0,0.000,0.000,0.447,1000.8,-53221.6,60.3,-1250.4,312.9,-0.1,46.4,0,0,0.0,0.0
64.907,VehicleControllerBP_C_0,1,1,V_1_C_0,1,0,Authority,SimulatedProxy,0.0,0.000,0.000,0.574,890.3,-53199.5,60.3,-1252.8,209.6,-0.5,45.7,0,0,0.0,0.0
65.022,VehicleControllerBP_C_0,1,1,V_1_C_0,1,0,Authority,SimulatedProxy,0.0,0.000,0.000,0.697,774.9,-53187.0,60.2,-1251.0,75.2,-1.0,45.1,0,0,0.0,0.0
65.132,VehicleControllerBP_C_0,1,1,V_1_C_0,1,0,Authority,SimulatedProxy,0.0,0.000,0.000,0.505,651.6,-53188.5,60.1,-1217.3,-88.1,-0.7,43.9,0,0,0.0,0.0
65.232,VehicleControllerBP_C_0,1,1,V_1_C_0,1,0,Authority,SimulatedProxy,0.0,0.000,0.000,0.378,531.4,-53205.2,60.1,-1186.5,-225.4,0.1,43.5,0,0,0.0,0.0
65.336,VehicleControllerBP_C_0,1,1,V_1_C_0,1,0,Authority,SimulatedProxy,0.0,0.000,0.000,0.280,412.8,-53232.4,60.1,-1176.1,-317.7,1.6,43.9,0,0,0.0,0.0
65.410,VehicleControllerBP_C_0,1,1,V_1_C_0,1,0,Authority,SimulatedProxy,0.0,0.000,0.000,0.044,295.9,-53267.8,60.3,-1159.6,-387.0,1.7,44.0,0,0,0.0,0.0
65.488,VehicleControllerBP_C_0,1,1,V_1_C_0,1,0,Authority,SimulatedProxy,0.0,0.000,0.000,-0.159,210.7,-53297.2,60.4,-1154.5,-409.7,1.1,44.1,0,0,0.0,0.0
65.551,VehicleControllerBP_C_0,1,1,V_1_C_0,1,0,Authority,SimulatedProxy,0.0,0.000,0.000,-0.293,120.6,-53328.0,60.5,-1155.6,-391.2,0.2,43.9,0,0,0.0,0.0
65.721,VehicleControllerBP_C_0,1,1,V_1_C_0,1,0,Authority,SimulatedProxy,0.0,0.000,0.000,-0.593,46.9,-53351.0,60.4,-1157.5,-347.2,-0.7,43.5,0,0,0.0,0.0
65.807,VehicleControllerBP_C_0,1,1,V_1_C_0,1,0,Authority,SimulatedProxy,0.0,0.000,0.000,-0.681,-69.7,-53379.4,60.3,-1168.0,-231.3,-1.4,42.9,0,0,0.0,0.0
65.902,VehicleControllerBP_C_0,1,1,V_1_C_0,1,0,Authority,SimulatedProxy,0.0,0.000,0.000,-0.756,-169.9,-53393.6,60.2,-1154.5,-110.4,-1.5,41.8,0,0,0.0,0.0
66.015,VehicleControllerBP_C_0,1,1,V_1_C_0,1,0,Authority,SimulatedProxy,0.0,0.000,0.000,-0.825,-278.2,-53396.2,60.1,-1136.8,36.7,-1.2,40.9,0,0,0.0,0.0
66.125,VehicleControllerBP_C_0,1,1,V_1_C_0,1,0,Authority,SimulatedProxy,0.0,0.000,0.000,-0.873,-391.0,-53386.0,60.0,-1115.2,174.0,0.5,40.6,0,0,0.0,0.0
66.227,VehicleControllerBP_C_0,1,1,V_1_C_0,1,0,Authority,SimulatedProxy,0.0,0.000,0.000,-0.906,-500.9,-53361.6,60.2,-1080.8,308.7,1.7,40.5,0,0,0.0,0.0
66.341,VehicleControllerBP_C_0,1,1,V_1_C_0,1,0,Authority,SimulatedProxy,0.0,0.000,0.000,-0.932,-606.1,-53323.6,60.3,-1028.5,439.5,1.5,40.3,0,0,0.0,0.0
66.449,VehicleControllerBP_C_0,1,1,V_1_C_0,1,0,Authority,SimulatedProxy,0.0,0.000,0.000,-0.951,-705.1,-53273.0,60.4,-961.1,558.7,0.6,40.0,0,0,0.0,0.0
66.561,VehicleControllerBP_C_0,1,1,V_1_C_0,1,0,Authority,SimulatedProxy,0.0,0.000,0.000,-0.408,-796.4,-53210.7,60.5,-881.3,670.9,-0.1,39.9,0,0,0.0,0.0
66.658,VehicleControllerBP_C_0,1,1,V_1_C_0,1,0,Authority,SimulatedProxy,0.0,0.000,0.000,-0.065,-881.9,-53140.1,60.4,-828.7,738.3,0.1,40.0,0,0,0.0,0.0
66.757,VehicleControllerBP_C_0,1,1,V_1_C_0,1,0,Authority,SimulatedProxy,0.0,0.000,0.000,0.197,-961.8,-53066.3,60.5,-807.7,767.9,0.2,40.1,0,0,0.0,0.0
66.857,VehicleControllerBP_C_0,1,1,V_1_C_0,1,0,Authority,SimulatedProxy,0.0,0.000,0.000,0.398,-1042.0,-52991.8,60.5,-817.9,750.2,-0.3,40.0,0,0,0.0,0.0
66.942,VehicleControllerBP_C_0,1,1,V_1_C_0,1,0,Authority,SimulatedProxy,0.0,0.000,0.000,0.526,-1125.9,-52920.5,60.4,-853.2,684.2,-0.9,39.4,0,0,0.0,0.0
67.049,VehicleControllerBP_C_0,1,1,V_1_C_0,1,0,Authority,SimulatedProxy,0.0,0.000,0.000,0.654,-1200.8,-52866.9,60.3,-901.3,595.4,-1.2,38.9,0,0,0.0,0.0
67.151,VehicleControllerBP_C_0,1,1,V_1_C_0,1,0,Authority,SimulatedProxy,0.0,0.000,0.000,0.742,-1293.5,-52814.7,60.2,-946.1,462.7,-0.7,37.9,0,0,0.0,0.0
67.233,VehicleControllerBP_C_0,1,1,V_1_C_0,1,0,Authority,SimulatedProxy,0.0,0.000,0.000,0.794,-1390.3,-52773.1,60.2,-985.5,358.9,0.3,37.8,0,0,0.0,0.0
67.338,VehicleControllerBP_C_0,1,1,V_1_C_0,1,0,Authority,SimulatedProxy,0.0,0.000,0.000,0.848,-1472.0,-52747.3,60.2,-1008.3,272.4,0.9,37.6,0,0,0.0,0.0
67.453,VehicleControllerBP_C_0,1,1,V_1_C_0,1,0,Authority,SimulatedProxy,0.0,0.000,0.000,0.892,-1574.0,-52726.0,60.3,-1026.2,158.1,0.9,37.4,0,0,0.0,0.0
67.548,VehicleControllerBP_C_0,1,1,V_1_C_0,1,0,Authority,SimulatedProxy,0.0,0.000,0.000,0.918,-1677.0,-52715.9,60.4,-1031.8,46.6,0.4,37.2,0,0,0.0,0.0
67.649,VehicleControllerBP_C_0,1,1,V_1_C_0,1,0,Authority,SimulatedProxy,0.0,0.000,0.000,0.939,-1775.1,-52716.6,60.4,-1033.6,-59.2,-0.0,37.3,0,0,0.0,0.0
67.764,VehicleControllerBP_C_0,1,1,V_1_C_0,1,0,Authority,SimulatedProxy,0.0,0.000,0.000,0.383,-1877.2,-52728.1,60.4,-1013.5,-169.0,0.1,37.0,0,0,0.0,0.0
67.886,VehicleControllerBP_C_0,1,1,V_1_C_0,1,0,Authority,SimulatedProxy,0.0,0.000,0.000,-0.040,-1978.1,-52747.3,60.4,-999.0,-222.1,0.1,36.8,0,0,0.0,0.0
67.996,VehicleControllerBP_C_0,1,1,V_1_C_0,1,0,Authority,SimulatedProxy,0.0,0.330,0.000,-0.304,-2078.7,-52770.6,60.4,-1008.9,-241.3,0.1,37.3,0,0,0.0,0.0
68.102,VehicleControllerBP_C_0,1,1,V_1_C_0,1,0,Authority,SimulatedProxy,0.0,0.543,0.000,-0.488,-2180.9,-52793.0,60.5,-1040.1,-214.3,0.3,38.2,0,0,0.0,0.0
68.215,VehicleControllerBP_C_0,1,1,V_1_C_0,1,0,Authority,SimulatedProxy,0.0,0.698,0.000,-0.633,-2286.2,-52810.3,60.5,-1067.4,-139.6,0.9,38.8,0,0,0.0,0.0
68.320,VehicleControllerBP_C_0,1,1,V_1_C_0,1,0,Authority,SimulatedProxy,0.0,0.793,0.000,-0.729,-2395.0,-52817.7,60.6,-1100.0,-23.8,1.0,39.6,0,0,0.0,0.0
68.417,VehicleControllerBP_C_0,1,1,V_1_C_0,1,0,Authority,SimulatedProxy,0.0,0.853,0.000,-0.795,-2506.1,-52812.1,60.7,-1122.3,118.4,0.7,40.6,0,0,0.0,0.0
68.514,VehicleControllerBP_C_0,1,1,V_1_C_0,1,0,Authority,SimulatedProxy,0.0,0.896,0.000,-0.844,-2616.7,-52794.6,60.8,-1152.4,247.3,1.1,42.4,0,0,0.0,0.0
68.637,VehicleControllerBP_C_0,1,1,V_1_C_0,1,0,Authority,SimulatedProxy,0.0,0.934,0.000,-0.584,-2728.0,-52762.3,60.9,-1162.3,401.9,1.5,44.3,0,0,0.0,0.0
68.732,VehicleControllerBP_C_0,1,1,V_1_C_0,1,0,Authority,SimulatedProxy,0.0,0.953,0.000,-0.446,-2842.3,-52714.9,61.1,-1115.4,534.0,0.8,44.5,0,0,0.0,0.0
68.834,VehicleControllerBP_C_0,1,1,V_1_C_0,1,0,Authority,SimulatedProxy,0.0,0.967,0.000,-0.332,-2946.2,-52659.1,61.0,-1083.0,640.4,-1.8,45.3,0,0,0.0,0.0
68.956,VehicleControllerBP_C_0,1,1,V_1_C_0,1,0,Authority,SimulatedProxy,0.0,0.979,0.000,0.075,-3053.8,-52589.8,60.8,-1058.2,735.7,-1.6,46.4,0,0,0.0,0.0
69.021,VehicleControllerBP_C_0,1,1,V_1_C_0,1,0,Authority,SimulatedProxy,0.0,0.983,0.000,0.226,-3159.7,-52512.9,60.7,-1053.3,790.9,-0.1,47.4,0,0,0.0,0.0
69.107,VehicleControllerBP_C_0,1,1,V_1_C_0,1,0,Authority,SimulatedProxy,0.0,0.988,0.000,0.392,-3229.9,-52461.2,60.7,-1072.2,794.4,0.3,48.0,0,0,0.0,0.0
69.204,VehicleControllerBP_C_0,1,1,V_1_C_0,1,0,Authority,SimulatedProxy,0.0,0.991,0.000,0.539,-3325.0,-52394.8,60.8,-1129.6,759.7,0.0,49.0,0,0,0.0,0.0
69.310,VehicleControllerBP_C_0,1,1,V_1_C_0,1,0,Authority,SimulatedProxy,0.0,0.994,0.000,0.661,-3437.4,-52327.0,60.7,-1191.8,656.6,-1.1,49.0,0,0,0.0,0.0
69.410,VehicleControllerBP_C_0,1,1,V_1_C_0,1,0,Authority,SimulatedProxy,0.0,0.996,0.000,0.495,-3559.2,-52269.9,60.6,-1248.3,505.7,-2.1,48.5,0,0,0.0,0.0
69.558,VehicleControllerBP_C_0,1,1,V_1_C_0,1,0,Authority,SimulatedProxy,0.0,0.998,0.000,0.312,-3686.1,-52227.8,60.3,-1297.3,356.9,-1.8,48.4,0,0,0.0,0.0
69.664,VehicleControllerBP_C_0,1,1,V_1_C_0,1,0,Authority,SimulatedProxy,0.0,0.998,0.000,0.230,-3817.5,-52196.9,60.3,-1343.0,265.8,0.7,49.3,0,0,0.0,0.0
69.802,VehicleControllerBP_C_0,1,1,V_1_C_0,1,0,Authority,SimulatedProxy,0.0,0.999,0.000,0.150,-3953.4,-52173.9,60.4,-1381.0,194.5,2.5,50.2,0,0,0.0,0.0
69.929,VehicleControllerBP_C_0,1,1,V_1_C_0,1,0,Authority,SimulatedProxy,0.0,0.999,0.000,0.102,-4092.8,-52157.2,60.7,-1415.1,141.9,1.9,51.2,0,0,0.0,0.0
70.052,VehicleControllerBP_C_0,1,1,V_1_C_0,1,0,Authority,SimulatedProxy,0.0,1.000,0.000,0.071,-4235.5,-52144.8,60.8,-1447.7,104.4,0.7,52.3,0,0,0.0,0.0
70.172,VehicleControllerBP_C_0,1,1,V_1_C_0,1,0,Authority,SimulatedProxy,0.0,1.000,0.000,0.050,-4381.4,-52136.0,60.8,-1480.2,71.7,-0.1,53.3,0,0,0.0,0.0
70.294,VehicleControllerBP_C_0,1,1,V_1_C_0,1,0,Authority,SimulatedProxy,0.0,1.000,0.000,0.034,-4530.7,-52129.8,60.8,-1513.3,50.1,-0.1,54.5,0,0,0.0,0.0
70.370,VehicleControllerBP_C_0,1,1,V_1_C_0,1,0,Authority,SimulatedProxy,0.0,1.000,0.000,0.028,-4683.3,-52125.4,60.8,-1547.5,34.7,0.1,55.7,0,0,0.0,0.0
70.473,VehicleControllerBP_C_0,1,1,V_1_C_0,1,0,Authority,SimulatedProxy,0.0,1.000,0.000,0.021,-4800.4,-52123.2,60.8,-1573.1,24.0,0.3,56.6,0,0,0.0,0.0
70.579,VehicleControllerBP_C_0,1,1,V_1_C_0,1,0,Authority,SimulatedProxy,0.0,1.000,0.000,0.015,-4959.0,-52121.2,60.8,-1608.5,13.6,0.2,57.9,0,0,0.0,0.0
70.693,VehicleControllerBP_C_0,1,1,V_1_C_0,1,0,Authority,SimulatedProxy,0.0,1.000,0.000,0.011,-5120.6,-52120.2,60.9,-1625.4,5.8,-0.1,58.5,0,0,0.0,0.0
70.792,VehicleControllerBP_C_0,1,1,V_1_C_0,1,0,Authority,SimulatedProxy,0.0,1.000,0.000,0.008,-5283.8,-52119.9,60.8,-1644.0,-1.4,-1.4,59.2,0,0,0.0,0.0
70.887,VehicleControllerBP_C_0,1,1,V_1_C_0,1,0,Authority,SimulatedProxy,0.0,1.000,0.000,0.006,-5448.3,-52120.3,60.7,-1687.1,-6.9,-0.5,60.7,0,0,0.0,0.0
70.991,VehicleControllerBP_C_0,1,1,V_1_C_0,1,0,Authority,SimulatedProxy,0.0,1.000,0.000,0.005,-5608.6,-52121.0,60.7,-1703.5,-9.0,0.7,61.3,0,0,0.0,0.0
71.079,VehicleControllerBP_C_0,1,1,V_1_C_0,1,0,Authority,SimulatedProxy,0.0,1.000,0.000,0.004,-5779.2,-52121.9,60.7,-1719.1,-9.9,-0.4,61.9,0,0,0.0,0.0
71.159,VehicleControllerBP_C_0,1,1,V_1_C_0,1,0,Authority,SimulatedProxy,0.0,1.000,0.000,0.003,-5930.5,-52122.8,60.6,-1722.5,-10.9,-1.2,62.0,0,0,0.0,0.0
71.279,VehicleControllerBP_C_0,1,1,V_1_C_0,1,0,Authority,SimulatedProxy,0.0,1.000,0.000,0.002,-6068.3,-52123.7,60.5,-1735.7,-12.2,-0.9,62.5,0,0,0.0,0.0
71.372,VehicleControllerBP_C_0,1,1,V_1_C_0,1,0,Authority,SimulatedProxy,0.0,1.000,0.000,0.002,-6243.8,-52125.0,60.5,-1776.3,-12.9,0.0,63.9,0,0,0.0,0.0
71.498,VehicleControllerBP_C_0,1,1,V_1_C_0,1,0,Authority,SimulatedProxy,0.0,1.000,0.000,0.001,-6414.1,-52126.2,60.6,-1854.2,-14.2,3.0,66.8,0,0,0.0,0.0
71.614,VehicleControllerBP_C_0,1,1,V_1_C_0,1,0,Authority,SimulatedProxy,0.0,1.000,0.000,0.001,-6604.4,-52127.7,61.1,-1941.8,-15.1,6.4,69.9,0,0,0.0,0.0
71.704,VehicleControllerBP_C_0,1,1,V_1_C_0,1,0,Authority,SimulatedProxy,0.0,1.000,0.000,0.001,-6803.4,-52129.3,61.7,-2028.6,-16.1,4.8,73.0,0,0,0.0,0.0
71.810,VehicleControllerBP_C_0,1,1,V_1_C_0,1,0,Authority,SimulatedProxy,0.0,1.000,0.000,0.000,-6991.2,-52130.8,62.0,-2107.4,-17.0,1.3,75.9,0,0,0.0,0.0
71.928,VehicleControllerBP_C_0,1,1,V_1_C_0,1,0,Authority,SimulatedProxy,0.0,1.000,0.000,0.000,-7206.6,-52132.5,62.0,-2194.4,-17.9,-0.9,79.0,0,0,0.0,0.0
72.032,VehicleControllerBP_C_0,1,1,V_1_C_0,1,0,Authority,SimulatedProxy,0.0,1.000,0.000,0.000,-7430.7,-52134.3,61.9,-2281.5,-18.7,-0.8,82.1,0,0,0.0,0.0
72.148,VehicleControllerBP_C_0,1,1,V_1_C_0,1,0,Authority,SimulatedProxy,0.0,1.000,0.000,0.000,-7663.6,-52136.2,61.9,-2368.7,-19.5,0.1,85.3,0,0,0.0,0.0
72.252,VehicleControllerBP_C_0,1,1,V_1_C_0,1,0,Authority,SimulatedProxy,0.0,1.000,0.000,0.000,-7905.2,-52138.2,61.9,-2456.0,-20.3,0.6,88.4,0,0,0.0,0.0
72.337,VehicleControllerBP_C_0,1,1,V_1_C_0,1,0,Authority,SimulatedProxy,0.0,1.000,0.000,0.000,-8155.5,-52140.3,62.0,-2542.6,-21.0,0.5,91.5,0,0,0.0,0.0
72.443,VehicleControllerBP_C_0,1,1,V_1_C_0,1,0,Authority,SimulatedProxy,0.0,1.000,0.000,0.000,-8375.1,-52142.1,62.0,-2615.3,-21.6,0.2,94.2,0,0,0.0,0.0
72.541,VehicleControllerBP_C_0,1,1,V_1_C_0,1,0,Authority,SimulatedProxy,0.0,1.000,0.000,0.000,-8641.2,-52144.3,62.0,-2700.2,-22.3,0.0,97.2,0,0,0.0,0.0
72.629,VehicleControllerBP_C_0,1,1,V_1_C_0,1,0,Authority,SimulatedProxy,0.0,1.000,0.000,0.000,-8909.9,-52146.5,62.0,-2782.6,-22.9,-0.0,100.2,0,0,0.0,0.0
72.770,VehicleControllerBP_C_0,1,1,V_1_C_0,1,0,Authority,SimulatedProxy,0.0,1.000,0.000,0.000,-9158.0,-52148.6,62.0,-2856.1,-23.5,0.1,102.8,0,0,0.0,0.0
72.850,VehicleControllerBP_C_0,1,1,V_1_C_0,1,0,Authority,SimulatedProxy,0.0,1.000,0.000,0.000,-9448.1,-52150.9,62.0,-2939.1,-24.1,0.1,105.8,0,0,0.0,0.0
72.958,VehicleControllerBP_C_0,1,1,V_1_C_0,1,0,Authority,SimulatedProxy,0.0,1.000,0.000,0.000,-9685.8,-52152.9,62.0,-3004.7,-24.6,0.1,108.2,0,0,0.0,0.0
73.047,VehicleControllerBP_C_0,1,1,V_1_C_0,1,0,Authority,SimulatedProxy,0.0,1.000,0.000,0.000,-9990.7,-52155.4,62.0,-3085.9,-25.2,0.0,111.1,0,0,0.0,0.0
73.169,VehicleControllerBP_C_0,1,1,V_1_C_0,1,0,Authority,SimulatedProxy,0.0,1.000,0.000,0.000,-10270.5,-52157.7,62.0,-3157.5,-25.8,-0.1,113.7,0,0,0.0,0.0
73.266,VehicleControllerBP_C_0,1,1,V_1_C_0,1,0,Authority,SimulatedProxy,0.0,1.000,0.000,0.000,-10587.5,-52160.3,61.9,-3171.8,-25.9,-3.0,114.2,0,0,0.0,0.0
73.367,VehicleControllerBP_C_0,1,1,V_1_C_0,1,0,Authority,SimulatedProxy,0.0,1.000,0.000,0.000,-10895.3,-52162.8,61.2,-3199.7,-26.1,-10.2,115.2,0,0,0.0,0.0
73.465,VehicleControllerBP_C_0,1,1,V_1_C_0,1,0,Authority,SimulatedProxy,0.0,1.000,0.000,0.000,-11219.8,-52165.4,60.5,-3287.0,-26.8,-2.6,118.3,0,0,0.0,0.0
73.569,VehicleControllerBP_C_0,1,1,V_1_C_0,1,0,Authority,SimulatedProxy,0.0,1.000,0.000,0.000,-11549.1,-52168.1,61.0,-3390.2,-27.6,11.5,122.1,0,0,0.0,0.0
73.674,VehicleControllerBP_C_0,1,1,V_1_C_0,1,0,Authority,SimulatedProxy,0.0,1.000,0.000,0.000,-11894.0,-52170.9,62.4,-3496.0,-28.6,13.1,125.9,0,0,0.0,0.0
73.756,VehicleControllerBP_C_0,1,1,V_1_C_0,1,0,Authority,SimulatedProxy,0.0,1.000,0.000,0.000,-12249.2,-52173.8,63.2,-3601.5,-30.5,4.4,129.7,0,0,0.0,0.0
73.877,VehicleControllerBP_C_0,1,1,V_1_C_0,1,0,Authority,SimulatedProxy,0.0,1.000,0.000,0.000,-12548.7,-52176.2,63.3,-3687.0,-29.0,-0.9,132.7,0,0,0.0,0.0
73.956,VehicleControllerBP_C_0,1,1,V_1_C_0,1,0,Authority,SimulatedProxy,0.0,1.000,0.000,0.000,-12923.0,-52179.2,63.1,-3791.1,-32.6,-3.2,136.5,0,0,0.0,0.0
74.021,VehicleControllerBP_C_0,1,1,V_1_C_0,1,0,Authority,SimulatedProxy,0.0,1.000,0.000,0.000,-13225.0,-52181.5,62.8,-3871.6,-27.3,-2.7,139.4,0,0,0.0,0.0
74.124,VehicleControllerBP_C_0,1,1,V_1_C_0,1,0,Authority,SimulatedProxy,0.0,1.000,0.000,0.000,-13479.4,-52183.5,62.7,-3892.3,-30.5,-2.7,140.1,0,0,0.0,0.0
74.237,VehicleControllerBP_C_0,1,1,V_1_C_0,1,0,Authority,SimulatedProxy,0.0,1.000,0.000,0.000,-13867.7,-52186.5,61.8,-3891.2,-26.8,-14.4,140.1,0,0,0.0,0.0
74.372,VehicleControllerBP_C_0,1,1,V_1_C_0,1,0,Authority,SimulatedProxy,0.0,1.000,0.000,0.000,-14258.8,-52189.5,60.2,-3936.6,-27.7,-14.2,141.7,0,0,0.0,0.0
74.441,VehicleControllerBP_C_0,1,1,V_1_C_0,1,0,Authority,SimulatedProxy,0.0,1.000,0.000,0.000,-14656.7,-52192.5,59.7,-4009.2,-29.4,3.6,144.3,0,0,0.0,0.0
74.536,VehicleControllerBP_C_0,1,1,V_1_C_0,1,0,Authority,SimulatedProxy,0.0,0.715,0.000,0.000,-14932.8,-52194.6,60.3,-4060.6,-31.1,13.2,146.2,0,0,0.0,0.0
74.636,VehicleControllerBP_C_0,1,1,V_1_C_0,1,0,Authority,SimulatedProxy,0.0,0.500,0.000,0.000,-15322.4,-52197.5,61.8,-4134.4,-30.1,14.4,148.8,0,0,0.0,0.0
74.738,VehicleControllerBP_C_0,1,1,V_1_C_0,1,0,Authority,SimulatedProxy,0.0,0.348,0.000,0.000,-15740.0,-52200.5,62.7,-4213.7,-31.6,4.4,151.7,0,0,0.0,0.0
74.850,VehicleControllerBP_C_0,1,1,V_1_C_0,1,0,Authority,SimulatedProxy,0.0,0.230,0.000,0.000,-16165.5,-52203.5,62.7,-4289.6,-29.8,-4.0,154.4,0,0,0.0,0.0
74.959,VehicleControllerBP_C_0,1,1,V_1_C_0,1,0,Authority,SimulatedProxy,0.0,0.155,0.000,0.000,-16597.8,-52206.5,62.2,-4349.8,-30.2,-5.2,156.6,0,0,0.0,0.0
75.034,VehicleControllerBP_C_0,1,1,V_1_C_0,1,0,Authority,SimulatedProxy,0.0,0.120,0.000,0.000,-17033.8,-52209.5,61.6,-4361.8,-29.8,-7.2,157.0,0,0,0.0,0.0
75.117,VehicleControllerBP_C_0,1,1,V_1_C_0,1,0,Authority,SimulatedProxy,0.0,0.090,0.000,0.000,-17361.0,-52211.7,60.8,-4349.0,-33.0,-12.7,156.6,0,0,0.0,0.0
75.216,VehicleControllerBP_C_0,1,1,V_1_C_0,1,0,Authority,SimulatedProxy,0.0,0.064,0.000,0.000,-17719.1,-52214.2,59.6,-4333.9,-27.5,-15.7,156.0,0,0,0.0,0.0
75.309,VehicleControllerBP_C_0,1,1,V_1_C_0,1,0,Authority,SimulatedProxy,0.0,0.046,0.000,0.000,-18145.8,-52217.2,58.2,-4314.6,-27.1,-11.4,155.3,0,0,0.0,0.0
75.413,VehicleControllerBP_C_0,1,1,V_1_C_0,1,0,Authority,SimulatedProxy,0.0,0.032,0.000,0.000,-18546.8,-52220.0,57.5,-4295.9,-28.9,-5.3,154.7,0,0,0.0,0.0
75.511,VehicleControllerBP_C_0,1,1,V_1_C_0,1,0,Authority,SimulatedProxy,0.0,0.022,0.000,0.000,-18975.2,-52223.0,57.2,-4275.3,-31.9,-0.9,153.9,0,0,0.0,0.0
75.638,VehicleControllerBP_C_0,1,1,V_1_C_0,1,0,Authority,SimulatedProxy,0.0,0.394,0.000,0.000,-19396.2,-52226.0,57.2,-4254.8,-29.3,0.7,153.2,0,0,0.0,0.0
75.729,VehicleControllerBP_C_0,1,1,V_1_C_0,1,0,Authority,SimulatedProxy,0.0,0.558,0.000,0.000,-19821.5,-52229.1,57.3,-4251.3,-31.7,2.3,153.1,0,0,0.0,0.0
75.844,VehicleControllerBP_C_0,1,1,V_1_C_0,1,0,Authority,SimulatedProxy,0.0,0.712,0.000,0.000,-20205.3,-52231.8,57.7,-4255.5,-28.1,5.1,153.2,0,0,0.0,0.0
75.948,VehicleControllerBP_C_0,1,1,V_1_C_0,1,0,Authority,SimulatedProxy,0.0,0.802,0.000,0.000,-20631.6,-52234.8,58.3,-4268.4,-26.0,7.2,153.7,0,0,0.0,0.0
76.033,VehicleControllerBP_C_0,1,1,V_1_C_0,1,0,Authority,SimulatedProxy,0.0,0.852,0.000,0.000,-21059.5,-52237.7,59.1,-4286.9,-30.6,7.5,154.3,0,0,0.0,0.0
76.124,VehicleControllerBP_C_0,1,1,V_1_C_0,1,0,Authority,SimulatedProxy,0.0,0.893,0.000,0.000,-21423.9,-52240.2,59.6,-4305.2,-32.0,5.9,155.0,0,0,0.0,0.0
76.202,VehicleControllerBP_C_0,1,1,V_1_C_0,1,0,Authority,SimulatedProxy,0.0,0.918,0.000,0.000,-21817.5,-52242.8,60.0,-4327.7,-31.8,3.2,155.8,0,0,0.0,0.0
76.325,VehicleControllerBP_C_0,1,1,V_1_C_0,1,0,Authority,SimulatedProxy,0.0,0.948,0.000,0.000,-22155.2,-52245.1,60.2,-4347.9,-32.1,1.3,156.5,0,0,0.0,0.0
76.414,VehicleControllerBP_C_0,1,1,V_1_C_0,1,0,Authority,SimulatedProxy,0.0,0.962,0.000,0.000,-22591.5,-52247.9,60.2,-4376.4,-32.0,0.2,157.6,0,0,0.0,0.0
76.506,VehicleControllerBP_C_0,1,1,V_1_C_0,1,0,Authority,SimulatedProxy,0.0,0.972,0.000,0.000,-22982.1,-52250.4,60.3,-4402.4,-30.8,0.3,158.5,0,0,0.0,0.0
76.600,VehicleControllerBP_C_0,1,1,V_1_C_0,1,0,Authority,SimulatedProxy,0.0,0.980,0.000,0.000,-23385.7,-52253.0,60.3,-4429.8,-30.1,0.5,159.5,0,0,0.0,0.0
76.678,VehicleControllerBP_C_0,1,1,V_1_C_0,1,0,Authority,SimulatedProxy,0.0,0.985,0.000,0.000,-23806.3,-52255.5,60.3,-4458.5,-27.2,0.4,160.5,0,0,0.0,0.0
76.844,VehicleControllerBP_C_0,1,1,V_1_C_0,1,0,Authority,SimulatedProxy,0.0,0.992,0.000,0.000,-24153.9,-52257.4,60.4,-4482.3,-29.1,0.2,161.4,0,0,0.0,0.0
76.911,VehicleControllerBP_C_0,1,1,V_1_C_0,1,0,Authority,SimulatedProxy,0.0,0.994,0.000,0.000,-24603.8,-52259.9,60.4,-4513.3,-21.2,0.0,162.5,0,0,0.0,0.0
77.002,VehicleControllerBP_C_0,1,1,V_1_C_0,1,0,Authority,SimulatedProxy,0.0,0.996,0.000,0.000,-24906.9,-52261.5,60.4,-4533.8,-27.0,-0.0,163.2,0,0,0.0,0.0
77.099,VehicleControllerBP_C_0,1,1,V_1_C_0,1,0,Authority,SimulatedProxy,0.0,0.997,0.000,0.000,-25320.8,-52263.8,60.4,-4561.9,-21.7,-0.1,164.2,0,0,0.0,0.0
77.197,VehicleControllerBP_C_0,1,1,V_1_C_0,1,0,Authority,SimulatedProxy,0.0,0.998,0.000,0.000,-25765.3,-52266.1,60.4,-4591.5,-21.7,-0.1,165.3,0,0,0.0,0.0
77.290,VehicleControllerBP_C_0,1,1,V_1_C_0,1,0,Authority,SimulatedProxy,0.0,0.998,0.000,0.000,-26219.5,-52268.8,60.3,-4621.4,-26.8,-0.2,166.4,0,0,0.0,0.0
77.367,VehicleControllerBP_C_0,1,1,V_1_C_0,1,0,Authority,SimulatedProxy,0.0,0.999,0.000,0.000,-26649.4,-52270.9,60.3,-4649.3,-21.5,-0.2,167.4,0,0,0.0,0.0
77.463,VehicleControllerBP_C_0,1,1,V_1_C_0,1,0,Authority,SimulatedProxy,0.0,0.999,0.000,0.000,-27007.1,-52272.3,60.3,-4672.2,-15.0,-0.2,168.2,0,0,0.0,0.0
77.542,VehicleControllerBP_C_0,1,1,V_1_C_0,1,0,Authority,SimulatedProxy,0.0,0.999,0.000,0.000,-27456.0,-52273.1,60.3,-4700.6,-3.8,-0.2,169.2,0,0,0.0,0.0
77.650,VehicleControllerBP_C_0,1,1,V_1_C_0,1,0,Authority,SimulatedProxy,0.0,1.000,0.000,0.000,-27830.1,-52272.9,60.3,-4723.9,8.7,-0.2,170.1,0,0,0.0,0.0
77.741,VehicleControllerBP_C_0,1,1,V_1_C_0,1,0,Authority,SimulatedProxy,0.0,1.000,0.000,0.000,-28304.0,-52270.8,60.3,-4752.8,30.0,-0.3,171.1,0,0,0.0,0.0
77.836,VehicleControllerBP_C_0,1,1,V_1_C_0,1,0,Authority,SimulatedProxy,0.0,1.000,0.000,0.000,-28738.6,-52266.7,60.2,-4778.7,57.2,-0.4,172.0,0,0,0.0,0.0
77.949,VehicleControllerBP_C_0,1,1,V_1_C_0,1,0,Authority,SimulatedProxy,0.0,1.000,0.000,0.000,-29196.8,-52259.2,60.2,-4805.1,97.0,-0.4,173.0,0,0,0.0,0.0
78.037,VehicleControllerBP_C_0,1,1,V_1_C_0,1,0,Authority,SimulatedProxy,0.0,1.000,0.000,0.000,-29678.7,-52246.2,60.2,-4831.4,156.4,-0.4,174.0,0,0,0.0,0.0
78.123,VehicleControllerBP_C_0,1,1,V_1_C_0,1,0,Authority,SimulatedProxy,0.0,1.000,0.000,0.000,-30106.5,-52229.3,60.1,-4853.4,213.7,-0.4,174.9,0,0,0.0,0.0
78.218,VehicleControllerBP_C_0,1,1,V_1_C_0,1,0,Authority,SimulatedProxy,0.0,1.000,0.000,0.000,-30525.3,-52208.7,60.1,-4874.2,263.3,0.0,175.7,0,0,0.0,0.0
78.309,VehicleControllerBP_C_0,1,1,V_1_C_0,1,0,Authority,SimulatedProxy,0.0,1.000,0.000,0.000,-30986.2,-52181.6,60.1,-4897.0,308.2,0.0,176.6,0,0,0.0,0.0
78.416,VehicleControllerBP_C_0,1,1,V_1_C_0,1,0,Authority,SimulatedProxy,0.0,1.000,0.000,0.000,-31431.8,-52152.2,60.1,-4919.5,338.4,-0.1,177.5,0,0,0.0,0.0
78.505,VehicleControllerBP_C_0,1,1,V_1_C_0,1,0,Authority,SimulatedProxy,0.0,1.000,0.000,0.000,-31925.1,-52117.3,60.1,-4944.8,359.1,-0.2,178.5,0,0,0.0,0.0
78.591,VehicleControllerBP_C_0,1,1,V_1_C_0,1,0,Authority,SimulatedProxy,0.0,1.000,0.000,0.000,-32367.1,-52084.8,60.1,-4967.5,369.9,-0.3,179.3,0,0,0.0,0.0
78.723,VehicleControllerBP_C_0,1,1,V_1_C_0,1,0,Authority,SimulatedProxy,0.0,1.000,0.000,0.000,-32793.8,-52052.6,60.0,-4989.1,380.8,-0.3,180.1,0,0,0.0,0.0
78.803,VehicleControllerBP_C_0,1,1,V_1_C_0,1,0,Authority,SimulatedProxy,0.0,1.000,0.000,0.000,-33294.1,-52014.7,60.0,-5015.2,379.5,-0.2,181.1,0,0,0.0,0.0
78.892,VehicleControllerBP_C_0,1,1,V_1_C_0,1,0,Authority,SimulatedProxy,0.0,1.000,0.000,0.000,-33695.1,-51984.1,60.0,-5035.6,379.2,-0.1,181.8,0,0,0.0,0.0
78.964,VehicleControllerBP_C_0,1,1,V_1_C_0,1,0,Authority,SimulatedProxy,0.0,1.000,0.000,0.000,-34143.1,-51949.9,60.0,-5057.6,386.2,-0.2,182.6,0,0,0.0,0.0
79.048,VehicleControllerBP_C_0,1,1,V_1_C_0,1,0,Authority,SimulatedProxy,0.0,1.000,0.000,0.000,-34510.8,-51921.6,60.0,-5075.2,392.9,-0.2,183.3,0,0,0.0,0.0
79.141,VehicleControllerBP_C_0,1,1,V_1_C_0,1,0,Authority,SimulatedProxy,0.0,1.000,0.000,0.000,-34938.5,-51888.0,60.0,-5095.2,403.5,-0.3,184.0,0,0,0.0,0.0
79.214,VehicleControllerBP_C_0,1,1,V_1_C_0,1,0,Authority,SimulatedProxy,0.0,1.000,0.000,0.000,-35413.2,-51849.6,59.9,-5116.7,420.0,-0.3,184.8,0,0,0.0,0.0
79.287,VehicleControllerBP_C_0,1,1,V_1_C_0,1,0,Authority,SimulatedProxy,0.0,1.000,0.000,0.000,-35784.6,-51818.5,59.9,-5132.8,437.4,-0.3,185.5,0,0,0.0,0.0
79.390,VehicleControllerBP_C_0,1,1,V_1_C_0,1,0,Authority,SimulatedProxy,0.0,1.000,0.000,0.000,-36163.1,-51785.3,59.9,-5148.5,460.5,-0.3,186.1,0,0,0.0,0.0
79.457,VehicleControllerBP_C_0,1,1,V_1_C_0,1,0,Authority,SimulatedProxy,0.0,1.000,0.000,0.000,-36679.0,-51736.8,59.9,-5168.0,505.0,-0.2,186.9,0,0,0.0,0.0
79.558,VehicleControllerBP_C_0,1,1,V_1_C_0,1,0,Authority,SimulatedProxy,0.0,1.000,0.000,0.000,-37029.6,-51700.9,59.9,-5179.2,547.9,-0.3,187.5,0,0,0.0,0.0
79.657,VehicleControllerBP_C_0,1,1,V_1_C_0,1,0,Authority,SimulatedProxy,0.0,1.000,0.000,0.000,-37548.4,-51642.9,59.8,-5195.9,604.2,-0.3,188.3,0,0,0.0,0.0
79.731,VehicleControllerBP_C_0,1,1,V_1_C_0,1,0,Authority,SimulatedProxy,0.0,1.000,0.000,0.000,-38061.3,-51580.7,59.8,-5212.1,654.2,-0.1,189.1,0,0,0.0,0.0
79.779,VehicleControllerBP_C_0,1,1,V_1_C_0,1,0,Authority,SimulatedProxy,0.0,1.000,0.000,0.000,-38448.4,-51531.1,59.8,-5225.1,682.8,-0.1,189.7,0,0,0.0,0.0
79.857,VehicleControllerBP_C_0,1,1,V_1_C_0,1,0,Authority,SimulatedProxy,0.0,0.767,0.000,0.000,-38700.3,-51497.8,59.8,-5234.0,697.1,-0.1,190.1,0,0,0.0,0.0
79.926,VehicleControllerBP_C_0,1,1,V_1_C_0,1,0,Authority,SimulatedProxy,0.0,0.608,0.000,0.000,-39106.9,-51443.2,59.8,-5235.0,711.7,-0.9,190.2,0,0,0.0,0.0
80.001,VehicleControllerBP_C_0,1,1,V_1_C_0,1,0,Authority,SimulatedProxy,0.0,0.472,0.000,0.000,-39469.2,-51393.7,59.6,-5230.6,719.0,-3.2,190.1,0,0,0.0,0.0
80.043,VehicleControllerBP_C_0,1,1,V_1_C_0,1,0,Authority,SimulatedProxy,0.0,0.412,0.000,0.000,-39859.3,-51339.9,59.3,-5221.4,722.8,-6.4,189.8,0,0,0.0,0.0
80.146,VehicleControllerBP_C_0,1,1,V_1_C_0,1,0,Authority,SimulatedProxy,0.0,0.000,0.414,0.000,-40080.2,-51309.1,59.0,-5214.8,725.4,-8.0,189.5,0,0,0.0,0.0
80.227,VehicleControllerBP_C_0,1,1,V_1_C_0,1,0,Authority,SimulatedProxy,0.0,0.000,0.602,0.000,-40596.6,-51237.2,57.9,-5107.8,711.5,-15.0,185.7,0,0,0.0,0.0
80.287,VehicleControllerBP_C_0,1,1,V_1_C_0,1,0,Authority,SimulatedProxy,0.0,0.000,0.697,0.000,-40998.9,-51181.6,55.8,-4934.9,680.9,-37.6,179.3,0,0,0.0,0.0
80.365,VehicleControllerBP_C_0,1,1,V_1_C_0,1,0,Authority,SimulatedProxy,0.0,0.000,0.792,0.000,-41289.3,-51141.9,53.0,-4797.1,652.8,-57.1,174.3,0,0,0.0,0.0
80.432,VehicleControllerBP_C_0,1,1,V_1_C_0,1,0,Authority,SimulatedProxy,0.0,0.000,0.848,0.000,-41655.0,-51093.1,47.1,-4635.0,609.5,-93.1,168.3,0,0,0.0,0.0
80.506,VehicleControllerBP_C_0,1,1,V_1_C_0,1,0,Authority,SimulatedProxy,0.0,0.000,0.893,0.000,-41961.8,-51054.0,39.6,-4508.6,560.2,-127.6,163.6,0,0,0.0,0.0
80.598,VehicleControllerBP_C_0,1,1,V_1_C_0,1,0,Authority,SimulatedProxy,0.0,0.000,0.933,0.000,-42290.8,-51014.3,28.5,-4390.6,514.5,-165.7,159.3,0,0,0.0,0.0
80.668,VehicleControllerBP_C_0,1,1,V_1_C_0,1,0,Authority,SimulatedProxy,0.0,0.000,0.951,0.000,-42689.8,-50969.6,14.3,-4256.2,439.5,-119.2,154.1,0,0,0.0,0.0
80.784,VehicleControllerBP_C_0,1,1,V_1_C_0,1,0,Authority,SimulatedProxy,0.0,0.000,0.974,0.000,-42984.5,-50941.3,6.9,-4159.0,382.5,-81.5,150.4,0,0,0.0,0.0
80.893,VehicleControllerBP_C_0,1,1,V_1_C_0,1,0,Authority,SimulatedProxy,0.0,0.000,0.985,0.000,-43393.9,-50907.3,2.3,-4023.5,302.9,-21.5,145.3,0,0,0.0,0.0
80.973,VehicleControllerBP_C_0,1,1,V_1_C_0,1,0,Authority,SimulatedProxy,0.0,0.000,0.990,0.000,-43789.2,-50881.1,1.9,-3889.3,227.3,7.4,140.3,0,0,0.0,0.0
81.079,VehicleControllerBP_C_0,1,1,V_1_C_0,1,0,Authority,SimulatedProxy,0.0,0.000,0.994,0.000,-44097.8,-50865.4,2.9,-3779.8,169.3,15.4,136.2,0,0,0.0,0.0
81.173,VehicleControllerBP_C_0,1,1,V_1_C_0,1,0,Authority,SimulatedProxy,0.0,0.000,0.996,0.000,-44468.3,-50852.2,4.6,-3641.9,101.4,17.7,131.2,0,0,0.0,0.0
81.262,VehicleControllerBP_C_0,1,1,V_1_C_0,1,0,Authority,SimulatedProxy,0.0,0.000,0.998,0.000,-44805.2,-50845.8,6.3,-3511.6,41.2,16.8,126.4,0,0,0.0,0.0
81.372,VehicleControllerBP_C_0,1,1,V_1_C_0,1,0,Authority,SimulatedProxy,0.0,0.000,0.999,0.000,-45110.6,-50844.8,7.7,-3388.7,-12.8,14.5,122.0,0,0,0.0,0.0
81.464,VehicleControllerBP_C_0,1,1,V_1_C_0,1,0,Authority,SimulatedProxy,0.0,0.000,0.999,0.000,-45441.5,-50849.2,8.9,-3245.7,-70.7,10.9,116.9,0,0,0.0,0.0
81.579,VehicleControllerBP_C_0,1,1,V_1_C_0,1,0,Authority,SimulatedProxy,0.0,0.000,1.000,0.000,-45736.3,-50858.4,9.8,-3121.0,-121.7,7.0,112.4,0,0,0.0,0.0
81.678,VehicleControllerBP_C_0,1,1,V_1_C_0,1,0,Authority,SimulatedProxy,0.0,0.000,1.000,0.000,-46040.8,-50873.2,10.2,-2983.5,-170.3,2.6,107.6,0,0,0.0,0.0
81.763,VehicleControllerBP_C_0,1,1,V_1_C_0,1,0,Authority,SimulatedProxy,0.0,0.000,1.000,0.000,-46330.9,-50892.5,10.2,-2843.6,-211.5,-1.8,102.7,0,0,0.0,0.0
81.849,VehicleControllerBP_C_0,1,1,V_1_C_0,1,0,Authority,SimulatedProxy,0.0,0.000,1.000,0.000,-46564.7,-50911.6,9.9,-2727.9,-241.0,-5.3,98.6,0,0,0.0,0.0
81.922,VehicleControllerBP_C_0,1,1,V_1_C_0,1,0,Authority,SimulatedProxy,0.0,0.000,1.000,0.000,-46794.0,-50933.5,9.3,-2610.6,-266.0,-8.4,94.5,0,0,0.0,0.0
81.973,VehicleControllerBP_C_0,1,1,V_1_C_0,1,0,Authority,SimulatedProxy,0.0,0.000,1.000,0.000,-46980.4,-50953.6,8.6,-2506.5,-282.0,-10.6,90.8,0,0,0.0,0.0
82.048,VehicleControllerBP_C_0,1,1,V_1_C_0,1,0,Authority,SimulatedProxy,0.0,0.000,1.000,0.000,-47107.4,-50968.4,8.0,-2428.9,-290.4,-11.8,88.1,0,0,0.0,0.0
82.107,VehicleControllerBP_C_0,1,1,V_1_C_0,1,0,Authority,SimulatedProxy,0.0,0.000,1.000,0.000,-47284.8,-50990.4,7.4,-2322.1,-300.6,-6.9,84.3,0,0,0.0,0.0
82.185,VehicleControllerBP_C_0,1,1,V_1_C_0,1,0,Authority,SimulatedProxy,0.0,0.000,1.000,0.000,-47419.6,-51008.4,7.0,-2245.3,-305.5,-4.8,81.6,0,0,0.0,0.0
82.261,VehicleControllerBP_C_0,1,1,V_1_C_0,1,0,Authority,SimulatedProxy,0.0,0.000,1.000,0.000,-47590.4,-51032.3,6.8,-2158.1,-307.8,-1.9,78.5,0,0,0.0,0.0
82.365,VehicleControllerBP_C_0,1,1,V_1_C_0,1,0,Authority,SimulatedProxy,0.0,0.000,1.000,0.000,-47751.2,-51055.6,6.7,-2073.3,-305.2,0.3,75.4,0,0,0.0,0.0
82.479,VehicleControllerBP_C_0,1,1,V_1_C_0,1,0,Authority,SimulatedProxy,0.0,0.000,1.000,0.000,-47952.5,-51085.9,6.9,-1963.3,-299.8,2.2,71.5,0,0,0.0,0.0
82.570,VehicleControllerBP_C_0,1,1,V_1_C_0,1,0,Authority,SimulatedProxy,0.0,0.000,1.000,0.000,-48142.9,-51115.3,7.2,-1854.8,-289.1,3.4,67.6,0,0,0.0,0.0
82.693,VehicleControllerBP_C_0,1,1,V_1_C_0,1,0,Authority,SimulatedProxy,0.0,0.000,1.000,0.000,-48306.1,-51141.0,7.5,-1756.9,-279.6,4.1,64.0,0,0,0.0,0.0
82.777,VehicleControllerBP_C_0,1,1,V_1_C_0,1,0,Authority,SimulatedProxy,0.0,0.000,1.000,0.000,-48475.9,-51168.0,8.0,-1650.6,-263.0,4.6,60.2,0,0,0.0,0.0
82.888,VehicleControllerBP_C_0,1,1,V_1_C_0,1,0,Authority,SimulatedProxy,0.0,0.000,1.000,0.000,-48610.3,-51189.4,8.4,-1561.8,-248.9,5.1,56.9,0,0,0.0,0.0
82.990,VehicleControllerBP_C_0,1,1,V_1_C_0,1,0,Authority,SimulatedProxy,0.0,0.000,1.000,0.000,-48760.7,-51213.4,8.9,-1456.4,-232.1,5.6,53.1,0,0,0.0,0.0
83.085,VehicleControllerBP_C_0,1,1,V_1_C_0,1,0,Authority,SimulatedProxy,0.0,0.000,1.000,0.000,-48900.5,-51235.7,9.5,-1351.5,-215.3,6.2,49.3,0,0,0.0,0.0
83.175,VehicleControllerBP_C_0,1,1,V_1_C_0,1,0,Authority,SimulatedProxy,0.0,0.000,1.000,0.000,-49023.3,-51255.2,10.1,-1252.3,-199.5,6.9,45.7,0,0,0.0,0.0
83.289,VehicleControllerBP_C_0,1,1,V_1_C_0,1,0,Authority,SimulatedProxy,0.0,0.000,1.000,0.000,-49131.8,-51272.5,10.8,-1158.0,-184.5,7.8,42.2,0,0,0.0,0.0
83.390,VehicleControllerBP_C_0,1,1,V_1_C_0,1,0,Authority,SimulatedProxy,0.0,0.000,1.000,0.000,-49241.8,-51290.1,11.7,-1054.1,-167.9,9.0,38.4,0,0,0.0,0.0
83.483,VehicleControllerBP_C_0,1,1,V_1_C_0,1,0,Authority,SimulatedProxy,0.0,0.000,1.000,0.000,-49341.5,-51305.9,12.6,-950.4,-151.4,10.4,34.6,0,0,0.0,0.0
83.596,VehicleControllerBP_C_0,1,1,V_1_C_0,1,0,Authority,SimulatedProxy,0.0,0.000,1.000,0.000,-49424.1,-51319.1,13.7,-855.0,-136.2,12.0,31.2,0,0,0.0,0.0
83.688,VehicleControllerBP_C_0,1,1,V_1_C_0,1,0,Authority,SimulatedProxy,0.0,0.000,1.000,0.000,-49503.8,-51331.8,15.0,-751.8,-119.8,13.9,27.4,0,0,0.0,0.0
83.797,VehicleControllerBP_C_0,1,1,V_1_C_0,1,0,Authority,SimulatedProxy,0.0,0.000,1.000,0.000,-49567.5,-51341.9,16.4,-657.9,-104.8,16.0,24.0,0,0,0.0,0.0
83.901,VehicleControllerBP_C_0,1,1,V_1_C_0,1,0,Authority,SimulatedProxy,0.0,0.000,1.000,0.000,-49627.4,-51351.5,18.1,-555.1,-88.4,18.7,20.2,0,0,0.0,0.0
84.002,VehicleControllerBP_C_0,1,1,V_1_C_0,1,0,Authority,SimulatedProxy,0.0,0.000,1.000,0.000,-49677.1,-51359.4,20.2,-452.4,-72.1,21.8,16.5,0,0,0.0,0.0
84.088,VehicleControllerBP_C_0,1,1,V_1_C_0,1,0,Authority,SimulatedProxy,0.0,0.000,1.000,0.000,-49716.5,-51365.7,22.5,-349.8,-55.7,25.4,12.8,0,0,0.0,0.0
84.173,VehicleControllerBP_C_0,1,1,V_1_C_0,1,0,Authority,SimulatedProxy,0.0,0.000,1.000,0.000,-49742.3,-51369.8,24.9,-261.1,-41.6,29.0,9.6,0,0,0.0,0.0
84.275,VehicleControllerBP_C_0,1,1,V_1_C_0,1,0,Authority,SimulatedProxy,0.0,0.000,1.000,0.000,-49760.0,-51372.6,27.6,-175.0,-27.9,32.9,6.5,0,0,0.0,0.0
84.375,VehicleControllerBP_C_0,1,1,V_1_C_0,1,0,Authority,SimulatedProxy,0.0,0.000,1.000,0.000,-49771.6,-51374.5,31.2,-71.4,-11.4,38.3,2.9,0,0,0.0,0.0
84.479,VehicleControllerBP_C_0,1,1,V_1_C_0,1,0,Authority,SimulatedProxy,0.0,0.000,1.000,0.000,-49773.0,-51374.7,35.4,-4.8,-0.8,44.0,1.6,0,0,0.0,0.0
84.589,VehicleControllerBP_C_0,1,1,V_1_C_0,1,0,Authority,SimulatedProxy,0.0,0.000,1.000,0.000,-49773.3,-51374.7,39.8,-3.8,-0.6,44.7,1.6,0,0,0.0,0.0
84.696,VehicleControllerBP_C_0,1,1,V_1_C_0,1,0,Authority,SimulatedProxy,0.0,0.000,1.000,0.000,-49773.7,-51374.8,44.0,-1.8,-0.3,38.9,1.4,0,0,0.0,0.0
84.764,VehicleControllerBP_C_0,1,1,V_1_C_0,1,0,Authority,SimulatedProxy,0.0,0.000,1.000,0.000,-49774.1,-51374.9,47.4,1.5,0.2,30.1,1.1,0,0,0.0,0.0
84.844,VehicleControllerBP_C_0,1,1,V_1_C_0,1,0,Authority,SimulatedProxy,0.0,0.000,1.000,0.000,-49774.4,-51374.9,49.2,3.6,0.6,25.6,0.9,0,0,0.0,0.0
84.930,VehicleControllerBP_C_0,1,1,V_1_C_0,1,0,Authority,SimulatedProxy,0.0,0.000,1.000,0.000,-49774.7,-51375.0,51.1,5.3,0.8,22.6,0.8,0,0,0.0,0.0
85.012,VehicleControllerBP_C_0,1,1,V_1_C_0,1,0,Authority,SimulatedProxy,0.0,0.000,1.000,0.000,-49775.0,-51375.0,53.0,6.3,1.0,21.9,0.8,0,0,0.0,0.0
85.084,VehicleControllerBP_C_0,1,1,V_1_C_0,1,0,Authority,SimulatedProxy,0.0,0.000,1.000,0.000,-49775.3,-51375.0,54.7,6.7,1.1,22.3,0.8,0,0,0.0,0.0
85.140,VehicleControllerBP_C_0,1,1,V_1_C_0,1,0,Authority,SimulatedProxy,0.0,0.000,1.000,0.000,-49775.4,-51375.1,56.3,7.0,1.1,22.4,0.8,0,0,0.0,0.0
85.185,VehicleControllerBP_C_0,1,1,V_1_C_0,1,0,Authority,SimulatedProxy,0.0,0.000,1.000,0.000,-49775.5,-51375.1,57.5,7.0,1.1,21.3,0.8,0,0,0.0,0.0
85.279,VehicleControllerBP_C_0,1,1,V_1_C_0,1,0,Authority,SimulatedProxy,0.0,0.000,1.000,0.000,-49775.6,-51375.1,58.4,6.5,1.0,18.9,0.7,0,0,0.0,0.0
85.379,VehicleControllerBP_C_0,1,1,V_1_C_0,1,0,Authority,SimulatedProxy,0.0,0.000,1.000,0.000,-49775.7,-51375.1,59.8,4.2,0.7,10.8,0.4,0,0,0.0,0.0
85.472,VehicleControllerBP_C_0,1,1,V_1_C_0,1,0,Authority,SimulatedProxy,0.0,0.000,1.000,0.000,-49775.7,-51375.1,60.4,1.3,0.2,3.0,0.1,0,0,0.0,0.0
85.546,VehicleControllerBP_C_0,1,1,V_1_C_0,1,0,Authority,SimulatedProxy,0.0,0.000,0.704,0.000,-49775.7,-51375.1,60.5,0.0,0.0,0.0,0.0,0,0,0.0,0.0
85.630,VehicleControllerBP_C_0,1,1,V_1_C_0,1,0,Authority,SimulatedProxy,0.0,0.000,0.469,0.000,-49775.7,-51375.1,60.5,0.0,0.0,0.0,0.0,0,0,0.0,0.0
85.718,VehicleControllerBP_C_0,1,1,V_1_C_0,1,0,Authority,SimulatedProxy,0.0,0.000,0.302,0.000,-49775.7,-51375.1,60.5,0.0,0.0,0.0,0.0,0,0,0.0,0.0
85.781,VehicleControllerBP_C_0,1,1,V_1_C_0,1,0,Authority,SimulatedProxy,0.0,0.000,0.227,0.000,-49775.7,-51375.1,60.5,0.0,0.0,0.0,0.0,0,0,0.0,0.0
85.851,VehicleControllerBP_C_0,1,1,V_1_C_0,1,0,Authority,SimulatedProxy,0.0,0.000,0.163,0.000,-49775.7,-51375.1,60.5,0.0,0.0,0.0,0.0,0,0,0.0,0.0
85.929,VehicleControllerBP_C_0,1,1,V_1_C_0,1,0,Authority,SimulatedProxy,0.0,0.000,0.112,0.000,-49775.7,-51375.1,60.5,0.0,0.0,0.0,0.0,0,0,0.0,0.0
85.986,VehicleControllerBP_C_0,1,1,V_1_C_0,1,0,Authority,SimulatedProxy,0.0,0.000,0.087,0.000,-49775.7,-51375.1,60.5,0.0,0.0,0.0,0.0,0,0,0.0,0.0
86.084,VehicleControllerBP_C_0,1,1,V_1_C_0,1,0,Authority,SimulatedProxy,0.0,0.000,0.053,0.000,-49775.7,-51375.1,60.5,0.0,0.0,0.0,0.0,0,0,0.0,0.0
86.180,VehicleControllerBP_C_0,1,1,V_1_C_0,1,0,Authority,SimulatedProxy,0.0,0.000,0.032,0.000,-49775.7,-51375.1,60.5,0.0,0.0,0.0,0.0,0,0,0.0,0.0
86.261,VehicleControllerBP_C_0,1,1,V_1_C_0,1,0,Authority,SimulatedProxy,0.0,0.000,0.022,0.000,-49775.7,-51375.1,60.5,0.0,0.0,0.0,0.0,0,0,0.0,0.0
86.332,VehicleControllerBP_C_0,1,1,V_1_C_0,1,0,Authority,SimulatedProxy,0.0,0.000,0.016,0.000,-49775.7,-51375.1,60.5,0.0,0.0,0.0,0.0,0,0,0.0,0.0
86.406,VehicleControllerBP_C_0,1,1,V_1_C_0,1,0,Authority,SimulatedProxy,0.0,0.000,0.011,0.000,-49775.7,-51375.1,60.5,0.0,0.0,0.0,0.0,0,0,0.0,0.0
86.482,VehicleControllerBP_C_0,1,1,V_1_C_0,1,0,Authority,SimulatedProxy,0.0,0.000,0.008,0.000,-49775.7,-51375.1,60.5,0.0,0.0,0.0,0.0,0,0,0.0,0.0
86.549,VehicleControllerBP_C_0,1,1,V_1_C_0,1,0,Authority,SimulatedProxy,0.0,0.000,0.006,0.000,-49775.7,-51375.1,60.5,0.0,0.0,0.0,0.0,0,0,0.0,0.0
86.612,VehicleControllerBP_C_0,1,1,V_1_C_0,1,0,Authority,SimulatedProxy,0.0,0.000,0.004,0.000,-49775.7,-51375.1,60.5,0.0,0.0,0.0,0.0,0,0,0.0,0.0
86.711,VehicleControllerBP_C_0,1,1,V_1_C_0,1,0,Authority,SimulatedProxy,0.0,0.000,0.003,0.000,-49775.7,-51375.1,60.5,0.0,0.0,0.0,0.0,0,0,0.0,0.0
86.794,VehicleControllerBP_C_0,1,1,V_1_C_0,1,0,Authority,SimulatedProxy,0.0,0.000,0.002,0.000,-49775.7,-51375.1,60.5,0.0,0.0,0.0,0.0,0,0,0.0,0.0
86.847,VehicleControllerBP_C_0,1,1,V_1_C_0,1,0,Authority,SimulatedProxy,0.0,0.000,0.001,0.000,-49775.7,-51375.1,60.5,0.0,0.0,0.0,0.0,0,0,0.0,0.0
86.925,VehicleControllerBP_C_0,1,1,V_1_C_0,1,0,Authority,SimulatedProxy,0.0,0.000,0.001,0.000,-49775.7,-51375.1,60.5,0.0,0.0,0.0,0.0,0,0,0.0,0.0
87.000,VehicleControllerBP_C_0,1,1,V_1_C_0,1,0,Authority,SimulatedProxy,0.0,0.000,0.001,0.000,-49775.7,-51375.1,60.5,0.0,0.0,0.0,0.0,0,0,0.0,0.0
87.058,VehicleControllerBP_C_0,1,1,V_1_C_0,1,0,Authority,SimulatedProxy,0.0,0.000,0.000,0.000,-49775.7,-51375.1,60.5,0.0,0.0,0.0,0.0,0,0,0.0,0.0
87.141,VehicleControllerBP_C_0,1,1,V_1_C_0,1,0,Authority,SimulatedProxy,0.0,0.000,0.000,0.000,-49775.7,-51375.1,60.5,0.0,0.0,0.0,0.0,0,0,0.0,0.0
87.218,VehicleControllerBP_C_0,1,1,V_1_C_0,1,0,Authority,SimulatedProxy,0.0,0.000,0.000,0.000,-49775.7,-51375.1,60.5,0.0,0.0,0.0,0.0,0,0,0.0,0.0
87.288,VehicleControllerBP_C_0,1,1,V_1_C_0,1,0,Authority,SimulatedProxy,0.0,0.000,0.000,0.000,-49775.7,-51375.1,60.5,0.0,0.0,0.0,0.0,0,0,0.0,0.0
87.375,VehicleControllerBP_C_0,1,1,V_1_C_0,1,0,Authority,SimulatedProxy,0.0,0.000,0.000,0.000,-49775.7,-51375.1,60.5,0.0,0.0,0.0,0.0,0,0,0.0,0.0
87.483,VehicleControllerBP_C_0,1,1,V_1_C_0,1,0,Authority,SimulatedProxy,0.0,0.000,0.000,0.000,-49775.7,-51375.1,60.5,0.0,0.0,0.0,0.0,0,0,0.0,0.0
87.567,VehicleControllerBP_C_0,1,1,V_1_C_0,1,0,Authority,SimulatedProxy,0.0,0.000,0.000,0.000,-49775.7,-51375.1,60.5,0.0,0.0,0.0,0.0,0,0,0.0,0.0
87.645,VehicleControllerBP_C_0,1,1,V_1_C_0,1,0,Authority,SimulatedProxy,0.0,0.000,0.000,0.000,-49775.7,-51375.1,60.5,0.0,0.0,0.0,0.0,0,0,0.0,0.0
87.721,VehicleControllerBP_C_0,1,1,V_1_C_0,1,0,Authority,SimulatedProxy,0.0,0.000,0.000,0.000,-49775.7,-51375.1,60.5,0.0,0.0,0.0,0.0,0,0,0.0,0.0
87.815,VehicleControllerBP_C_0,1,1,V_1_C_0,1,0,Authority,SimulatedProxy,0.0,0.000,0.000,0.000,-49775.7,-51375.1,60.5,0.0,0.0,0.0,0.0,0,0,0.0,0.0
87.905,VehicleControllerBP_C_0,1,1,V_1_C_0,1,0,Authority,SimulatedProxy,0.0,0.000,0.000,0.000,-49775.7,-51375.1,60.5,0.0,0.0,0.0,0.0,0,0,0.0,0.0
87.978,VehicleControllerBP_C_0,1,1,V_1_C_0,1,0,Authority,SimulatedProxy,0.0,0.000,0.000,0.000,-49775.7,-51375.1,60.5,0.0,0.0,0.0,0.0,0,0,0.0,0.0
88.102,VehicleControllerBP_C_0,1,1,V_1_C_0,1,0,Authority,SimulatedProxy,0.0,0.000,0.000,0.000,-49775.7,-51375.1,60.5,0.0,0.0,0.0,0.0,0,0,0.0,0.0
88.213,VehicleControllerBP_C_0,1,1,V_1_C_0,1,0,Authority,SimulatedProxy,0.0,0.000,0.000,0.000,-49775.7,-51375.1,60.5,0.0,0.0,0.0,0.0,0,0,0.0,0.0
88.287,VehicleControllerBP_C_0,1,1,V_1_C_0,1,0,Authority,SimulatedProxy,0.0,0.000,0.000,0.000,-49775.7,-51375.1,60.5,0.0,0.0,0.0,0.0,0,0,0.0,0.0
88.362,VehicleControllerBP_C_0,1,1,V_1_C_0,1,0,Authority,SimulatedProxy,0.0,0.000,0.000,0.000,-49775.7,-51375.1,60.5,0.0,0.0,0.0,0.0,0,0,0.0,0.0
88.435,VehicleControllerBP_C_0,1,1,V_1_C_0,1,0,Authority,SimulatedProxy,0.0,0.000,0.000,0.000,-49775.7,-51375.1,60.5,0.0,0.0,0.0,0.0,0,0,0.0,0.0
88.506,VehicleControllerBP_C_0,1,1,V_1_C_0,1,0,Authority,SimulatedProxy,0.0,0.000,0.000,0.000,-49775.7,-51375.1,60.5,0.0,0.0,0.0,0.0,0,0,0.0,0.0
88.574,VehicleControllerBP_C_0,1,1,V_1_C_0,1,0,Authority,SimulatedProxy,0.0,0.000,0.000,0.000,-49775.7,-51375.1,60.5,0.0,0.0,0.0,0.0,0,0,0.0,0.0
88.665,VehicleControllerBP_C_0,1,1,V_1_C_0,1,0,Authority,SimulatedProxy,0.0,0.000,0.000,0.000,-49775.7,-51375.1,60.5,0.0,0.0,0.0,0.0,0,0,0.0,0.0
88.775,VehicleControllerBP_C_0,1,1,V_1_C_0,1,0,Authority,SimulatedProxy,0.0,0.000,0.000,0.000,-49775.7,-51375.1,60.5,0.0,0.0,0.0,0.0,0,0,0.0,0.0
88.849,VehicleControllerBP_C_0,1,1,V_1_C_0,1,0,Authority,SimulatedProxy,0.0,0.000,0.000,0.000,-49775.7,-51375.1,60.5,0.0,0.0,0.0,0.0,0,0,0.0,0.0
88.896,VehicleControllerBP_C_0,1,1,V_1_C_0,1,0,Authority,SimulatedProxy,0.0,0.000,0.000,0.000,-49775.7,-51375.1,60.5,0.0,0.0,0.0,0.0,0,0,0.0,0.0
88.950,VehicleControllerBP_C_0,1,1,V_1_C_0,1,0,Authority,SimulatedProxy,0.0,0.000,0.000,0.000,-49775.7,-51375.1,60.5,0.0,0.0,0.0,0.0,0,0,0.0,0.0
89.006,VehicleControllerBP_C_0,1,1,V_1_C_0,1,0,Authority,SimulatedProxy,0.0,0.000,0.000,0.000,-49775.7,-51375.1,60.5,0.0,0.0,0.0,0.0,0,0,0.0,0.0
89.057,VehicleControllerBP_C_0,1,1,V_1_C_0,1,0,Authority,SimulatedProxy,0.0,0.000,0.000,0.000,-49775.7,-51375.1,60.5,0.0,0.0,0.0,0.0,0,0,0.0,0.0
89.121,VehicleControllerBP_C_0,1,1,V_1_C_0,1,0,Authority,SimulatedProxy,0.0,0.000,0.000,0.000,-49775.7,-51375.1,60.5,0.0,0.0,0.0,0.0,0,0,0.0,0.0
89.174,VehicleControllerBP_C_0,1,1,V_1_C_0,1,0,Authority,SimulatedProxy,0.0,0.000,0.000,0.000,-49775.7,-51375.1,60.5,0.0,0.0,0.0,0.0,0,0,0.0,0.0
89.236,VehicleControllerBP_C_0,1,1,V_1_C_0,1,0,Authority,SimulatedProxy,0.0,0.000,0.000,0.000,-49775.7,-51375.1,60.5,0.0,0.0,0.0,0.0,0,0,0.0,0.0
89.287,VehicleControllerBP_C_0,1,1,V_1_C_0,1,0,Authority,SimulatedProxy,0.0,0.000,0.000,0.000,-49775.7,-51375.1,60.5,0.0,0.0,0.0,0.0,0,0,0.0,0.0
89.363,VehicleControllerBP_C_0,1,1,V_1_C_0,1,0,Authority,SimulatedProxy,0.0,0.000,0.000,0.000,-49775.7,-51375.1,60.5,0.0,0.0,0.0,0.0,0,0,0.0,0.0
89.437,VehicleControllerBP_C_0,1,1,V_1_C_0,1,0,Authority,SimulatedProxy,0.0,0.000,0.000,0.000,-49775.7,-51375.1,60.5,0.0,0.0,0.0,0.0,0,0,0.0,0.0
89.509,VehicleControllerBP_C_0,1,1,V_1_C_0,1,0,Authority,SimulatedProxy,0.0,0.000,0.000,0.000,-49775.7,-51375.1,60.5,0.0,0.0,0.0,0.0,0,0,0.0,0.0
89.607,VehicleControllerBP_C_0,1,1,V_1_C_0,1,0,Authority,SimulatedProxy,0.0,0.000,0.000,0.000,-49775.7,-51375.1,60.5,0.0,0.0,0.0,0.0,0,0,0.0,0.0
89.695,VehicleControllerBP_C_0,1,1,V_1_C_0,1,0,Authority,SimulatedProxy,0.0,0.000,0.000,0.000,-49775.7,-51375.1,60.5,0.0,0.0,0.0,0.0,0,0,0.0,0.0
89.768,VehicleControllerBP_C_0,1,1,V_1_C_0,1,0,Authority,SimulatedProxy,0.0,0.000,0.000,0.000,-49775.7,-51375.1,60.5,0.0,0.0,0.0,0.0,0,0,0.0,0.0
89.848,VehicleControllerBP_C_0,1,1,V_1_C_0,1,0,Authority,SimulatedProxy,0.0,0.000,0.000,0.000,-49775.7,-51375.1,60.5,0.0,0.0,0.0,0.0,0,0,0.0,0.0
89.931,VehicleControllerBP_C_0,1,1,V_1_C_0,1,0,Authority,SimulatedProxy,0.0,0.000,0.000,0.000,-49775.7,-51375.1,60.5,0.0,0.0,0.0,0.0,0,0,0.0,0.0
90.008,VehicleControllerBP_C_0,1,1,V_1_C_0,1,0,Authority,SimulatedProxy,0.0,0.000,0.000,0.000,-49775.7,-51375.1,60.5,0.0,0.0,0.0,0.0,0,0,0.0,0.0
90.093,VehicleControllerBP_C_0,1,1,V_1_C_0,1,0,Authority,SimulatedProxy,0.0,0.000,0.000,0.000,-49775.7,-51375.1,60.5,0.0,0.0,0.0,0.0,0,0,0.0,0.0
90.167,VehicleControllerBP_C_0,1,1,V_1_C_0,1,0,Authority,SimulatedProxy,0.0,0.000,0.000,0.000,-49775.7,-51375.1,60.5,0.0,0.0,0.0,0.0,0,0,0.0,0.0
90.233,VehicleControllerBP_C_0,1,1,V_1_C_0,1,0,Authority,SimulatedProxy,0.0,0.000,0.000,0.000,-49775.7,-51375.1,60.5,0.0,0.0,0.0,0.0,0,0,0.0,0.0
90.299,VehicleControllerBP_C_0,1,1,V_1_C_0,1,0,Authority,SimulatedProxy,0.0,0.000,0.000,0.000,-49775.7,-51375.1,60.5,0.0,0.0,0.0,0.0,0,0,0.0,0.0
90.354,VehicleControllerBP_C_0,1,1,V_1_C_0,1,0,Authority,SimulatedProxy,0.0,0.000,0.000,0.000,-49775.7,-51375.1,60.5,0.0,0.0,0.0,0.0,0,0,0.0,0.0
90.412,VehicleControllerBP_C_0,1,1,V_1_C_0,1,0,Authority,SimulatedProxy,0.0,0.000,0.000,0.000,-49775.7,-51375.1,60.5,0.0,0.0,0.0,0.0,0,0,0.0,0.0
90.511,VehicleControllerBP_C_0,1,1,V_1_C_0,1,0,Authority,SimulatedProxy,0.0,0.000,0.000,0.000,-49775.7,-51375.1,60.5,0.0,0.0,0.0,0.0,0,0,0.0,0.0
90.590,VehicleControllerBP_C_0,1,1,V_1_C_0,1,0,Authority,SimulatedProxy,0.0,0.000,0.000,0.000,-49775.7,-51375.1,60.5,0.0,0.0,0.0,0.0,0,0,0.0,0.0
90.691,VehicleControllerBP_C_0,1,1,V_1_C_0,1,0,Authority,SimulatedProxy,0.0,0.000,0.000,0.000,-49775.7,-51375.1,60.5,0.0,0.0,0.0,0.0,0,0,0.0,0.0
90.791,VehicleControllerBP_C_0,1,1,V_1_C_0,1,0,Authority,SimulatedProxy,0.0,0.000,0.000,0.000,-49775.7,-51375.1,60.5,0.0,0.0,0.0,0.0,0,0,0.0,0.0
90.873,VehicleControllerBP_C_0,1,1,V_1_C_0,1,0,Authority,SimulatedProxy,0.0,0.000,0.000,0.000,-49775.7,-51375.1,60.5,0.0,0.0,0.0,0.0,0,0,0.0,0.0
90.967,VehicleControllerBP_C_0,1,1,V_1_C_0,1,0,Authority,SimulatedProxy,0.0,0.000,0.000,0.000,-49775.7,-51375.1,60.5,0.0,0.0,0.0,0.0,0,0,0.0,0.0
91.084,VehicleControllerBP_C_0,1,1,V_1_C_0,1,0,Authority,SimulatedProxy,0.0,0.000,0.000,0.000,-49775.7,-51375.1,60.5,0.0,0.0,0.0,0.0,0,0,0.0,0.0
91.165,VehicleControllerBP_C_0,1,1,V_1_C_0,1,0,Authority,SimulatedProxy,0.0,0.000,0.000,0.000,-49775.7,-51375.1,60.5,0.0,0.0,0.0,0.0,0,0,0.0,0.0
91.288,VehicleControllerBP_C_0,1,1,V_1_C_0,1,0,Authority,SimulatedProxy,0.0,0.000,0.000,0.000,-49775.7,-51375.1,60.5,0.0,0.0,0.0,0.0,0,0,0.0,0.0
91.394,VehicleControllerBP_C_0,1,1,V_1_C_0,1,0,Authority,SimulatedProxy,0.0,0.000,0.000,0.000,-49775.7,-51375.1,60.5,0.0,0.0,0.0,0.0,0,0,0.0,0.0
91.479,VehicleControllerBP_C_0,1,1,V_1_C_0,1,0,Authority,SimulatedProxy,0.0,0.000,0.000,0.000,-49775.7,-51375.1,60.5,0.0,0.0,0.0,0.0,0,0,0.0,0.0
91.573,VehicleControllerBP_C_0,1,1,V_1_C_0,1,0,Authority,SimulatedProxy,0.0,0.000,0.000,0.000,-49775.7,-51375.1,60.5,0.0,0.0,0.0,0.0,0,0,0.0,0.0
91.678,VehicleControllerBP_C_0,1,1,V_1_C_0,1,0,Authority,SimulatedProxy,0.0,0.000,0.000,0.000,-49775.7,-51375.1,60.5,0.0,0.0,0.0,0.0,0,0,0.0,0.0
91.758,VehicleControllerBP_C_0,1,1,V_1_C_0,1,0,Authority,SimulatedProxy,0.0,0.000,0.000,0.000,-49775.7,-51375.1,60.5,0.0,0.0,0.0,0.0,0,0,0.0,0.0
91.849,VehicleControllerBP_C_0,1,1,V_1_C_0,1,0,Authority,SimulatedProxy,0.0,0.000,0.000,0.000,-49775.7,-51375.1,60.5,0.0,0.0,0.0,0.0,0,0,0.0,0.0
91.935,VehicleControllerBP_C_0,1,1,V_1_C_0,1,0,Authority,SimulatedProxy,0.0,0.000,0.000,0.000,-49775.7,-51375.1,60.5,0.0,0.0,0.0,0.0,0,0,0.0,0.0
92.037,VehicleControllerBP_C_0,1,1,V_1_C_0,1,0,Authority,SimulatedProxy,0.0,0.000,0.000,0.000,-49775.7,-51375.1,60.5,0.0,0.0,0.0,0.0,0,0,0.0,0.0
92.103,VehicleControllerBP_C_0,1,1,V_1_C_0,1,0,Authority,SimulatedProxy,0.0,0.000,0.000,0.000,-49775.7,-51375.1,60.5,0.0,0.0,0.0,0.0,0,0,0.0,0.0
92.173,VehicleControllerBP_C_0,1,1,V_1_C_0,1,0,Authority,SimulatedProxy,0.0,0.000,0.000,0.000,-49775.7,-51375.1,60.5,0.0,0.0,0.0,0.0,0,0,0.0,0.0
92.254,VehicleControllerBP_C_0,1,1,V_1_C_0,1,0,Authority,SimulatedProxy,0.0,0.000,0.000,0.000,-49775.7,-51375.1,60.5,0.0,0.0,0.0,0.0,0,0,0.0,0.0
92.369,VehicleControllerBP_C_0,1,1,V_1_C_0,1,0,Authority,SimulatedProxy,0.0,0.000,0.000,0.000,-49775.7,-51375.1,60.5,0.0,0.0,0.0,0.0,0,0,0.0,0.0
92.446,VehicleControllerBP_C_0,1,1,V_1_C_0,1,0,Authority,SimulatedProxy,0.0,0.000,0.000,0.000,-49775.7,-51375.1,60.5,0.0,0.0,0.0,0.0,0,0,0.0,0.0
92.489,VehicleControllerBP_C_0,1,1,V_1_C_0,1,0,Authority,SimulatedProxy,0.0,0.000,0.000,0.000,-49775.7,-51375.1,60.5,0.0,0.0,0.0,0.0,0,0,0.0,0.0
92.563,VehicleControllerBP_C_0,1,1,V_1_C_0,1,0,Authority,SimulatedProxy,0.0,0.000,0.000,0.000,-49775.7,-51375.1,60.5,0.0,0.0,0.0,0.0,0,0,0.0,0.0
92.653,VehicleControllerBP_C_0,1,1,V_1_C_0,1,0,Authority,SimulatedProxy,0.0,0.000,0.000,0.000,-49775.7,-51375.1,60.5,0.0,0.0,0.0,0.0,0,0,0.0,0.0
92.720,VehicleControllerBP_C_0,1,1,V_1_C_0,1,0,Authority,SimulatedProxy,0.0,0.000,0.000,0.000,-49775.7,-51375.1,60.5,0.0,0.0,0.0,0.0,0,0,0.0,0.0
92.805,VehicleControllerBP_C_0,1,1,V_1_C_0,1,0,Authority,SimulatedProxy,0.0,0.000,0.000,0.000,-49775.7,-51375.1,60.5,0.0,0.0,0.0,0.0,0,0,0.0,0.0
92.876,VehicleControllerBP_C_0,1,1,V_1_C_0,1,0,Authority,SimulatedProxy,0.0,0.000,0.000,0.000,-49775.7,-51375.1,60.5,0.0,0.0,0.0,0.0,0,0,0.0,0.0
92.938,VehicleControllerBP_C_0,1,1,V_1_C_0,1,0,Authority,SimulatedProxy,0.0,0.000,0.000,0.000,-49775.7,-51375.1,60.5,0.0,0.0,0.0,0.0,0,0,0.0,0.0
92.988,VehicleControllerBP_C_0,1,1,V_1_C_0,1,0,Authority,SimulatedProxy,0.0,0.000,0.000,0.000,-49775.7,-51375.1,60.5,0.0,0.0,0.0,0.0,0,0,0.0,0.0
93.051,VehicleControllerBP_C_0,1,1,V_1_C_0,1,0,Authority,SimulatedProxy,0.0,0.000,0.000,0.000,-49775.7,-51375.1,60.5,0.0,0.0,0.0,0.0,0,0,0.0,0.0
93.091,VehicleControllerBP_C_0,1,1,V_1_C_0,1,0,Authority,SimulatedProxy,0.0,0.000,0.000,0.000,-49775.7,-51375.1,60.5,0.0,0.0,0.0,0.0,0,0,0.0,0.0
93.156,VehicleControllerBP_C_0,1,1,V_1_C_0,1,0,Authority,SimulatedProxy,0.0,0.000,0.000,0.000,-49775.7,-51375.1,60.5,0.0,0.0,0.0,0.0,0,0,0.0,0.0
93.210,VehicleControllerBP_C_0,1,1,V_1_C_0,1,0,Authority,SimulatedProxy,0.0,0.000,0.000,0.000,-49775.7,-51375.1,60.5,0.0,0.0,0.0,0.0,0,0,0.0,0.0
93.278,VehicleControllerBP_C_0,1,1,V_1_C_0,1,0,Authority,SimulatedProxy,0.0,0.000,0.000,0.000,-49775.7,-51375.1,60.5,0.0,0.0,0.0,0.0,0,0,0.0,0.0
93.357,VehicleControllerBP_C_0,1,1,V_1_C_0,1,0,Authority,SimulatedProxy,0.0,0.000,0.000,0.000,-49775.7,-51375.1,60.5,0.0,0.0,0.0,0.0,0,0,0.0,0.0
93.409,VehicleControllerBP_C_0,1,1,V_1_C_0,1,0,Authority,SimulatedProxy,0.0,0.000,0.000,0.000,-49775.7,-51375.1,60.5,0.0,0.0,0.0,0.0,0,0,0.0,0.0
93.457,VehicleControllerBP_C_0,1,1,V_1_C_0,1,0,Authority,SimulatedProxy,0.0,0.000,0.000,0.000,-49775.7,-51375.1,60.5,0.0,0.0,0.0,0.0,0,0,0.0,0.0
93.502,VehicleControllerBP_C_0,1,1,V_1_C_0,1,0,Authority,SimulatedProxy,0.0,0.000,0.000,0.000,-49775.7,-51375.1,60.5,0.0,0.0,0.0,0.0,0,0,0.0,0.0
93.554,VehicleControllerBP_C_0,1,1,V_1_C_0,1,0,Authority,SimulatedProxy,0.0,0.000,0.000,0.000,-49775.7,-51375.1,60.5,0.0,0.0,0.0,0.0,0,0,0.0,0.0
93.592,VehicleControllerBP_C_0,1,1,V_1_C_0,1,0,Authority,SimulatedProxy,0.0,0.000,0.000,0.000,-49775.7,-51375.1,60.5,0.0,0.0,0.0,0.0,0,0,0.0,0.0
93.639,VehicleControllerBP_C_0,1,1,V_1_C_0,1,0,Authority,SimulatedProxy,0.0,0.000,0.000,0.000,-49775.7,-51375.1,60.5,0.0,0.0,0.0,0.0,0,0,0.0,0.0
93.709,VehicleControllerBP_C_0,1,1,V_1_C_0,1,0,Authority,SimulatedProxy,0.0,0.000,0.000,0.000,-49775.7,-51375.1,60.5,0.0,0.0,0.0,0.0,0,0,0.0,0.0
93.753,VehicleControllerBP_C_0,1,1,V_1_C_0,1,0,Authority,SimulatedProxy,0.0,0.000,0.000,0.000,-49775.7,-51375.1,60.5,0.0,0.0,0.0,0.0,0,0,0.0,0.0
93.793,VehicleControllerBP_C_0,1,1,V_1_C_0,1,0,Authority,SimulatedProxy,0.0,0.000,0.000,0.000,-49775.7,-51375.1,60.5,0.0,0.0,0.0,0.0,0,0,0.0,0.0
93.867,VehicleControllerBP_C_0,1,1,V_1_C_0,1,0,Authority,SimulatedProxy,0.0,0.000,0.000,0.000,-49775.7,-51375.1,60.5,0.0,0.0,0.0,0.0,0,0,0.0,0.0
93.920,VehicleControllerBP_C_0,1,1,V_1_C_0,1,0,Authority,SimulatedProxy,0.0,0.000,0.000,0.000,-49775.7,-51375.1,60.5,0.0,0.0,0.0,0.0,0,0,0.0,0.0
93.970,VehicleControllerBP_C_0,1,1,V_1_C_0,1,0,Authority,SimulatedProxy,0.0,0.000,0.000,0.000,-49775.7,-51375.1,60.5,0.0,0.0,0.0,0.0,0,0,0.0,0.0
94.028,VehicleControllerBP_C_0,1,1,V_1_C_0,1,0,Authority,SimulatedProxy,0.0,0.000,0.000,0.000,-49775.7,-51375.1,60.5,0.0,0.0,0.0,0.0,0,0,0.0,0.0
94.103,VehicleControllerBP_C_0,1,1,V_1_C_0,1,0,Authority,SimulatedProxy,0.0,0.000,0.000,0.000,-49775.7,-51375.1,60.5,0.0,0.0,0.0,0.0,0,0,0.0,0.0
94.180,VehicleControllerBP_C_0,1,1,V_1_C_0,1,0,Authority,SimulatedProxy,0.0,0.000,0.000,0.000,-49775.7,-51375.1,60.5,0.0,0.0,0.0,0.0,0,0,0.0,0.0
94.225,VehicleControllerBP_C_0,1,1,V_1_C_0,1,0,Authority,SimulatedProxy,0.0,0.000,0.000,0.000,-49775.7,-51375.1,60.5,0.0,0.0,0.0,0.0,0,0,0.0,0.0
94.272,VehicleControllerBP_C_0,1,1,V_1_C_0,1,0,Authority,SimulatedProxy,0.0,0.000,0.000,0.000,-49775.7,-51375.1,60.5,0.0,0.0,0.0,0.0,0,0,0.0,0.0
94.346,VehicleControllerBP_C_0,1,1,V_1_C_0,1,0,Authority,SimulatedProxy,0.0,0.000,0.000,0.000,-49775.7,-51375.1,60.5,0.0,0.0,0.0,0.0,0,0,0.0,0.0
94.422,VehicleControllerBP_C_0,1,1,V_1_C_0,1,0,Authority,SimulatedProxy,0.0,0.000,0.000,0.000,-49775.7,-51375.1,60.5,0.0,0.0,0.0,0.0,0,0,0.0,0.0
94.507,VehicleControllerBP_C_0,1,1,V_1_C_0,1,0,Authority,SimulatedProxy,0.0,0.000,0.000,0.000,-49775.7,-51375.1,60.5,0.0,0.0,0.0,0.0,0,0,0.0,0.0
94.591,VehicleControllerBP_C_0,1,1,V_1_C_0,1,0,Authority,SimulatedProxy,0.0,0.000,0.000,0.000,-49775.7,-51375.1,60.5,0.0,0.0,0.0,0.0,0,0,0.0,0.0
94.664,VehicleControllerBP_C_0,1,1,V_1_C_0,1,0,Authority,SimulatedProxy,0.0,0.000,0.000,0.000,-49775.7,-51375.1,60.5,0.0,0.0,0.0,0.0,0,0,0.0,0.0
94.731,VehicleControllerBP_C_0,1,1,V_1_C_0,1,0,Authority,SimulatedProxy,0.0,0.000,0.000,0.000,-49775.7,-51375.1,60.5,0.0,0.0,0.0,0.0,0,0,0.0,0.0
94.828,VehicleControllerBP_C_0,1,1,V_1_C_0,1,0,Authority,SimulatedProxy,0.0,0.000,0.000,0.000,-49775.7,-51375.1,60.5,0.0,0.0,0.0,0.0,0,0,0.0,0.0
94.931,VehicleControllerBP_C_0,1,1,V_1_C_0,1,0,Authority,SimulatedProxy,0.0,0.000,0.000,0.000,-49775.7,-51375.1,60.5,0.0,0.0,0.0,0.0,0,0,0.0,0.0
95.012,VehicleControllerBP_C_0,1,1,V_1_C_0,1,0,Authority,SimulatedProxy,0.0,0.000,0.000,0.000,-49775.7,-51375.1,60.5,0.0,0.0,0.0,0.0,0,0,0.0,0.0
95.091,VehicleControllerBP_C_0,1,1,V_1_C_0,1,0,Authority,SimulatedProxy,0.0,0.000,0.000,0.000,-49775.7,-51375.1,60.5,0.0,0.0,0.0,0.0,0,0,0.0,0.0
95.221,VehicleControllerBP_C_0,1,1,V_1_C_0,1,0,Authority,SimulatedProxy,0.0,0.000,0.000,0.000,-49775.7,-51375.1,60.5,0.0,0.0,0.0,0.0,0,0,0.0,0.0
95.293,VehicleControllerBP_C_0,1,1,V_1_C_0,1,0,Authority,SimulatedProxy,0.0,0.000,0.000,0.000,-49775.7,-51375.1,60.5,0.0,0.0,0.0,0.0,0,0,0.0,0.0
95.377,VehicleControllerBP_C_0,1,1,V_1_C_0,1,0,Authority,SimulatedProxy,0.0,0.000,0.000,0.000,-49775.7,-51375.1,60.5,0.0,0.0,0.0,0.0,0,0,0.0,0.0
95.449,VehicleControllerBP_C_0,1,1,V_1_C_0,1,0,Authority,SimulatedProxy,0.0,0.000,0.000,0.000,-49775.7,-51375.1,60.5,0.0,0.0,0.0,0.0,0,0,0.0,0.0
95.563,VehicleControllerBP_C_0,1,1,V_1_C_0,1,0,Authority,SimulatedProxy,0.0,0.000,0.000,0.000,-49775.7,-51375.1,60.5,0.0,0.0,0.0,0.0,0,0,0.0,0.0
95.662,VehicleControllerBP_C_0,1,1,V_1_C_0,1,0,Authority,SimulatedProxy,0.0,0.000,0.000,0.000,-49775.7,-51375.1,60.5,0.0,0.0,0.0,0.0,0,0,0.0,0.0
95.751,VehicleControllerBP_C_0,1,1,V_1_C_0,1,0,Authority,SimulatedProxy,0.0,0.000,0.000,0.000,-49775.7,-51375.1,60.5,0.0,0.0,0.0,0.0,0,0,0.0,0.0
95.839,VehicleControllerBP_C_0,1,1,V_1_C_0,1,0,Authority,SimulatedProxy,0.0,0.000,0.000,0.000,-49775.7,-51375.1,60.5,0.0,0.0,0.0,0.0,0,0,0.0,0.0
95.932,VehicleControllerBP_C_0,1,1,V_1_C_0,1,0,Authority,SimulatedProxy,0.0,0.000,0.000,0.000,-49775.7,-51375.1,60.5,0.0,0.0,0.0,0.0,0,0,0.0,0.0
96.020,VehicleControllerBP_C_0,1,1,V_1_C_0,1,0,Authority,SimulatedProxy,0.0,0.000,0.000,0.000,-49775.7,-51375.1,60.5,0.0,0.0,0.0,0.0,0,0,0.0,0.0
96.104,VehicleControllerBP_C_0,1,1,V_1_C_0,1,0,Authority,SimulatedProxy,0.0,0.000,0.000,0.000,-49775.7,-51375.1,60.5,0.0,0.0,0.0,0.0,0,0,0.0,0.0
96.230,VehicleControllerBP_C_0,1,1,V_1_C_0,1,0,Authority,SimulatedProxy,0.0,0.000,0.000,0.000,-49775.7,-51375.1,60.5,0.0,0.0,0.0,0.0,0,0,0.0,0.0
96.308,VehicleControllerBP_C_0,1,1,V_1_C_0,1,0,Authority,SimulatedProxy,0.0,0.000,0.000,0.000,-49775.7,-51375.1,60.5,0.0,0.0,0.0,0.0,0,0,0.0,0.0
96.403,VehicleControllerBP_C_0,1,1,V_1_C_0,1,0,Authority,SimulatedProxy,0.0,0.000,0.000,0.000,-49775.7,-51375.1,60.5,0.0,0.0,0.0,0.0,0,0,0.0,0.0
96.485,VehicleControllerBP_C_0,1,1,V_1_C_0,1,0,Authority,SimulatedProxy,0.0,0.000,0.000,0.000,-49775.7,-51375.1,60.5,0.0,0.0,0.0,0.0,0,0,0.0,0.0
96.561,VehicleControllerBP_C_0,1,1,V_1_C_0,1,0,Authority,SimulatedProxy,0.0,0.000,0.000,0.000,-49775.7,-51375.1,60.5,0.0,0.0,0.0,0.0,0,0,0.0,0.0
96.714,VehicleControllerBP_C_0,1,1,V_1_C_0,1,0,Authority,SimulatedProxy,0.0,0.000,0.000,0.000,-49775.7,-51375.1,60.5,0.0,0.0,0.0,0.0,0,0,0.0,0.0
96.815,VehicleControllerBP_C_0,1,1,V_1_C_0,1,0,Authority,SimulatedProxy,0.0,0.000,0.000,0.000,-49775.7,-51375.1,60.5,0.0,0.0,0.0,0.0,0,0,0.0,0.0
96.898,VehicleControllerBP_C_0,1,1,V_1_C_0,1,0,Authority,SimulatedProxy,0.0,0.000,0.000,0.000,-49775.7,-51375.1,60.5,0.0,0.0,0.0,0.0,0,0,0.0,0.0
96.969,VehicleControllerBP_C_0,1,1,V_1_C_0,1,0,Authority,SimulatedProxy,0.0,0.000,0.000,0.000,-49775.7,-51375.1,60.5,0.0,0.0,0.0,0.0,0,0,0.0,0.0
97.028,VehicleControllerBP_C_0,1,1,V_1_C_0,1,0,Authority,SimulatedProxy,0.0,0.000,0.000,0.000,-49775.7,-51375.1,60.5,0.0,0.0,0.0,0.0,0,0,0.0,0.0
97.087,VehicleControllerBP_C_0,1,1,V_1_C_0,1,0,Authority,SimulatedProxy,0.0,0.000,0.000,0.000,-49775.7,-51375.1,60.5,0.0,0.0,0.0,0.0,0,0,0.0,0.0
97.151,VehicleControllerBP_C_0,1,1,V_1_C_0,1,0,Authority,SimulatedProxy,0.0,0.000,0.000,0.000,-49775.7,-51375.1,60.5,0.0,0.0,0.0,0.0,0,0,0.0,0.0
97.203,VehicleControllerBP_C_0,1,1,V_1_C_0,1,0,Authority,SimulatedProxy,0.0,0.000,0.000,0.000,-49775.7,-51375.1,60.5,0.0,0.0,0.0,0.0,0,0,0.0,0.0
97.262,VehicleControllerBP_C_0,1,1,V_1_C_0,1,0,Authority,SimulatedProxy,0.0,0.000,0.000,0.000,-49775.7,-51375.1,60.5,0.0,0.0,0.0,0.0,0,0,0.0,0.0
97.323,VehicleControllerBP_C_0,1,1,V_1_C_0,1,0,Authority,SimulatedProxy,0.0,0.000,0.000,0.000,-49775.7,-51375.1,60.5,0.0,0.0,0.0,0.0,0,0,0.0,0.0
97.384,VehicleControllerBP_C_0,1,1,V_1_C_0,1,0,Authority,SimulatedProxy,0.0,0.000,0.000,0.000,-49775.7,-51375.1,60.5,0.0,0.0,0.0,0.0,0,0,0.0,0.0
97.454,VehicleControllerBP_C_0,1,1,V_1_C_0,1,0,Authority,SimulatedProxy,0.0,0.000,0.000,0.000,-49775.7,-51375.1,60.5,0.0,0.0,0.0,0.0,0,0,0.0,0.0
97.517,VehicleControllerBP_C_0,1,1,V_1_C_0,1,0,Authority,SimulatedProxy,0.0,0.000,0.000,0.000,-49775.7,-51375.1,60.5,0.0,0.0,0.0,0.0,0,0,0.0,0.0
97.598,VehicleControllerBP_C_0,1,1,V_1_C_0,1,0,Authority,SimulatedProxy,0.0,0.244,0.000,0.000,-49775.7,-51375.1,60.5,0.0,0.0,0.0,0.0,0,0,0.0,0.0
97.658,VehicleControllerBP_C_0,1,1,V_1_C_0,1,0,Authority,SimulatedProxy,0.0,0.380,0.000,0.000,-49775.7,-51375.1,60.5,0.0,0.0,0.0,0.0,0,0,0.0,0.0
97.733,VehicleControllerBP_C_0,1,1,V_1_C_0,1,0,Authority,SimulatedProxy,0.0,0.520,0.000,0.000,-49775.7,-51375.1,60.5,0.0,0.0,0.0,0.0,0,0,0.0,0.0
97.790,VehicleControllerBP_C_0,1,1,V_1_C_0,1,0,Authority,SimulatedProxy,0.0,0.602,0.000,0.000,-49775.7,-51375.1,60.5,0.0,0.0,0.0,0.0,0,0,0.0,0.0
97.853,VehicleControllerBP_C_0,1,1,V_1_C_0,1,0,Authority,SimulatedProxy,0.0,0.676,0.000,0.000,-49775.7,-51375.1,60.5,0.0,0.0,0.0,0.0,0,0,0.0,0.0
97.937,VehicleControllerBP_C_0,1,1,V_1_C_0,1,0,Authority,SimulatedProxy,0.0,0.758,0.000,0.000,-49775.7,-51375.1,60.5,-0.8,-0.1,-0.0,0.0,0,0,0.0,0.0
98.337,VehicleControllerBP_C_0,1,1,V_1_C_0,1,0,Authority,SimulatedProxy,0.0,0.000,0.000,0.000,-49775.7,-51375.1,60.5,0.1,0.0,-0.0,0.0,0,0,0.0,0.0
98.411,VehicleControllerBP_C_0,1,1,V_1_C_0,1,0,Authority,SimulatedProxy,0.0,0.000,0.000,0.000,-49776.2,-51375.2,60.5,-7.4,-1.2,-0.1,0.3,0,0,0.0,0.0
98.479,VehicleControllerBP_C_0,1,1,V_1_C_0,1,0,Authority,SimulatedProxy,0.0,0.000,0.000,0.000,-49776.7,-51375.3,60.5,-8.4,-1.3,-0.1,0.3,0,0,0.0,0.0
98.530,VehicleControllerBP_C_0,1,1,V_1_C_0,1,0,Authority,SimulatedProxy,0.0,0.000,0.000,0.000,-49777.5,-51375.4,60.5,-13.1,-2.1,-0.0,0.5,0,0,0.0,0.0
98.655,VehicleControllerBP_C_0,1,1,V_1_C_0,1,0,Authority,SimulatedProxy,0.0,0.000,0.000,0.000,-49778.2,-51375.5,60.5,-16.0,-2.5,-0.0,0.6,0,0,0.0,0.0
98.765,VehicleControllerBP_C_0,1,1,V_1_C_0,1,0,Authority,SimulatedProxy,0.0,0.000,0.000,0.000,-49779.9,-51375.8,60.5,-19.6,-3.1,0.0,0.7,0,0,0.0,0.0
98.849,VehicleControllerBP_C_0,1,1,V_1_C_0,1,0,Authority,SimulatedProxy,0.0,0.000,0.000,0.000,-49782.2,-51376.2,60.5,-25.3,-4.0,0.0,0.9,0,0,0.0,0.0
98.921,VehicleControllerBP_C_0,1,1,V_1_C_0,1,0,Authority,SimulatedProxy,0.0,0.000,0.000,0.000,-49784.6,-51376.5,60.5,-30.0,-4.8,0.0,1.1,0,0,0.0,0.0
98.982,VehicleControllerBP_C_0,1,1,V_1_C_0,1,0,Authority,SimulatedProxy,0.0,0.000,0.000,0.000,-49787.1,-51376.9,60.5,-34.5,-5.5,0.0,1.3,0,0,0.0,0.0
99.060,VehicleControllerBP_C_0,1,1,V_1_C_0,1,0,Authority,SimulatedProxy,0.0,0.000,0.000,0.000,-49789.3,-51377.3,60.5,-37.5,-6.0,0.0,1.4,0,0,0.0,0.0
99.134,VehicleControllerBP_C_0,1,1,V_1_C_0,1,0,Authority,SimulatedProxy,0.0,0.000,0.000,0.000,-49792.3,-51377.8,60.5,-41.5,-6.6,0.0,1.5,0,0,0.0,0.0
99.191,VehicleControllerBP_C_0,1,1,V_1_C_0,1,0,Authority,SimulatedProxy,0.0,0.000,0.000,0.000,-49795.5,-51378.3,60.5,-43.7,-7.0,0.0,1.6,0,0,0.0,0.0
99.238,VehicleControllerBP_C_0,1,1,V_1_C_0,1,0,Authority,SimulatedProxy,0.0,0.000,0.000,0.000,-49798.0,-51378.7,60.5,-45.8,-7.3,0.0,1.7,0,0,0.0,0.0
99.304,VehicleControllerBP_C_0,1,1,V_1_C_0,1,0,Authority,SimulatedProxy,0.0,0.000,0.000,0.000,-49800.3,-51379.0,60.5,-49.0,-7.8,0.0,1.8,0,0,0.0,0.0
99.409,VehicleControllerBP_C_0,1,1,V_1_C_0,1,0,Authority,SimulatedProxy,0.0,0.000,0.000,0.000,-49803.6,-51379.6,60.5,-48.5,-7.7,0.0,1.8,0,0,0.0,0.0
99.472,VehicleControllerBP_C_0,1,1,V_1_C_0,1,0,Authority,SimulatedProxy,0.0,0.000,0.000,0.000,-49808.3,-51380.3,60.5,-49.6,-7.9,-0.0,1.8,0,0,0.0,0.0
99.526,VehicleControllerBP_C_0,1,1,V_1_C_0,1,0,Authority,SimulatedProxy,0.0,0.000,0.000,0.000,-49811.4,-51380.8,60.5,-49.7,-7.9,-0.0,1.8,0,0,0.0,0.0
99.593,VehicleControllerBP_C_0,1,1,V_1_C_0,1,0,Authority,SimulatedProxy,0.0,0.000,0.000,0.000,-49814.3,-51381.3,60.5,-55.3,-8.8,-0.0,2.0,0,0,0.0,0.0
99.709,VehicleControllerBP_C_0,1,1,V_1_C_0,1,0,Authority,SimulatedProxy,0.0,0.000,0.000,0.000,-49817.9,-51381.8,60.5,-51.7,-8.2,0.0,1.9,0,0,0.0,0.0
99.816,VehicleControllerBP_C_0,1,1,V_1_C_0,1,0,Authority,SimulatedProxy,0.0,0.000,0.000,0.000,-49822.8,-51382.6,60.5,-49.1,-7.8,-0.0,1.8,0,0,0.0,0.0
99.931,VehicleControllerBP_C_0,1,1,V_1_C_0,1,0,Authority,SimulatedProxy,0.0,0.000,0.000,0.000,-49827.8,-51383.4,60.5,-50.9,-8.1,-0.0,1.9,0,0,0.0,0.0
100.000,VehicleControllerBP_C_0,1,1,V_1_C_0,1,0,Authority,SimulatedProxy,0.0,0.000,0.000,0.000,-49832.8,-51384.2,60.5,-46.6,-7.4,0.0,1.7,0,0,0.0,0.0
100.098,VehicleControllerBP_C_0,1,1,V_1_C_0,1,0,Authority,SimulatedProxy,0.0,0.000,0.000,0.000,-49836.3,-51384.8,60.5,-52.1,-8.3,-0.0,1.9,0,0,0.0,0.0
100.217,VehicleControllerBP_C_0,1,1,V_1_C_0,1,0,Authority,SimulatedProxy,0.0,0.000,0.000,0.000,-49841.9,-51385.7,60.5,-56.8,-9.0,0.0,2.1,0,0,0.0,0.0
100.302,VehicleControllerBP_C_0,1,1,V_1_C_0,1,0,Authority,SimulatedProxy,0.0,0.000,0.000,0.000,-49847.4,-51386.5,60.5,-54.9,-8.7,0.0,2.0,0,0,0.0,0.0
100.416,VehicleControllerBP_C_0,1,1,V_1_C_0,1,0,Authority,SimulatedProxy,0.0,0.000,0.000,0.000,-49852.0,-51387.3,60.5,-55.2,-8.8,-0.0,2.0,0,0,0.0,0.0
100.531,VehicleControllerBP_C_0,1,1,V_1_C_0,1,0,Authority,SimulatedProxy,0.0,0.000,0.000,0.000,-49857.2,-51388.1,60.5,-48.7,-7.8,-0.0,1.8,0,0,0.0,0.0
100.638,VehicleControllerBP_C_0,1,1,V_1_C_0,1,0,Authority,SimulatedProxy,0.0,0.000,0.000,0.000,-49862.3,-51388.9,60.5,-51.0,-8.1,-0.0,1.9,0,0,0.0,0.0
100.756,VehicleControllerBP_C_0,1,1,V_1_C_0,1,0,Authority,SimulatedProxy,0.0,0.000,0.000,0.000,-49867.3,-51389.7,60.5,-50.1,-8.0,0.0,1.8,0,0,0.0,0.0
100.875,VehicleControllerBP_C_0,1,1,V_1_C_0,1,0,Authority,SimulatedProxy,0.0,0.000,0.000,0.000,-49872.3,-51390.5,60.5,-48.6,-7.7,0.0,1.8,0,0,0.0,0.0
100.984,VehicleControllerBP_C_0,1,1,V_1_C_0,1,0,Authority,SimulatedProxy,0.0,0.000,0.000,0.000,-49877.2,-51391.3,60.5,-50.8,-8.1,0.0,1.9,0,0,0.0,0.0
101.077,VehicleControllerBP_C_0,1,1,V_1_C_0,1,0,Authority,SimulatedProxy,0.0,0.000,0.000,0.000,-49881.8,-51392.0,60.5,-44.5,-7.1,-0.0,1.6,0,0,0.0,0.0
101.182,VehicleControllerBP_C_0,1,1,V_1_C_0,1,0,Authority,SimulatedProxy,0.0,0.000,0.000,0.000,-49886.0,-51392.7,60.5,-46.3,-7.4,-0.0,1.7,0,0,0.0,0.0
101.282,VehicleControllerBP_C_0,1,1,V_1_C_0,1,0,Authority,SimulatedProxy,0.0,0.000,0.000,0.000,-49890.6,-51393.4,60.5,-45.4,-7.2,0.0,1.7,0,0,0.0,0.0
101.397,VehicleControllerBP_C_0,1,1,V_1_C_0,1,0,Authority,SimulatedProxy,0.0,0.000,0.000,0.000,-49894.9,-51394.1,60.5,-42.1,-6.7,0.0,1.5,0,0,0.0,0.0
101.501,VehicleControllerBP_C_0,1,1,V_1_C_0,1,0,Authority,SimulatedProxy,0.0,0.000,0.000,0.000,-49899.1,-51394.8,60.5,-42.6,-6.8,-0.0,1.6,0,0,0.0,0.0
101.611,VehicleControllerBP_C_0,1,1,V_1_C_0,1,0,Authority,SimulatedProxy,0.0,0.000,0.000,0.000,-49903.2,-51395.4,60.5,-40.2,-6.4,-0.0,1.5,0,0,0.0,0.0
101.709,VehicleControllerBP_C_0,1,1,V_1_C_0,1,0,Authority,SimulatedProxy,0.0,0.000,0.000,0.000,-49907.1,-51396.0,60.5,-40.8,-6.5,0.0,1.5,0,0,0.0,0.0
101.826,VehicleControllerBP_C_0,1,1,V_1_C_0,1,0,Authority,SimulatedProxy,0.0,0.000,0.000,0.000,-49911.0,-51396.7,60.5,-36.3,-5.8,0.0,1.3,0,0,0.0,0.0
101.926,VehicleControllerBP_C_0,1,1,V_1_C_0,1,0,Authority,SimulatedProxy,0.0,0.000,0.000,0.000,-49914.6,-51397.2,60.5,-33.9,-5.4,-0.0,1.2,0,0,0.0,0.0
102.025,VehicleControllerBP_C_0,1,1,V_1_C_0,1,0,Authority,SimulatedProxy,0.0,0.000,0.000,0.000,-49917.8,-51397.8,60.5,-33.1,-5.3,-0.0,1.2,0,0,0.0,0.0
102.151,VehicleControllerBP_C_0,1,1,V_1_C_0,1,0,Authority,SimulatedProxy,0.0,0.000,0.000,0.000,-49920.8,-51398.2,60.5,-30.0,-4.8,-0.0,1.1,0,0,0.0,0.0
102.262,VehicleControllerBP_C_0,1,1,V_1_C_0,1,0,Authority,SimulatedProxy,0.0,0.000,0.000,0.000,-49923.7,-51398.7,60.5,-29.4,-4.7,0.0,1.1,0,0,0.0,0.0
102.347,VehicleControllerBP_C_0,1,1,V_1_C_0,1,0,Authority,SimulatedProxy,0.0,0.000,0.000,0.000,-49926.3,-51399.1,60.5,-23.1,-3.7,0.0,0.8,0,0,0.0,0.0
102.453,VehicleControllerBP_C_0,1,1,V_1_C_0,1,0,Authority,SimulatedProxy,0.0,0.000,0.000,0.000,-49928.3,-51399.4,60.5,-24.5,-3.9,0.0,0.9,0,0,0.0,0.0
102.541,VehicleControllerBP_C_0,1,1,V_1_C_0,1,0,Authority,SimulatedProxy,0.0,0.000,0.000,0.000,-49930.4,-51399.8,60.5,-20.2,-3.2,-0.0,0.7,0,0,0.0,0.0
102.655,VehicleControllerBP_C_0,1,1,V_1_C_0,1,0,Authority,SimulatedProxy,0.0,0.000,0.000,0.000,-49932.1,-51400.0,60.5,-18.8,-3.0,0.0,0.7,0,0,0.0,0.0
102.753,VehicleControllerBP_C_0,1,1,V_1_C_0,1,0,Authority,SimulatedProxy,0.0,0.000,0.000,0.000,-49934.1,-51400.3,60.5,-17.8,-2.8,0.0,0.6,0,0,0.0,0.0
102.886,VehicleControllerBP_C_0,1,1,V_1_C_0,1,0,Authority,SimulatedProxy,0.0,0.000,0.000,0.000,-49935.8,-51400.6,60.5,-14.9,-2.4,0.0,0.5,0,0,0.0,0.0
102.959,VehicleControllerBP_C_0,1,1,V_1_C_0,1,0,Authority,SimulatedProxy,0.0,0.000,0.000,0.000,-49937.3,-51400.9,60.5,-16.7,-2.7,-0.0,0.6,0,0,0.0,0.0
103.043,VehicleControllerBP_C_0,1,1,V_1_C_0,1,0,Authority,SimulatedProxy,0.0,0.000,0.000,0.000,-49938.1,-51401.0,60.5,-10.4,-1.7,-0.0,0.4,0,0,0.0,0.0
103.146,VehicleControllerBP_C_0,1,1,V_1_C_0,1,0,Authority,SimulatedProxy,0.0,0.000,0.000,0.000,-49939.0,-51401.1,60.5,-10.5,-1.7,-0.0,0.4,0,0,0.0,0.0
103.242,VehicleControllerBP_C_0,1,1,V_1_C_0,1,0,Authority,SimulatedProxy,0.0,0.000,0.000,0.000,-49940.0,-51401.3,60.5,-9.6,-1.5,0.0,0.3,0,0,0.0,0.0
103.346,VehicleControllerBP_C_0,1,1,V_1_C_0,1,0,Authority,SimulatedProxy,0.0,0.000,0.000,0.000,-49940.9,-51401.4,60.5,-7.6,-1.2,0.0,0.3,0,0,0.0,0.0
103.423,VehicleControllerBP_C_0,1,1,V_1_C_0,1,0,Authority,SimulatedProxy,0.0,0.000,0.000,0.000,-49941.7,-51401.6,60.5,-8.8,-1.4,0.0,0.3,0,0,0.0,0.0
103.543,VehicleControllerBP_C_0,1,1,V_1_C_0,1,0,Authority,SimulatedProxy,0.0,0.000,0.000,0.000,-49942.3,-51401.6,60.5,-8.0,-1.3,0.0,0.3,0,0,0.0,0.0
103.663,VehicleControllerBP_C_0,1,1,V_1_C_0,1,0,Authority,SimulatedProxy,0.0,0.000,0.000,0.000,-49942.4,-51401.7,60.5,0.0,0.0,0.0,0.0,0,0,0.0,0.0
103.769,VehicleControllerBP_C_0,1,1,V_1_C_0,1,0,Authority,SimulatedProxy,0.0,0.000,0.000,0.000,-49942.4,-51401.7,60.5,0.0,0.0,0.0,0.0,0,0,0.0,0.0
103.894,VehicleControllerBP_C_0,1,1,V_1_C_0,1,0,Authority,SimulatedProxy,0.0,0.000,0.000,0.000,-49942.4,-51401.7,60.5,0.0,0.0,0.0,0.0,0,0,0.0,0.0
103.992,VehicleControllerBP_C_0,1,1,V_1_C_0,1,0,Authority,SimulatedProxy,0.0,0.000,0.000,0.000,-49942.4,-51401.7,60.5,0.0,0.0,0.0,0.0,0,0,0.0,0.0
104.125,VehicleControllerBP_C_0,1,1,V_1_C_0,1,0,Authority,SimulatedProxy,0.0,0.000,0.000,0.000,-49942.4,-51401.7,60.5,0.0,0.0,0.0,0.0,0,0,0.0,0.0
104.199,VehicleControllerBP_C_0,1,1,V_1_C_0,1,0,Authority,SimulatedProxy,0.0,0.000,0.000,0.000,-49942.4,-51401.7,60.5,0.0,0.0,0.0,0.0,0,0,0.0,0.0
104.300,VehicleControllerBP_C_0,1,1,V_1_C_0,1,0,Authority,SimulatedProxy,0.0,0.000,0.000,0.000,-49942.4,-51401.7,60.5,0.0,0.0,0.0,0.0,0,0,0.0,0.0
104.385,VehicleControllerBP_C_0,1,1,V_1_C_0,1,0,Authority,SimulatedProxy,0.0,0.000,0.000,0.000,-49942.4,-51401.7,60.5,0.0,0.0,0.0,0.0,0,0,0.0,0.0
104.468,VehicleControllerBP_C_0,1,1,V_1_C_0,1,0,Authority,SimulatedProxy,0.0,0.000,0.000,0.000,-49942.4,-51401.7,60.5,0.0,0.0,0.0,0.0,0,0,0.0,0.0
104.548,VehicleControllerBP_C_0,1,1,V_1_C_0,1,0,Authority,SimulatedProxy,0.0,0.240,0.000,0.000,-49942.4,-51401.7,60.5,0.0,0.0,0.0,0.0,0,0,0.0,0.0
104.620,VehicleControllerBP_C_0,1,1,V_1_C_0,1,0,Authority,SimulatedProxy,0.0,0.405,0.000,0.000,-49942.4,-51401.7,60.5,0.0,0.0,0.0,0.0,0,0,0.0,0.0
104.738,VehicleControllerBP_C_0,1,1,V_1_C_0,1,0,Authority,SimulatedProxy,0.0,0.616,0.000,0.000,-49942.4,-51401.7,60.5,0.0,0.0,0.0,0.0,0,0,0.0,0.0
104.822,VehicleControllerBP_C_0,1,1,V_1_C_0,1,0,Authority,SimulatedProxy,0.0,0.712,0.000,0.000,-49942.4,-51401.7,60.5,0.0,0.0,0.0,0.0,0,0,0.0,0.0
104.930,VehicleControllerBP_C_0,1,1,V_1_C_0,1,0,Authority,SimulatedProxy,0.0,0.806,0.000,0.000,-49942.4,-51401.7,60.5,-0.8,-0.1,-0.0,0.0,0,0,0.0,0.0
105.031,VehicleControllerBP_C_0,1,1,V_1_C_0,1,0,Authority,SimulatedProxy,0.0,0.865,0.000,0.000,-49942.6,-51401.7,60.5,-1.2,-0.2,-0.0,0.0,0,0,0.0,0.0
105.097,VehicleControllerBP_C_0,1,1,V_1_C_0,1,0,Authority,SimulatedProxy,0.0,0.891,0.000,0.000,-49942.8,-51401.7,60.5,-7.0,-1.1,-0.0,0.3,0,0,0.0,0.0
105.170,VehicleControllerBP_C_0,1,1,V_1_C_0,1,0,Authority,SimulatedProxy,0.0,0.915,0.000,0.000,-49943.6,-51401.9,60.5,-11.3,-1.8,-0.0,0.4,0,0,0.0,0.0
105.259,VehicleControllerBP_C_0,1,1,V_1_C_0,1,0,Authority,SimulatedProxy,0.0,0.938,0.000,0.000,-49944.5,-51402.0,60.5,-13.5,-2.1,-0.0,0.5,0,0,0.0,0.0
105.350,VehicleControllerBP_C_0,1,1,V_1_C_0,1,0,Authority,SimulatedProxy,0.0,0.955,0.000,0.000,-49945.9,-51402.2,60.5,-19.1,-3.0,0.0,0.7,0,0,0.0,0.0
105.450,VehicleControllerBP_C_0,1,1,V_1_C_0,1,0,Authority,SimulatedProxy,0.0,0.968,0.000,0.000,-49948.0,-51402.6,60.5,-23.5,-3.7,0.0,0.9,0,0,0.0,0.0
105.552,VehicleControllerBP_C_0,1,1,V_1_C_0,1,0,Authority,SimulatedProxy,0.0,0.978,0.000,0.000,-49950.5,-51403.0,60.5,-27.6,-4.4,0.0,1.0,0,0,0.0,0.0
105.654,VehicleControllerBP_C_0,1,1,V_1_C_0,1,0,Authority,SimulatedProxy,0.0,0.985,0.000,0.000,-49953.8,-51403.5,60.5,-37.2,-5.9,0.0,1.4,0,0,0.0,0.0
105.765,VehicleControllerBP_C_0,1,1,V_1_C_0,1,0,Authority,SimulatedProxy,0.0,0.990,0.000,0.000,-49958.0,-51404.2,60.5,-43.1,-6.9,0.0,1.6,0,0,0.0,0.0
105.862,VehicleControllerBP_C_0,1,1,V_1_C_0,1,0,Authority,SimulatedProxy,0.0,0.993,0.000,0.000,-49962.5,-51404.9,60.5,-44.6,-7.1,0.0,1.6,0,0,0.0,0.0
105.952,VehicleControllerBP_C_0,1,1,V_1_C_0,1,0,Authority,SimulatedProxy,0.0,0.995,0.000,0.000,-49967.0,-51405.6,60.5,-47.2,-7.5,-0.0,1.7,0,0,0.0,0.0
106.034,VehicleControllerBP_C_0,1,1,V_1_C_0,1,0,Authority,SimulatedProxy,0.0,0.996,0.000,0.000,-49971.6,-51406.3,60.5,-53.5,-8.5,-0.0,1.9,0,0,0.0,0.0
106.128,VehicleControllerBP_C_0,1,1,V_1_C_0,1,0,Authority,SimulatedProxy,0.0,0.718,0.000,0.000,-49976.2,-51407.0,60.5,-57.3,-9.1,0.0,2.1,0,0,0.0,0.0
106.227,VehicleControllerBP_C_0,1,1,V_1_C_0,1,0,Authority,SimulatedProxy,0.0,0.503,0.000,0.000,-49982.0,-51408.0,60.5,-64.1,-10.2,0.0,2.3,0,0,0.0,0.0
106.306,VehicleControllerBP_C_0,1,1,V_1_C_0,1,0,Authority,SimulatedProxy,0.0,0.384,0.000,0.000,-49988.9,-51409.1,60.5,-70.1,-11.2,0.0,2.6,0,0,0.0,0.0
106.426,VehicleControllerBP_C_0,1,1,V_1_C_0,1,0,Authority,SimulatedProxy,0.0,0.246,0.000,0.000,-49995.3,-51410.1,60.5,-84.4,-13.4,0.0,3.1,0,0,0.0,0.0
106.580,VehicleControllerBP_C_0,1,1,V_1_C_0,1,0,Authority,SimulatedProxy,0.0,0.132,0.000,0.000,-50004.1,-51411.5,60.5,-92.9,-14.8,0.0,3.4,0,0,0.0,0.0
106.918,VehicleControllerBP_C_0,1,1,V_1_C_0,1,0,Authority,SimulatedProxy,0.0,0.000,0.000,0.000,-50016.7,-51413.5,60.5,-157.6,-25.2,0.1,5.7,0,0,0.0,0.0
107.251,VehicleControllerBP_C_0,1,1,V_1_C_0,1,0,Authority,SimulatedProxy,0.0,0.000,0.000,0.000,-50035.7,-51416.5,60.5,-200.8,-32.0,0.2,7.3,0,0,0.0,0.0
107.585,VehicleControllerBP_C_0,1,1,V_1_C_0,1,0,Authority,SimulatedProxy,0.0,0.000,0.000,0.000,-50055.2,-51419.6,60.6,-198.1,-31.5,0.1,7.2,0,0,0.0,0.0
107.919,VehicleControllerBP_C_0,1,1,V_1_C_0,1,0,Authority,SimulatedProxy,0.0,0.000,0.000,0.000,-50075.1,-51422.8,60.6,-203.6,-32.4,-0.2,7.4,0,0,0.0,0.0
108.255,VehicleControllerBP_C_0,1,1,V_1_C_0,1,0,Authority,SimulatedProxy,0.0,0.000,0.000,0.000,-50095.4,-51426.0,60.5,-210.9,-33.6,-0.3,7.7,0,0,0.0,0.0
108.589,VehicleControllerBP_C_0,1,1,V_1_C_0,1,0,Authority,SimulatedProxy,0.0,0.000,0.000,0.000,-50116.2,-51429.3,60.5,-209.0,-33.3,-0.1,7.6,0,0,0.0,0.0
108.922,VehicleControllerBP_C_0,1,1,V_1_C_0,1,0,Authority,SimulatedProxy,0.0,0.000,0.000,0.000,-50137.0,-51432.7,60.5,-216.2,-34.4,-0.0,7.9,0,0,0.0,0.0
109.256,VehicleControllerBP_C_0,1,1,V_1_C_0,1,0,Authority,SimulatedProxy,0.0,0.000,0.000,0.000,-50158.4,-51436.1,60.5,-214.3,-34.1,0.1,7.8,0,0,0.0,0.0
109.590,VehicleControllerBP_C_0,1,1,V_1_C_0,1,0,Authority,SimulatedProxy,0.0,0.000,0.000,0.000,-50179.5,-51439.4,60.5,-212.1,-33.8,-0.0,7.7,0,0,0.0,0.0
109.924,VehicleControllerBP_C_0,1,1,V_1_C_0,1,0,Authority,SimulatedProxy,0.0,0.000,0.000,0.000,-50200.4,-51442.7,60.5,-209.8,-33.4,-0.1,7.6,0,0,0.0,0.0
110.261,VehicleControllerBP_C_0,1,1,V_1_C_0,1,0,Authority,SimulatedProxy,0.0,0.000,0.000,0.000,-50221.0,-51446.0,60.5,-207.6,-33.0,-0.0,7.6,0,0,0.0,0.0
110.647,VehicleControllerBP_C_0,1,1,V_1_C_0,1,0,Authority,SimulatedProxy,0.0,0.000,0.000,0.000,-50241.5,-51449.3,60.5,-205.3,-32.7,-0.0,7.5,0,0,0.0,0.0
110.981,VehicleControllerBP_C_0,1,1,V_1_C_0,1,0,Authority,SimulatedProxy,0.0,0.000,0.000,0.000,-50261.7,-51452.5,60.5,-203.0,-32.3,0.0,7.4,0,0,0.0,0.0
111.315,VehicleControllerBP_C_0,1,1,V_1_C_0,1,0,Authority,SimulatedProxy,0.0,0.000,0.000,0.000,-50281.7,-51455.7,60.5,-200.6,-31.9,0.0,7.3,0,0,0.0,0.0
111.649,VehicleControllerBP_C_0,1,1,V_1_C_0,1,0,Authority,SimulatedProxy,0.0,0.000,0.000,0.000,-50301.5,-51458.8,60.5,-198.3,-31.6,0.0,7.2,0,0,0.0,0.0
111.995,VehicleControllerBP_C_0,1,1,V_1_C_0,1,0,Authority,SimulatedProxy,0.0,0.000,0.000,0.000,-50321.0,-51462.0,60.5,-195.9,-31.2,0.0,7.1,0,0,0.0,0.0
112.334,VehicleControllerBP_C_0,1,1,V_1_C_0,1,0,Authority,SimulatedProxy,0.0,0.000,0.000,0.000,-50340.3,-51465.0,60.5,-193.5,-30.8,0.0,7.1,0,0,0.0,0.0
112.675,VehicleControllerBP_C_0,1,1,V_1_C_0,1,0,Authority,SimulatedProxy,0.0,0.000,0.000,0.000,-50359.4,-51468.1,60.5,-191.0,-30.4,0.0,7.0,0,0,0.0,0.0
113.049,VehicleControllerBP_C_0,1,1,V_1_C_0,1,0,Authority,SimulatedProxy,0.0,0.000,0.000,0.000,-50378.2,-51471.1,60.5,-188.6,-30.0,0.0,6.9,0,0,0.0,0.0
113.398,VehicleControllerBP_C_0,1,1,V_1_C_0,1,0,Authority,SimulatedProxy,0.0,0.000,0.000,0.000,-50396.8,-51474.0,60.5,-186.1,-29.6,0.0,6.8,0,0,0.0,0.0
113.766,VehicleControllerBP_C_0,1,1,V_1_C_0,1,0,Authority,SimulatedProxy,0.0,0.000,0.000,0.000,-50415.1,-51476.9,60.5,-183.6,-29.2,0.0,6.7,0,0,0.0,0.0
114.100,VehicleControllerBP_C_0,1,1,V_1_C_0,1,0,Authority,SimulatedProxy,0.0,0.000,0.000,0.000,-50433.2,-51479.8,60.5,-181.1,-28.8,0.0,6.6,0,0,0.0,0.0
114.480,VehicleControllerBP_C_0,1,1,V_1_C_0,1,0,Authority,SimulatedProxy,0.0,0.000,0.000,0.000,-50451.0,-51482.6,60.5,-178.5,-28.4,0.0,6.5,0,0,0.0,0.0
114.814,VehicleControllerBP_C_0,1,1,V_1_C_0,1,0,Authority,SimulatedProxy,0.0,0.000,0.000,0.000,-50468.5,-51485.4,60.5,-175.9,-28.0,0.0,6.4,0,0,0.0,0.0
115.147,VehicleControllerBP_C_0,1,1,V_1_C_0,1,0,Authority,SimulatedProxy,0.0,0.000,0.000,0.000,-50485.8,-51488.2,60.5,-173.3,-27.6,0.0,6.3,0,0,0.0,0.0
115.481,VehicleControllerBP_C_0,1,1,V_1_C_0,1,0,Authority,SimulatedProxy,0.0,0.000,0.000,0.000,-50502.9,-51490.9,60.5,-170.7,-27.2,0.0,6.2,0,0,0.0,0.0
115.814,VehicleControllerBP_C_0,1,1,V_1_C_0,1,0,Authority,SimulatedProxy,0.0,0.000,0.000,0.000,-50519.7,-51493.6,60.5,-168.0,-26.7,0.0,6.1,0,0,0.0,0.0
116.149,VehicleControllerBP_C_0,1,1,V_1_C_0,1,0,Authority,SimulatedProxy,0.0,0.000,0.000,0.000,-50536.2,-51496.2,60.5,-165.3,-26.3,0.0,6.0,0,0,0.0,0.0
116.500,VehicleControllerBP_C_0,1,1,V_1_C_0,1,0,Authority,SimulatedProxy,0.0,0.000,0.000,0.000,-50552.4,-51498.8,60.5,-162.6,-25.9,0.0,5.9,0,0,0.0,0.0
116.561,VehicleControllerBP_C_0,1,1,V_1_C_0,1,0,Authority,SimulatedProxy,0.0,0.000,0.000,0.000,-50568.4,-51501.3,60.5,-159.8,-25.4,0.0,5.8,0,0,0.0,0.0
116.669,VehicleControllerBP_C_0,1,1,V_1_C_0,1,0,Authority,SimulatedProxy,0.0,0.000,0.000,0.000,-50578.0,-51502.9,60.5,-158.7,-25.3,0.0,5.8,0,0,0.0,0.0
116.778,VehicleControllerBP_C_0,1,1,V_1_C_0,1,0,Authority,SimulatedProxy,0.0,0.000,0.000,0.000,-50593.5,-51505.3,60.5,-155.7,-24.8,0.0,5.7,0,0,0.0,0.0
116.845,VehicleControllerBP_C_0,1,1,V_1_C_0,1,0,Authority,SimulatedProxy,0.0,0.000,0.000,0.000,-50608.8,-51507.8,60.5,-152.9,-24.3,-0.0,5.6,0,0,0.0,0.0
116.903,VehicleControllerBP_C_0,1,1,V_1_C_0,1,0,Authority,SimulatedProxy,0.0,0.000,0.000,0.000,-50618.9,-51509.4,60.5,-149.7,-23.8,0.0,5.5,0,0,0.0,0.0
116.942,VehicleControllerBP_C_0,1,1,V_1_C_0,1,0,Authority,SimulatedProxy,0.0,0.000,0.000,0.000,-50627.7,-51510.8,60.5,-148.4,-23.6,0.0,5.4,0,0,0.0,0.0
116.986,VehicleControllerBP_C_0,1,1,V_1_C_0,1,0,Authority,SimulatedProxy,0.0,0.000,0.000,0.000,-50633.5,-51511.7,60.5,-149.7,-23.8,0.0,5.5,0,0,0.0,0.0
117.027,VehicleControllerBP_C_0,1,1,V_1_C_0,1,0,Authority,SimulatedProxy,0.0,0.000,0.000,0.000,-50640.1,-51512.7,60.5,-148.7,-23.7,0.0,5.4,0,0,0.0,0.0
117.069,VehicleControllerBP_C_0,1,1,V_1_C_0,1,0,Authority,SimulatedProxy,0.0,0.000,0.000,0.000,-50645.9,-51513.7,60.5,-145.2,-23.1,0.0,5.3,0,0,0.0,0.0
117.111,VehicleControllerBP_C_0,1,1,V_1_C_0,1,0,Authority,SimulatedProxy,0.0,0.000,0.000,0.000,-50652.6,-51514.7,60.5,-160.1,-25.5,0.0,5.8,0,0,0.0,0.0
117.154,VehicleControllerBP_C_0,1,1,V_1_C_0,1,0,Authority,SimulatedProxy,0.0,0.000,0.000,0.000,-50659.4,-51515.8,60.5,-160.7,-25.6,0.1,5.9,0,0,0.0,0.0
117.194,VehicleControllerBP_C_0,1,1,V_1_C_0,1,0,Authority,SimulatedProxy,0.0,0.000,0.000,0.000,-50666.4,-51516.9,60.5,-160.1,-25.5,0.1,5.8,0,0,0.0,0.0
117.228,VehicleControllerBP_C_0,1,1,V_1_C_0,1,0,Authority,SimulatedProxy,0.0,0.000,0.000,0.000,-50672.8,-51518.0,60.5,-162.0,-25.8,0.1,5.9,0,0,0.0,0.0
117.261,VehicleControllerBP_C_0,1,1,V_1_C_0,1,0,Authority,SimulatedProxy,0.0,0.000,0.000,0.000,-50678.2,-51518.8,60.5,-160.3,-25.5,0.1,5.8,0,0,0.0,0.0
117.296,VehicleControllerBP_C_0,1,1,V_1_C_0,1,0,Authority,SimulatedProxy,0.0,0.000,0.000,0.000,-50683.6,-51519.7,60.5,-161.6,-25.7,0.0,5.9,0,0,0.0,0.0
117.327,VehicleControllerBP_C_0,1,1,V_1_C_0,1,0,Authority,SimulatedProxy,0.0,0.000,0.000,0.000,-50689.1,-51520.6,60.5,-159.1,-25.3,-0.0,5.8,0,0,0.0,0.0
117.359,VehicleControllerBP_C_0,1,1,V_1_C_0,1,0,Authority,SimulatedProxy,0.0,0.000,0.000,0.000,-50694.1,-51521.4,60.5,-158.8,-25.3,-0.0,5.8,0,0,0.0,0.0
117.391,VehicleControllerBP_C_0,1,1,V_1_C_0,1,0,Authority,SimulatedProxy,0.0,0.000,0.000,0.000,-50699.2,-51522.2,60.5,-158.1,-25.2,-0.1,5.8,0,0,0.0,0.0
117.422,VehicleControllerBP_C_0,1,1,V_1_C_0,1,0,Authority,SimulatedProxy,0.0,0.000,0.000,0.000,-50704.3,-51523.0,60.5,-157.4,-25.1,-0.1,5.7,0,0,0.0,0.0
117.453,VehicleControllerBP_C_0,1,1,V_1_C_0,1,0,Authority,SimulatedProxy,0.0,0.000,0.000,0.000,-50709.1,-51523.7,60.5,-153.9,-24.5,-0.1,5.6,0,0,0.0,0.0
117.483,VehicleControllerBP_C_0,1,1,V_1_C_0,1,0,Authority,SimulatedProxy,0.0,0.000,0.000,0.000,-50714.0,-51524.5,60.5,-158.3,-25.2,-0.1,5.8,0,0,0.0,0.0
117.516,VehicleControllerBP_C_0,1,1,V_1_C_0,1,0,Authority,SimulatedProxy,0.0,0.000,0.000,0.000,-50718.8,-51525.3,60.5,-158.6,-25.2,-0.1,5.8,0,0,0.0,0.0
117.548,VehicleControllerBP_C_0,1,1,V_1_C_0,1,0,Authority,SimulatedProxy,0.0,0.000,0.000,0.000,-50724.1,-51526.1,60.5,-158.1,-25.2,-0.0,5.8,0,0,0.0,0.0
117.584,VehicleControllerBP_C_0,1,1,V_1_C_0,1,0,Authority,SimulatedProxy,0.0,0.000,0.000,0.000,-50729.1,-51526.9,60.5,-156.9,-25.0,-0.0,5.7,0,0,0.0,0.0
117.619,VehicleControllerBP_C_0,1,1,V_1_C_0,1,0,Authority,SimulatedProxy,0.0,0.000,0.000,0.000,-50735.1,-51527.9,60.5,-171.5,-27.3,-0.0,6.3,0,0,0.0,0.0
117.660,VehicleControllerBP_C_0,1,1,V_1_C_0,1,0,Authority,SimulatedProxy,0.0,0.000,0.000,0.000,-50741.2,-51528.8,60.5,-172.7,-27.5,0.0,6.3,0,0,0.0,0.0
117.696,VehicleControllerBP_C_0,1,1,V_1_C_0,1,0,Authority,SimulatedProxy,0.0,0.000,0.000,0.000,-50748.4,-51530.0,60.5,-175.3,-27.9,0.1,6.4,0,0,0.0,0.0
117.741,VehicleControllerBP_C_0,1,1,V_1_C_0,1,0,Authority,SimulatedProxy,0.0,0.000,0.000,0.000,-50754.6,-51531.0,60.5,-173.1,-27.6,0.1,6.3,0,0,0.0,0.0
117.787,VehicleControllerBP_C_0,1,1,V_1_C_0,1,0,Authority,SimulatedProxy,0.0,0.000,0.000,0.000,-50762.5,-51532.2,60.5,-172.4,-27.5,0.1,6.3,0,0,0.0,0.0
117.832,VehicleControllerBP_C_0,1,1,V_1_C_0,1,0,Authority,SimulatedProxy,0.0,0.000,0.000,0.000,-50770.3,-51533.5,60.5,-171.5,-27.3,0.0,6.3,0,0,0.0,0.0
117.868,VehicleControllerBP_C_0,1,1,V_1_C_0,1,0,Authority,SimulatedProxy,0.0,0.000,0.000,0.000,-50778.1,-51534.7,60.5,-170.6,-27.2,-0.0,6.2,0,0,0.0,0.0
117.910,VehicleControllerBP_C_0,1,1,V_1_C_0,1,0,Authority,SimulatedProxy,0.0,0.000,0.000,0.000,-50784.3,-51535.7,60.5,-171.9,-27.4,-0.1,6.3,0,0,0.0,0.0
117.952,VehicleControllerBP_C_0,1,1,V_1_C_0,1,0,Authority,SimulatedProxy,0.0,0.000,0.000,0.000,-50791.3,-51536.8,60.5,-167.8,-26.7,-0.1,6.1,0,0,0.0,0.0
117.996,VehicleControllerBP_C_0,1,1,V_1_C_0,1,0,Authority,SimulatedProxy,0.0,0.000,0.000,0.000,-50799.0,-51538.0,60.5,-185.0,-29.5,-0.1,6.7,0,0,0.0,0.0
118.061,VehicleControllerBP_C_0,1,1,V_1_C_0,1,0,Authority,SimulatedProxy,0.0,0.000,0.000,0.000,-50807.3,-51539.4,60.5,-185.5,-29.5,0.0,6.8,0,0,0.0,0.0
118.105,VehicleControllerBP_C_0,1,1,V_1_C_0,1,0,Authority,SimulatedProxy,0.0,0.000,0.000,0.000,-50819.3,-51541.3,60.5,-184.5,-29.4,0.1,6.7,0,0,0.0,0.0
118.141,VehicleControllerBP_C_0,1,1,V_1_C_0,1,0,Authority,SimulatedProxy,0.0,0.000,0.000,0.000,-50827.7,-51542.6,60.5,-196.9,-31.3,0.1,7.2,0,0,0.0,0.0
118.175,VehicleControllerBP_C_0,1,1,V_1_C_0,1,0,Authority,SimulatedProxy,0.0,0.000,0.000,0.000,-50834.9,-51543.8,60.5,-200.4,-31.9,0.1,7.3,0,0,0.0,0.0
118.508,VehicleControllerBP_C_0,1,1,V_1_C_0,1,0,Authority,SimulatedProxy,0.0,0.000,0.000,0.000,-50841.7,-51544.9,60.5,-198.1,-31.5,0.1,7.2,0,0,0.0,0.0
118.842,VehicleControllerBP_C_0,1,1,V_1_C_0,1,0,Authority,SimulatedProxy,0.0,0.000,0.000,0.000,-50861.6,-51548.0,60.5,-196.7,-31.3,-0.0,7.2,0,0,0.0,0.0
119.177,VehicleControllerBP_C_0,1,1,V_1_C_0,1,0,Authority,SimulatedProxy,0.0,0.000,0.000,0.000,-50881.6,-51551.2,60.5,-209.3,-33.3,-0.1,7.6,0,0,0.0,0.0
119.511,VehicleControllerBP_C_0,1,1,V_1_C_0,1,0,Authority,SimulatedProxy,0.0,0.000,0.000,0.000,-50902.4,-51554.5,60.5,-201.5,-32.1,0.0,7.3,0,0,0.0,0.0
119.845,VehicleControllerBP_C_0,1,1,V_1_C_0,1,0,Authority,SimulatedProxy,0.0,0.000,0.000,0.000,-50922.0,-51557.6,60.5,-189.7,-30.2,0.1,6.9,0,0,0.0,0.0
120.179,VehicleControllerBP_C_0,1,1,V_1_C_0,1,0,Authority,SimulatedProxy,0.0,0.000,0.000,0.000,-50940.4,-51560.6,60.5,-179.0,-28.5,0.0,6.5,0,0,0.0,0.0
120.512,VehicleControllerBP_C_0,1,1,V_1_C_0,1,0,Authority,SimulatedProxy,0.0,0.000,0.000,0.000,-50957.8,-51563.3,60.5,-169.4,-27.0,0.0,6.2,0,0,0.0,0.0
120.846,VehicleControllerBP_C_0,1,1,V_1_C_0,1,0,Authority,SimulatedProxy,0.0,0.000,0.000,0.000,-50974.3,-51565.9,60.5,-160.6,-25.6,-0.0,5.9,0,0,0.0,0.0
121.179,VehicleControllerBP_C_0,1,1,V_1_C_0,1,0,Authority,SimulatedProxy,0.0,0.000,0.000,0.000,-50989.9,-51568.4,60.5,-152.6,-24.3,-0.0,5.6,0,0,0.0,0.0
121.516,VehicleControllerBP_C_0,1,1,V_1_C_0,1,0,Authority,SimulatedProxy,0.0,0.000,0.000,0.000,-51004.8,-51570.8,60.5,-145.3,-23.1,-0.0,5.3,0,0,0.0,0.0
121.850,VehicleControllerBP_C_0,1,1,V_1_C_0,1,0,Authority,SimulatedProxy,0.0,0.000,0.000,0.000,-51019.0,-51573.1,60.5,-138.7,-22.1,-0.0,5.1,0,0,0.0,0.0
122.184,VehicleControllerBP_C_0,1,1,V_1_C_0,1,0,Authority,SimulatedProxy,0.0,0.000,0.000,0.000,-51032.5,-51575.2,60.5,-132.7,-21.1,-0.0,4.8,0,0,0.0,0.0
122.518,VehicleControllerBP_C_0,1,1,V_1_C_0,1,0,Authority,SimulatedProxy,0.0,0.000,0.000,0.000,-51045.5,-51577.3,60.5,-127.2,-20.3,-0.0,4.6,0,0,0.0,0.0
122.852,VehicleControllerBP_C_0,1,1,V_1_C_0,1,0,Authority,SimulatedProxy,0.0,0.000,0.000,0.000,-51058.0,-51579.3,60.5,-122.2,-19.5,-0.0,4.5,0,0,0.0,0.0
123.197,VehicleControllerBP_C_0,1,1,V_1_C_0,1,0,Authority,SimulatedProxy,0.0,0.000,0.000,0.000,-51070.0,-51581.2,60.5,-117.6,-18.7,-0.0,4.3,0,0,0.0,0.0
123.530,VehicleControllerBP_C_0,1,1,V_1_C_0,1,0,Authority,SimulatedProxy,0.0,0.000,0.000,0.000,-51081.5,-51583.0,60.5,-113.2,-18.0,-0.0,4.1,0,0,0.0,0.0
123.864,VehicleControllerBP_C_0,1,1,V_1_C_0,1,0,Authority,SimulatedProxy,0.0,0.000,0.000,0.000,-51092.4,-51584.8,60.5,-104.2,-16.6,-0.0,3.8,0,0,0.0,0.0
124.197,VehicleControllerBP_C_0,1,1,V_1_C_0,1,0,Authority,SimulatedProxy,0.0,0.000,0.000,0.000,-51102.4,-51586.4,60.5,-97.0,-15.5,-0.0,3.5,0,0,0.0,0.0
124.531,VehicleControllerBP_C_0,1,1,V_1_C_0,1,0,Authority,SimulatedProxy,0.0,0.000,0.000,0.000,-51112.2,-51587.9,60.5,-97.4,-15.5,-0.1,3.6,0,0,0.0,0.0
124.864,VehicleControllerBP_C_0,1,1,V_1_C_0,1,0,Authority,SimulatedProxy,0.0,0.000,0.000,0.000,-51121.9,-51589.5,60.5,-96.4,-15.3,-0.0,3.5,0,0,0.0,0.0
125.198,VehicleControllerBP_C_0,1,1,V_1_C_0,1,0,Authority,SimulatedProxy,0.0,0.000,0.000,0.000,-51131.7,-51591.0,60.5,-96.3,-15.3,-0.0,3.5,0,0,0.0,0.0
125.531,VehicleControllerBP_C_0,1,1,V_1_C_0,1,0,Authority,SimulatedProxy,0.0,0.000,0.000,0.000,-51141.1,-51592.5,60.5,-95.4,-15.2,-0.0,3.5,0,0,0.0,0.0
125.864,VehicleControllerBP_C_0,1,1,V_1_C_0,1,0,Authority,SimulatedProxy,0.0,0.000,0.000,0.000,-51150.2,-51594.0,60.5,-88.2,-14.0,-0.0,3.2,0,0,0.0,0.0
126.198,VehicleControllerBP_C_0,1,1,V_1_C_0,1,0,Authority,SimulatedProxy,0.0,0.000,0.000,0.000,-51159.1,-51595.4,60.5,-89.5,-14.2,-0.0,3.3,0,0,0.0,0.0
126.531,VehicleControllerBP_C_0,1,1,V_1_C_0,1,0,Authority,SimulatedProxy,0.0,0.000,0.000,0.000,-51167.8,-51596.8,60.5,-84.2,-13.4,0.0,3.1,0,0,0.0,0.0
126.865,VehicleControllerBP_C_0,1,1,V_1_C_0,1,0,Authority,SimulatedProxy,0.0,0.000,0.000,0.000,-51176.2,-51598.1,60.5,-82.9,-13.2,0.0,3.0,0,0,0.0,0.0
127.199,VehicleControllerBP_C_0,1,1,V_1_C_0,1,0,Authority,SimulatedProxy,0.0,0.000,0.000,0.000,-51184.2,-51599.4,60.5,-79.4,-12.6,-0.0,2.9,0,0,0.0,0.0
127.533,VehicleControllerBP_C_0,1,1,V_1_C_0,1,0,Authority,SimulatedProxy,0.0,0.000,0.000,0.000,-51192.1,-51600.6,60.5,-78.4,-12.5,0.0,2.9,0,0,0.0,0.0
127.866,VehicleControllerBP_C_0,1,1,V_1_C_0,1,0,Authority,SimulatedProxy,0.0,0.000,0.000,0.000,-51199.9,-51601.9,60.5,-78.1,-12.4,0.0,2.8,0,0,0.0,0.0
128.199,VehicleControllerBP_C_0,1,1,V_1_C_0,1,0,Authority,SimulatedProxy,0.0,0.000,0.000,0.000,-51207.5,-51603.1,60.5,-74.4,-11.8,0.0,2.7,0,0,0.0,0.0
128.533,VehicleControllerBP_C_0,1,1,V_1_C_0,1,0,Authority,SimulatedProxy,0.0,0.000,0.000,0.000,-51214.8,-51604.2,60.5,-73.7,-11.7,0.0,2.7,0,0,0.0,0.0
128.866,VehicleControllerBP_C_0,1,1,V_1_C_0,1,0,Authority,SimulatedProxy,0.0,0.000,0.000,0.000,-51221.9,-51605.4,60.5,-71.1,-11.3,-0.0,2.6,0,0,0.0,0.0
129.199,VehicleControllerBP_C_0,1,1,V_1_C_0,1,0,Authority,SimulatedProxy,0.0,0.000,0.000,0.000,-51228.7,-51606.4,60.5,-67.8,-10.8,-0.0,2.5,0,0,0.0,0.0
129.533,VehicleControllerBP_C_0,1,1,V_1_C_0,1,0,Authority,SimulatedProxy,0.0,0.000,0.000,0.000,-51235.1,-51607.5,60.5,-62.8,-10.0,-0.0,2.3,0,0,0.0,0.0
129.866,VehicleControllerBP_C_0,1,1,V_1_C_0,1,0,Authority,SimulatedProxy,0.0,0.000,0.000,0.000,-51241.2,-51608.4,60.5,-60.9,-9.7,-0.0,2.2,0,0,0.0,0.0
130.200,VehicleControllerBP_C_0,1,1,V_1_C_0,1,0,Authority,SimulatedProxy,0.0,0.000,0.000,0.000,-51247.2,-51609.4,60.5,-58.9,-9.4,0.0,2.1,0,0,0.0,0.0
130.534,VehicleControllerBP_C_0,1,1,V_1_C_0,1,0,Authority,SimulatedProxy,0.0,0.000,0.000,0.000,-51253.1,-51610.3,60.5,-56.4,-9.0,0.0,2.1,0,0,0.0,0.0
130.867,VehicleControllerBP_C_0,1,1,V_1_C_0,1,0,Authority,SimulatedProxy,0.0,0.000,0.000,0.000,-51258.7,-51611.2,60.5,-55.6,-8.8,0.0,2.0,0,0,0.0,0.0
131.201,VehicleControllerBP_C_0,1,1,V_1_C_0,1,0,Authority,SimulatedProxy,0.0,0.000,0.000,0.000,-51264.0,-51612.1,60.5,-54.1,-8.6,-0.0,2.0,0,0,0.0,0.0
131.535,VehicleControllerBP_C_0,1,1,V_1_C_0,1,0,Authority,SimulatedProxy,0.0,0.000,0.000,0.000,-51269.4,-51612.9,60.5,-52.6,-8.4,0.0,1.9,0,0,0.0,0.0
131.868,VehicleControllerBP_C_0,1,1,V_1_C_0,1,0,Authority,SimulatedProxy,0.0,0.000,0.000,0.000,-51274.5,-51613.7,60.5,-51.4,-8.2,0.0,1.9,0,0,0.0,0.0
132.201,VehicleControllerBP_C_0,1,1,V_1_C_0,1,0,Authority,SimulatedProxy,0.0,0.000,0.000,0.000,-51279.5,-51614.5,60.5,-50.2,-8.0,-0.0,1.8,0,0,0.0,0.0
132.535,VehicleControllerBP_C_0,1,1,V_1_C_0,1,0,Authority,SimulatedProxy,0.0,0.000,0.000,0.000,-51284.1,-51615.3,60.5,-45.3,-7.2,-0.0,1.7,0,0,0.0,0.0
132.868,VehicleControllerBP_C_0,1,1,V_1_C_0,1,0,Authority,SimulatedProxy,0.0,0.000,0.000,0.000,-51288.7,-51616.0,60.5,-45.7,-7.3,-0.0,1.7,0,0,0.0,0.0
133.201,VehicleControllerBP_C_0,1,1,V_1_C_0,1,0,Authority,SimulatedProxy,0.0,0.000,0.000,0.000,-51292.9,-51616.7,60.5,-39.6,-6.3,0.0,1.4,0,0,0.0,0.0
133.535,VehicleControllerBP_C_0,1,1,V_1_C_0,1,0,Authority,SimulatedProxy,0.0,0.000,0.000,0.000,-51297.1,-51617.3,60.5,-42.2,-6.7,-0.0,1.5,0,0,0.0,0.0
133.868,VehicleControllerBP_C_0,1,1,V_1_C_0,1,0,Authority,SimulatedProxy,0.0,0.000,0.000,0.000,-51301.0,-51618.0,60.5,-37.5,-6.0,0.0,1.4,0,0,0.0,0.0
134.201,VehicleControllerBP_C_0,1,1,V_1_C_0,1,0,Authority,SimulatedProxy,0.0,0.000,0.000,0.000,-51304.5,-51618.5,60.5,-34.5,-5.5,-0.0,1.3,0,0,0.0,0.0
134.535,VehicleControllerBP_C_0,1,1,V_1_C_0,1,0,Authority,SimulatedProxy,0.0,0.000,0.000,0.000,-51307.9,-51619.0,60.5,-29.9,-4.8,-0.0,1.1,0,0,0.0,0.0
134.868,VehicleControllerBP_C_0,1,1,V_1_C_0,1,0,Authority,SimulatedProxy,0.0,0.000,0.000,0.000,-51310.8,-51619.5,60.5,-27.0,-4.3,-0.0,1.0,0,0,0.0,0.0
135.201,VehicleControllerBP_C_0,1,1,V_1_C_0,1,0,Authority,SimulatedProxy,0.0,0.000,0.000,0.000,-51313.6,-51620.0,60.5,-27.8,-4.4,0.0,1.0,0,0,0.0,0.0
135.535,VehicleControllerBP_C_0,1,1,V_1_C_0,1,0,Authority,SimulatedProxy,0.0,0.000,0.000,0.000,-51316.4,-51620.4,60.5,-26.0,-4.1,0.0,0.9,0,0,0.0,0.0
135.868,VehicleControllerBP_C_0,1,1,V_1_C_0,1,0,Authority,SimulatedProxy,0.0,0.000,0.000,0.000,-51318.8,-51620.8,60.5,-24.8,-4.0,0.0,0.9,0,0,0.0,0.0
136.201,VehicleControllerBP_C_0,1,1,V_1_C_0,1,0,Authority,SimulatedProxy,0.0,0.000,0.000,0.000,-51321.1,-51621.1,60.5,-22.6,-3.6,-0.0,0.8,0,0,0.0,0.0
136.535,VehicleControllerBP_C_0,1,1,V_1_C_0,1,0,Authority,SimulatedProxy,0.0,0.000,0.000,0.000,-51323.3,-51621.5,60.5,-22.6,-3.6,-0.0,0.8,0,0,0.0,0.0
136.868,VehicleControllerBP_C_0,1,1,V_1_C_0,1,0,Authority,SimulatedProxy,0.0,0.000,0.000,0.000,-51325.3,-51621.8,60.5,-19.2,-3.1,0.0,0.7,0,0,0.0,0.0
137.202,VehicleControllerBP_C_0,1,1,V_1_C_0,1,0,Authority,SimulatedProxy,0.0,0.000,0.000,0.000,-51327.3,-51622.1,60.5,-18.9,-3.0,0.0,0.7,0,0,0.0,0.0
137.535,VehicleControllerBP_C_0,1,1,V_1_C_0,1,0,Authority,SimulatedProxy,0.0,0.000,0.000,0.000,-51329.3,-51622.4,60.5,-18.7,-3.0,0.0,0.7,0,0,0.0,0.0
137.869,VehicleControllerBP_C_0,1,1,V_1_C_0,1,0,Authority,SimulatedProxy,0.0,0.000,0.000,0.000,-51331.0,-51622.7,60.5,-16.5,-2.6,-0.0,0.6,0,0,0.0,0.0
138.202,VehicleControllerBP_C_0,1,1,V_1_C_0,1,0,Authority,SimulatedProxy,0.0,0.000,0.000,0.000,-51332.4,-51622.9,60.5,-14.6,-2.3,-0.0,0.5,0,0,0.0,0.0
138.535,VehicleControllerBP_C_0,1,1,V_1_C_0,1,0,Authority,SimulatedProxy,0.0,0.000,0.000,0.000,-51333.6,-51623.1,60.5,-8.9,-1.4,-0.0,0.3,0,0,0.0,0.0
138.869,VehicleControllerBP_C_0,1,1,V_1_C_0,1,0,Authority,SimulatedProxy,0.0,0.000,0.000,0.000,-51334.1,-51623.2,60.5,0.0,0.0,0.0,0.0,0,0,0.0,0.0
139.202,VehicleControllerBP_C_0,1,1,V_1_C_0,1,0,Authority,SimulatedProxy,0.0,0.000,0.000,0.000,-51334.1,-51623.2,60.5,0.0,0.0,0.0,0.0,0,0,0.0,0.0
139.535,VehicleControllerBP_C_0,1,1,V_1_C_0,1,0,Authority,SimulatedProxy,0.0,0.000,0.000,0.000,-51334.1,-51623.2,60.5,0.0,0.0,0.0,0.0,0,0,0.0,0.0
139.869,VehicleControllerBP_C_0,1,1,V_1_C_0,1,0,Authority,SimulatedProxy,0.0,0.000,0.000,0.000,-51334.1,-51623.2,60.5,0.0,0.0,0.0,0.0,0,0,0.0,0.0
140.202,VehicleControllerBP_C_0,1,1,V_1_C_0,1,0,Authority,SimulatedProxy,0.0,0.000,0.000,0.000,-51334.1,-51623.2,60.5,0.0,0.0,0.0,0.0,0,0,0.0,0.0
140.536,VehicleControllerBP_C_0,1,1,V_1_C_0,1,0,Authority,SimulatedProxy,0.0,0.000,0.000,0.000,-51334.1,-51623.2,60.5,0.0,0.0,0.0,0.0,0,0,0.0,0.0
140.869,VehicleControllerBP_C_0,1,1,V_1_C_0,1,0,Authority,SimulatedProxy,0.0,0.000,0.000,0.000,-51334.1,-51623.2,60.5,0.0,0.0,0.0,0.0,0,0,0.0,0.0
141.203,VehicleControllerBP_C_0,1,1,V_1_C_0,1,0,Authority,SimulatedProxy,0.0,0.000,0.000,0.000,-51334.1,-51623.2,60.5,0.0,0.0,0.0,0.0,0,0,0.0,0.0
141.536,VehicleControllerBP_C_0,1,1,V_1_C_0,1,0,Authority,SimulatedProxy,0.0,0.000,0.000,0.000,-51334.1,-51623.2,60.5,0.0,0.0,0.0,0.0,0,0,0.0,0.0
141.870,VehicleControllerBP_C_0,1,1,V_1_C_0,1,0,Authority,SimulatedProxy,0.0,0.000,0.000,0.000,-51334.1,-51623.2,60.5,0.0,0.0,0.0,0.0,0,0,0.0,0.0
142.203,VehicleControllerBP_C_0,1,1,V_1_C_0,1,0,Authority,SimulatedProxy,0.0,0.000,0.000,0.000,-51334.1,-51623.2,60.5,0.0,0.0,0.0,0.0,0,0,0.0,0.0
142.536,VehicleControllerBP_C_0,1,1,V_1_C_0,1,0,Authority,SimulatedProxy,0.0,0.000,0.000,0.000,-51334.1,-51623.2,60.5,0.0,0.0,0.0,0.0,0,0,0.0,0.0
142.870,VehicleControllerBP_C_0,1,1,V_1_C_0,1,0,Authority,SimulatedProxy,0.0,0.000,0.000,0.000,-51334.1,-51623.2,60.5,0.0,0.0,0.0,0.0,0,0,0.0,0.0
143.203,VehicleControllerBP_C_0,1,1,V_1_C_0,1,0,Authority,SimulatedProxy,0.0,0.000,0.000,0.000,-51334.1,-51623.2,60.5,0.0,0.0,0.0,0.0,0,0,0.0,0.0
143.537,VehicleControllerBP_C_0,1,1,V_1_C_0,1,0,Authority,SimulatedProxy,0.0,0.000,0.000,0.000,-51334.1,-51623.2,60.5,0.0,0.0,0.0,0.0,0,0,0.0,0.0
143.870,VehicleControllerBP_C_0,1,1,V_1_C_0,1,0,Authority,SimulatedProxy,0.0,0.000,0.000,0.000,-51334.1,-51623.2,60.5,0.0,0.0,0.0,0.0,0,0,0.0,0.0
144.204,VehicleControllerBP_C_0,1,1,V_1_C_0,1,0,Authority,SimulatedProxy,0.0,0.000,0.000,0.000,-51334.1,-51623.2,60.5,0.0,0.0,0.0,0.0,0,0,0.0,0.0
144.537,VehicleControllerBP_C_0,1,1,V_1_C_0,1,0,Authority,SimulatedProxy,0.0,0.000,0.000,0.000,-51334.1,-51623.2,60.5,0.0,0.0,0.0,0.0,0,0,0.0,0.0
144.871,VehicleControllerBP_C_0,1,1,V_1_C_0,1,0,Authority,SimulatedProxy,0.0,0.000,0.000,0.000,-51334.1,-51623.2,60.5,0.0,0.0,0.0,0.0,0,0,0.0,0.0
145.205,VehicleControllerBP_C_0,1,1,V_1_C_0,1,0,Authority,SimulatedProxy,0.0,0.000,0.000,0.000,-51334.1,-51623.2,60.5,0.0,0.0,0.0,0.0,0,0,0.0,0.0
145.538,VehicleControllerBP_C_0,1,1,V_1_C_0,1,0,Authority,SimulatedProxy,0.0,0.000,0.000,0.000,-51334.1,-51623.2,60.5,0.0,0.0,0.0,0.0,0,0,0.0,0.0
145.871,VehicleControllerBP_C_0,1,1,V_1_C_0,1,0,Authority,SimulatedProxy,0.0,0.000,0.000,0.000,-51334.1,-51623.2,60.5,0.0,0.0,0.0,0.0,0,0,0.0,0.0
146.205,VehicleControllerBP_C_0,1,1,V_1_C_0,1,0,Authority,SimulatedProxy,0.0,0.000,0.000,0.000,-51334.1,-51623.2,60.5,0.0,0.0,0.0,0.0,0,0,0.0,0.0
146.539,VehicleControllerBP_C_0,1,1,V_1_C_0,1,0,Authority,SimulatedProxy,0.0,0.000,0.000,0.000,-51334.1,-51623.2,60.5,0.0,0.0,0.0,0.0,0,0,0.0,0.0
146.872,VehicleControllerBP_C_0,1,1,V_1_C_0,1,0,Authority,SimulatedProxy,0.0,0.000,0.000,0.000,-51334.1,-51623.2,60.5,0.0,0.0,0.0,0.0,0,0,0.0,0.0
147.205,VehicleControllerBP_C_0,1,1,V_1_C_0,1,0,Authority,SimulatedProxy,0.0,0.000,0.000,0.000,-51334.1,-51623.2,60.5,0.0,0.0,0.0,0.0,0,0,0.0,0.0
147.539,VehicleControllerBP_C_0,1,1,V_1_C_0,1,0,Authority,SimulatedProxy,0.0,0.000,0.000,0.000,-51334.1,-51623.2,60.5,0.0,0.0,0.0,0.0,0,0,0.0,0.0
147.872,VehicleControllerBP_C_0,1,1,V_1_C_0,1,0,Authority,SimulatedProxy,0.0,0.000,0.000,0.000,-51334.1,-51623.2,60.5,0.0,0.0,0.0,0.0,0,0,0.0,0.0
148.205,VehicleControllerBP_C_0,1,1,V_1_C_0,1,0,Authority,SimulatedProxy,0.0,0.000,0.000,0.000,-51334.1,-51623.2,60.5,0.0,0.0,0.0,0.0,0,0,0.0,0.0
148.539,VehicleControllerBP_C_0,1,1,V_1_C_0,1,0,Authority,SimulatedProxy,0.0,0.000,0.000,0.000,-51334.1,-51623.2,60.5,0.0,0.0,0.0,0.0,0,0,0.0,0.0
148.872,VehicleControllerBP_C_0,1,1,V_1_C_0,1,0,Authority,SimulatedProxy,0.0,0.000,0.000,0.000,-51334.1,-51623.2,60.5,0.0,0.0,0.0,0.0,0,0,0.0,0.0
149.205,VehicleControllerBP_C_0,1,1,V_1_C_0,1,0,Authority,SimulatedProxy,0.0,0.000,0.000,0.000,-51334.1,-51623.2,60.5,0.0,0.0,0.0,0.0,0,0,0.0,0.0
149.539,VehicleControllerBP_C_0,1,1,V_1_C_0,1,0,Authority,SimulatedProxy,0.0,0.000,0.000,0.000,-51334.1,-51623.2,60.5,0.0,0.0,0.0,0.0,0,0,0.0,0.0
149.872,VehicleControllerBP_C_0,1,1,V_1_C_0,1,0,Authority,SimulatedProxy,0.0,0.000,0.000,0.000,-51334.1,-51623.2,60.5,0.0,0.0,0.0,0.0,0,0,0.0,0.0
150.205,VehicleControllerBP_C_0,1,1,V_1_C_0,1,0,Authority,SimulatedProxy,0.0,0.000,0.000,0.000,-51334.1,-51623.2,60.5,0.0,0.0,0.0,0.0,0,0,0.0,0.0
150.539,VehicleControllerBP_C_0,1,1,V_1_C_0,1,0,Authority,SimulatedProxy,0.0,0.000,0.000,0.000,-51334.1,-51623.2,60.5,0.0,0.0,0.0,0.0,0,0,0.0,0.0
150.873,VehicleControllerBP_C_0,1,1,V_1_C_0,1,0,Authority,SimulatedProxy,0.0,0.000,0.000,0.000,-51334.1,-51623.2,60.5,0.0,0.0,0.0,0.0,0,0,0.0,0.0
151.206,VehicleControllerBP_C_0,1,1,V_1_C_0,1,0,Authority,SimulatedProxy,0.0,0.000,0.000,0.000,-51334.1,-51623.2,60.5,0.0,0.0,0.0,0.0,0,0,0.0,0.0
151.539,VehicleControllerBP_C_0,1,1,V_1_C_0,1,0,Authority,SimulatedProxy,0.0,0.000,0.000,0.000,-51334.1,-51623.2,60.5,0.0,0.0,0.0,0.0,0,0,0.0,0.0
151.873,VehicleControllerBP_C_0,1,1,V_1_C_0,1,0,Authority,SimulatedProxy,0.0,0.000,0.000,0.000,-51334.1,-51623.2,60.5,0.0,0.0,0.0,0.0,0,0,0.0,0.0
152.206,VehicleControllerBP_C_0,1,1,V_1_C_0,1,0,Authority,SimulatedProxy,0.0,0.000,0.000,0.000,-51334.1,-51623.2,60.5,0.0,0.0,0.0,0.0,0,0,0.0,0.0
152.540,VehicleControllerBP_C_0,1,1,V_1_C_0,1,0,Authority,SimulatedProxy,0.0,0.000,0.000,0.000,-51334.1,-51623.2,60.5,0.0,0.0,0.0,0.0,0,0,0.0,0.0
152.873,VehicleControllerBP_C_0,1,1,V_1_C_0,1,0,Authority,SimulatedProxy,0.0,0.000,0.000,0.000,-51334.1,-51623.2,60.5,0.0,0.0,0.0,0.0,0,0,0.0,0.0
153.206,VehicleControllerBP_C_0,1,1,V_1_C_0,1,0,Authority,SimulatedProxy,0.0,0.000,0.000,0.000,-51334.1,-51623.2,60.5,0.0,0.0,0.0,0.0,0,0,0.0,0.0
153.540,VehicleControllerBP_C_0,1,1,V_1_C_0,1,0,Authority,SimulatedProxy,0.0,0.000,0.000,0.000,-51334.1,-51623.2,60.5,0.0,0.0,0.0,0.0,0,0,0.0,0.0
153.873,VehicleControllerBP_C_0,1,1,V_1_C_0,1,0,Authority,SimulatedProxy,0.0,0.000,0.000,0.000,-51334.1,-51623.2,60.5,0.0,0.0,0.0,0.0,0,0,0.0,0.0
154.206,VehicleControllerBP_C_0,1,1,V_1_C_0,1,0,Authority,SimulatedProxy,0.0,0.000,0.000,0.000,-51334.1,-51623.2,60.5,0.0,0.0,0.0,0.0,0,0,0.0,0.0
154.540,VehicleControllerBP_C_0,1,1,V_1_C_0,1,0,Authority,SimulatedProxy,0.0,0.000,0.000,0.000,-51334.1,-51623.2,60.5,0.0,0.0,0.0,0.0,0,0,0.0,0.0
154.874,VehicleControllerBP_C_0,1,1,V_1_C_0,1,0,Authority,SimulatedProxy,0.0,0.000,0.000,0.000,-51334.1,-51623.2,60.5,0.0,0.0,0.0,0.0,0,0,0.0,0.0
155.207,VehicleControllerBP_C_0,1,1,V_1_C_0,1,0,Authority,SimulatedProxy,0.0,0.000,0.000,0.000,-51334.1,-51623.2,60.5,0.0,0.0,0.0,0.0,0,0,0.0,0.0
155.541,VehicleControllerBP_C_0,1,1,V_1_C_0,1,0,Authority,SimulatedProxy,0.0,0.000,0.000,0.000,-51334.1,-51623.2,60.5,0.0,0.0,0.0,0.0,0,0,0.0,0.0
155.874,VehicleControllerBP_C_0,1,1,V_1_C_0,1,0,Authority,SimulatedProxy,0.0,0.000,0.000,0.000,-51334.1,-51623.2,60.5,0.0,0.0,0.0,0.0,0,0,0.0,0.0
156.207,VehicleControllerBP_C_0,1,1,V_1_C_0,1,0,Authority,SimulatedProxy,0.0,0.000,0.000,0.000,-51334.1,-51623.2,60.5,0.0,0.0,0.0,0.0,0,0,0.0,0.0
156.541,VehicleControllerBP_C_0,1,1,V_1_C_0,1,0,Authority,SimulatedProxy,0.0,0.000,0.000,0.000,-51334.1,-51623.2,60.5,0.0,0.0,0.0,0.0,0,0,0.0,0.0
156.874,VehicleControllerBP_C_0,1,1,V_1_C_0,1,0,Authority,SimulatedProxy,0.0,0.000,0.000,0.000,-51334.1,-51623.2,60.5,0.0,0.0,0.0,0.0,0,0,0.0,0.0
157.208,VehicleControllerBP_C_0,1,1,V_1_C_0,1,0,Authority,SimulatedProxy,0.0,0.000,0.000,0.000,-51334.1,-51623.2,60.5,0.0,0.0,0.0,0.0,0,0,0.0,0.0
157.541,VehicleControllerBP_C_0,1,1,V_1_C_0,1,0,Authority,SimulatedProxy,0.0,0.000,0.000,0.000,-51334.1,-51623.2,60.5,0.0,0.0,0.0,0.0,0,0,0.0,0.0
157.874,VehicleControllerBP_C_0,1,1,V_1_C_0,1,0,Authority,SimulatedProxy,0.0,0.000,0.000,0.000,-51334.1,-51623.2,60.5,0.0,0.0,0.0,0.0,0,0,0.0,0.0
158.208,VehicleControllerBP_C_0,1,1,V_1_C_0,1,0,Authority,SimulatedProxy,0.0,0.000,0.000,0.000,-51334.1,-51623.2,60.5,0.0,0.0,0.0,0.0,0,0,0.0,0.0
158.541,VehicleControllerBP_C_0,1,1,V_1_C_0,1,0,Authority,SimulatedProxy,0.0,0.000,0.000,0.000,-51334.1,-51623.2,60.5,0.0,0.0,0.0,0.0,0,0,0.0,0.0
158.874,VehicleControllerBP_C_0,1,1,V_1_C_0,1,0,Authority,SimulatedProxy,0.0,0.000,0.000,0.000,-51334.1,-51623.2,60.5,0.0,0.0,0.0,0.0,0,0,0.0,0.0
159.208,VehicleControllerBP_C_0,1,1,V_1_C_0,1,0,Authority,SimulatedProxy,0.0,0.000,0.000,0.000,-51334.1,-51623.2,60.5,0.0,0.0,0.0,0.0,0,0,0.0,0.0
159.541,VehicleControllerBP_C_0,1,1,V_1_C_0,1,0,Authority,SimulatedProxy,0.0,0.000,0.000,0.000,-51334.1,-51623.2,60.5,0.0,0.0,0.0,0.0,0,0,0.0,0.0
159.879,VehicleControllerBP_C_0,1,1,V_1_C_0,1,0,Authority,SimulatedProxy,0.0,0.000,0.000,0.000,-51334.1,-51623.2,60.5,0.0,0.0,0.0,0.0,0,0,0.0,0.0
159.922,VehicleControllerBP_C_0,1,1,V_1_C_0,1,0,Authority,SimulatedProxy,0.0,0.000,0.000,0.000,-51334.1,-51623.2,60.5,0.0,0.0,0.0,0.0,0,0,0.0,0.0
159.957,VehicleControllerBP_C_0,1,1,V_1_C_0,1,0,Authority,SimulatedProxy,0.0,0.000,0.000,0.000,-51334.1,-51623.2,60.5,0.0,0.0,0.0,0.0,0,0,0.0,0.0
159.987,VehicleControllerBP_C_0,1,1,V_1_C_0,1,0,Authority,SimulatedProxy,0.0,0.000,0.000,0.000,-51334.1,-51623.2,60.5,0.0,0.0,0.0,0.0,0,0,0.0,0.0
160.012,VehicleControllerBP_C_0,1,1,V_1_C_0,1,0,Authority,SimulatedProxy,0.0,0.000,0.000,0.000,-51334.1,-51623.2,60.5,0.0,0.0,0.0,0.0,0,0,0.0,0.0
160.037,VehicleControllerBP_C_0,1,1,V_1_C_0,1,0,Authority,SimulatedProxy,0.0,0.000,0.000,0.000,-51334.1,-51623.2,60.5,0.0,0.0,0.0,0.0,0,0,0.0,0.0
160.066,VehicleControllerBP_C_0,1,1,V_1_C_0,1,0,Authority,SimulatedProxy,0.0,0.000,0.000,0.000,-51334.1,-51623.2,60.5,0.0,0.0,0.0,0.0,0,0,0.0,0.0
160.096,VehicleControllerBP_C_0,1,1,V_1_C_0,1,0,Authority,SimulatedProxy,0.0,0.000,0.000,0.000,-51334.1,-51623.2,60.5,0.0,0.0,0.0,0.0,0,0,0.0,0.0
160.120,VehicleControllerBP_C_0,1,1,V_1_C_0,1,0,Authority,SimulatedProxy,0.0,0.000,0.000,0.000,-51334.1,-51623.2,60.5,0.0,0.0,0.0,0.0,0,0,0.0,0.0
160.143,VehicleControllerBP_C_0,1,1,V_1_C_0,1,0,Authority,SimulatedProxy,0.0,0.000,0.000,0.000,-51334.1,-51623.2,60.5,0.0,0.0,0.0,0.0,0,0,0.0,0.0
160.168,VehicleControllerBP_C_0,1,1,V_1_C_0,1,0,Authority,SimulatedProxy,0.0,0.000,0.000,0.000,-51334.1,-51623.2,60.5,0.0,0.0,0.0,0.0,0,0,0.0,0.0
160.194,VehicleControllerBP_C_0,1,1,V_1_C_0,1,0,Authority,SimulatedProxy,0.0,0.000,0.000,0.000,-51334.1,-51623.2,60.5,0.0,0.0,0.0,0.0,0,0,0.0,0.0
160.218,VehicleControllerBP_C_0,1,1,V_1_C_0,1,0,Authority,SimulatedProxy,0.0,0.000,0.000,0.000,-51334.1,-51623.2,60.5,0.0,0.0,0.0,0.0,0,0,0.0,0.0
160.243,VehicleControllerBP_C_0,1,1,V_1_C_0,1,0,Authority,SimulatedProxy,0.0,0.000,0.000,0.000,-51334.1,-51623.2,60.5,0.0,0.0,0.0,0.0,0,0,0.0,0.0
160.267,VehicleControllerBP_C_0,1,1,V_1_C_0,1,0,Authority,SimulatedProxy,0.0,0.000,0.000,0.000,-51334.1,-51623.2,60.5,0.0,0.0,0.0,0.0,0,0,0.0,0.0
160.296,VehicleControllerBP_C_0,1,1,V_1_C_0,1,0,Authority,SimulatedProxy,0.0,0.000,0.000,0.000,-51334.1,-51623.2,60.5,0.0,0.0,0.0,0.0,0,0,0.0,0.0
160.323,VehicleControllerBP_C_0,1,1,V_1_C_0,1,0,Authority,SimulatedProxy,0.0,0.000,0.000,0.000,-51334.1,-51623.2,60.5,0.0,0.0,0.0,0.0,0,0,0.0,0.0
160.348,VehicleControllerBP_C_0,1,1,V_1_C_0,1,0,Authority,SimulatedProxy,0.0,0.000,0.000,0.000,-51334.1,-51623.2,60.5,0.0,0.0,0.0,0.0,0,0,0.0,0.0
160.374,VehicleControllerBP_C_0,1,1,V_1_C_0,1,0,Authority,SimulatedProxy,0.0,0.000,0.000,0.000,-51334.1,-51623.2,60.5,0.0,0.0,0.0,0.0,0,0,0.0,0.0
160.397,VehicleControllerBP_C_0,1,1,V_1_C_0,1,0,Authority,SimulatedProxy,0.0,0.000,0.000,0.000,-51334.1,-51623.2,60.5,0.0,0.0,0.0,0.0,0,0,0.0,0.0
160.430,VehicleControllerBP_C_0,1,1,V_1_C_0,1,0,Authority,SimulatedProxy,0.0,0.000,0.000,0.000,-51334.1,-51623.2,60.5,0.0,0.0,0.0,0.0,0,0,0.0,0.0
160.460,VehicleControllerBP_C_0,1,1,V_1_C_0,1,0,Authority,SimulatedProxy,0.0,0.000,0.000,0.000,-51334.1,-51623.2,60.5,0.0,0.0,0.0,0.0,0,0,0.0,0.0
160.485,VehicleControllerBP_C_0,1,1,V_1_C_0,1,0,Authority,SimulatedProxy,0.0,0.000,0.000,0.000,-51334.1,-51623.2,60.5,0.0,0.0,0.0,0.0,0,0,0.0,0.0
160.514,VehicleControllerBP_C_0,1,1,V_1_C_0,1,0,Authority,SimulatedProxy,0.0,0.000,0.000,0.000,-51334.1,-51623.2,60.5,0.0,0.0,0.0,0.0,0,0,0.0,0.0
160.539,VehicleControllerBP_C_0,1,1,V_1_C_0,1,0,Authority,SimulatedProxy,0.0,0.000,0.000,0.000,-51334.1,-51623.2,60.5,0.0,0.0,0.0,0.0,0,0,0.0,0.0
160.565,VehicleControllerBP_C_0,1,1,V_1_C_0,1,0,Authority,SimulatedProxy,0.0,0.000,0.000,0.000,-51334.1,-51623.2,60.5,0.0,0.0,0.0,0.0,0,0,0.0,0.0
160.590,VehicleControllerBP_C_0,1,1,V_1_C_0,1,0,Authority,SimulatedProxy,0.0,0.000,0.000,0.000,-51334.1,-51623.2,60.5,0.0,0.0,0.0,0.0,0,0,0.0,0.0
160.618,VehicleControllerBP_C_0,1,1,V_1_C_0,1,0,Authority,SimulatedProxy,0.0,0.000,0.000,0.000,-51334.1,-51623.2,60.5,0.0,0.0,0.0,0.0,0,0,0.0,0.0
160.647,VehicleControllerBP_C_0,1,1,V_1_C_0,1,0,Authority,SimulatedProxy,0.0,0.000,0.000,0.000,-51334.1,-51623.2,60.5,0.0,0.0,0.0,0.0,0,0,0.0,0.0
160.673,VehicleControllerBP_C_0,1,1,V_1_C_0,1,0,Authority,SimulatedProxy,0.0,0.078,0.000,0.000,-51334.1,-51623.2,60.5,0.0,0.0,0.0,0.0,0,0,0.0,0.0
160.702,VehicleControllerBP_C_0,1,1,V_1_C_0,1,0,Authority,SimulatedProxy,0.0,0.160,0.000,0.000,-51334.1,-51623.2,60.5,0.0,0.0,0.0,0.0,0,0,0.0,0.0
160.728,VehicleControllerBP_C_0,1,1,V_1_C_0,1,0,Authority,SimulatedProxy,0.0,0.225,0.000,0.000,-51334.1,-51623.2,60.5,0.0,0.0,0.0,0.0,0,0,0.0,0.0
160.753,VehicleControllerBP_C_0,1,1,V_1_C_0,1,0,Authority,SimulatedProxy,0.0,0.282,0.000,0.000,-51334.1,-51623.2,60.5,0.0,0.0,0.0,0.0,0,0,0.0,0.0
160.774,VehicleControllerBP_C_0,1,1,V_1_C_0,1,0,Authority,SimulatedProxy,0.0,0.328,0.000,0.000,-51334.1,-51623.2,60.5,0.0,0.0,0.0,0.0,0,0,0.0,0.0
160.796,VehicleControllerBP_C_0,1,1,V_1_C_0,1,0,Authority,SimulatedProxy,0.0,0.373,0.000,0.000,-51334.1,-51623.2,60.5,0.0,0.0,0.0,0.0,0,0,0.0,0.0
160.822,VehicleControllerBP_C_0,1,1,V_1_C_0,1,0,Authority,SimulatedProxy,0.0,0.421,0.000,0.000,-51334.1,-51623.2,60.5,0.0,0.0,0.0,0.0,0,0,0.0,0.0
160.850,VehicleControllerBP_C_0,1,1,V_1_C_0,1,0,Authority,SimulatedProxy,0.0,0.469,0.000,0.000,-51334.1,-51623.2,60.5,0.0,0.0,0.0,0.0,0,0,0.0,0.0
160.876,VehicleControllerBP_C_0,1,1,V_1_C_0,1,0,Authority,SimulatedProxy,0.0,0.511,0.000,0.000,-51334.1,-51623.2,60.5,0.0,0.0,0.0,0.0,0,0,0.0,0.0
160.903,VehicleControllerBP_C_0,1,1,V_1_C_0,1,0,Authority,SimulatedProxy,0.0,0.551,0.000,0.000,-51334.1,-51623.2,60.5,0.0,0.0,0.0,0.0,0,0,0.0,0.0
160.925,VehicleControllerBP_C_0,1,1,V_1_C_0,1,0,Authority,SimulatedProxy,0.0,0.580,0.000,0.000,-51334.1,-51623.2,60.5,0.0,0.0,0.0,0.0,0,0,0.0,0.0
160.947,VehicleControllerBP_C_0,1,1,V_1_C_0,1,0,Authority,SimulatedProxy,0.0,0.607,0.000,0.000,-51334.1,-51623.2,60.5,0.0,0.0,0.0,0.0,0,0,0.0,0.0
160.969,VehicleControllerBP_C_0,1,1,V_1_C_0,1,0,Authority,SimulatedProxy,0.0,0.633,0.000,0.000,-51334.1,-51623.2,60.5,0.0,0.0,0.0,0.0,0,0,0.0,0.0
160.992,VehicleControllerBP_C_0,1,1,V_1_C_0,1,0,Authority,SimulatedProxy,0.0,0.659,0.000,0.000,-51334.1,-51623.2,60.5,-0.2,-0.0,-0.0,0.0,0,0,0.0,0.0
161.016,VehicleControllerBP_C_0,1,1,V_1_C_0,1,0,Authority,SimulatedProxy,0.0,0.684,0.000,0.000,-51334.1,-51623.2,60.5,0.2,0.0,-0.0,0.0,0,0,0.0,0.0
161.038,VehicleControllerBP_C_0,1,1,V_1_C_0,1,0,Authority,SimulatedProxy,0.0,0.705,0.000,0.000,-51334.1,-51623.2,60.5,-0.8,-0.1,-0.0,0.0,0,0,0.0,0.0
161.064,VehicleControllerBP_C_0,1,1,V_1_C_0,1,0,Authority,SimulatedProxy,0.0,0.727,0.000,0.000,-51334.1,-51623.2,60.5,0.2,0.0,-0.0,0.0,0,0,0.0,0.0
161.089,VehicleControllerBP_C_0,1,1,V_1_C_0,1,0,Authority,SimulatedProxy,0.0,0.748,0.000,0.000,-51334.1,-51623.2,60.5,0.2,0.0,-0.0,0.0,0,0,0.0,0.0
161.122,VehicleControllerBP_C_0,1,1,V_1_C_0,1,0,Authority,SimulatedProxy,0.0,0.773,0.000,0.000,-51334.1,-51623.2,60.5,0.0,0.0,0.0,0.0,0,0,0.0,0.0
161.145,VehicleControllerBP_C_0,1,1,V_1_C_0,1,0,Authority,SimulatedProxy,0.0,0.788,0.000,0.000,-51334.2,-51623.2,60.5,-2.0,-0.3,-0.0,0.1,0,0,0.0,0.0
161.169,VehicleControllerBP_C_0,1,1,V_1_C_0,1,0,Authority,SimulatedProxy,0.0,0.804,0.000,0.000,-51334.2,-51623.2,60.5,-1.2,-0.2,-0.0,0.0,0,0,0.0,0.0
161.192,VehicleControllerBP_C_0,1,1,V_1_C_0,1,0,Authority,SimulatedProxy,0.0,0.818,0.000,0.000,-51334.3,-51623.2,60.5,-1.1,-0.2,-0.0,0.0,0,0,0.0,0.0
161.216,VehicleControllerBP_C_0,1,1,V_1_C_0,1,0,Authority,SimulatedProxy,0.0,0.830,0.000,0.000,-51334.4,-51623.3,60.5,-4.9,-0.8,-0.0,0.2,0,0,0.0,0.0
161.262,VehicleControllerBP_C_0,1,1,V_1_C_0,1,0,Authority,SimulatedProxy,0.0,0.854,0.000,0.000,-51334.6,-51623.3,60.5,-7.9,-1.3,-0.0,0.3,0,0,0.0,0.0
161.288,VehicleControllerBP_C_0,1,1,V_1_C_0,1,0,Authority,SimulatedProxy,0.0,0.865,0.000,0.000,-51335.1,-51623.4,60.5,-11.8,-1.9,-0.0,0.4,0,0,0.0,0.0
161.309,VehicleControllerBP_C_0,1,1,V_1_C_0,1,0,Authority,SimulatedProxy,0.0,0.874,0.000,0.000,-51335.4,-51623.4,60.5,-12.2,-1.9,-0.0,0.4,0,0,0.0,0.0
161.331,VehicleControllerBP_C_0,1,1,V_1_C_0,1,0,Authority,SimulatedProxy,0.0,0.882,0.000,0.000,-51335.6,-51623.5,60.5,-10.9,-1.7,-0.0,0.4,0,0,0.0,0.0
161.353,VehicleControllerBP_C_0,1,1,V_1_C_0,1,0,Authority,SimulatedProxy,0.0,0.890,0.000,0.000,-51335.9,-51623.5,60.5,-13.2,-2.1,-0.0,0.5,0,0,0.0,0.0
161.397,VehicleControllerBP_C_0,1,1,V_1_C_0,1,0,Authority,SimulatedProxy,0.0,0.904,0.000,0.000,-51336.2,-51623.5,60.5,-12.9,-2.1,-0.0,0.5,0,0,0.0,0.0
161.420,VehicleControllerBP_C_0,1,1,V_1_C_0,1,0,Authority,SimulatedProxy,0.0,0.911,0.000,0.000,-51336.8,-51623.6,60.5,-15.1,-2.4,0.0,0.5,0,0,0.0,0.0
161.442,VehicleControllerBP_C_0,1,1,V_1_C_0,1,0,Authority,SimulatedProxy,0.0,0.917,0.000,0.000,-51337.2,-51623.7,60.5,-15.7,-2.5,0.0,0.6,0,0,0.0,0.0
161.463,VehicleControllerBP_C_0,1,1,V_1_C_0,1,0,Authority,SimulatedProxy,0.0,0.922,0.000,0.000,-51337.5,-51623.8,60.5,-16.6,-2.6,0.0,0.6,0,0,0.0,0.0
161.484,VehicleControllerBP_C_0,1,1,V_1_C_0,1,0,Authority,SimulatedProxy,0.0,0.927,0.000,0.000,-51337.9,-51623.8,60.5,-20.5,-3.3,0.0,0.7,0,0,0.0,0.0
161.509,VehicleControllerBP_C_0,1,1,V_1_C_0,1,0,Authority,SimulatedProxy,0.0,0.932,0.000,0.000,-51338.4,-51623.9,60.5,-21.6,-3.4,0.0,0.8,0,0,0.0,0.0
161.532,VehicleControllerBP_C_0,1,1,V_1_C_0,1,0,Authority,SimulatedProxy,0.0,0.937,0.000,0.000,-51338.9,-51624.0,60.5,-21.1,-3.4,0.0,0.8,0,0,0.0,0.0
161.557,VehicleControllerBP_C_0,1,1,V_1_C_0,1,0,Authority,SimulatedProxy,0.0,0.942,0.000,0.000,-51339.5,-51624.1,60.5,-26.5,-4.2,0.0,1.0,0,0,0.0,0.0
161.580,VehicleControllerBP_C_0,1,1,V_1_C_0,1,0,Authority,SimulatedProxy,0.0,0.946,0.000,0.000,-51340.2,-51624.2,60.5,-28.9,-4.6,0.0,1.1,0,0,0.0,0.0
161.609,VehicleControllerBP_C_0,1,1,V_1_C_0,1,0,Authority,SimulatedProxy,0.0,0.951,0.000,0.000,-51340.9,-51624.3,60.5,-28.4,-4.5,0.0,1.0,0,0,0.0,0.0
161.637,VehicleControllerBP_C_0,1,1,V_1_C_0,1,0,Authority,SimulatedProxy,0.0,0.955,0.000,0.000,-51341.8,-51624.4,60.5,-31.9,-5.1,0.0,1.2,0,0,0.0,0.0
161.698,VehicleControllerBP_C_0,1,1,V_1_C_0,1,0,Authority,SimulatedProxy,0.0,0.963,0.000,0.000,-51342.7,-51624.6,60.5,-32.0,-5.1,0.0,1.2,0,0,0.0,0.0
161.726,VehicleControllerBP_C_0,1,1,V_1_C_0,1,0,Authority,SimulatedProxy,0.0,0.966,0.000,0.000,-51344.7,-51624.9,60.5,-37.1,-5.9,0.0,1.4,0,0,0.0,0.0
161.778,VehicleControllerBP_C_0,1,1,V_1_C_0,1,0,Authority,SimulatedProxy,0.0,0.971,0.000,0.000,-51345.8,-51625.1,60.5,-36.4,-5.8,0.0,1.3,0,0,0.0,0.0
161.804,VehicleControllerBP_C_0,1,1,V_1_C_0,1,0,Authority,SimulatedProxy,0.0,0.974,0.000,0.000,-51347.8,-51625.4,60.5,-42.7,-6.8,0.0,1.6,0,0,0.0,0.0
161.835,VehicleControllerBP_C_0,1,1,V_1_C_0,1,0,Authority,SimulatedProxy,0.0,0.976,0.000,0.000,-51349.0,-51625.6,60.5,-43.8,-7.0,0.0,1.6,0,0,0.0,0.0
161.859,VehicleControllerBP_C_0,1,1,V_1_C_0,1,0,Authority,SimulatedProxy,0.0,0.978,0.000,0.000,-51350.3,-51625.8,60.5,-42.4,-6.7,0.0,1.5,0,0,0.0,0.0
161.883,VehicleControllerBP_C_0,1,1,V_1_C_0,1,0,Authority,SimulatedProxy,0.0,0.979,0.000,0.000,-51351.3,-51626.0,60.5,-44.5,-7.1,0.0,1.6,0,0,0.0,0.0
161.905,VehicleControllerBP_C_0,1,1,V_1_C_0,1,0,Authority,SimulatedProxy,0.0,0.981,0.000,0.000,-51352.5,-51626.1,60.5,-48.1,-7.6,0.0,1.8,0,0,0.0,0.0
161.928,VehicleControllerBP_C_0,1,1,V_1_C_0,1,0,Authority,SimulatedProxy,0.0,0.982,0.000,0.000,-51353.5,-51626.3,60.5,-48.2,-7.7,0.0,1.8,0,0,0.0,0.0
161.964,VehicleControllerBP_C_0,1,1,V_1_C_0,1,0,Authority,SimulatedProxy,0.0,0.984,0.000,0.000,-51354.6,-51626.5,60.5,-48.4,-7.7,0.0,1.8,0,0,0.0,0.0
161.988,VehicleControllerBP_C_0,1,1,V_1_C_0,1,0,Authority,SimulatedProxy,0.0,0.985,0.000,0.000,-51356.3,-51626.7,60.5,-49.2,-7.8,0.0,1.8,0,0,0.0,0.0
162.016,VehicleControllerBP_C_0,1,1,V_1_C_0,1,0,Authority,SimulatedProxy,0.0,0.986,0.000,0.000,-51357.6,-51627.0,60.5,-52.7,-8.4,0.0,1.9,0,0,0.0,0.0
162.040,VehicleControllerBP_C_0,1,1,V_1_C_0,1,0,Authority,SimulatedProxy,0.0,0.987,0.000,0.000,-51359.1,-51627.2,60.5,-53.6,-8.5,0.0,2.0,0,0,0.0,0.0
162.063,VehicleControllerBP_C_0,1,1,V_1_C_0,1,0,Authority,SimulatedProxy,0.0,0.988,0.000,0.000,-51360.3,-51627.4,60.5,-51.5,-8.2,0.0,1.9,0,0,0.0,0.0
162.086,VehicleControllerBP_C_0,1,1,V_1_C_0,1,0,Authority,SimulatedProxy,0.0,0.989,0.000,0.000,-51361.6,-51627.6,60.5,-55.9,-8.9,-0.0,2.0,0,0,0.0,0.0
162.123,VehicleControllerBP_C_0,1,1,V_1_C_0,1,0,Authority,SimulatedProxy,0.0,0.990,0.000,0.000,-51362.9,-51627.8,60.5,-58.3,-9.3,-0.0,2.1,0,0,0.0,0.0
162.146,VehicleControllerBP_C_0,1,1,V_1_C_0,1,0,Authority,SimulatedProxy,0.0,0.991,0.000,0.000,-51365.1,-51628.1,60.5,-60.6,-9.6,0.0,2.2,0,0,0.0,0.0
162.168,VehicleControllerBP_C_0,1,1,V_1_C_0,1,0,Authority,SimulatedProxy,0.0,0.992,0.000,0.000,-51366.5,-51628.4,60.5,-59.7,-9.5,0.0,2.2,0,0,0.0,0.0
162.191,VehicleControllerBP_C_0,1,1,V_1_C_0,1,0,Authority,SimulatedProxy,0.0,0.992,0.000,0.000,-51367.9,-51628.6,60.5,-64.8,-10.3,0.0,2.4,0,0,0.0,0.0
162.216,VehicleControllerBP_C_0,1,1,V_1_C_0,1,0,Authority,SimulatedProxy,0.0,0.993,0.000,0.000,-51369.4,-51628.8,60.5,-67.2,-10.7,0.0,2.5,0,0,0.0,0.0
162.241,VehicleControllerBP_C_0,1,1,V_1_C_0,1,0,Authority,SimulatedProxy,0.0,0.993,0.000,0.000,-51371.1,-51629.1,60.5,-69.1,-11.0,0.0,2.5,0,0,0.0,0.0
162.269,VehicleControllerBP_C_0,1,1,V_1_C_0,1,0,Authority,SimulatedProxy,0.0,0.994,0.000,0.000,-51372.9,-51629.4,60.5,-70.4,-11.2,0.0,2.6,0,0,0.0,0.0
162.296,VehicleControllerBP_C_0,1,1,V_1_C_0,1,0,Authority,SimulatedProxy,0.0,0.994,0.000,0.000,-51374.9,-51629.7,60.5,-75.6,-12.0,0.0,2.8,0,0,0.0,0.0
162.320,VehicleControllerBP_C_0,1,1,V_1_C_0,1,0,Authority,SimulatedProxy,0.0,0.995,0.000,0.000,-51377.0,-51630.0,60.5,-78.5,-12.5,0.0,2.9,0,0,0.0,0.0
162.344,VehicleControllerBP_C_0,1,1,V_1_C_0,1,0,Authority,SimulatedProxy,0.0,0.995,0.000,0.000,-51378.9,-51630.3,60.5,-77.2,-12.3,0.0,2.8,0,0,0.0,0.0
162.368,VehicleControllerBP_C_0,1,1,V_1_C_0,1,0,Authority,SimulatedProxy,0.0,0.995,0.000,0.000,-51380.8,-51630.6,60.5,-81.8,-13.0,0.0,3.0,0,0,0.0,0.0
162.391,VehicleControllerBP_C_0,1,1,V_1_C_0,1,0,Authority,SimulatedProxy,0.0,0.996,0.000,0.000,-51382.8,-51631.0,60.5,-85.1,-13.5,0.0,3.1,0,0,0.0,0.0
162.414,VehicleControllerBP_C_0,1,1,V_1_C_0,1,0,Authority,SimulatedProxy,0.0,0.996,0.000,0.000,-51384.8,-51631.3,60.5,-89.0,-14.1,0.0,3.2,0,0,0.0,0.0
162.437,VehicleControllerBP_C_0,1,1,V_1_C_0,1,0,Authority,SimulatedProxy,0.0,0.996,0.000,0.000,-51386.9,-51631.6,60.5,-88.1,-14.0,0.0,3.2,0,0,0.0,0.0
162.460,VehicleControllerBP_C_0,1,1,V_1_C_0,1,0,Authority,SimulatedProxy,0.0,0.997,0.000,0.000,-51388.9,-51631.9,60.5,-88.1,-14.0,0.0,3.2,0,0,0.0,0.0
162.484,VehicleControllerBP_C_0,1,1,V_1_C_0,1,0,Authority,SimulatedProxy,0.0,0.997,0.000,0.000,-51391.0,-51632.3,60.5,-91.9,-14.6,0.0,3.4,0,0,0.0,0.0
162.508,VehicleControllerBP_C_0,1,1,V_1_C_0,1,0,Authority,SimulatedProxy,0.0,0.997,0.000,0.000,-51393.3,-51632.6,60.5,-98.7,-15.7,0.0,3.6,0,0,0.0,0.0
162.530,VehicleControllerBP_C_0,1,1,V_1_C_0,1,0,Authority,SimulatedProxy,0.0,0.997,0.000,0.000,-51395.6,-51633.0,60.5,-99.4,-15.8,0.0,3.6,0,0,0.0,0.0
162.584,VehicleControllerBP_C_0,1,1,V_1_C_0,1,0,Authority,SimulatedProxy,0.0,0.998,0.000,0.000,-51397.9,-51633.4,60.5,-105.8,-16.8,0.0,3.9,0,0,0.0,0.0
162.609,VehicleControllerBP_C_0,1,1,V_1_C_0,1,0,Authority,SimulatedProxy,0.0,0.998,0.000,0.000,-51403.8,-51634.3,60.5,-109.7,-17.5,0.0,4.0,0,0,0.0,0.0
162.636,VehicleControllerBP_C_0,1,1,V_1_C_0,1,0,Authority,SimulatedProxy,0.0,0.998,0.000,0.000,-51406.7,-51634.8,60.5,-116.2,-18.5,0.0,4.2,0,0,0.0,0.0
162.667,VehicleControllerBP_C_0,1,1,V_1_C_0,1,0,Authority,SimulatedProxy,0.0,0.998,0.000,0.000,-51410.1,-51635.3,60.5,-125.8,-20.0,0.0,4.6,0,0,0.0,0.0
162.735,VehicleControllerBP_C_0,1,1,V_1_C_0,1,0,Authority,SimulatedProxy,0.0,0.999,0.000,0.000,-51414.2,-51636.0,60.5,-140.6,-22.4,0.0,5.1,0,0,0.0,0.0
162.765,VehicleControllerBP_C_0,1,1,V_1_C_0,1,0,Authority,SimulatedProxy,0.0,0.999,0.000,0.000,-51424.3,-51637.6,60.5,-148.5,-23.6,0.1,5.4,0,0,0.0,0.0
162.788,VehicleControllerBP_C_0,1,1,V_1_C_0,1,0,Authority,SimulatedProxy,0.0,0.999,0.000,0.000,-51428.7,-51638.3,60.5,-150.2,-23.9,0.1,5.5,0,0,0.0,0.0
162.810,VehicleControllerBP_C_0,1,1,V_1_C_0,1,0,Authority,SimulatedProxy,0.0,0.999,0.000,0.000,-51432.1,-51638.8,60.5,-149.0,-23.7,0.1,5.4,0,0,0.0,0.0
162.835,VehicleControllerBP_C_0,1,1,V_1_C_0,1,0,Authority,SimulatedProxy,0.0,0.999,0.000,0.000,-51435.5,-51639.3,60.5,-155.7,-24.8,0.1,5.7,0,0,0.0,0.0
162.887,VehicleControllerBP_C_0,1,1,V_1_C_0,1,0,Authority,SimulatedProxy,0.0,0.999,0.000,0.000,-51439.5,-51640.0,60.5,-163.2,-26.0,0.0,5.9,0,0,0.0,0.0
162.919,VehicleControllerBP_C_0,1,1,V_1_C_0,1,0,Authority,SimulatedProxy,0.0,0.999,0.000,0.000,-51448.4,-51641.4,60.5,-181.2,-28.8,0.0,6.6,0,0,0.0,0.0
162.944,VehicleControllerBP_C_0,1,1,V_1_C_0,1,0,Authority,SimulatedProxy,0.0,0.999,0.000,0.000,-51454.7,-51642.4,60.5,-211.7,-33.7,0.1,7.7,0,0,0.0,0.0
162.968,VehicleControllerBP_C_0,1,1,V_1_C_0,1,0,Authority,SimulatedProxy,0.0,0.999,0.000,0.000,-51460.4,-51643.3,60.5,-223.1,-35.5,0.1,8.1,0,0,0.0,0.0
162.998,VehicleControllerBP_C_0,1,1,V_1_C_0,1,0,Authority,SimulatedProxy,0.0,0.999,0.000,0.000,-51466.0,-51644.2,60.5,-234.7,-37.3,0.2,8.6,0,0,0.0,0.0
163.026,VehicleControllerBP_C_0,1,1,V_1_C_0,1,0,Authority,SimulatedProxy,0.0,0.999,0.000,0.000,-51473.2,-51645.3,60.6,-235.2,-37.4,0.3,8.6,0,0,0.0,0.0
163.056,VehicleControllerBP_C_0,1,1,V_1_C_0,1,0,Authority,SimulatedProxy,0.0,0.999,0.000,0.000,-51479.9,-51646.4,60.6,-250.2,-39.8,0.3,9.1,0,0,0.0,0.0
163.082,VehicleControllerBP_C_0,1,1,V_1_C_0,1,0,Authority,SimulatedProxy,0.0,1.000,0.000,0.000,-51487.6,-51647.6,60.6,-259.9,-41.3,0.3,9.5,0,0,0.0,0.0
163.109,VehicleControllerBP_C_0,1,1,V_1_C_0,1,0,Authority,SimulatedProxy,0.0,1.000,0.000,0.000,-51494.5,-51648.7,60.6,-267.8,-42.6,0.3,9.8,0,0,0.0,0.0
163.151,VehicleControllerBP_C_0,1,1,V_1_C_0,1,0,Authority,SimulatedProxy,0.0,1.000,0.000,0.000,-51502.1,-51649.9,60.6,-294.7,-46.9,0.3,10.7,0,0,0.0,0.0
163.178,VehicleControllerBP_C_0,1,1,V_1_C_0,1,0,Authority,SimulatedProxy,0.0,1.000,0.000,0.000,-51515.6,-51652.1,60.6,-339.4,-54.0,0.3,12.4,0,0,0.0,0.0
163.204,VehicleControllerBP_C_0,1,1,V_1_C_0,1,0,Authority,SimulatedProxy,0.0,1.000,0.000,0.000,-51525.2,-51653.6,60.6,-361.0,-57.4,0.4,13.2,0,0,0.0,0.0
163.233,VehicleControllerBP_C_0,1,1,V_1_C_0,1,0,Authority,SimulatedProxy,0.0,1.000,0.000,0.000,-51535.2,-51655.2,60.6,-389.7,-62.0,0.5,14.2,0,0,0.0,0.0
163.259,VehicleControllerBP_C_0,1,1,V_1_C_0,1,0,Authority,SimulatedProxy,0.0,1.000,0.000,0.000,-51546.9,-51657.0,60.6,-413.7,-65.8,0.7,15.1,0,0,0.0,0.0
163.295,VehicleControllerBP_C_0,1,1,V_1_C_0,1,0,Authority,SimulatedProxy,0.0,1.000,0.000,0.000,-51558.3,-51658.9,60.7,-436.6,-69.3,0.8,15.9,0,0,0.0,0.0
163.324,VehicleControllerBP_C_0,1,1,V_1_C_0,1,0,Authority,SimulatedProxy,0.0,1.000,0.000,0.000,-51574.8,-51661.5,60.7,-471.7,-75.1,0.9,17.2,0,0,0.0,0.0
163.354,VehicleControllerBP_C_0,1,1,V_1_C_0,1,0,Authority,SimulatedProxy,0.0,1.000,0.000,0.000,-51589.0,-51663.7,60.7,-500.3,-79.6,1.0,18.2,0,0,0.0,0.0
163.380,VehicleControllerBP_C_0,1,1,V_1_C_0,1,0,Authority,SimulatedProxy,0.0,1.000,0.000,0.000,-51604.4,-51666.2,60.8,-523.1,-83.0,1.1,19.1,0,0,0.0,0.0
163.412,VehicleControllerBP_C_0,1,1,V_1_C_0,1,0,Authority,SimulatedProxy,0.0,1.000,0.000,0.000,-51618.7,-51668.5,60.8,-551.3,-87.7,1.1,20.1,0,0,0.0,0.0
163.439,VehicleControllerBP_C_0,1,1,V_1_C_0,1,0,Authority,SimulatedProxy,0.0,1.000,0.000,0.000,-51637.1,-51671.4,60.8,-582.4,-92.5,1.1,21.2,0,0,0.0,0.0
163.465,VehicleControllerBP_C_0,1,1,V_1_C_0,1,0,Authority,SimulatedProxy,0.0,1.000,0.000,0.000,-51653.1,-51673.9,60.9,-606.4,-96.4,1.1,22.1,0,0,0.0,0.0
163.488,VehicleControllerBP_C_0,1,1,V_1_C_0,1,0,Authority,SimulatedProxy,0.0,1.000,0.000,0.000,-51669.3,-51676.5,60.9,-632.1,-100.4,1.1,23.0,0,0,0.0,0.0
163.510,VehicleControllerBP_C_0,1,1,V_1_C_0,1,0,Authority,SimulatedProxy,0.0,1.000,0.000,0.000,-51683.8,-51678.8,60.9,-654.1,-103.9,1.1,23.8,0,0,0.0,0.0
163.542,VehicleControllerBP_C_0,1,1,V_1_C_0,1,0,Authority,SimulatedProxy,0.0,1.000,0.000,0.000,-51698.4,-51681.1,60.9,-674.1,-107.2,1.0,24.6,0,0,0.0,0.0
163.595,VehicleControllerBP_C_0,1,1,V_1_C_0,1,0,Authority,SimulatedProxy,0.0,1.000,0.000,0.000,-51720.9,-51684.7,61.0,-702.0,-111.7,1.0,25.6,0,0,0.0,0.0
163.624,VehicleControllerBP_C_0,1,1,V_1_C_0,1,0,Authority,SimulatedProxy,0.0,1.000,0.000,0.000,-51759.9,-51690.9,61.0,-754.4,-119.9,0.9,27.5,0,0,0.0,0.0
163.659,VehicleControllerBP_C_0,1,1,V_1_C_0,1,0,Authority,SimulatedProxy,0.0,1.000,0.000,0.000,-51782.2,-51694.5,61.0,-784.4,-124.9,0.9,28.6,0,0,0.0,0.0
163.691,VehicleControllerBP_C_0,1,1,V_1_C_0,1,0,Authority,SimulatedProxy,0.0,1.000,0.000,0.000,-51810.3,-51699.0,61.1,-815.2,-129.7,0.8,29.7,0,0,0.0,0.0
163.749,VehicleControllerBP_C_0,1,1,V_1_C_0,1,0,Authority,SimulatedProxy,0.0,1.000,0.000,0.000,-51837.3,-51703.2,61.1,-845.8,-134.6,0.8,30.8,0,0,0.0,0.0
163.776,VehicleControllerBP_C_0,1,1,V_1_C_0,1,0,Authority,SimulatedProxy,0.0,1.000,0.000,0.000,-51887.9,-51711.3,61.1,-899.3,-143.0,0.7,32.8,0,0,0.0,0.0
163.800,VehicleControllerBP_C_0,1,1,V_1_C_0,1,0,Authority,SimulatedProxy,0.0,1.000,0.000,0.000,-51912.6,-51715.2,61.2,-927.2,-147.4,0.7,33.8,0,0,0.0,0.0
163.824,VehicleControllerBP_C_0,1,1,V_1_C_0,1,0,Authority,SimulatedProxy,0.0,1.000,0.000,0.000,-51935.2,-51718.8,61.2,-948.1,-150.7,0.7,34.6,0,0,0.0,0.0
163.852,VehicleControllerBP_C_0,1,1,V_1_C_0,1,0,Authority,SimulatedProxy,0.0,1.000,0.000,0.000,-51958.0,-51722.4,61.2,-971.9,-154.7,0.7,35.4,0,0,0.0,0.0
163.883,VehicleControllerBP_C_0,1,1,V_1_C_0,1,0,Authority,SimulatedProxy,0.0,1.000,0.000,0.000,-51985.6,-51726.8,61.2,-998.1,-158.8,0.8,36.4,0,0,0.0,0.0
163.911,VehicleControllerBP_C_0,1,1,V_1_C_0,1,0,Authority,SimulatedProxy,0.0,1.000,0.000,0.000,-52017.7,-51731.9,61.2,-1025.6,-163.0,0.8,37.4,0,0,0.0,0.0
163.938,VehicleControllerBP_C_0,1,1,V_1_C_0,1,0,Authority,SimulatedProxy,0.0,1.000,0.000,0.000,-52046.5,-51736.5,61.3,-1053.2,-167.4,0.8,38.4,0,0,0.0,0.0
163.965,VehicleControllerBP_C_0,1,1,V_1_C_0,1,0,Authority,SimulatedProxy,0.0,1.000,0.000,0.000,-52075.7,-51741.2,61.3,-1078.7,-171.5,0.8,39.3,0,0,0.0,0.0
164.031,VehicleControllerBP_C_0,1,1,V_1_C_0,1,0,Authority,SimulatedProxy,0.0,1.000,0.000,0.000,-52104.7,-51745.8,61.3,-1103.3,-175.5,0.8,40.2,0,0,0.0,0.0
164.059,VehicleControllerBP_C_0,1,1,V_1_C_0,1,0,Authority,SimulatedProxy,0.0,1.000,0.000,0.000,-52180.3,-51757.8,61.3,-1164.5,-185.2,0.7,42.4,0,0,0.0,0.0
164.084,VehicleControllerBP_C_0,1,1,V_1_C_0,1,0,Authority,SimulatedProxy,0.0,1.000,0.000,0.000,-52213.3,-51763.0,61.4,-1190.6,-189.3,0.6,43.4,0,0,0.0,0.0
164.108,VehicleControllerBP_C_0,1,1,V_1_C_0,1,0,Authority,SimulatedProxy,0.0,1.000,0.000,0.000,-52243.5,-51767.8,61.4,-1213.8,-193.0,0.6,44.2,0,0,0.0,0.0
164.131,VehicleControllerBP_C_0,1,1,V_1_C_0,1,0,Authority,SimulatedProxy,0.0,1.000,0.000,0.000,-52272.6,-51772.5,61.4,-1235.5,-196.5,0.6,45.0,0,0,0.0,0.0
164.155,VehicleControllerBP_C_0,1,1,V_1_C_0,1,0,Authority,SimulatedProxy,0.0,1.000,0.000,0.000,-52301.8,-51777.1,61.4,-1257.0,-199.9,0.6,45.8,0,0,0.0,0.0
164.181,VehicleControllerBP_C_0,1,1,V_1_C_0,1,0,Authority,SimulatedProxy,0.0,1.000,0.000,0.000,-52332.4,-51782.0,61.4,-1278.9,-203.4,0.6,46.6,0,0,0.0,0.0
164.209,VehicleControllerBP_C_0,1,1,V_1_C_0,1,0,Authority,SimulatedProxy,0.0,1.000,0.000,0.000,-52365.5,-51787.2,61.4,-1302.0,-207.0,0.6,47.5,0,0,0.0,0.0
164.236,VehicleControllerBP_C_0,1,1,V_1_C_0,1,0,Authority,SimulatedProxy,0.0,1.000,0.000,0.000,-52401.8,-51793.0,61.5,-1305.9,-207.7,0.5,47.6,0,0,0.0,0.0
164.265,VehicleControllerBP_C_0,1,1,V_1_C_0,1,0,Authority,SimulatedProxy,0.0,1.000,0.000,0.000,-52438.0,-51798.8,61.5,-1316.8,-209.4,0.1,48.0,0,0,0.0,0.0
164.321,VehicleControllerBP_C_0,1,1,V_1_C_0,1,0,Authority,SimulatedProxy,0.0,1.000,0.000,0.000,-52475.6,-51804.8,61.5,-1335.8,-212.4,-0.5,48.7,0,0,0.0,0.0
164.349,VehicleControllerBP_C_0,1,1,V_1_C_0,1,0,Authority,SimulatedProxy,0.0,1.000,0.000,0.000,-52550.2,-51816.6,61.4,-1350.6,-214.8,-1.9,49.2,0,0,0.0,0.0
164.377,VehicleControllerBP_C_0,1,1,V_1_C_0,1,0,Authority,SimulatedProxy,0.0,1.000,0.000,0.000,-52589.0,-51822.8,61.3,-1354.8,-215.4,-2.5,49.4,0,0,0.0,0.0
164.401,VehicleControllerBP_C_0,1,1,V_1_C_0,1,0,Authority,SimulatedProxy,0.0,1.000,0.000,0.000,-52627.1,-51828.8,61.2,-1357.8,-215.9,-3.0,49.5,0,0,0.0,0.0
164.427,VehicleControllerBP_C_0,1,1,V_1_C_0,1,0,Authority,SimulatedProxy,0.0,1.000,0.000,0.000,-52659.8,-51834.0,61.2,-1358.6,-216.0,-3.4,49.5,0,0,0.0,0.0
164.456,VehicleControllerBP_C_0,1,1,V_1_C_0,1,0,Authority,SimulatedProxy,0.0,1.000,0.000,0.000,-52694.0,-51839.5,61.1,-1357.8,-215.9,-3.8,49.5,0,0,0.0,0.0
164.483,VehicleControllerBP_C_0,1,1,V_1_C_0,1,0,Authority,SimulatedProxy,0.0,1.000,0.000,0.000,-52733.3,-51845.7,61.0,-1356.6,-215.7,-4.1,49.5,0,0,0.0,0.0
164.509,VehicleControllerBP_C_0,1,1,V_1_C_0,1,0,Authority,SimulatedProxy,0.0,1.000,0.000,0.000,-52770.1,-51851.6,60.8,-1355.4,-215.5,-4.2,49.4,0,0,0.0,0.0
164.537,VehicleControllerBP_C_0,1,1,V_1_C_0,1,0,Authority,SimulatedProxy,0.0,1.000,0.000,0.000,-52805.9,-51857.3,60.7,-1381.5,-219.8,-4.1,50.4,0,0,0.0,0.0
164.561,VehicleControllerBP_C_0,1,1,V_1_C_0,1,0,Authority,SimulatedProxy,0.0,1.000,0.000,0.000,-52845.5,-51863.6,60.6,-1409.4,-224.2,-3.4,51.4,0,0,0.0,0.0
164.587,VehicleControllerBP_C_0,1,1,V_1_C_0,1,0,Authority,SimulatedProxy,0.0,1.000,0.000,0.000,-52879.0,-51868.9,60.6,-1431.9,-227.7,-2.2,52.2,0,0,0.0,0.0
164.613,VehicleControllerBP_C_0,1,1,V_1_C_0,1,0,Authority,SimulatedProxy,0.0,1.000,0.000,0.000,-52917.1,-51875.0,60.5,-1462.1,-232.5,-0.4,53.3,0,0,0.0,0.0
164.638,VehicleControllerBP_C_0,1,1,V_1_C_0,1,0,Authority,SimulatedProxy,0.0,1.000,0.000,0.000,-52955.9,-51881.1,60.6,-1476.4,-234.8,1.5,53.8,0,0,0.0,0.0
164.668,VehicleControllerBP_C_0,1,1,V_1_C_0,1,0,Authority,SimulatedProxy,0.0,1.000,0.000,0.000,-52992.6,-51887.0,60.6,-1494.9,-237.7,3.2,54.5,0,0,0.0,0.0
164.704,VehicleControllerBP_C_0,1,1,V_1_C_0,1,0,Authority,SimulatedProxy,0.0,1.000,0.000,0.000,-53038.0,-51894.2,60.7,-1518.0,-241.3,4.7,55.3,0,0,0.0,0.0
164.747,VehicleControllerBP_C_0,1,1,V_1_C_0,1,0,Authority,SimulatedProxy,0.0,1.000,0.000,0.000,-53093.4,-51903.0,60.9,-1546.2,-245.7,5.6,56.4,0,0,0.0,0.0
164.772,VehicleControllerBP_C_0,1,1,V_1_C_0,1,0,Authority,SimulatedProxy,0.0,1.000,0.000,0.000,-53160.5,-51913.7,61.2,-1582.0,-251.5,5.6,57.7,0,0,0.0,0.0
164.796,VehicleControllerBP_C_0,1,1,V_1_C_0,1,0,Authority,SimulatedProxy,0.0,1.000,0.000,0.000,-53201.6,-51920.2,61.3,-1601.5,-254.6,5.1,58.4,0,0,0.0,0.0
164.820,VehicleControllerBP_C_0,1,1,V_1_C_0,1,0,Authority,SimulatedProxy,0.0,1.000,0.000,0.000,-53239.4,-51926.2,61.4,-1619.4,-257.5,4.4,59.0,0,0,0.0,0.0
164.846,VehicleControllerBP_C_0,1,1,V_1_C_0,1,0,Authority,SimulatedProxy,0.0,1.000,0.000,0.000,-53278.5,-51932.4,61.5,-1637.6,-260.4,3.6,59.7,0,0,0.0,0.0
164.878,VehicleControllerBP_C_0,1,1,V_1_C_0,1,0,Authority,SimulatedProxy,0.0,1.000,0.000,0.000,-53321.2,-51939.2,61.6,-1657.1,-263.4,2.6,60.4,0,0,0.0,0.0
164.907,VehicleControllerBP_C_0,1,1,V_1_C_0,1,0,Authority,SimulatedProxy,0.0,1.000,0.000,0.000,-53375.6,-51947.9,61.7,-1681.9,-267.4,1.5,61.3,0,0,0.0,0.0
164.934,VehicleControllerBP_C_0,1,1,V_1_C_0,1,0,Authority,SimulatedProxy,0.0,1.000,0.000,0.000,-53425.1,-51955.7,61.7,-1703.9,-270.9,0.5,62.1,0,0,0.0,0.0
164.959,VehicleControllerBP_C_0,1,1,V_1_C_0,1,0,Authority,SimulatedProxy,0.0,1.000,0.000,0.000,-53470.2,-51962.9,61.7,-1723.6,-274.0,-0.1,62.8,0,0,0.0,0.0
164.984,VehicleControllerBP_C_0,1,1,V_1_C_0,1,0,Authority,SimulatedProxy,0.0,1.000,0.000,0.000,-53514.2,-51969.9,61.7,-1742.7,-277.0,-0.6,63.5,0,0,0.0,0.0
165.012,VehicleControllerBP_C_0,1,1,V_1_C_0,1,0,Authority,SimulatedProxy,0.0,1.000,0.000,0.000,-53558.2,-51976.9,61.7,-1761.6,-280.0,-0.9,64.2,0,0,0.0,0.0
165.040,VehicleControllerBP_C_0,1,1,V_1_C_0,1,0,Authority,SimulatedProxy,0.0,1.000,0.000,0.000,-53608.4,-51984.9,61.6,-1783.0,-283.4,-1.0,65.0,0,0,0.0,0.0
165.067,VehicleControllerBP_C_0,1,1,V_1_C_0,1,0,Authority,SimulatedProxy,0.0,1.000,0.000,0.000,-53657.8,-51992.7,61.6,-1805.1,-286.9,-1.0,65.8,0,0,0.0,0.0
165.094,VehicleControllerBP_C_0,1,1,V_1_C_0,1,0,Authority,SimulatedProxy,0.0,1.000,0.000,0.000,-53706.5,-52000.5,61.6,-1810.6,-287.8,-0.9,66.0,0,0,0.0,0.0
165.117,VehicleControllerBP_C_0,1,1,V_1_C_0,1,0,Authority,SimulatedProxy,0.0,1.000,0.000,0.000,-53755.9,-52008.3,61.5,-1810.6,-287.8,-1.1,66.0,0,0,0.0,0.0
165.158,VehicleControllerBP_C_0,1,1,V_1_C_0,1,0,Authority,SimulatedProxy,0.0,1.000,0.000,0.000,-53798.0,-52015.0,61.5,-1812.2,-288.1,-1.6,66.1,0,0,0.0,0.0
165.186,VehicleControllerBP_C_0,1,1,V_1_C_0,1,0,Authority,SimulatedProxy,0.0,1.000,0.000,0.000,-53872.3,-52026.8,61.4,-1823.0,-289.8,-3.0,66.5,0,0,0.0,0.0
165.210,VehicleControllerBP_C_0,1,1,V_1_C_0,1,0,Authority,SimulatedProxy,0.0,1.000,0.000,0.000,-53923.7,-52035.0,61.3,-1836.1,-291.9,-3.9,66.9,0,0,0.0,0.0
165.247,VehicleControllerBP_C_0,1,1,V_1_C_0,1,0,Authority,SimulatedProxy,0.0,1.000,0.000,0.000,-53966.5,-52041.8,61.2,-1850.8,-294.2,-4.3,67.5,0,0,0.0,0.0
165.286,VehicleControllerBP_C_0,1,1,V_1_C_0,1,0,Authority,SimulatedProxy,0.0,1.000,0.000,0.000,-54037.0,-52053.0,61.1,-1881.4,-299.0,-3.9,68.6,0,0,0.0,0.0
165.318,VehicleControllerBP_C_0,1,1,V_1_C_0,1,0,Authority,SimulatedProxy,0.0,1.000,0.000,0.000,-54110.9,-52064.7,60.9,-1921.1,-305.4,-2.1,70.0,0,0,0.0,0.0
165.346,VehicleControllerBP_C_0,1,1,V_1_C_0,1,0,Authority,SimulatedProxy,0.0,1.000,0.000,0.000,-54172.6,-52074.6,60.9,-1955.5,-310.8,0.1,71.3,0,0,0.0,0.0
165.370,VehicleControllerBP_C_0,1,1,V_1_C_0,1,0,Authority,SimulatedProxy,0.0,1.000,0.000,0.000,-54228.5,-52083.4,61.0,-1986.4,-315.7,2.4,72.4,0,0,0.0,0.0
165.393,VehicleControllerBP_C_0,1,1,V_1_C_0,1,0,Authority,SimulatedProxy,0.0,1.000,0.000,0.000,-54276.5,-52091.1,61.1,-2012.9,-319.9,4.2,73.4,0,0,0.0,0.0
165.419,VehicleControllerBP_C_0,1,1,V_1_C_0,1,0,Authority,SimulatedProxy,0.0,1.000,0.000,0.000,-54323.9,-52098.6,61.2,-2038.7,-324.0,5.6,74.3,0,0,0.0,0.0
165.444,VehicleControllerBP_C_0,1,1,V_1_C_0,1,0,Authority,SimulatedProxy,0.0,1.000,0.000,0.000,-54376.9,-52107.0,61.3,-2066.7,-328.5,6.8,75.3,0,0,0.0,0.0
165.470,VehicleControllerBP_C_0,1,1,V_1_C_0,1,0,Authority,SimulatedProxy,0.0,1.000,0.000,0.000,-54429.9,-52115.4,61.5,-2094.2,-332.8,7.5,76.3,0,0,0.0,0.0
165.497,VehicleControllerBP_C_0,1,1,V_1_C_0,1,0,Authority,SimulatedProxy,0.0,1.000,0.000,0.000,-54484.7,-52124.2,61.7,-2122.2,-337.3,7.7,77.4,0,0,0.0,0.0
165.523,VehicleControllerBP_C_0,1,1,V_1_C_0,1,0,Authority,SimulatedProxy,0.0,1.000,0.000,0.000,-54541.0,-52133.1,61.9,-2150.6,-341.8,7.3,78.4,0,0,0.0,0.0
165.546,VehicleControllerBP_C_0,1,1,V_1_C_0,1,0,Authority,SimulatedProxy,0.0,1.000,0.000,0.000,-54598.4,-52142.2,62.1,-2179.1,-346.3,6.4,79.4,0,0,0.0,0.0
165.570,VehicleControllerBP_C_0,1,1,V_1_C_0,1,0,Authority,SimulatedProxy,0.0,1.000,0.000,0.000,-54647.7,-52150.1,62.2,-2203.6,-350.2,5.4,80.3,0,0,0.0,0.0
165.595,VehicleControllerBP_C_0,1,1,V_1_C_0,1,0,Authority,SimulatedProxy,0.0,1.000,0.000,0.000,-54703.1,-52158.9,62.3,-2231.1,-354.5,4.2,81.3,0,0,0.0,0.0
165.624,VehicleControllerBP_C_0,1,1,V_1_C_0,1,0,Authority,SimulatedProxy,0.0,1.000,0.000,0.000,-54759.2,-52167.8,62.4,-2258.7,-358.9,2.9,82.3,0,0,0.0,0.0
165.651,VehicleControllerBP_C_0,1,1,V_1_C_0,1,0,Authority,SimulatedProxy,0.0,1.000,0.000,0.000,-54823.1,-52177.9,62.5,-2289.0,-363.7,1.6,83.4,0,0,0.0,0.0
165.681,VehicleControllerBP_C_0,1,1,V_1_C_0,1,0,Authority,SimulatedProxy,0.0,1.000,0.000,0.000,-54886.8,-52188.0,62.5,-2318.6,-368.4,0.5,84.5,0,0,0.0,0.0
165.731,VehicleControllerBP_C_0,1,1,V_1_C_0,1,0,Authority,SimulatedProxy,0.0,1.000,0.000,0.000,-54955.6,-52199.0,62.5,-2350.2,-373.4,-0.4,85.7,0,0,0.0,0.0
165.760,VehicleControllerBP_C_0,1,1,V_1_C_0,1,0,Authority,SimulatedProxy,0.0,1.000,0.000,0.000,-55076.8,-52218.2,62.5,-2404.7,-382.1,-1.3,87.7,0,0,0.0,0.0
165.785,VehicleControllerBP_C_0,1,1,V_1_C_0,1,0,Authority,SimulatedProxy,0.0,1.000,0.000,0.000,-55145.7,-52229.2,62.4,-2435.0,-386.9,-1.4,88.8,0,0,0.0,0.0
165.810,VehicleControllerBP_C_0,1,1,V_1_C_0,1,0,Authority,SimulatedProxy,0.0,1.000,0.000,0.000,-55208.2,-52239.1,62.4,-2461.7,-391.1,-1.3,89.7,0,0,0.0,0.0
165.834,VehicleControllerBP_C_0,1,1,V_1_C_0,1,0,Authority,SimulatedProxy,0.0,1.000,0.000,0.000,-55268.9,-52248.7,62.4,-2487.9,-395.2,-1.1,90.7,0,0,0.0,0.0
165.867,VehicleControllerBP_C_0,1,1,V_1_C_0,1,0,Authority,SimulatedProxy,0.0,1.000,0.000,0.000,-55328.2,-52258.2,62.3,-2513.3,-399.3,-0.8,91.6,0,0,0.0,0.0
165.900,VehicleControllerBP_C_0,1,1,V_1_C_0,1,0,Authority,SimulatedProxy,0.0,1.000,0.000,0.000,-55412.3,-52271.5,62.3,-2549.0,-404.9,-0.4,92.9,0,0,0.0,0.0
165.928,VehicleControllerBP_C_0,1,1,V_1_C_0,1,0,Authority,SimulatedProxy,0.0,1.000,0.000,0.000,-55498.0,-52285.1,62.3,-2584.7,-410.6,0.1,94.2,0,0,0.0,0.0
165.955,VehicleControllerBP_C_0,1,1,V_1_C_0,1,0,Authority,SimulatedProxy,0.0,1.000,0.000,0.000,-55570.0,-52296.6,62.3,-2613.7,-415.2,0.4,95.3,0,0,0.0,0.0
165.979,VehicleControllerBP_C_0,1,1,V_1_C_0,1,0,Authority,SimulatedProxy,0.0,1.000,0.000,0.000,-55642.1,-52308.0,62.3,-2642.2,-419.7,0.7,96.3,0,0,0.0,0.0
166.008,VehicleControllerBP_C_0,1,1,V_1_C_0,1,0,Authority,SimulatedProxy,0.0,1.000,0.000,0.000,-55705.1,-52318.1,62.4,-2667.2,-423.7,0.8,97.2,0,0,0.0,0.0
166.033,VehicleControllerBP_C_0,1,1,V_1_C_0,1,0,Authority,SimulatedProxy,0.0,1.000,0.000,0.000,-55783.1,-52330.4,62.4,-2697.6,-428.5,0.8,98.3,0,0,0.0,0.0
166.058,VehicleControllerBP_C_0,1,1,V_1_C_0,1,0,Authority,SimulatedProxy,0.0,1.000,0.000,0.000,-55851.6,-52341.3,62.4,-2723.5,-432.6,0.8,99.3,0,0,0.0,0.0
166.083,VehicleControllerBP_C_0,1,1,V_1_C_0,1,0,Authority,SimulatedProxy,0.0,1.000,0.000,0.000,-55919.8,-52352.1,62.4,-2749.7,-436.7,0.7,100.2,0,0,0.0,0.0
166.109,VehicleControllerBP_C_0,1,1,V_1_C_0,1,0,Authority,SimulatedProxy,0.0,1.000,0.000,0.000,-55988.4,-52363.0,62.4,-2775.9,-440.9,0.6,101.2,0,0,0.0,0.0
166.135,VehicleControllerBP_C_0,1,1,V_1_C_0,1,0,Authority,SimulatedProxy,0.0,1.000,0.000,0.000,-56060.9,-52374.6,62.4,-2802.7,-445.1,0.5,102.2,0,0,0.0,0.0
166.194,VehicleControllerBP_C_0,1,1,V_1_C_0,1,0,Authority,SimulatedProxy,0.0,1.000,0.000,0.000,-56135.8,-52386.4,62.5,-2829.8,-449.4,0.4,103.2,0,0,0.0,0.0
166.222,VehicleControllerBP_C_0,1,1,V_1_C_0,1,0,Authority,SimulatedProxy,0.0,1.000,0.000,0.000,-56304.4,-52413.2,62.5,-2890.8,-459.1,0.1,105.4,0,0,0.0,0.0
166.250,VehicleControllerBP_C_0,1,1,V_1_C_0,1,0,Authority,SimulatedProxy,0.0,1.000,0.000,0.000,-56384.0,-52425.9,62.5,-2918.9,-463.5,0.1,106.4,0,0,0.0,0.0
166.287,VehicleControllerBP_C_0,1,1,V_1_C_0,1,0,Authority,SimulatedProxy,0.0,1.000,0.000,0.000,-56466.8,-52439.0,62.5,-2947.8,-468.1,0.0,107.5,0,0,0.0,0.0
166.314,VehicleControllerBP_C_0,1,1,V_1_C_0,1,0,Authority,SimulatedProxy,0.0,1.000,0.000,0.000,-56578.4,-52456.7,62.5,-2986.7,-474.3,0.0,108.9,0,0,0.0,0.0
166.338,VehicleControllerBP_C_0,1,1,V_1_C_0,1,0,Authority,SimulatedProxy,0.0,1.000,0.000,0.000,-56659.8,-52469.7,62.5,-3014.4,-478.6,0.1,109.9,0,0,0.0,0.0
166.361,VehicleControllerBP_C_0,1,1,V_1_C_0,1,0,Authority,SimulatedProxy,0.0,1.000,0.000,0.000,-56732.8,-52481.3,62.5,-3039.3,-482.6,0.1,110.8,0,0,0.0,0.0
166.387,VehicleControllerBP_C_0,1,1,V_1_C_0,1,0,Authority,SimulatedProxy,0.0,1.000,0.000,0.000,-56800.7,-52492.0,62.5,-3062.3,-486.2,0.1,111.6,0,0,0.0,0.0
166.414,VehicleControllerBP_C_0,1,1,V_1_C_0,1,0,Authority,SimulatedProxy,0.0,1.000,0.000,0.000,-56882.9,-52505.1,62.5,-3089.4,-490.5,0.2,112.6,0,0,0.0,0.0
166.468,VehicleControllerBP_C_0,1,1,V_1_C_0,1,0,Authority,SimulatedProxy,0.0,1.000,0.000,0.000,-56964.4,-52518.0,62.5,-3115.9,-494.7,0.3,113.6,0,0,0.0,0.0
166.496,VehicleControllerBP_C_0,1,1,V_1_C_0,1,0,Authority,SimulatedProxy,0.0,1.000,0.000,0.000,-57135.3,-52545.2,62.5,-3171.9,-503.6,0.3,115.6,0,0,0.0,0.0
166.522,VehicleControllerBP_C_0,1,1,V_1_C_0,1,0,Authority,SimulatedProxy,0.0,1.000,0.000,0.000,-57226.3,-52559.6,62.5,-3201.0,-508.2,0.3,116.7,0,0,0.0,0.0
166.546,VehicleControllerBP_C_0,1,1,V_1_C_0,1,0,Authority,SimulatedProxy,0.0,1.000,0.000,0.000,-57307.2,-52572.5,62.5,-3226.3,-512.2,0.3,117.6,0,0,0.0,0.0
166.571,VehicleControllerBP_C_0,1,1,V_1_C_0,1,0,Authority,SimulatedProxy,0.0,1.000,0.000,0.000,-57387.3,-52585.2,62.5,-3251.7,-516.2,0.3,118.5,0,0,0.0,0.0
166.595,VehicleControllerBP_C_0,1,1,V_1_C_0,1,0,Authority,SimulatedProxy,0.0,1.000,0.000,0.000,-57467.0,-52597.8,62.5,-3276.9,-520.2,0.3,119.4,0,0,0.0,0.0
166.622,VehicleControllerBP_C_0,1,1,V_1_C_0,1,0,Authority,SimulatedProxy,0.0,1.000,0.000,0.000,-57548.2,-52610.7,62.5,-3302.5,-524.2,0.3,120.4,0,0,0.0,0.0
166.654,VehicleControllerBP_C_0,1,1,V_1_C_0,1,0,Authority,SimulatedProxy,0.0,1.000,0.000,0.000,-57638.4,-52625.0,62.6,-3330.0,-528.6,0.3,121.4,0,0,0.0,0.0
166.682,VehicleControllerBP_C_0,1,1,V_1_C_0,1,0,Authority,SimulatedProxy,0.0,0.917,0.000,0.000,-57743.4,-52641.7,62.6,-3362.1,-533.6,0.4,122.5,0,0,0.0,0.0
166.715,VehicleControllerBP_C_0,1,1,V_1_C_0,1,0,Authority,SimulatedProxy,0.0,0.826,0.000,0.000,-57837.0,-52656.6,62.6,-3390.2,-538.1,0.5,123.6,0,0,0.0,0.0
166.744,VehicleControllerBP_C_0,1,1,V_1_C_0,1,0,Authority,SimulatedProxy,0.0,0.753,0.000,0.000,-57950.1,-52674.5,62.6,-3424.4,-543.4,0.7,124.8,0,0,0.0,0.0
166.768,VehicleControllerBP_C_0,1,1,V_1_C_0,1,0,Authority,SimulatedProxy,0.0,0.699,0.000,0.000,-58051.4,-52690.6,62.6,-3454.5,-548.2,0.8,125.9,0,0,0.0,0.0
166.795,VehicleControllerBP_C_0,1,1,V_1_C_0,1,0,Authority,SimulatedProxy,0.0,0.642,0.000,-0.068,-58134.3,-52703.7,62.6,-3479.0,-552.4,0.9,126.8,0,0,0.0,0.0
166.821,VehicleControllerBP_C_0,1,1,V_1_C_0,1,0,Authority,SimulatedProxy,0.0,0.592,0.000,-0.128,-58228.7,-52718.6,62.7,-3507.0,-552.1,1.0,127.8,0,0,0.0,0.0
166.844,VehicleControllerBP_C_0,1,1,V_1_C_0,1,0,Authority,SimulatedProxy,0.0,0.550,0.000,-0.179,-58320.2,-52732.7,62.7,-3534.2,-546.2,0.9,128.7,0,0,0.0,0.0
166.902,VehicleControllerBP_C_0,1,1,V_1_C_0,1,0,Authority,SimulatedProxy,0.0,0.456,0.000,-0.297,-58403.8,-52745.3,62.7,-3559.6,-535.7,0.8,129.6,0,0,0.0,0.0
166.937,VehicleControllerBP_C_0,1,1,V_1_C_0,1,0,Authority,SimulatedProxy,0.0,0.408,0.000,-0.358,-58610.6,-52773.8,62.8,-3621.5,-484.3,1.1,131.5,0,0,0.0,0.0
166.964,VehicleControllerBP_C_0,1,1,V_1_C_0,1,0,Authority,SimulatedProxy,0.0,0.375,0.000,-0.401,-58736.4,-52789.7,62.8,-3654.4,-453.7,1.5,132.6,0,0,0.0,0.0
166.989,VehicleControllerBP_C_0,1,1,V_1_C_0,1,0,Authority,SimulatedProxy,0.0,0.347,0.000,-0.439,-58835.8,-52801.3,62.9,-3678.8,-421.8,1.7,133.3,0,0,0.0,0.0
167.016,VehicleControllerBP_C_0,1,1,V_1_C_0,1,0,Authority,SimulatedProxy,0.0,0.319,0.000,-0.477,-58927.9,-52811.0,62.9,-3699.4,-386.5,1.7,133.9,0,0,0.0,0.0
167.040,VehicleControllerBP_C_0,1,1,V_1_C_0,1,0,Authority,SimulatedProxy,0.0,0.296,0.000,-0.508,-59028.9,-52820.6,63.0,-3714.8,-340.9,1.5,134.3,0,0,0.0,0.0
167.066,VehicleControllerBP_C_0,1,1,V_1_C_0,1,0,Authority,SimulatedProxy,0.0,0.272,0.000,-0.541,-59117.6,-52827.8,63.0,-3722.7,-296.2,1.0,134.4,0,0,0.0,0.0
167.093,VehicleControllerBP_C_0,1,1,V_1_C_0,1,0,Authority,SimulatedProxy,0.0,0.250,0.000,-0.572,-59217.5,-52834.6,63.0,-3721.0,-240.8,-0.3,134.2,0,0,0.0,0.0
167.117,VehicleControllerBP_C_0,1,1,V_1_C_0,1,0,Authority,SimulatedProxy,0.0,0.232,0.000,-0.598,-59317.3,-52839.8,63.0,-3712.8,-181.4,-2.8,133.8,0,0,0.0,0.0
167.173,VehicleControllerBP_C_0,1,1,V_1_C_0,1,0,Authority,SimulatedProxy,0.0,0.193,0.000,-0.654,-59405.7,-52843.1,62.9,-3708.4,-125.9,-5.9,133.6,0,0,0.0,0.0
167.196,VehicleControllerBP_C_0,1,1,V_1_C_0,1,0,Authority,SimulatedProxy,0.0,0.180,0.000,-0.674,-59611.7,-52845.6,62.3,-3689.9,6.8,-13.8,132.8,0,0,0.0,0.0
167.219,VehicleControllerBP_C_0,1,1,V_1_C_0,1,0,Authority,SimulatedProxy,0.0,0.167,0.000,-0.693,-59697.4,-52844.6,61.9,-3688.3,63.4,-16.4,132.8,0,0,0.0,0.0
167.248,VehicleControllerBP_C_0,1,1,V_1_C_0,1,0,Authority,SimulatedProxy,0.0,0.153,0.000,-0.715,-59782.2,-52842.3,61.5,-3671.4,118.2,-18.3,132.2,0,0,0.0,0.0
167.278,VehicleControllerBP_C_0,1,1,V_1_C_0,1,0,Authority,SimulatedProxy,0.0,0.139,0.000,-0.736,-59887.1,-52837.7,61.0,-3659.7,186.4,-19.8,131.9,0,0,0.0,0.0
167.340,VehicleControllerBP_C_0,1,1,V_1_C_0,1,0,Authority,SimulatedProxy,0.0,0.113,0.000,-0.777,-59995.5,-52830.9,60.4,-3640.9,256.2,-20.0,131.4,0,0,0.0,0.0
167.365,VehicleControllerBP_C_0,1,1,V_1_C_0,1,0,Authority,SimulatedProxy,0.0,0.105,0.000,-0.791,-60221.0,-52810.1,59.2,-3599.2,397.9,-17.3,130.4,0,0,0.0,0.0
167.391,VehicleControllerBP_C_0,1,1,V_1_C_0,1,0,Authority,SimulatedProxy,0.0,0.097,0.000,-0.804,-60311.3,-52799.2,58.8,-3580.1,452.9,-15.8,129.9,0,0,0.0,0.0
167.417,VehicleControllerBP_C_0,1,1,V_1_C_0,1,0,Authority,SimulatedProxy,0.0,0.089,0.000,-0.817,-60402.2,-52786.8,58.4,-3559.4,508.3,-14.3,129.4,0,0,0.0,0.0
167.454,VehicleControllerBP_C_0,1,1,V_1_C_0,1,0,Authority,SimulatedProxy,0.0,0.079,0.000,-0.834,-60493.4,-52772.8,58.1,-3537.5,563.2,-12.7,129.0,0,0,0.0,0.0
167.485,VehicleControllerBP_C_0,1,1,V_1_C_0,1,0,Authority,SimulatedProxy,0.0,0.072,0.000,-0.847,-60625.4,-52749.9,57.6,-3503.5,642.1,-10.7,128.2,0,0,0.0,0.0
167.515,VehicleControllerBP_C_0,1,1,V_1_C_0,1,0,Authority,SimulatedProxy,0.0,0.065,0.000,-0.858,-60731.9,-52729.1,57.3,-3474.5,704.7,-9.1,127.6,0,0,0.0,0.0
167.543,VehicleControllerBP_C_0,1,1,V_1_C_0,1,0,Authority,SimulatedProxy,0.0,0.060,0.000,-0.868,-60836.0,-52706.8,57.1,-3444.7,765.1,-7.7,127.0,0,0,0.0,0.0
167.571,VehicleControllerBP_C_0,1,1,V_1_C_0,1,0,Authority,SimulatedProxy,0.0,0.000,0.110,-0.877,-60932.9,-52684.2,56.9,-3415.7,820.7,-6.4,126.5,0,0,0.0,0.0
167.605,VehicleControllerBP_C_0,1,1,V_1_C_0,1,0,Authority,SimulatedProxy,0.0,0.000,0.233,-0.888,-61025.8,-52660.8,56.7,-3381.4,871.0,-5.3,125.7,0,0,0.0,0.0
167.639,VehicleControllerBP_C_0,1,1,V_1_C_0,1,0,Authority,SimulatedProxy,0.0,0.000,0.337,-0.898,-61142.2,-52629.4,56.6,-3325.6,927.2,-4.5,124.3,0,0,0.0,0.0
167.680,VehicleControllerBP_C_0,1,1,V_1_C_0,1,0,Authority,SimulatedProxy,0.0,0.000,0.444,-0.908,-61253.5,-52597.2,56.4,-3259.7,973.4,-5.0,122.5,0,0,0.0,0.0
167.709,VehicleControllerBP_C_0,1,1,V_1_C_0,1,0,Authority,SimulatedProxy,0.0,0.000,0.510,-0.915,-61382.8,-52556.9,56.1,-3170.5,1019.0,-8.1,119.9,0,0,0.0,0.0
167.750,VehicleControllerBP_C_0,1,1,V_1_C_0,1,0,Authority,SimulatedProxy,0.0,0.000,0.590,-0.923,-61474.7,-52526.6,55.8,-3102.0,1046.9,-12.1,117.9,0,0,0.0,0.0
167.774,VehicleControllerBP_C_0,1,1,V_1_C_0,1,0,Authority,SimulatedProxy,0.0,0.000,0.629,-0.928,-61598.5,-52483.4,55.2,-3003.8,1080.0,-19.3,114.9,0,0,0.0,0.0
167.797,VehicleControllerBP_C_0,1,1,V_1_C_0,1,0,Authority,SimulatedProxy,0.0,0.000,0.663,-0.932,-61669.8,-52457.2,54.6,-2945.5,1096.8,-24.2,113.2,0,0,0.0,0.0
167.822,VehicleControllerBP_C_0,1,1,V_1_C_0,1,0,Authority,SimulatedProxy,0.0,0.000,0.697,-0.936,-61736.5,-52431.9,54.0,-2891.5,1108.9,-27.5,111.5,0,0,0.0,0.0
167.846,VehicleControllerBP_C_0,1,1,V_1_C_0,1,0,Authority,SimulatedProxy,0.0,0.000,0.726,-0.940,-61806.5,-52404.7,53.3,-2832.4,1118.6,-31.5,109.6,0,0,0.0,0.0
167.870,VehicleControllerBP_C_0,1,1,V_1_C_0,1,0,Authority,SimulatedProxy,0.0,0.000,0.753,-0.944,-61874.8,-52377.4,52.4,-2773.2,1125.2,-35.9,107.7,0,0,0.0,0.0
167.907,VehicleControllerBP_C_0,1,1,V_1_C_0,1,0,Authority,SimulatedProxy,0.0,0.000,0.789,-0.949,-61940.2,-52350.5,51.5,-2715.8,1129.2,-40.3,105.9,0,0,0.0,0.0
167.976,VehicleControllerBP_C_0,1,1,V_1_C_0,1,0,Authority,SimulatedProxy,0.0,0.000,0.848,-0.958,-62039.4,-52308.6,49.9,-2633.3,1133.8,-47.6,103.2,0,0,0.0,0.0
168.007,VehicleControllerBP_C_0,1,1,V_1_C_0,1,0,Authority,SimulatedProxy,0.0,0.000,0.867,-0.961,-62214.9,-52231.1,46.1,-2484.2,1130.1,-61.0,98.3,0,0,0.0,0.0
168.036,VehicleControllerBP_C_0,1,1,V_1_C_0,1,0,Authority,SimulatedProxy,0.0,0.000,0.882,-0.964,-62290.6,-52196.4,44.1,-2417.9,1124.3,-67.2,96.0,0,0,0.0,0.0
168.063,VehicleControllerBP_C_0,1,1,V_1_C_0,1,0,Authority,SimulatedProxy,0.0,0.000,0.895,-0.966,-62358.8,-52164.4,42.0,-2364.4,1118.6,-75.5,94.2,0,0,0.0,0.0
168.089,VehicleControllerBP_C_0,1,1,V_1_C_0,1,0,Authority,SimulatedProxy,0.0,0.000,0.906,-0.969,-62422.2,-52134.1,39.8,-2331.3,1114.9,-89.4,93.1,0,0,0.0,0.0
168.116,VehicleControllerBP_C_0,1,1,V_1_C_0,1,0,Authority,SimulatedProxy,0.0,0.000,0.916,-0.971,-62482.1,-52105.3,37.1,-2313.6,1111.6,-110.8,92.5,0,0,0.0,0.0
168.144,VehicleControllerBP_C_0,1,1,V_1_C_0,1,0,Authority,SimulatedProxy,0.0,0.000,0.925,-0.973,-62542.9,-52076.0,33.8,-2295.2,1108.2,-132.6,91.9,0,0,0.0,0.0
168.168,VehicleControllerBP_C_0,1,1,V_1_C_0,1,0,Authority,SimulatedProxy,0.0,0.000,0.838,-0.915,-62606.4,-52045.4,29.8,-2275.5,1104.3,-155.9,91.2,0,0,0.0,0.0
168.193,VehicleControllerBP_C_0,1,1,V_1_C_0,1,0,Authority,SimulatedProxy,0.0,0.000,0.751,-0.856,-62659.3,-52019.7,25.8,-2258.5,1100.3,-176.3,90.7,0,0,0.0,0.0
168.220,VehicleControllerBP_C_0,1,1,V_1_C_0,1,0,Authority,SimulatedProxy,0.0,0.000,0.672,-0.800,-62717.0,-51991.6,20.9,-2248.9,1097.8,-201.2,90.4,0,0,0.0,0.0
168.248,VehicleControllerBP_C_0,1,1,V_1_C_0,1,0,Authority,SimulatedProxy,0.0,0.000,0.596,-0.743,-62775.7,-51962.9,15.2,-2246.5,1097.2,-227.1,90.4,0,0,0.0,0.0
168.278,VehicleControllerBP_C_0,1,1,V_1_C_0,1,0,Authority,SimulatedProxy,0.0,0.000,0.525,-0.688,-62838.4,-51932.2,8.4,-2246.5,1097.2,-254.8,90.5,0,0,0.0,0.0
168.308,VehicleControllerBP_C_0,1,1,V_1_C_0,1,0,Authority,SimulatedProxy,0.0,0.000,0.461,-0.635,-62904.4,-51900.0,0.4,-2246.5,1097.2,-283.8,90.6,0,0,0.0,0.0
168.340,VehicleControllerBP_C_0,1,1,V_1_C_0,1,0,Authority,SimulatedProxy,0.0,0.000,0.403,-0.585,-62972.4,-51866.8,-8.7,-2246.5,1097.2,-313.8,90.7,0,0,0.0,0.0
168.368,VehicleControllerBP_C_0,1,1,V_1_C_0,1,0,Authority,SimulatedProxy,0.0,0.000,0.357,-0.544,-63042.6,-51832.4,-19.1,-2246.5,1097.2,-344.8,90.9,0,0,0.0,0.0
168.394,VehicleControllerBP_C_0,1,1,V_1_C_0,1,0,Authority,SimulatedProxy,0.0,0.000,0.321,-0.509,-63105.0,-51802.0,-29.2,-2246.5,1097.2,-372.3,91.0,0,0,0.0,0.0
168.419,VehicleControllerBP_C_0,1,1,V_1_C_0,1,0,Authority,SimulatedProxy,0.0,0.000,0.289,-0.478,-63161.7,-51774.3,-38.9,-2246.5,1097.2,-397.3,91.1,0,0,0.0,0.0
168.444,VehicleControllerBP_C_0,1,1,V_1_C_0,1,0,Authority,SimulatedProxy,0.0,0.000,0.259,-0.447,-63217.4,-51747.0,-49.2,-2246.5,1097.2,-421.9,91.3,0,0,0.0,0.0
168.470,VehicleControllerBP_C_0,1,1,V_1_C_0,1,0,Authority,SimulatedProxy,0.0,0.000,0.233,-0.418,-63274.7,-51719.1,-60.3,-2246.5,1097.2,-447.1,91.4,0,0,0.0,0.0
168.496,VehicleControllerBP_C_0,1,1,V_1_C_0,1,0,Authority,SimulatedProxy,0.0,0.000,0.208,-0.391,-63331.4,-51691.3,-72.0,-2246.5,1097.2,-472.1,91.6,0,0,0.0,0.0
168.524,VehicleControllerBP_C_0,1,1,V_1_C_0,1,0,Authority,SimulatedProxy,0.0,0.000,0.185,-0.363,-63389.1,-51663.1,-84.5,-2246.5,1097.2,-497.6,91.8,0,0,0.0,0.0
168.549,VehicleControllerBP_C_0,1,1,V_1_C_0,1,0,Authority,SimulatedProxy,0.0,0.000,0.166,-0.341,-63452.0,-51632.4,-98.9,-2246.5,1097.2,-525.3,92.0,0,0,0.0,0.0
168.574,VehicleControllerBP_C_0,1,1,V_1_C_0,1,0,Authority,SimulatedProxy,0.0,0.000,0.150,-0.319,-63507.1,-51605.5,-112.2,-2246.5,1097.2,-549.6,92.2,0,0,0.0,0.0
168.603,VehicleControllerBP_C_0,1,1,V_1_C_0,1,0,Authority,SimulatedProxy,0.0,0.000,0.132,-0.296,-63563.3,-51578.0,-126.3,-2246.5,1097.2,-574.4,92.3,0,0,0.0,0.0
168.629,VehicleControllerBP_C_0,1,1,V_1_C_0,1,0,Authority,SimulatedProxy,0.0,0.000,0.119,-0.277,-63627.6,-51546.6,-143.2,-2246.5,1097.2,-602.7,92.6,0,0,0.0,0.0
168.662,VehicleControllerBP_C_0,1,1,V_1_C_0,1,0,Authority,SimulatedProxy,0.0,0.000,0.103,-0.254,-63684.3,-51518.9,-158.8,-2246.5,1097.2,-627.7,92.8,0,0,0.0,0.0
168.698,VehicleControllerBP_C_0,1,1,V_1_C_0,1,0,Authority,SimulatedProxy,0.0,0.000,0.088,-0.231,-63758.7,-51482.6,-180.2,-2246.5,1097.2,-660.5,93.1,0,0,0.0,0.0
168.724,VehicleControllerBP_C_0,1,1,V_1_C_0,1,0,Authority,SimulatedProxy,0.0,0.000,0.079,-0.216,-63838.1,-51443.8,-204.3,-2246.5,1097.2,-695.5,93.4,0,0,0.0,0.0
168.751,VehicleControllerBP_C_0,1,1,V_1_C_0,1,0,Authority,SimulatedProxy,0.0,0.000,0.071,-0.202,-63897.0,-51415.0,-222.9,-2246.5,1097.2,-721.4,93.7,0,0,0.0,0.0
168.777,VehicleControllerBP_C_0,1,1,V_1_C_0,1,0,Authority,SimulatedProxy,0.0,0.000,0.063,-0.189,-63956.0,-51386.2,-242.3,-2246.5,1097.2,-747.5,93.9,0,0,0.0,0.0
168.804,VehicleControllerBP_C_0,1,1,V_1_C_0,1,0,Authority,SimulatedProxy,0.0,0.000,0.056,-0.176,-64014.4,-51357.7,-262.1,-2246.5,1097.2,-773.2,94.2,0,0,0.0,0.0
168.828,VehicleControllerBP_C_0,1,1,V_1_C_0,1,0,Authority,SimulatedProxy,0.0,0.000,0.051,-0.165,-64074.5,-51328.3,-283.3,-2246.5,1097.2,-799.7,94.5,0,0,0.0,0.0
168.856,VehicleControllerBP_C_0,1,1,V_1_C_0,1,0,Authority,SimulatedProxy,0.0,0.000,0.045,-0.154,-64128.3,-51302.1,-302.8,-2246.5,1097.2,-823.4,94.8,0,0,0.0,0.0
168.883,VehicleControllerBP_C_0,1,1,V_1_C_0,1,0,Authority,SimulatedProxy,0.0,0.000,0.040,-0.143,-64189.9,-51272.0,-325.8,-2246.5,1097.2,-850.5,95.1,0,0,0.0,0.0
168.909,VehicleControllerBP_C_0,1,1,V_1_C_0,1,0,Authority,SimulatedProxy,0.0,0.000,0.036,-0.134,-64250.3,-51242.5,-349.1,-2246.5,1097.2,-877.1,95.4,0,0,0.0,0.0
168.945,VehicleControllerBP_C_0,1,1,V_1_C_0,1,0,Authority,SimulatedProxy,0.0,0.000,0.031,-0.122,-64307.4,-51214.6,-371.8,-2246.5,1097.2,-902.3,95.7,0,0,0.0,0.0
168.974,VehicleControllerBP_C_0,1,1,V_1_C_0,1,0,Authority,SimulatedProxy,0.0,0.000,0.027,-0.113,-64388.6,-51175.0,-405.1,-2246.5,1097.2,-938.1,96.1,0,0,0.0,0.0
168.998,VehicleControllerBP_C_0,1,1,V_1_C_0,1,0,Authority,SimulatedProxy,0.0,0.000,0.025,-0.106,-64451.7,-51144.2,-431.9,-2246.5,1097.2,-965.9,96.5,0,0,0.0,0.0
169.026,VehicleControllerBP_C_0,1,1,V_1_C_0,1,0,Authority,SimulatedProxy,0.0,0.000,0.022,-0.099,-64505.0,-51118.1,-455.2,-2246.5,1097.2,-989.4,96.8,0,0,0.0,0.0
169.049,VehicleControllerBP_C_0,1,1,V_1_C_0,1,0,Authority,SimulatedProxy,0.0,0.000,0.020,-0.093,-64567.1,-51087.8,-483.0,-2246.5,1097.2,-1016.7,97.2,0,0,0.0,0.0
169.074,VehicleControllerBP_C_0,1,1,V_1_C_0,1,0,Authority,SimulatedProxy,0.0,0.000,0.018,-0.087,-64619.1,-51062.4,-506.9,-2246.5,1097.2,-1039.6,97.5,0,0,0.0,0.0
169.101,VehicleControllerBP_C_0,1,1,V_1_C_0,1,0,Authority,SimulatedProxy,0.0,0.000,0.016,-0.082,-64674.8,-51035.2,-533.0,-2246.5,1097.2,-1064.2,97.8,0,0,0.0,0.0
169.126,VehicleControllerBP_C_0,1,1,V_1_C_0,1,0,Authority,SimulatedProxy,0.0,0.000,0.014,-0.076,-64734.4,-51006.1,-561.6,-2246.5,1097.2,-1090.4,98.2,0,0,0.0,0.0
169.152,VehicleControllerBP_C_0,1,1,V_1_C_0,1,0,Authority,SimulatedProxy,0.0,0.000,0.013,-0.071,-64791.0,-50978.5,-589.4,-2246.5,1097.2,-1115.3,98.6,0,0,0.0,0.0
169.179,VehicleControllerBP_C_0,1,1,V_1_C_0,1,0,Authority,SimulatedProxy,0.0,0.000,0.012,-0.067,-64848.8,-50950.3,-618.5,-2246.5,1097.2,-1140.8,98.9,0,0,0.0,0.0
169.206,VehicleControllerBP_C_0,1,1,V_1_C_0,1,0,Authority,SimulatedProxy,0.0,0.000,0.010,-0.062,-64908.3,-50921.2,-649.2,-2246.5,1097.2,-1167.0,99.3,0,0,0.0,0.0
169.235,VehicleControllerBP_C_0,1,1,V_1_C_0,1,0,Authority,SimulatedProxy,0.0,0.000,0.009,-0.058,-64968.5,-50891.8,-680.8,-2246.5,1097.2,-1193.5,99.7,0,0,0.0,0.0
169.265,VehicleControllerBP_C_0,1,1,V_1_C_0,1,0,Authority,SimulatedProxy,0.0,0.000,0.008,-0.053,-65033.2,-50860.3,-715.7,-2246.5,1097.2,-1222.0,100.2,0,0,0.0,0.0
169.301,VehicleControllerBP_C_0,1,1,V_1_C_0,1,0,Authority,SimulatedProxy,0.0,0.000,0.007,-0.049,-65100.0,-50827.6,-752.5,-2246.5,1097.2,-1251.4,100.6,0,0,0.0,0.0
169.329,VehicleControllerBP_C_0,1,1,V_1_C_0,1,0,Authority,SimulatedProxy,0.0,0.000,0.006,-0.045,-65179.2,-50789.0,-797.3,-2246.5,1097.2,-1286.3,101.2,0,0,0.0,0.0
169.361,VehicleControllerBP_C_0,1,1,V_1_C_0,1,0,Authority,SimulatedProxy,0.0,0.000,0.005,-0.042,-65243.2,-50757.8,-834.4,-2246.5,1097.2,-1314.4,101.7,0,0,0.0,0.0
169.390,VehicleControllerBP_C_0,1,1,V_1_C_0,1,0,Authority,SimulatedProxy,0.0,0.000,0.005,-0.039,-65313.1,-50723.7,-875.8,-2246.5,1097.2,-1345.2,102.2,0,0,0.0,0.0
169.424,VehicleControllerBP_C_0,1,1,V_1_C_0,1,0,Authority,SimulatedProxy,0.0,0.000,0.004,-0.035,-65377.7,-50692.1,-915.0,-2246.5,1097.2,-1373.7,102.7,0,0,0.0,0.0
169.455,VehicleControllerBP_C_0,1,1,V_1_C_0,1,0,Authority,SimulatedProxy,0.0,0.000,0.004,-0.033,-65454.8,-50654.5,-962.7,-2246.5,1097.2,-1407.6,103.3,0,0,0.0,0.0
169.481,VehicleControllerBP_C_0,1,1,V_1_C_0,1,0,Authority,SimulatedProxy,0.0,0.000,0.003,-0.030,-65522.0,-50621.7,-1005.3,-2246.5,1097.2,-1437.2,103.8,0,0,0.0,0.0
169.512,VehicleControllerBP_C_0,1,1,V_1_C_0,1,0,Authority,SimulatedProxy,0.0,0.000,0.003,-0.028,-65580.4,-50593.2,-1043.1,-2246.5,1097.2,-1462.9,104.3,0,0,0.0,0.0
169.537,VehicleControllerBP_C_0,1,1,V_1_C_0,1,0,Authority,SimulatedProxy,0.0,0.000,0.002,-0.026,-65648.8,-50559.8,-1088.1,-2246.5,1097.2,-1493.0,104.8,0,0,0.0,0.0
169.564,VehicleControllerBP_C_0,1,1,V_1_C_0,1,0,Authority,SimulatedProxy,0.0,0.000,0.002,-0.025,-65706.3,-50531.8,-1126.7,-2246.5,1097.2,-1518.3,105.3,0,0,0.0,0.0
169.588,VehicleControllerBP_C_0,1,1,V_1_C_0,1,0,Authority,SimulatedProxy,0.0,0.000,0.002,-0.023,-65765.1,-50503.1,-1166.8,-2246.5,1097.2,-1544.1,105.8,0,0,0.0,0.0
169.619,VehicleControllerBP_C_0,1,1,V_1_C_0,1,0,Authority,SimulatedProxy,0.0,0.000,0.002,-0.021,-65819.9,-50476.3,-1204.8,-2246.5,1097.2,-1568.3,106.2,0,0,0.0,0.0
169.651,VehicleControllerBP_C_0,1,1,V_1_C_0,1,0,Authority,SimulatedProxy,0.0,0.000,0.002,-0.020,-65887.1,-50443.6,-1252.1,-2246.5,1097.2,-1597.8,106.8,0,0,0.0,0.0
169.684,VehicleControllerBP_C_0,1,1,V_1_C_0,1,0,Authority,SimulatedProxy,0.0,0.000,0.001,-0.018,-65959.6,-50408.2,-1304.3,-2246.5,1097.2,-1629.7,107.4,0,0,0.0,0.0
169.714,VehicleControllerBP_C_0,1,1,V_1_C_0,1,0,Authority,SimulatedProxy,0.0,0.000,0.001,-0.017,-66033.6,-50372.1,-1358.5,-2246.5,1097.2,-1662.2,108.1,0,0,0.0,0.0
169.745,VehicleControllerBP_C_0,1,1,V_1_C_0,1,0,Authority,SimulatedProxy,0.0,0.000,0.001,-0.015,-66100.7,-50339.3,-1408.6,-2246.5,1097.2,-1691.8,108.7,0,0,0.0,0.0
169.771,VehicleControllerBP_C_0,1,1,V_1_C_0,1,0,Authority,SimulatedProxy,0.0,0.000,0.001,-0.014,-66168.1,-50306.5,-1459.8,-2246.5,1097.2,-1721.4,109.3,0,0,0.0,0.0
169.798,VehicleControllerBP_C_0,1,1,V_1_C_0,1,0,Authority,SimulatedProxy,0.0,0.000,0.001,-0.013,-66226.7,-50277.9,-1505.0,-2246.5,1097.2,-1747.2,109.8,0,0,0.0,0.0
169.826,VehicleControllerBP_C_0,1,1,V_1_C_0,1,0,Authority,SimulatedProxy,0.0,0.000,0.001,-0.012,-66286.7,-50248.6,-1552.1,-2246.5,1097.2,-1773.6,110.4,0,0,0.0,0.0
169.852,VehicleControllerBP_C_0,1,1,V_1_C_0,1,0,Authority,SimulatedProxy,0.0,0.000,0.001,-0.012,-66349.5,-50218.0,-1602.0,-2246.5,1097.2,-1801.2,110.9,0,0,0.0,0.0
169.878,VehicleControllerBP_C_0,1,1,V_1_C_0,1,0,Authority,SimulatedProxy,0.0,0.000,0.001,-0.011,-66406.7,-50190.1,-1648.1,-2246.5,1097.2,-1826.3,111.5,0,0,0.0,0.0
169.909,VehicleControllerBP_C_0,1,1,V_1_C_0,1,0,Authority,SimulatedProxy,0.0,0.000,0.001,-0.010,-66466.4,-50161.0,-1697.0,-2246.5,1097.2,-1852.6,112.0,0,0,0.0,0.0
169.938,VehicleControllerBP_C_0,1,1,V_1_C_0,1,0,Authority,SimulatedProxy,0.0,0.000,0.000,-0.009,-66535.3,-50127.4,-1754.3,-2246.5,1097.2,-1882.8,112.7,0,0,0.0,0.0
169.967,VehicleControllerBP_C_0,1,1,V_1_C_0,1,0,Authority,SimulatedProxy,0.0,0.000,0.000,-0.009,-66599.9,-50095.9,-1808.8,-2246.5,1097.2,-1911.2,113.3,0,0,0.0,0.0
170.000,VehicleControllerBP_C_0,1,1,V_1_C_0,1,0,Authority,SimulatedProxy,0.0,0.000,0.000,-0.008,-66663.2,-50065.0,-1863.0,-2246.5,1097.2,-1939.0,113.9,0,0,0.0,0.0
170.025,VehicleControllerBP_C_0,1,1,V_1_C_0,1,0,Authority,SimulatedProxy,0.0,0.000,0.000,-0.007,-66736.6,-50029.2,-1926.9,-2246.5,1097.2,-1971.3,114.6,0,0,0.0,0.0
170.051,VehicleControllerBP_C_0,1,1,V_1_C_0,1,0,Authority,SimulatedProxy,0.0,0.000,0.000,-0.007,-66794.1,-50001.2,-1977.6,-2246.5,1097.2,-1996.6,115.2,0,0,0.0,0.0
170.077,VehicleControllerBP_C_0,1,1,V_1_C_0,1,0,Authority,SimulatedProxy,0.0,0.000,0.000,0.059,-66851.2,-49973.4,-2028.6,-2246.5,1097.2,-2021.6,115.7,0,0,0.0,0.0
170.105,VehicleControllerBP_C_0,1,1,V_1_C_0,1,0,Authority,SimulatedProxy,0.0,0.000,0.000,0.124,-66910.0,-49944.7,-2081.8,-2246.5,1097.2,-2047.5,116.3,0,0,0.0,0.0
170.133,VehicleControllerBP_C_0,1,1,V_1_C_0,1,0,Authority,SimulatedProxy,0.0,0.000,0.000,0.186,-66971.6,-49914.6,-2138.3,-2246.5,1097.2,-2074.6,117.0,0,0,0.0,0.0
170.159,VehicleControllerBP_C_0,1,1,V_1_C_0,1,0,Authority,SimulatedProxy,0.0,0.000,0.000,0.239,-67034.6,-49883.9,-2196.8,-2246.5,1097.2,-2102.2,117.6,0,0,0.0,0.0
170.186,VehicleControllerBP_C_0,1,1,V_1_C_0,1,0,Authority,SimulatedProxy,0.0,0.000,0.000,0.290,-67092.0,-49855.9,-2250.7,-2246.5,1097.2,-2127.4,118.2,0,0,0.0,0.0
170.210,VehicleControllerBP_C_0,1,1,V_1_C_0,1,0,Authority,SimulatedProxy,0.0,0.000,0.000,0.333,-67152.1,-49826.6,-2307.9,-2246.5,1097.2,-2153.8,118.8,0,0,0.0,0.0
170.236,VehicleControllerBP_C_0,1,1,V_1_C_0,1,0,Authority,SimulatedProxy,0.0,0.000,0.000,0.376,-67206.4,-49800.2,-2360.2,-2246.5,1097.2,-2177.6,119.4,0,0,0.0,0.0
170.268,VehicleControllerBP_C_0,1,1,V_1_C_0,1,0,Authority,SimulatedProxy,0.0,0.000,0.000,0.425,-67263.8,-49772.2,-2416.1,-2246.5,1097.2,-2202.9,120.0,0,0,0.0,0.0
170.298,VehicleControllerBP_C_0,1,1,V_1_C_0,1,0,Authority,SimulatedProxy,0.0,0.000,0.000,0.469,-67334.7,-49737.6,-2486.0,-2246.5,1097.2,-2234.0,120.7,0,0,0.0,0.0
170.330,VehicleControllerBP_C_0,1,1,V_1_C_0,1,0,Authority,SimulatedProxy,0.0,0.000,0.000,0.512,-67403.0,-49704.3,-2554.3,-2246.5,1097.2,-2264.0,121.4,0,0,0.0,0.0
170.361,VehicleControllerBP_C_0,1,1,V_1_C_0,1,0,Authority,SimulatedProxy,0.0,0.000,0.000,0.549,-67474.2,-49669.6,-2626.4,-2246.5,1097.2,-2295.2,122.2,0,0,0.0,0.0
170.388,VehicleControllerBP_C_0,1,1,V_1_C_0,1,0,Authority,SimulatedProxy,0.0,0.000,0.000,0.579,-67542.9,-49636.1,-2696.9,-2246.5,1097.2,-2325.3,122.9,0,0,0.0,0.0
170.418,VehicleControllerBP_C_0,1,1,V_1_C_0,1,0,Authority,SimulatedProxy,0.0,0.000,0.000,0.611,-67602.4,-49607.1,-2758.7,-2246.5,1097.2,-2351.5,123.6,0,0,0.0,0.0
170.443,VehicleControllerBP_C_0,1,1,V_1_C_0,1,0,Authority,SimulatedProxy,0.0,0.000,0.000,0.635,-67670.7,-49573.8,-2830.6,-2246.5,1097.2,-2381.4,124.3,0,0,0.0,0.0
170.471,VehicleControllerBP_C_0,1,1,V_1_C_0,1,0,Authority,SimulatedProxy,0.0,0.000,0.000,0.661,-67725.1,-49547.3,-2888.5,-2246.5,1097.2,-2405.3,124.9,0,0,0.0,0.0
170.497,VehicleControllerBP_C_0,1,1,V_1_C_0,1,0,Authority,SimulatedProxy,0.0,0.000,0.000,0.683,-67788.9,-49516.2,-2957.0,-2246.5,1097.2,-2433.3,125.6,0,0,0.0,0.0
170.523,VehicleControllerBP_C_0,1,1,V_1_C_0,1,0,Authority,SimulatedProxy,0.0,0.000,0.000,0.704,-67847.3,-49487.7,-3020.5,-2246.5,1097.2,-2458.9,126.2,0,0,0.0,0.0
170.547,VehicleControllerBP_C_0,1,1,V_1_C_0,1,0,Authority,SimulatedProxy,0.0,0.000,0.000,0.722,-67904.9,-49459.7,-3083.7,-2246.5,1097.2,-2484.2,126.9,0,0,0.0,0.0
170.577,VehicleControllerBP_C_0,1,1,V_1_C_0,1,0,Authority,SimulatedProxy,0.0,0.000,0.000,0.742,-67959.5,-49433.1,-3144.2,-2246.5,1097.2,-2508.1,127.5,0,0,0.0,0.0
170.608,VehicleControllerBP_C_0,1,1,V_1_C_0,1,0,Authority,SimulatedProxy,0.0,0.000,0.000,0.762,-68025.4,-49400.9,-3218.0,-2246.5,1097.2,-2537.0,128.2,0,0,0.0,0.0
170.639,VehicleControllerBP_C_0,1,1,V_1_C_0,1,0,Authority,SimulatedProxy,0.0,0.000,0.000,0.781,-68093.9,-49367.5,-3295.7,-2246.5,1097.2,-2567.1,129.0,0,0,0.0,0.0
170.666,VehicleControllerBP_C_0,1,1,V_1_C_0,1,0,Authority,SimulatedProxy,0.0,0.000,0.000,0.796,-68163.8,-49333.5,-3375.8,-2246.5,1097.2,-2597.7,129.8,0,0,0.0,0.0
170.698,VehicleControllerBP_C_0,1,1,V_1_C_0,1,0,Authority,SimulatedProxy,0.0,0.000,0.000,0.812,-68224.8,-49303.8,-3446.5,-2246.5,1097.2,-2624.4,130.5,0,0,0.0,0.0
170.724,VehicleControllerBP_C_0,1,1,V_1_C_0,1,0,Authority,SimulatedProxy,0.0,0.000,0.000,0.824,-68296.3,-49268.9,-3530.4,-2246.5,1097.2,-2655.8,131.3,0,0,0.0,0.0
170.750,VehicleControllerBP_C_0,1,1,V_1_C_0,1,0,Authority,SimulatedProxy,0.0,0.000,0.000,0.836,-68354.2,-49240.7,-3598.9,-2246.5,1097.2,-2681.2,132.0,0,0,0.0,0.0
170.776,VehicleControllerBP_C_0,1,1,V_1_C_0,1,0,Authority,SimulatedProxy,0.0,0.000,0.000,0.846,-68413.3,-49211.9,-3669.5,-2246.5,1097.2,-2707.0,132.7,0,0,0.0,0.0
170.801,VehicleControllerBP_C_0,1,1,V_1_C_0,1,0,Authority,SimulatedProxy,0.0,0.000,0.000,0.856,-68470.4,-49184.1,-3738.5,-2246.5,1097.2,-2732.1,133.3,0,0,0.0,0.0
170.826,VehicleControllerBP_C_0,1,1,V_1_C_0,1,0,Authority,SimulatedProxy,0.0,0.000,0.000,0.865,-68525.7,-49157.2,-3805.8,-2246.5,1097.2,-2756.3,134.0,0,0,0.0,0.0
170.855,VehicleControllerBP_C_0,1,1,V_1_C_0,1,0,Authority,SimulatedProxy,0.0,0.000,0.000,0.875,-68583.4,-49129.0,-3876.8,-2246.5,1097.2,-2781.6,134.6,0,0,0.0,0.0
170.879,VehicleControllerBP_C_0,1,1,V_1_C_0,1,0,Authority,SimulatedProxy,0.0,0.000,0.000,0.882,-68647.4,-49097.8,-3956.1,-2246.5,1097.2,-2809.6,135.4,0,0,0.0,0.0
170.906,VehicleControllerBP_C_0,1,1,V_1_C_0,1,0,Authority,SimulatedProxy,0.0,0.000,0.000,0.890,-68701.6,-49071.4,-4024.0,-2246.5,1097.2,-2833.4,136.0,0,0,0.0,0.0
170.939,VehicleControllerBP_C_0,1,1,V_1_C_0,1,0,Authority,SimulatedProxy,0.0,0.000,0.000,0.899,-68760.9,-49042.5,-4098.9,-2246.5,1097.2,-2859.3,136.7,0,0,0.0,0.0
170.971,VehicleControllerBP_C_0,1,1,V_1_C_0,1,0,Authority,SimulatedProxy,0.0,0.000,0.000,0.907,-68836.1,-49005.9,-4194.8,-2246.5,1097.2,-2892.3,137.6,0,0,0.0,0.0
170.995,VehicleControllerBP_C_0,1,1,V_1_C_0,1,0,Authority,SimulatedProxy,0.0,0.000,0.000,0.913,-68907.9,-48970.9,-4287.5,-2246.5,1097.2,-2923.7,138.5,0,0,0.0,0.0
171.022,VehicleControllerBP_C_0,1,1,V_1_C_0,1,0,Authority,SimulatedProxy,0.0,0.000,0.000,0.919,-68961.3,-48944.9,-4357.0,-2246.5,1097.2,-2947.1,139.1,0,0,0.0,0.0
171.049,VehicleControllerBP_C_0,1,1,V_1_C_0,1,0,Authority,SimulatedProxy,0.0,0.000,0.000,0.855,-69020.1,-48916.3,-4434.2,-2246.5,1097.2,-2972.8,139.8,0,0,0.0,0.0
171.075,VehicleControllerBP_C_0,1,1,V_1_C_0,1,0,Authority,SimulatedProxy,0.0,0.000,0.000,0.799,-69081.7,-48886.3,-4515.7,-2246.5,1097.2,-2999.8,140.6,0,0,0.0,0.0
171.101,VehicleControllerBP_C_0,1,1,V_1_C_0,1,0,Authority,SimulatedProxy,0.0,0.000,0.000,0.748,-69140.4,-48857.7,-4594.1,-2246.5,1097.2,-3025.5,141.3,0,0,0.0,0.0
171.129,VehicleControllerBP_C_0,1,1,V_1_C_0,1,0,Authority,SimulatedProxy,0.0,0.000,0.000,0.696,-69198.4,-48829.4,-4672.3,-2246.5,1097.2,-3050.9,142.0,0,0,0.0,0.0
171.160,VehicleControllerBP_C_0,1,1,V_1_C_0,1,0,Authority,SimulatedProxy,0.0,0.000,0.000,0.641,-69260.6,-48799.1,-4756.8,-2246.5,1097.2,-3078.1,142.8,0,0,0.0,0.0
171.189,VehicleControllerBP_C_0,1,1,V_1_C_0,1,0,Authority,SimulatedProxy,0.0,0.000,0.000,0.595,-69330.7,-48765.0,-4852.9,-2246.5,1097.2,-3108.8,143.6,0,0,0.0,0.0
171.217,VehicleControllerBP_C_0,1,1,V_1_C_0,1,0,Authority,SimulatedProxy,0.0,0.000,0.000,0.554,-69395.3,-48733.5,-4942.3,-2246.5,1097.2,-3137.0,144.4,0,0,0.0,0.0
171.247,VehicleControllerBP_C_0,1,1,V_1_C_0,1,0,Authority,SimulatedProxy,0.0,0.000,0.000,0.512,-69457.4,-48703.2,-5029.1,-2246.5,1097.2,-3164.2,145.2,0,0,0.0,0.0
171.276,VehicleControllerBP_C_0,1,1,V_1_C_0,1,0,Authority,SimulatedProxy,0.0,0.000,0.000,0.475,-69525.0,-48670.3,-5124.4,-2246.5,1097.2,-3193.8,146.0,0,0,0.0,0.0
171.312,VehicleControllerBP_C_0,1,1,V_1_C_0,1,0,Authority,SimulatedProxy,0.0,0.000,0.000,0.432,-69589.2,-48639.1,-5215.5,-2246.5,1097.2,-3221.8,146.8,0,0,0.0,0.0
171.344,VehicleControllerBP_C_0,1,1,V_1_C_0,1,0,Authority,SimulatedProxy,0.0,0.000,0.000,0.398,-69671.7,-48598.9,-5334.0,-2246.5,1097.2,-3257.9,147.8,0,0,0.0,0.0
171.376,VehicleControllerBP_C_0,1,1,V_1_C_0,1,0,Authority,SimulatedProxy,0.0,0.000,0.000,0.366,-69742.0,-48564.7,-5435.9,-2246.5,1097.2,-3288.6,148.7,0,0,0.0,0.0
171.400,VehicleControllerBP_C_0,1,1,V_1_C_0,1,0,Authority,SimulatedProxy,0.0,0.000,0.000,0.344,-69813.8,-48529.7,-5541.1,-2246.5,1097.2,-3320.0,149.6,0,0,0.0,0.0
171.426,VehicleControllerBP_C_0,1,1,V_1_C_0,1,0,Authority,SimulatedProxy,0.0,0.000,0.000,0.322,-69866.8,-48503.9,-5619.4,-2246.5,1097.2,-3343.2,150.3,0,0,0.0,0.0
171.452,VehicleControllerBP_C_0,1,1,V_1_C_0,1,0,Authority,SimulatedProxy,0.0,0.000,0.000,0.301,-69925.9,-48475.1,-5707.2,-2246.5,1097.2,-3369.0,151.0,0,0,0.0,0.0
171.479,VehicleControllerBP_C_0,1,1,V_1_C_0,1,0,Authority,SimulatedProxy,0.0,0.000,0.000,0.280,-69983.5,-48447.0,-5793.5,-2246.5,1097.2,-3394.2,151.8,0,0,0.0,0.0
171.509,VehicleControllerBP_C_0,1,1,V_1_C_0,1,0,Authority,SimulatedProxy,0.0,0.000,0.000,0.260,-70046.1,-48416.5,-5888.0,-2246.5,1097.2,-3421.5,152.6,0,0,0.0,0.0
171.535,VehicleControllerBP_C_0,1,1,V_1_C_0,1,0,Authority,SimulatedProxy,0.0,0.000,0.000,0.243,-70111.3,-48384.8,-5987.2,-2246.5,1097.2,-3450.0,153.4,0,0,0.0,0.0
171.561,VehicleControllerBP_C_0,1,1,V_1_C_0,1,0,Authority,SimulatedProxy,0.0,0.000,0.000,0.227,-70169.8,-48356.3,-6076.8,-2246.5,1097.2,-3475.5,154.1,0,0,0.0,0.0
171.588,VehicleControllerBP_C_0,1,1,V_1_C_0,1,0,Authority,SimulatedProxy,0.0,0.000,0.000,0.212,-70229.2,-48327.4,-6168.5,-2246.5,1097.2,-3501.5,154.9,0,0,0.0,0.0
171.617,VehicleControllerBP_C_0,1,1,V_1_C_0,1,0,Authority,SimulatedProxy,0.0,0.000,0.000,0.196,-70288.8,-48298.4,-6261.3,-2246.5,1097.2,-3527.5,155.7,0,0,0.0,0.0
171.648,VehicleControllerBP_C_0,1,1,V_1_C_0,1,0,Authority,SimulatedProxy,0.0,0.000,0.000,0.181,-70354.1,-48266.6,-6363.7,-2246.5,1097.2,-3556.0,156.5,0,0,0.0,0.0
171.679,VehicleControllerBP_C_0,1,1,V_1_C_0,1,0,Authority,SimulatedProxy,0.0,0.000,0.000,0.167,-70424.9,-48232.1,-6475.6,-2246.5,1097.2,-3587.0,157.4,0,0,0.0,0.0
171.705,VehicleControllerBP_C_0,1,1,V_1_C_0,1,0,Authority,SimulatedProxy,0.0,0.000,0.000,0.156,-70493.0,-48198.9,-6584.3,-2246.5,1097.2,-3616.7,158.3,0,0,0.0,0.0
171.732,VehicleControllerBP_C_0,1,1,V_1_C_0,1,0,Authority,SimulatedProxy,0.0,0.000,0.000,0.145,-70553.2,-48169.6,-6680.9,-2246.5,1097.2,-3643.0,159.1,0,0,0.0,0.0
171.759,VehicleControllerBP_C_0,1,1,V_1_C_0,1,0,Authority,SimulatedProxy,0.0,0.000,0.000,0.136,-70612.8,-48140.6,-6777.4,-2246.5,1097.2,-3669.0,159.8,0,0,0.0,0.0
171.784,VehicleControllerBP_C_0,1,1,V_1_C_0,1,0,Authority,SimulatedProxy,0.0,0.000,0.000,0.127,-70674.1,-48110.7,-6877.4,-2246.5,1097.2,-3695.8,160.6,0,0,0.0,0.0
171.813,VehicleControllerBP_C_0,1,1,V_1_C_0,1,0,Authority,SimulatedProxy,0.0,0.000,0.000,0.118,-70728.5,-48084.2,-6966.6,-2246.5,1097.2,-3719.5,161.3,0,0,0.0,0.0
171.838,VehicleControllerBP_C_0,1,1,V_1_C_0,1,0,Authority,SimulatedProxy,0.0,0.000,0.000,0.111,-70795.7,-48051.5,-7077.6,-2246.5,1097.2,-3748.8,162.2,0,0,0.0,0.0
171.863,VehicleControllerBP_C_0,1,1,V_1_C_0,1,0,Authority,SimulatedProxy,0.0,0.000,0.000,0.104,-70849.9,-48025.1,-7167.9,-2246.5,1097.2,-3772.5,162.9,0,0,0.0,0.0
171.892,VehicleControllerBP_C_0,1,1,V_1_C_0,1,0,Authority,SimulatedProxy,0.0,0.000,0.000,0.096,-70906.8,-47997.4,-7263.2,-2246.5,1097.2,-3797.3,163.7,0,0,0.0,0.0
171.917,VehicleControllerBP_C_0,1,1,V_1_C_0,1,0,Authority,SimulatedProxy,0.0,0.000,0.000,0.090,-70972.0,-47965.7,-7373.1,-2246.5,1097.2,-3825.7,164.5,0,0,0.0,0.0
171.946,VehicleControllerBP_C_0,1,1,V_1_C_0,1,0,Authority,SimulatedProxy,0.0,0.000,0.000,0.084,-71027.3,-47938.8,-7466.9,-2246.5,1097.2,-3849.8,165.3,0,0,0.0,0.0
171.976,VehicleControllerBP_C_0,1,1,V_1_C_0,1,0,Authority,SimulatedProxy,0.0,0.000,0.000,0.077,-71092.5,-47907.0,-7578.4,-2246.5,1097.2,-3878.3,166.1,0,0,0.0,0.0
172.005,VehicleControllerBP_C_0,1,1,V_1_C_0,1,0,Authority,SimulatedProxy,0.0,0.000,0.000,0.072,-71162.0,-47873.2,-7698.0,-2246.5,1097.2,-3908.6,167.0,0,0,0.0,0.0
