Timestamp,PlayerName,IsServer,IsLocalController,VehicleName,HasOwner,HasNetConnection,LocalRole,RemoteRole,Ping_ms,Throttle,Brake,Steering,LocationX,LocationY,LocationZ,VelX,VelY,VelZ,Speed_kmh,PacketsSent,PacketsReceived,BytesSent,BytesReceived
0.104,VehicleControllerBP_C_0,1,1,V_1_C_0,1,0,Authority,SimulatedProxy,0.0,0.000,0.000,0.000,-2490.9,1686.8,60.1,0.0,0.0,0.0,0.0,0,0,0.0,0.0
0.504,VehicleControllerBP_C_0,1,1,V_1_C_0,1,0,Authority,SimulatedProxy,0.0,0.000,0.000,0.000,-2490.9,1686.8,57.3,0.0,-0.0,-34.1,1.2,0,0,0.0,0.0
0.604,VehicleControllerBP_C_0,1,1,V_1_C_0,1,0,Authority,SimulatedProxy,0.0,0.000,0.000,0.000,-2490.9,1686.8,55.0,0.0,-0.0,-11.5,0.4,0,0,0.0,0.0
0.731,VehicleControllerBP_C_0,1,1,V_1_C_0,1,0,Authority,SimulatedProxy,0.0,0.000,0.000,0.000,-2490.9,1686.8,54.7,-0.0,0.0,1.2,0.0,0,0,0.0,0.0
0.812,VehicleControllerBP_C_0,1,1,V_1_C_0,1,0,Authority,SimulatedProxy,0.0,0.000,0.000,0.000,-2490.9,1686.8,54.9,-0.0,0.0,2.0,0.1,0,0,0.0,0.0
0.894,VehicleControllerBP_C_0,1,1,V_1_C_0,1,0,Authority,SimulatedProxy,0.0,0.000,0.000,0.000,-2490.9,1686.8,55.1,0.0,0.0,0.0,0.0,0,0,0.0,0.0
0.966,VehicleControllerBP_C_0,1,1,V_1_C_0,1,0,Authority,SimulatedProxy,0.0,0.000,0.000,0.000,-2490.9,1686.8,55.1,0.0,0.0,0.0,0.0,0,0,0.0,0.0
1.036,VehicleControllerBP_C_0,1,1,V_1_C_0,1,0,Authority,SimulatedProxy,0.0,0.000,0.000,0.000,-2490.9,1686.8,55.1,0.0,0.0,0.0,0.0,0,0,0.0,0.0
1.121,VehicleControllerBP_C_0,1,1,V_1_C_0,1,0,Authority,SimulatedProxy,0.0,0.000,0.000,0.000,-2490.9,1686.8,55.1,0.0,0.0,0.0,0.0,0,0,0.0,0.0
1.187,VehicleControllerBP_C_0,1,1,V_1_C_0,1,0,Authority,SimulatedProxy,0.0,0.000,0.000,0.000,-2490.9,1686.8,55.1,0.0,0.0,0.0,0.0,0,0,0.0,0.0
1.277,VehicleControllerBP_C_0,1,1,V_1_C_0,1,0,Authority,SimulatedProxy,0.0,0.000,0.000,0.000,-2490.9,1686.8,55.1,0.0,0.0,0.0,0.0,0,0,0.0,0.0
1.349,VehicleControllerBP_C_0,1,1,V_1_C_0,1,0,Authority,SimulatedProxy,0.0,0.000,0.000,0.000,-2490.9,1686.8,55.1,0.0,0.0,0.0,0.0,0,0,0.0,0.0
1.485,VehicleControllerBP_C_0,1,1,V_1_C_0,1,0,Authority,SimulatedProxy,0.0,0.000,0.000,0.000,-2490.9,1686.8,55.1,0.0,0.0,0.0,0.0,0,0,0.0,0.0
1.590,VehicleControllerBP_C_0,1,1,V_1_C_0,1,0,Authority,SimulatedProxy,0.0,0.000,0.000,0.000,-2490.9,1686.8,55.1,0.0,0.0,0.0,0.0,0,0,0.0,0.0
1.720,VehicleControllerBP_C_0,1,1,V_1_C_0,1,0,Authority,SimulatedProxy,0.0,0.000,0.000,0.000,-2490.9,1686.8,55.1,0.0,0.0,0.0,0.0,0,0,0.0,0.0
1.923,VehicleControllerBP_C_1,1,0,V_1_C_1,1,1,Authority,AutonomousProxy,0.0,0.000,1.000,0.000,-2490.9,526.8,60.1,0.0,0.0,0.0,0.0,4,5,0.0,0.0
1.923,VehicleControllerBP_C_0,1,1,V_1_C_0,1,0,Authority,SimulatedProxy,0.0,0.000,0.000,0.000,-2490.9,1686.8,55.1,0.0,0.0,0.0,0.0,0,0,0.0,0.0
2.195,VehicleControllerBP_C_1,1,0,V_1_C_1,1,1,Authority,AutonomousProxy,0.0,0.000,1.000,0.000,-2490.9,526.8,57.3,0.0,-0.0,-34.1,1.2,5,6,0.0,0.0
2.195,VehicleControllerBP_C_0,1,1,V_1_C_0,1,0,Authority,SimulatedProxy,0.0,0.000,0.000,0.000,-2490.9,1686.8,55.1,0.0,0.0,0.0,0.0,0,0,0.0,0.0
0.605,VehicleControllerBP_C_0,0,1,V_1_C_0,1,1,AutonomousProxy,Authority,0.0,0.000,0.000,0.000,-2490.9,526.8,55.0,0.0,0.0,0.0,0.0,6,7,0.0,0.0
2.419,VehicleControllerBP_C_1,1,0,V_1_C_1,1,1,Authority,AutonomousProxy,0.0,0.000,1.000,0.000,-2490.9,526.8,55.0,0.0,-0.0,-11.5,0.4,7,7,0.0,0.0
2.419,VehicleControllerBP_C_0,1,1,V_1_C_0,1,0,Authority,SimulatedProxy,0.0,0.000,0.000,0.000,-2490.9,1686.8,55.1,0.0,0.0,0.0,0.0,0,0,0.0,0.0
0.829,VehicleControllerBP_C_0,0,1,V_1_C_0,1,1,AutonomousProxy,Authority,0.0,0.000,0.000,0.000,-2490.9,526.8,54.7,0.0,0.0,0.0,0.0,7,8,0.0,0.0
2.527,VehicleControllerBP_C_1,1,0,V_1_C_1,1,1,Authority,AutonomousProxy,0.0,0.000,1.000,0.000,-2490.9,526.8,54.7,-0.0,0.0,1.2,0.0,8,8,0.0,0.0
2.527,VehicleControllerBP_C_0,1,1,V_1_C_0,1,0,Authority,SimulatedProxy,0.0,0.000,0.000,0.000,-2490.9,1686.8,55.1,0.0,0.0,0.0,0.0,0,0,0.0,0.0
0.936,VehicleControllerBP_C_0,0,1,V_1_C_0,1,1,AutonomousProxy,Authority,0.0,0.000,0.000,0.000,-2490.9,526.8,54.9,-0.0,0.0,-22.3,0.8,1,1,440.0,2079.0
2.622,VehicleControllerBP_C_1,1,0,V_1_C_1,1,1,Authority,AutonomousProxy,0.0,0.000,1.000,0.000,-2490.9,526.8,54.9,-0.0,0.0,2.0,0.1,1,1,2159.0,504.0
2.622,VehicleControllerBP_C_0,1,1,V_1_C_0,1,0,Authority,SimulatedProxy,0.0,0.000,0.000,0.000,-2490.9,1686.8,55.1,0.0,0.0,0.0,0.0,0,0,0.0,0.0
1.032,VehicleControllerBP_C_0,0,1,V_1_C_0,1,1,AutonomousProxy,Authority,0.0,0.000,0.000,0.000,-2490.9,526.8,55.1,0.0,0.0,-3.1,0.1,2,2,440.0,2079.0
2.740,VehicleControllerBP_C_1,1,0,V_1_C_1,1,1,Authority,AutonomousProxy,0.0,0.000,1.000,0.000,-2490.9,526.8,55.1,0.0,0.0,0.0,0.0,2,2,2159.0,504.0
2.740,VehicleControllerBP_C_0,1,1,V_1_C_0,1,0,Authority,SimulatedProxy,0.0,0.000,0.000,0.000,-2490.9,1686.8,55.1,0.0,0.0,0.0,0.0,0,0,0.0,0.0
1.150,VehicleControllerBP_C_0,0,1,V_1_C_0,1,1,AutonomousProxy,Authority,126.0,0.000,0.000,0.000,-2490.9,526.8,54.9,0.0,-0.0,2.2,0.1,3,3,440.0,2079.0
2.861,VehicleControllerBP_C_1,1,0,V_1_C_1,1,1,Authority,AutonomousProxy,0.0,0.000,1.000,0.000,-2490.9,526.8,55.1,0.0,0.0,0.0,0.0,3,3,2159.0,504.0
2.861,VehicleControllerBP_C_0,1,1,V_1_C_0,1,0,Authority,SimulatedProxy,0.0,0.000,0.000,0.000,-2490.9,1686.8,55.1,0.0,0.0,0.0,0.0,0,0,0.0,0.0
1.271,VehicleControllerBP_C_0,0,1,V_1_C_0,1,1,AutonomousProxy,Authority,126.0,0.000,0.000,0.000,-2490.9,526.8,55.1,0.0,0.0,1.1,0.0,4,4,440.0,2079.0
3.069,VehicleControllerBP_C_1,1,0,V_1_C_1,1,1,Authority,AutonomousProxy,0.0,0.000,1.000,0.000,-2490.9,526.8,55.1,0.0,0.0,0.0,0.0,4,4,2159.0,504.0
3.069,VehicleControllerBP_C_0,1,1,V_1_C_0,1,0,Authority,SimulatedProxy,0.0,0.000,0.000,0.000,-2490.9,1686.8,55.1,0.0,0.0,0.0,0.0,0,0,0.0,0.0
1.479,VehicleControllerBP_C_0,0,1,V_1_C_0,1,1,AutonomousProxy,Authority,126.0,0.623,0.000,0.519,-2490.9,526.8,55.1,0.0,0.0,0.0,0.0,5,5,440.0,2079.0
3.156,VehicleControllerBP_C_1,1,0,V_1_C_1,1,1,Authority,AutonomousProxy,151.3,0.623,0.000,0.519,-2490.9,526.8,55.1,0.0,0.0,0.0,0.0,5,5,2159.0,504.0
3.156,VehicleControllerBP_C_0,1,1,V_1_C_0,1,0,Authority,SimulatedProxy,0.0,0.000,0.000,0.000,-2490.9,1686.8,55.1,0.0,0.0,0.0,0.0,0,0,0.0,0.0
1.566,VehicleControllerBP_C_0,0,1,V_1_C_0,1,1,AutonomousProxy,Authority,126.0,0.721,0.000,0.624,-2490.9,526.8,55.1,0.0,0.0,0.0,0.0,6,6,440.0,2079.0
3.246,VehicleControllerBP_C_1,1,0,V_1_C_1,1,1,Authority,AutonomousProxy,151.3,0.721,0.000,0.624,-2490.9,526.8,55.1,0.0,0.0,0.0,0.0,6,6,2159.0,504.0
3.246,VehicleControllerBP_C_0,1,1,V_1_C_0,1,0,Authority,SimulatedProxy,0.0,0.000,0.000,0.000,-2490.9,1686.8,55.1,0.0,0.0,0.0,0.0,0,0,0.0,0.0
1.655,VehicleControllerBP_C_0,0,1,V_1_C_0,1,1,AutonomousProxy,Authority,126.0,0.796,0.000,0.708,-2490.9,526.8,55.1,0.0,0.0,0.0,0.0,7,7,440.0,2079.0
3.365,VehicleControllerBP_C_1,1,0,V_1_C_1,1,1,Authority,AutonomousProxy,151.3,0.796,0.000,0.708,-2490.9,526.8,55.1,0.0,0.0,0.0,0.0,7,7,2159.0,504.0
3.365,VehicleControllerBP_C_0,1,1,V_1_C_0,1,0,Authority,SimulatedProxy,0.0,0.000,0.000,0.000,-2490.9,1686.8,55.1,0.0,0.0,0.0,0.0,0,0,0.0,0.0
1.774,VehicleControllerBP_C_0,0,1,V_1_C_0,1,1,AutonomousProxy,Authority,126.0,0.869,0.000,0.795,-2490.9,526.8,55.1,0.0,0.0,0.0,0.0,8,8,440.0,2079.0
3.516,VehicleControllerBP_C_1,1,0,V_1_C_1,1,1,Authority,AutonomousProxy,151.3,0.869,0.000,0.795,-2490.9,526.8,55.1,0.0,0.0,0.0,0.0,8,8,2159.0,504.0
3.516,VehicleControllerBP_C_0,1,1,V_1_C_0,1,0,Authority,SimulatedProxy,0.0,0.000,0.000,0.000,-2490.9,1686.8,55.1,0.0,0.0,0.0,0.0,0,0,0.0,0.0
1.925,VehicleControllerBP_C_0,0,1,V_1_C_0,1,1,AutonomousProxy,Authority,126.0,0.928,0.000,0.872,-2490.9,526.8,55.1,0.0,0.0,0.0,0.0,9,9,440.0,2079.0
3.622,VehicleControllerBP_C_1,1,0,V_1_C_1,1,1,Authority,AutonomousProxy,151.3,0.928,0.000,0.872,-2490.9,526.8,55.1,0.0,0.0,0.0,0.0,9,9,2159.0,504.0
3.622,VehicleControllerBP_C_0,1,1,V_1_C_0,1,0,Authority,SimulatedProxy,0.0,0.000,0.000,0.000,-2490.9,1686.8,55.1,0.0,0.0,0.0,0.0,0,0,0.0,0.0
2.032,VehicleControllerBP_C_0,0,1,V_1_C_0,1,1,AutonomousProxy,Authority,126.0,0.951,0.000,0.906,-2490.9,526.8,55.1,0.0,0.0,0.0,0.0,1,1,464.0,711.0
3.748,VehicleControllerBP_C_1,1,0,V_1_C_1,1,1,Authority,AutonomousProxy,151.3,0.951,0.000,0.906,-2490.9,526.8,55.1,0.5,0.3,0.1,0.0,1,1,708.0,488.0
3.748,VehicleControllerBP_C_0,1,1,V_1_C_0,1,0,Authority,SimulatedProxy,0.0,0.000,0.000,0.000,-2490.9,1686.8,55.1,0.0,0.0,0.0,0.0,0,0,0.0,0.0
2.158,VehicleControllerBP_C_0,0,1,V_1_C_0,1,1,AutonomousProxy,Authority,126.0,0.970,0.000,0.936,-2490.5,527.0,55.1,0.0,0.0,0.0,0.0,2,2,464.0,711.0
3.880,VehicleControllerBP_C_1,1,0,V_1_C_1,1,1,Authority,AutonomousProxy,151.3,0.970,0.000,0.936,-2490.5,527.0,55.1,13.3,4.7,0.5,0.5,2,2,708.0,488.0
3.880,VehicleControllerBP_C_0,1,1,V_1_C_0,1,0,Authority,SimulatedProxy,0.0,0.000,0.000,0.000,-2490.9,1686.8,55.1,0.0,0.0,0.0,0.0,0,0,0.0,0.0
2.289,VehicleControllerBP_C_0,0,1,V_1_C_0,1,1,AutonomousProxy,Authority,121.7,0.982,0.000,0.957,-2486.7,528.4,55.2,0.1,0.1,0.1,0.0,3,3,464.0,711.0
4.005,VehicleControllerBP_C_1,1,0,V_1_C_1,1,1,Authority,AutonomousProxy,151.3,0.982,0.000,0.957,-2486.7,528.4,55.2,55.0,19.1,0.4,2.1,3,3,708.0,488.0
4.005,VehicleControllerBP_C_0,1,1,V_1_C_0,1,0,Authority,SimulatedProxy,0.0,0.000,0.000,0.000,-2490.9,1686.8,55.1,0.0,0.0,0.0,0.0,0,0,0.0,0.0
2.414,VehicleControllerBP_C_0,0,1,V_1_C_0,1,1,AutonomousProxy,Authority,121.7,0.989,0.000,0.970,-2478.7,531.3,55.2,4.6,2.3,0.4,0.2,4,4,464.0,711.0
4.129,VehicleControllerBP_C_1,1,0,V_1_C_1,1,1,Authority,AutonomousProxy,151.3,0.989,0.000,0.970,-2478.7,531.3,55.2,99.3,36.7,0.2,3.8,4,4,708.0,488.0
4.129,VehicleControllerBP_C_0,1,1,V_1_C_0,1,0,Authority,SimulatedProxy,0.0,0.000,0.000,0.000,-2490.9,1686.8,55.1,0.0,0.0,0.0,0.0,0,0,0.0,0.0
2.538,VehicleControllerBP_C_0,0,1,V_1_C_0,1,1,AutonomousProxy,Authority,121.7,0.993,0.000,0.980,-2466.4,536.0,55.2,37.4,13.4,0.5,1.4,5,5,464.0,711.0
4.255,VehicleControllerBP_C_1,1,0,V_1_C_1,1,1,Authority,AutonomousProxy,122.9,0.993,0.000,0.980,-2466.4,536.0,55.2,143.4,56.6,0.2,5.5,5,5,708.0,488.0
4.255,VehicleControllerBP_C_0,1,1,V_1_C_0,1,0,Authority,SimulatedProxy,0.0,0.000,0.000,0.000,-2490.9,1686.8,55.1,0.0,0.0,0.0,0.0,0,0,0.0,0.0
2.665,VehicleControllerBP_C_0,0,1,V_1_C_0,1,1,AutonomousProxy,Authority,121.7,0.996,0.000,0.986,-2449.8,543.0,55.2,80.1,28.9,0.3,3.1,6,6,464.0,711.0
4.388,VehicleControllerBP_C_1,1,0,V_1_C_1,1,1,Authority,AutonomousProxy,122.9,0.996,0.000,0.986,-2449.8,543.0,55.2,184.6,80.3,0.3,7.2,6,6,708.0,488.0
4.388,VehicleControllerBP_C_0,1,1,V_1_C_0,1,0,Authority,SimulatedProxy,0.0,0.000,0.000,0.000,-2490.9,1686.8,55.1,0.0,0.0,0.0,0.0,0,0,0.0,0.0
2.798,VehicleControllerBP_C_0,0,1,V_1_C_0,1,1,AutonomousProxy,Authority,121.7,0.997,0.000,0.991,-2429.5,552.4,55.2,123.5,47.6,0.2,4.8,7,7,464.0,711.0
4.564,VehicleControllerBP_C_1,1,0,V_1_C_1,1,1,Authority,AutonomousProxy,122.9,0.997,0.000,0.991,-2429.5,552.4,55.2,218.8,106.8,0.3,8.8,7,7,708.0,488.0
4.564,VehicleControllerBP_C_0,1,1,V_1_C_0,1,0,Authority,SimulatedProxy,0.0,0.000,0.000,0.000,-2490.9,1686.8,55.1,0.0,0.0,0.0,0.0,0,0,0.0,0.0
2.974,VehicleControllerBP_C_0,0,1,V_1_C_0,1,1,AutonomousProxy,Authority,121.7,0.999,0.000,0.995,-2405.7,565.1,55.3,165.4,69.6,0.2,6.5,8,8,464.0,711.0
4.666,VehicleControllerBP_C_1,1,0,V_1_C_1,1,1,Authority,AutonomousProxy,122.9,0.999,0.000,0.995,-2405.7,565.1,55.3,255.8,142.2,0.3,10.5,8,8,708.0,488.0
4.666,VehicleControllerBP_C_0,1,1,V_1_C_0,1,0,Authority,SimulatedProxy,0.0,0.000,0.000,0.000,-2490.9,1686.8,55.1,0.0,0.0,0.0,0.0,0,0,0.0,0.0
3.075,VehicleControllerBP_C_0,0,1,V_1_C_0,1,1,AutonomousProxy,Authority,121.7,0.999,0.000,0.996,-2378.3,581.7,55.3,202.7,94.7,0.3,8.1,1,1,582.0,1394.0
4.775,VehicleControllerBP_C_1,1,0,V_1_C_1,1,1,Authority,AutonomousProxy,122.9,0.999,0.000,0.996,-2378.3,581.7,55.3,287.7,184.6,0.4,12.3,1,1,1414.0,591.0
4.775,VehicleControllerBP_C_0,1,1,V_1_C_0,1,0,Authority,SimulatedProxy,0.0,0.000,0.000,0.000,-2490.9,1686.8,55.1,0.0,0.0,0.0,0.0,0,0,0.0,0.0
3.185,VehicleControllerBP_C_0,0,1,V_1_C_0,1,1,AutonomousProxy,Authority,121.7,0.999,0.000,0.997,-2348.5,602.5,55.3,238.4,126.1,0.3,9.7,2,2,582.0,1394.0
4.905,VehicleControllerBP_C_1,1,0,V_1_C_1,1,1,Authority,AutonomousProxy,122.9,0.999,0.000,0.997,-2348.5,602.5,55.3,306.2,228.0,0.3,13.7,2,2,1414.0,591.0
4.905,VehicleControllerBP_C_0,1,1,V_1_C_0,1,0,Authority,SimulatedProxy,0.0,0.000,0.000,0.000,-2490.9,1686.8,55.1,0.0,0.0,0.0,0.0,0,0,0.0,0.0
3.315,VehicleControllerBP_C_0,0,1,V_1_C_0,1,1,AutonomousProxy,Authority,121.8,1.000,0.000,0.998,-2317.2,628.0,55.4,274.4,166.3,0.4,11.6,3,3,582.0,1394.0
5.040,VehicleControllerBP_C_1,1,0,V_1_C_1,1,1,Authority,AutonomousProxy,122.9,0.999,0.000,0.997,-2317.2,628.0,55.4,319.7,277.0,0.2,15.2,3,3,1414.0,591.0
5.040,VehicleControllerBP_C_0,1,1,V_1_C_0,1,0,Authority,SimulatedProxy,0.0,0.000,0.000,0.000,-2490.9,1686.8,55.1,0.0,0.0,0.0,0.0,0,0,0.0,0.0
3.449,VehicleControllerBP_C_0,0,1,V_1_C_0,1,1,AutonomousProxy,Authority,121.8,1.000,0.000,0.999,-2285.4,658.5,55.4,297.4,207.9,0.4,13.1,4,4,582.0,1394.0
5.167,VehicleControllerBP_C_1,1,0,V_1_C_1,1,1,Authority,AutonomousProxy,122.9,1.000,0.000,0.999,-2285.4,658.5,55.4,319.1,329.8,0.1,16.5,4,4,1414.0,591.0
5.167,VehicleControllerBP_C_0,1,1,V_1_C_0,1,0,Authority,SimulatedProxy,0.0,0.000,0.000,0.000,-2490.9,1686.8,55.1,0.0,0.0,0.0,0.0,0,0,0.0,0.0
3.577,VehicleControllerBP_C_0,0,1,V_1_C_0,1,1,AutonomousProxy,Authority,121.8,1.000,0.000,0.999,-2253.9,694.8,55.4,313.0,255.2,0.2,14.5,5,5,582.0,1394.0
5.302,VehicleControllerBP_C_1,1,0,V_1_C_1,1,1,Authority,AutonomousProxy,116.2,1.000,0.000,0.999,-2253.9,694.8,55.4,312.5,390.3,0.2,18.0,5,5,1414.0,591.0
5.302,VehicleControllerBP_C_0,1,1,V_1_C_0,1,0,Authority,SimulatedProxy,0.0,0.000,0.000,0.000,-2490.9,1686.8,55.1,0.0,0.0,0.0,0.0,0,0,0.0,0.0
3.712,VehicleControllerBP_C_0,0,1,V_1_C_0,1,1,AutonomousProxy,Authority,121.8,1.000,0.000,0.999,-2223.5,737.4,55.4,318.0,305.4,0.1,15.9,6,6,582.0,1394.0
5.470,VehicleControllerBP_C_1,1,0,V_1_C_1,1,1,Authority,AutonomousProxy,116.2,1.000,0.000,0.999,-2223.5,737.4,55.4,294.2,450.0,0.4,19.4,6,6,1414.0,591.0
5.470,VehicleControllerBP_C_0,1,1,V_1_C_0,1,0,Authority,SimulatedProxy,0.0,0.000,0.000,0.000,-2490.9,1686.8,55.1,0.0,0.0,0.0,0.0,0,0,0.0,0.0
3.879,VehicleControllerBP_C_0,0,1,V_1_C_0,1,1,AutonomousProxy,Authority,121.8,1.000,0.000,1.000,-2195.8,785.6,55.5,315.1,362.7,0.2,17.3,7,7,582.0,1394.0
5.577,VehicleControllerBP_C_1,1,0,V_1_C_1,1,1,Authority,AutonomousProxy,116.2,1.000,0.000,0.999,-2195.8,785.6,55.5,263.9,510.0,0.2,20.7,7,7,1414.0,591.0
5.577,VehicleControllerBP_C_0,1,1,V_1_C_0,1,0,Authority,SimulatedProxy,0.0,0.000,0.000,0.000,-2490.9,1686.8,55.1,0.0,0.0,0.0,0.0,0,0,0.0,0.0
3.986,VehicleControllerBP_C_0,0,1,V_1_C_0,1,1,AutonomousProxy,Authority,121.8,1.000,0.000,1.000,-2171.6,839.7,55.5,304.1,426.1,0.4,18.8,8,8,582.0,1394.0
5.707,VehicleControllerBP_C_1,1,0,V_1_C_1,1,1,Authority,AutonomousProxy,116.2,1.000,0.000,1.000,-2171.6,839.7,55.5,222.8,568.0,0.1,22.0,8,8,1414.0,591.0
5.707,VehicleControllerBP_C_0,1,1,V_1_C_0,1,0,Authority,SimulatedProxy,0.0,0.000,0.000,0.000,-2490.9,1686.8,55.1,0.0,0.0,0.0,0.0,0,0,0.0,0.0
4.116,VehicleControllerBP_C_0,0,1,V_1_C_0,1,1,AutonomousProxy,Authority,121.8,0.611,0.000,0.676,-2152.5,899.7,55.5,277.4,481.7,0.3,20.0,1,1,449.0,1635.0
5.828,VehicleControllerBP_C_1,1,0,V_1_C_1,1,1,Authority,AutonomousProxy,116.2,0.611,0.000,0.676,-2152.5,899.7,55.5,163.5,625.7,0.4,23.3,1,1,1596.0,439.0
5.828,VehicleControllerBP_C_0,1,1,V_1_C_0,1,0,Authority,SimulatedProxy,0.0,0.000,0.000,0.000,-2490.9,1686.8,55.1,0.0,0.0,0.0,0.0,0,0,0.0,0.0
4.238,VehicleControllerBP_C_0,0,1,V_1_C_0,1,1,AutonomousProxy,Authority,121.8,0.388,0.000,0.166,-2137.6,964.3,55.5,242.1,541.2,0.1,21.3,2,2,449.0,1635.0
5.962,VehicleControllerBP_C_1,1,0,V_1_C_1,1,1,Authority,AutonomousProxy,116.2,0.388,0.000,0.166,-2137.6,964.3,55.5,137.1,668.8,-0.2,24.6,2,2,1596.0,439.0
5.962,VehicleControllerBP_C_0,1,1,V_1_C_0,1,0,Authority,SimulatedProxy,0.0,0.000,0.000,0.000,-2490.9,1686.8,55.1,0.0,0.0,0.0,0.0,0,0,0.0,0.0
4.372,VehicleControllerBP_C_0,0,1,V_1_C_0,1,1,AutonomousProxy,Authority,121.8,0.232,0.000,-0.224,-2123.7,1032.5,55.5,190.2,599.7,0.3,22.6,3,3,449.0,1635.0
6.090,VehicleControllerBP_C_1,1,0,V_1_C_1,1,1,Authority,AutonomousProxy,116.2,0.232,0.000,-0.224,-2123.7,1032.5,55.5,137.1,695.2,-0.8,25.5,3,3,1596.0,439.0
6.090,VehicleControllerBP_C_0,1,1,V_1_C_0,1,0,Authority,SimulatedProxy,0.0,0.000,0.000,0.000,-2490.9,1686.8,55.1,0.0,0.0,0.0,0.0,0,0,0.0,0.0
4.499,VehicleControllerBP_C_0,0,1,V_1_C_0,1,1,AutonomousProxy,Authority,121.8,0.143,0.000,-0.472,-2109.2,1102.6,55.4,149.0,646.8,0.1,23.9,4,4,449.0,1635.0
6.270,VehicleControllerBP_C_1,1,0,V_1_C_1,1,1,Authority,AutonomousProxy,116.2,0.143,0.000,-0.472,-2109.2,1102.6,55.4,152.5,706.1,-0.7,26.0,4,4,1596.0,439.0
6.270,VehicleControllerBP_C_0,1,1,V_1_C_0,1,0,Authority,SimulatedProxy,0.0,0.000,0.000,0.000,-2490.9,1686.8,55.1,0.0,0.0,0.0,0.0,0,0,0.0,0.0
4.679,VehicleControllerBP_C_0,0,1,V_1_C_0,1,1,AutonomousProxy,Authority,121.8,0.066,0.000,-0.710,-2092.2,1173.0,55.3,139.2,682.2,-0.6,25.1,5,5,449.0,1635.0
6.371,VehicleControllerBP_C_1,1,0,V_1_C_1,1,1,Authority,AutonomousProxy,113.0,0.066,0.000,-0.710,-2092.2,1173.0,55.3,184.2,702.4,-0.7,26.1,5,5,1596.0,439.0
6.371,VehicleControllerBP_C_0,1,1,V_1_C_0,1,0,Authority,SimulatedProxy,0.0,0.000,0.000,0.000,-2490.9,1686.8,55.1,0.0,0.0,0.0,0.0,0,0,0.0,0.0
4.781,VehicleControllerBP_C_0,0,1,V_1_C_0,1,1,AutonomousProxy,Authority,121.8,0.046,0.000,-0.783,-2071.1,1242.1,55.3,145.5,700.9,-0.8,25.8,6,6,449.0,1635.0
6.489,VehicleControllerBP_C_1,1,0,V_1_C_1,1,1,Authority,AutonomousProxy,113.0,0.046,0.000,-0.783,-2071.1,1242.1,55.3,233.7,681.1,-0.6,25.9,6,6,1596.0,439.0
6.489,VehicleControllerBP_C_0,1,1,V_1_C_0,1,0,Authority,SimulatedProxy,0.0,0.000,0.000,0.000,-2490.9,1686.8,55.1,0.0,0.0,0.0,0.0,0,0,0.0,0.0
4.898,VehicleControllerBP_C_0,0,1,V_1_C_0,1,1,AutonomousProxy,Authority,121.8,0.030,0.000,-0.847,-2043.9,1307.9,55.2,169.8,703.8,-0.7,26.1,7,7,449.0,1635.0
6.623,VehicleControllerBP_C_1,1,0,V_1_C_1,1,1,Authority,AutonomousProxy,113.0,0.030,0.000,-0.847,-2043.9,1307.9,55.2,302.7,638.4,-0.3,25.4,7,7,1596.0,439.0
6.623,VehicleControllerBP_C_0,1,1,V_1_C_0,1,0,Authority,SimulatedProxy,0.0,0.000,0.000,0.000,-2490.9,1686.8,55.1,0.0,0.0,0.0,0.0,0,0,0.0,0.0
5.033,VehicleControllerBP_C_0,0,1,V_1_C_0,1,1,AutonomousProxy,Authority,121.8,0.018,0.000,-0.898,-2009.3,1368.1,55.2,211.4,690.8,-0.6,26.0,8,8,449.0,1635.0
6.754,VehicleControllerBP_C_1,1,0,V_1_C_1,1,1,Authority,AutonomousProxy,113.0,0.018,0.000,-0.898,-2009.3,1368.1,55.2,380.6,570.1,-0.0,24.7,8,8,1596.0,439.0
6.754,VehicleControllerBP_C_0,1,1,V_1_C_0,1,0,Authority,SimulatedProxy,0.0,0.000,0.000,0.000,-2490.9,1686.8,55.1,0.0,0.0,0.0,0.0,0,0,0.0,0.0
5.163,VehicleControllerBP_C_0,0,1,V_1_C_0,1,1,AutonomousProxy,Authority,121.8,0.011,0.000,-0.932,-1967.5,1420.4,55.2,272.0,658.0,-0.4,25.6,1,1,596.0,1520.0
6.885,VehicleControllerBP_C_1,1,0,V_1_C_1,1,1,Authority,AutonomousProxy,113.0,0.011,0.000,-0.932,-1967.5,1420.4,55.2,446.3,491.3,-0.2,23.9,1,1,1486.0,582.0
6.885,VehicleControllerBP_C_0,1,1,V_1_C_0,1,0,Authority,SimulatedProxy,0.0,0.000,0.000,0.000,-2490.9,1686.8,55.1,0.0,0.0,0.0,0.0,0,0,0.0,0.0
5.295,VehicleControllerBP_C_0,0,1,V_1_C_0,1,1,AutonomousProxy,Authority,121.8,0.007,0.000,-0.954,-1920.3,1465.8,55.2,345.7,601.6,-0.1,25.0,2,2,596.0,1520.0
7.017,VehicleControllerBP_C_1,1,0,V_1_C_1,1,1,Authority,AutonomousProxy,113.0,0.007,0.000,-0.954,-1920.3,1465.8,55.2,495.7,424.4,-0.4,23.5,2,2,1486.0,582.0
7.017,VehicleControllerBP_C_0,1,1,V_1_C_0,1,0,Authority,SimulatedProxy,0.0,0.000,0.000,0.000,-2490.9,1686.8,55.1,0.0,0.0,0.0,0.0,0,0,0.0,0.0
5.427,VehicleControllerBP_C_0,0,1,V_1_C_0,1,1,AutonomousProxy,Authority,121.0,0.004,0.000,-0.969,-1868.4,1504.5,55.1,418.2,523.5,-0.0,24.1,3,3,596.0,1520.0
7.151,VehicleControllerBP_C_1,1,0,V_1_C_1,1,1,Authority,AutonomousProxy,113.0,0.004,0.000,-0.969,-1868.4,1504.5,55.1,537.2,356.3,0.1,23.2,3,3,1486.0,582.0
7.151,VehicleControllerBP_C_0,1,1,V_1_C_0,1,0,Authority,SimulatedProxy,0.0,0.000,0.000,0.000,-2490.9,1686.8,55.1,0.0,0.0,0.0,0.0,0,0,0.0,0.0
5.560,VehicleControllerBP_C_0,0,1,V_1_C_0,1,1,AutonomousProxy,Authority,121.0,0.002,0.000,-0.979,-1812.9,1536.2,55.2,471.7,454.2,-0.4,23.6,4,4,596.0,1520.0
7.319,VehicleControllerBP_C_1,1,0,V_1_C_1,1,1,Authority,AutonomousProxy,113.0,0.002,0.000,-0.979,-1812.9,1536.2,55.2,570.6,284.4,0.5,23.0,4,4,1486.0,582.0
7.319,VehicleControllerBP_C_0,1,1,V_1_C_0,1,0,Authority,SimulatedProxy,0.0,0.000,0.000,0.000,-2490.9,1686.8,55.1,0.0,0.0,0.0,0.0,0,0,0.0,0.0
5.729,VehicleControllerBP_C_0,0,1,V_1_C_0,1,1,AutonomousProxy,Authority,121.0,0.001,0.000,-0.988,-1754.5,1560.6,55.2,518.7,386.9,-0.2,23.3,5,5,596.0,1520.0
7.440,VehicleControllerBP_C_1,1,0,V_1_C_1,1,1,Authority,AutonomousProxy,99.1,0.001,0.000,-0.988,-1754.5,1560.6,55.2,594.9,210.6,0.3,22.7,5,5,1486.0,582.0
7.440,VehicleControllerBP_C_0,1,1,V_1_C_0,1,0,Authority,SimulatedProxy,0.0,0.000,0.000,0.000,-2490.9,1686.8,55.1,0.0,0.0,0.0,0.0,0,0,0.0,0.0
5.849,VehicleControllerBP_C_0,0,1,V_1_C_0,1,1,AutonomousProxy,Authority,121.0,0.001,0.000,-0.992,-1694.2,1577.5,55.2,555.7,316.8,0.4,23.0,6,6,596.0,1520.0
7.554,VehicleControllerBP_C_1,1,0,V_1_C_1,1,1,Authority,AutonomousProxy,99.1,0.001,0.000,-0.992,-1694.2,1577.5,55.2,609.9,135.6,0.0,22.5,6,6,1486.0,582.0
7.554,VehicleControllerBP_C_0,1,1,V_1_C_0,1,0,Authority,SimulatedProxy,0.0,0.000,0.000,0.000,-2490.9,1686.8,55.1,0.0,0.0,0.0,0.0,0,0,0.0,0.0
5.964,VehicleControllerBP_C_0,0,1,V_1_C_0,1,1,AutonomousProxy,Authority,121.0,0.000,0.000,-0.994,-1632.9,1587.0,55.2,583.7,243.9,0.5,22.8,7,7,596.0,1520.0
7.686,VehicleControllerBP_C_1,1,0,V_1_C_1,1,1,Authority,AutonomousProxy,99.1,0.000,0.000,-0.994,-1632.9,1587.0,55.2,616.1,61.3,-0.1,22.3,7,7,1486.0,582.0
7.686,VehicleControllerBP_C_0,1,1,V_1_C_0,1,0,Authority,SimulatedProxy,0.0,0.000,0.000,0.000,-2490.9,1686.8,55.1,0.0,0.0,0.0,0.0,0,0,0.0,0.0
6.096,VehicleControllerBP_C_0,0,1,V_1_C_0,1,1,AutonomousProxy,Authority,121.0,0.000,0.000,-0.996,-1571.5,1589.2,55.2,602.9,169.4,0.2,22.5,8,8,596.0,1520.0
7.824,VehicleControllerBP_C_1,1,0,V_1_C_1,1,1,Authority,AutonomousProxy,99.1,0.000,0.000,-0.996,-1571.5,1589.2,55.2,613.5,-11.8,-0.1,22.1,8,8,1486.0,582.0
7.824,VehicleControllerBP_C_0,1,1,V_1_C_0,1,0,Authority,SimulatedProxy,0.0,0.000,0.000,0.000,-2490.9,1686.8,55.1,0.0,0.0,0.0,0.0,0,0,0.0,0.0
6.234,VehicleControllerBP_C_0,0,1,V_1_C_0,1,1,AutonomousProxy,Authority,121.0,0.000,0.000,-0.997,-1510.7,1584.1,55.2,613.0,95.1,-0.1,22.3,1,1,581.0,1500.0
7.951,VehicleControllerBP_C_1,1,0,V_1_C_1,1,1,Authority,AutonomousProxy,99.1,0.000,0.000,-0.997,-1510.7,1584.1,55.2,602.5,-82.9,-0.0,21.9,1,1,1501.0,581.0
7.951,VehicleControllerBP_C_0,1,1,V_1_C_0,1,0,Authority,SimulatedProxy,0.0,0.000,0.000,0.000,-2490.9,1686.8,55.1,0.0,0.0,0.0,0.0,0,0,0.0,0.0
6.360,VehicleControllerBP_C_0,0,1,V_1_C_0,1,1,AutonomousProxy,Authority,121.0,0.000,0.000,-0.998,-1451.5,1572.1,55.2,614.5,21.5,-0.1,22.1,2,2,581.0,1500.0
8.088,VehicleControllerBP_C_1,1,0,V_1_C_1,1,1,Authority,AutonomousProxy,99.1,0.000,0.000,-0.997,-1451.5,1572.1,55.2,583.7,-151.1,0.0,21.7,2,2,1501.0,581.0
8.088,VehicleControllerBP_C_0,1,1,V_1_C_0,1,0,Authority,SimulatedProxy,0.0,0.000,0.000,0.000,-2490.9,1686.8,55.1,0.0,0.0,0.0,0.0,0,0,0.0,0.0
6.498,VehicleControllerBP_C_0,0,1,V_1_C_0,1,1,AutonomousProxy,Authority,122.6,0.000,0.000,-0.999,-1394.6,1553.5,55.2,607.3,-50.5,-0.0,21.9,3,3,581.0,1500.0
8.247,VehicleControllerBP_C_1,1,0,V_1_C_1,1,1,Authority,AutonomousProxy,99.1,0.000,0.000,-0.999,-1394.6,1553.5,55.2,557.7,-215.4,-0.0,21.5,3,3,1501.0,581.0
8.247,VehicleControllerBP_C_0,1,1,V_1_C_0,1,0,Authority,SimulatedProxy,0.0,0.000,0.000,0.000,-2490.9,1686.8,55.1,0.0,0.0,0.0,0.0,0,0,0.0,0.0
6.656,VehicleControllerBP_C_0,0,1,V_1_C_0,1,1,AutonomousProxy,Authority,122.6,0.000,0.000,-0.999,-1340.6,1528.7,55.2,592.1,-120.0,-0.0,21.7,4,4,581.0,1500.0
8.385,VehicleControllerBP_C_1,1,0,V_1_C_1,1,1,Authority,AutonomousProxy,99.1,0.000,0.000,-0.999,-1340.6,1528.7,55.2,524.9,-275.4,-0.0,21.3,4,4,1501.0,581.0
8.385,VehicleControllerBP_C_0,1,1,V_1_C_0,1,0,Authority,SimulatedProxy,0.0,0.000,0.000,0.000,-2490.9,1686.8,55.1,0.0,0.0,0.0,0.0,0,0,0.0,0.0
6.794,VehicleControllerBP_C_0,0,1,V_1_C_0,1,1,AutonomousProxy,Authority,122.6,0.000,0.000,-1.000,-1290.2,1498.2,55.2,569.5,-186.0,-0.0,21.6,5,5,581.0,1500.0
8.518,VehicleControllerBP_C_1,1,0,V_1_C_1,1,1,Authority,AutonomousProxy,102.1,0.000,0.000,-0.999,-1290.2,1498.2,55.2,486.2,-330.4,-0.0,21.2,5,5,1501.0,581.0
8.518,VehicleControllerBP_C_0,1,1,V_1_C_0,1,0,Authority,SimulatedProxy,0.0,0.000,0.000,0.000,-2490.9,1686.8,55.1,0.0,0.0,0.0,0.0,0,0,0.0,0.0
6.927,VehicleControllerBP_C_0,0,1,V_1_C_0,1,1,AutonomousProxy,Authority,122.6,0.000,0.000,-1.000,-1244.0,1462.5,55.2,539.7,-248.0,-0.0,21.4,6,6,581.0,1500.0
8.631,VehicleControllerBP_C_1,1,0,V_1_C_1,1,1,Authority,AutonomousProxy,102.1,0.000,0.000,-0.999,-1244.0,1462.5,55.2,442.4,-379.7,-0.0,21.0,6,6,1501.0,581.0
8.631,VehicleControllerBP_C_0,1,1,V_1_C_0,1,0,Authority,SimulatedProxy,0.0,0.000,0.000,0.000,-2490.9,1686.8,55.1,0.0,0.0,0.0,0.0,0,0,0.0,0.0
7.040,VehicleControllerBP_C_0,0,1,V_1_C_0,1,1,AutonomousProxy,Authority,122.6,0.000,0.000,-1.000,-1202.4,1422.2,55.2,503.8,-305.2,-0.0,21.2,7,7,581.0,1500.0
8.753,VehicleControllerBP_C_1,1,0,V_1_C_1,1,1,Authority,AutonomousProxy,102.1,0.000,0.000,-0.999,-1202.4,1422.2,55.2,394.0,-423.2,-0.0,20.8,7,7,1501.0,581.0
8.753,VehicleControllerBP_C_0,1,1,V_1_C_0,1,0,Authority,SimulatedProxy,0.0,0.000,0.000,0.000,-2490.9,1686.8,55.1,0.0,0.0,0.0,0.0,0,0,0.0,0.0
7.162,VehicleControllerBP_C_0,0,1,V_1_C_0,1,1,AutonomousProxy,Authority,122.6,0.000,0.000,-1.000,-1165.8,1377.9,55.2,462.3,-357.1,-0.0,21.0,8,8,581.0,1500.0
8.892,VehicleControllerBP_C_1,1,0,V_1_C_1,1,1,Authority,AutonomousProxy,102.1,0.000,0.000,-1.000,-1165.8,1377.9,55.2,342.0,-460.3,-0.0,20.6,8,8,1501.0,581.0
8.892,VehicleControllerBP_C_0,1,1,V_1_C_0,1,0,Authority,SimulatedProxy,0.0,0.000,0.000,0.000,-2490.9,1686.8,55.1,0.0,0.0,0.0,0.0,0,0,0.0,0.0
7.302,VehicleControllerBP_C_0,0,1,V_1_C_0,1,1,AutonomousProxy,Authority,122.6,0.000,0.000,-1.000,-1134.6,1330.2,55.2,416.0,-403.3,-0.0,20.9,1,1,384.0,1451.0
9.018,VehicleControllerBP_C_1,1,0,V_1_C_1,1,1,Authority,AutonomousProxy,102.1,0.000,0.000,-1.000,-1134.6,1330.2,55.2,286.9,-491.1,-0.0,20.5,1,1,1449.0,384.0
9.018,VehicleControllerBP_C_0,1,1,V_1_C_0,1,0,Authority,SimulatedProxy,0.0,0.000,0.000,0.000,-2490.9,1686.8,55.1,0.0,0.0,0.0,0.0,0,0,0.0,0.0
7.428,VehicleControllerBP_C_0,0,1,V_1_C_0,1,1,AutonomousProxy,Authority,122.6,0.000,0.000,-1.000,-1109.1,1279.8,55.2,365.7,-443.3,-0.0,20.7,2,2,384.0,1451.0
9.143,VehicleControllerBP_C_1,1,0,V_1_C_1,1,1,Authority,AutonomousProxy,102.1,0.000,0.000,-1.000,-1109.1,1279.8,55.2,229.8,-515.2,-0.0,20.3,2,2,1449.0,384.0
9.143,VehicleControllerBP_C_0,1,1,V_1_C_0,1,0,Authority,SimulatedProxy,0.0,0.000,0.000,0.000,-2490.9,1686.8,55.1,0.0,0.0,0.0,0.0,0,0,0.0,0.0
7.552,VehicleControllerBP_C_0,0,1,V_1_C_0,1,1,AutonomousProxy,Authority,125.5,0.000,0.000,-1.000,-1089.3,1227.3,55.2,311.9,-476.9,-0.0,20.5,3,3,384.0,1451.0
9.274,VehicleControllerBP_C_1,1,0,V_1_C_1,1,1,Authority,AutonomousProxy,102.1,0.000,0.000,-1.000,-1089.3,1227.3,55.2,171.3,-532.6,-0.0,20.1,3,3,1449.0,384.0
9.274,VehicleControllerBP_C_0,1,1,V_1_C_0,1,0,Authority,SimulatedProxy,0.0,0.000,0.000,0.000,-2490.9,1686.8,55.1,0.0,0.0,0.0,0.0,0,0,0.0,0.0
7.683,VehicleControllerBP_C_0,0,1,V_1_C_0,1,1,AutonomousProxy,Authority,125.5,0.000,0.000,-1.000,-1075.3,1173.5,55.2,255.8,-504.0,-0.0,20.3,4,4,384.0,1451.0
9.405,VehicleControllerBP_C_1,1,0,V_1_C_1,1,1,Authority,AutonomousProxy,102.1,0.000,0.000,-1.000,-1075.3,1173.5,55.2,112.3,-543.4,-0.0,20.0,4,4,1449.0,384.0
9.405,VehicleControllerBP_C_0,1,1,V_1_C_0,1,0,Authority,SimulatedProxy,0.0,0.000,0.000,0.000,-2490.9,1686.8,55.1,0.0,0.0,0.0,0.0,0,0,0.0,0.0
7.815,VehicleControllerBP_C_0,0,1,V_1_C_0,1,1,AutonomousProxy,Authority,125.5,0.000,0.000,-1.000,-1067.3,1118.9,55.2,198.0,-524.5,-0.0,20.2,5,5,384.0,1451.0
9.543,VehicleControllerBP_C_1,1,0,V_1_C_1,1,1,Authority,AutonomousProxy,100.1,0.000,0.000,-1.000,-1067.3,1118.9,55.2,53.5,-547.8,-0.0,19.8,5,5,1449.0,384.0
9.543,VehicleControllerBP_C_0,1,1,V_1_C_0,1,0,Authority,SimulatedProxy,0.0,0.000,0.000,0.000,-2490.9,1686.8,55.1,0.0,0.0,0.0,0.0,0,0,0.0,0.0
7.952,VehicleControllerBP_C_0,0,1,V_1_C_0,1,1,AutonomousProxy,Authority,125.5,0.000,0.000,-1.000,-1065.1,1064.2,55.2,139.3,-538.4,-0.0,20.0,6,6,384.0,1451.0
9.662,VehicleControllerBP_C_1,1,0,V_1_C_1,1,1,Authority,AutonomousProxy,100.1,0.000,0.000,-1.000,-1065.1,1064.2,55.2,-4.6,-546.0,-0.0,19.7,6,6,1449.0,384.0
9.662,VehicleControllerBP_C_0,1,1,V_1_C_0,1,0,Authority,SimulatedProxy,0.0,0.000,0.000,0.000,-2490.9,1686.8,55.1,0.0,0.0,0.0,0.0,0,0,0.0,0.0
8.072,VehicleControllerBP_C_0,0,1,V_1_C_0,1,1,AutonomousProxy,Authority,125.5,0.000,0.000,-1.000,-1068.7,1010.1,55.2,80.3,-545.7,-0.0,19.9,7,7,384.0,1451.0
9.796,VehicleControllerBP_C_1,1,0,V_1_C_1,1,1,Authority,AutonomousProxy,100.1,0.000,0.000,-1.000,-1068.7,1010.1,55.2,-61.2,-538.1,-0.0,19.5,7,7,1449.0,384.0
9.796,VehicleControllerBP_C_0,1,1,V_1_C_0,1,0,Authority,SimulatedProxy,0.0,0.000,0.000,0.000,-2490.9,1686.8,55.1,0.0,0.0,0.0,0.0,0,0,0.0,0.0
8.205,VehicleControllerBP_C_0,0,1,V_1_C_0,1,1,AutonomousProxy,Authority,125.5,0.000,0.000,-0.666,-1077.7,957.0,55.2,21.9,-546.7,-0.0,19.7,8,8,384.0,1451.0
9.925,VehicleControllerBP_C_1,1,0,V_1_C_1,1,1,Authority,AutonomousProxy,100.1,0.000,0.000,-0.666,-1077.7,957.0,55.2,-115.9,-524.6,-0.0,19.3,8,8,1449.0,384.0
9.925,VehicleControllerBP_C_0,1,1,V_1_C_0,1,0,Authority,SimulatedProxy,0.0,0.000,0.000,0.000,-2490.9,1686.8,55.1,0.0,0.0,0.0,0.0,0,0,0.0,0.0
8.335,VehicleControllerBP_C_0,0,1,V_1_C_0,1,1,AutonomousProxy,Authority,125.5,0.000,0.000,-0.451,-1090.3,904.4,55.2,-35.4,-541.6,-0.0,19.5,1,1,335.0,1551.0
10.061,VehicleControllerBP_C_1,1,0,V_1_C_1,1,1,Authority,AutonomousProxy,100.1,0.000,0.000,-0.451,-1090.3,904.4,55.2,-134.5,-529.0,-0.2,19.6,9,9,1449.0,384.0
10.061,VehicleControllerBP_C_0,1,1,V_1_C_0,1,0,Authority,SimulatedProxy,0.0,0.000,0.000,0.000,-2490.9,1686.8,55.1,0.0,0.0,0.0,0.0,0,0,0.0,0.0
8.470,VehicleControllerBP_C_0,0,1,V_1_C_0,1,1,AutonomousProxy,Authority,125.5,0.000,0.000,-0.298,-1103.2,850.9,55.2,-90.9,-530.7,-0.0,19.4,2,2,335.0,1551.0
10.176,VehicleControllerBP_C_1,1,0,V_1_C_1,1,1,Authority,AutonomousProxy,100.1,0.000,0.000,-0.298,-1103.2,850.9,55.2,-128.5,-538.4,-0.1,19.9,1,1,1538.0,362.0
10.176,VehicleControllerBP_C_0,1,1,V_1_C_0,1,0,Authority,SimulatedProxy,0.0,0.000,0.000,0.000,-2490.9,1686.8,55.1,0.0,0.0,0.0,0.0,0,0,0.0,0.0
8.586,VehicleControllerBP_C_0,0,1,V_1_C_0,1,1,AutonomousProxy,Authority,124.9,0.000,0.000,-0.212,-1115.2,796.7,55.2,-125.2,-525.8,-0.1,19.5,3,3,335.0,1551.0
10.510,VehicleControllerBP_C_1,1,0,V_1_C_1,1,1,Authority,AutonomousProxy,100.1,0.000,0.000,-0.212,-1115.2,796.7,55.2,-115.0,-543.9,0.2,20.0,2,2,1538.0,362.0
10.510,VehicleControllerBP_C_0,1,1,V_1_C_0,1,0,Authority,SimulatedProxy,0.0,0.000,0.000,0.000,-2490.9,1686.8,55.1,0.0,0.0,0.0,0.0,0,0,0.0,0.0
8.919,VehicleControllerBP_C_0,0,1,V_1_C_0,1,1,AutonomousProxy,Authority,124.9,0.000,0.000,-0.035,-1126.4,742.3,55.2,-129.6,-535.2,-0.2,19.8,4,4,335.0,1551.0
10.844,VehicleControllerBP_C_1,1,0,V_1_C_1,1,1,Authority,AutonomousProxy,104.7,0.000,0.000,-0.035,-1126.4,742.3,55.2,-112.8,-542.8,0.1,20.0,3,3,1538.0,362.0
10.844,VehicleControllerBP_C_0,1,1,V_1_C_0,1,0,Authority,SimulatedProxy,0.0,0.000,0.000,0.000,-2490.9,1686.8,55.1,0.0,0.0,0.0,0.0,0,0,0.0,0.0
9.253,VehicleControllerBP_C_0,0,1,V_1_C_0,1,1,AutonomousProxy,Authority,124.9,0.000,0.000,-0.006,-1136.8,688.0,55.2,-119.5,-542.6,0.1,20.0,5,5,335.0,1551.0
11.177,VehicleControllerBP_C_1,1,0,V_1_C_1,1,1,Authority,AutonomousProxy,104.7,0.000,0.000,-0.006,-1136.8,688.0,55.2,-97.2,-543.3,-0.2,19.9,4,4,1538.0,362.0
11.177,VehicleControllerBP_C_0,1,1,V_1_C_0,1,0,Authority,SimulatedProxy,0.0,0.000,0.000,0.000,-2490.9,1686.8,55.1,0.0,0.0,0.0,0.0,0,0,0.0,0.0
9.587,VehicleControllerBP_C_0,0,1,V_1_C_0,1,1,AutonomousProxy,Authority,124.9,0.000,0.000,-0.001,-1145.8,633.8,55.2,-112.7,-543.6,0.2,20.0,1,1,368.0,939.0
11.275,VehicleControllerBP_C_1,1,0,V_1_C_1,1,1,Authority,AutonomousProxy,104.7,0.000,0.000,-0.001,-1145.8,633.8,55.2,-87.0,-541.6,-0.3,19.7,1,1,720.0,283.0
11.275,VehicleControllerBP_C_0,1,1,V_1_C_0,1,0,Authority,SimulatedProxy,0.0,0.000,0.000,0.000,-2490.9,1686.8,55.1,0.0,0.0,0.0,0.0,0,0,0.0,0.0
9.685,VehicleControllerBP_C_0,0,1,V_1_C_0,1,1,AutonomousProxy,Authority,148.7,0.000,0.000,-0.001,-1154.4,580.8,55.1,-103.4,-543.0,-0.1,19.9,2,2,368.0,939.0
11.368,VehicleControllerBP_C_1,1,0,V_1_C_1,1,1,Authority,AutonomousProxy,104.7,0.000,0.000,-0.001,-1154.4,580.8,55.1,-86.8,-538.4,-0.1,19.6,2,2,720.0,283.0
11.368,VehicleControllerBP_C_0,1,1,V_1_C_0,1,0,Authority,SimulatedProxy,0.0,0.000,0.000,0.000,-2490.9,1686.8,55.1,0.0,0.0,0.0,0.0,0,0,0.0,0.0
9.777,VehicleControllerBP_C_0,0,1,V_1_C_0,1,1,AutonomousProxy,Authority,148.7,0.000,0.000,-0.001,-1162.5,531.1,55.1,-93.5,-562.7,-0.3,20.5,3,3,368.0,939.0
11.455,VehicleControllerBP_C_1,1,0,V_1_C_1,1,1,Authority,AutonomousProxy,104.7,0.000,0.000,-0.001,-1162.5,531.1,55.1,-87.4,-535.2,0.0,19.5,3,3,720.0,283.0
11.455,VehicleControllerBP_C_0,1,1,V_1_C_0,1,0,Authority,SimulatedProxy,0.0,0.000,0.000,0.000,-2490.9,1686.8,55.1,0.0,0.0,0.0,0.0,0,0,0.0,0.0
9.864,VehicleControllerBP_C_0,0,1,V_1_C_0,1,1,AutonomousProxy,Authority,148.7,0.000,0.000,-0.000,-1170.0,484.6,55.1,-97.9,-601.3,-0.2,21.9,4,4,368.0,939.0
11.534,VehicleControllerBP_C_1,1,0,V_1_C_1,1,1,Authority,AutonomousProxy,104.7,0.000,0.000,-0.001,-1170.0,484.6,55.1,-86.7,-532.5,0.0,19.4,4,4,720.0,283.0
11.534,VehicleControllerBP_C_0,1,1,V_1_C_0,1,0,Authority,SimulatedProxy,0.0,0.000,0.000,0.000,-2490.9,1686.8,55.1,0.0,0.0,0.0,0.0,0,0,0.0,0.0
9.944,VehicleControllerBP_C_0,0,1,V_1_C_0,1,1,AutonomousProxy,Authority,148.7,0.000,0.000,-0.000,-1176.9,442.5,55.1,-97.1,-598.0,-0.0,21.8,5,5,368.0,939.0
11.691,VehicleControllerBP_C_1,1,0,V_1_C_1,1,1,Authority,AutonomousProxy,117.9,0.000,0.000,-0.001,-1176.9,442.5,55.1,-86.2,-529.9,0.0,19.3,5,5,720.0,283.0
11.691,VehicleControllerBP_C_0,1,1,V_1_C_0,1,0,Authority,SimulatedProxy,0.0,0.000,0.000,0.000,-2490.9,1686.8,55.1,0.0,0.0,0.0,0.0,0,0,0.0,0.0
10.100,VehicleControllerBP_C_0,0,1,V_1_C_0,1,1,AutonomousProxy,Authority,148.7,0.000,0.000,-0.000,-1185.5,389.6,55.2,-100.5,-618.1,0.0,22.5,6,6,368.0,939.0
11.779,VehicleControllerBP_C_1,1,0,V_1_C_1,1,1,Authority,AutonomousProxy,117.9,0.000,0.000,-0.001,-1185.5,389.6,55.2,-85.7,-526.7,0.0,19.2,6,6,720.0,283.0
11.779,VehicleControllerBP_C_0,1,1,V_1_C_0,1,0,Authority,SimulatedProxy,0.0,0.265,0.000,-0.221,-2490.9,1686.8,55.1,0.0,0.0,0.0,0.0,0,0,0.0,0.0
10.189,VehicleControllerBP_C_0,0,1,V_1_C_0,1,1,AutonomousProxy,Authority,148.7,0.000,0.000,-0.000,-1193.1,343.2,55.2,-54.5,-335.1,0.0,12.2,7,7,368.0,939.0
11.888,VehicleControllerBP_C_1,1,0,V_1_C_1,1,1,Authority,AutonomousProxy,117.9,0.000,0.000,-0.001,-1193.1,343.2,55.2,-85.4,-523.8,-0.0,19.1,7,7,720.0,283.0
11.888,VehicleControllerBP_C_0,1,1,V_1_C_0,1,0,Authority,SimulatedProxy,0.0,0.505,0.000,-0.433,-2490.9,1686.8,55.1,0.0,0.0,0.0,0.0,0,0,0.0,0.0
10.298,VehicleControllerBP_C_0,0,1,V_1_C_0,1,1,AutonomousProxy,Authority,148.7,0.000,0.000,-0.000,-1201.6,291.0,55.1,-107.1,-657.6,0.0,24.0,8,8,368.0,939.0
12.017,VehicleControllerBP_C_1,1,0,V_1_C_1,1,1,Authority,AutonomousProxy,117.9,0.000,0.000,-0.001,-1201.6,291.0,55.1,-84.9,-520.6,-0.0,19.0,8,8,720.0,283.0
12.017,VehicleControllerBP_C_0,1,1,V_1_C_0,1,0,Authority,SimulatedProxy,0.0,0.696,0.000,-0.615,-2490.9,1686.8,55.1,0.0,0.0,0.0,0.0,0,0,0.0,0.0
10.426,VehicleControllerBP_C_0,0,1,V_1_C_0,1,1,AutonomousProxy,Authority,148.7,0.000,0.000,-0.000,-1210.0,239.1,55.1,-66.9,-410.9,0.0,15.0,1,1,369.0,1460.0
12.141,VehicleControllerBP_C_1,1,0,V_1_C_1,1,1,Authority,AutonomousProxy,117.9,0.000,0.000,-0.001,-1210.0,239.1,55.1,-84.4,-517.4,-0.0,18.9,9,9,720.0,283.0
12.141,VehicleControllerBP_C_0,1,1,V_1_C_0,1,0,Authority,SimulatedProxy,0.0,0.810,0.000,-0.735,-2490.9,1686.8,55.1,0.0,0.0,0.0,0.0,0,0,0.0,0.0
10.551,VehicleControllerBP_C_0,0,1,V_1_C_0,1,1,AutonomousProxy,Authority,148.7,0.000,0.000,0.000,-1218.5,187.5,55.1,-85.1,-522.1,-0.0,19.0,2,2,369.0,1460.0
12.266,VehicleControllerBP_C_1,1,0,V_1_C_1,1,1,Authority,AutonomousProxy,117.9,0.000,0.000,-0.001,-1218.5,187.5,55.1,-83.9,-514.2,0.0,18.8,10,10,720.0,283.0
12.266,VehicleControllerBP_C_0,1,1,V_1_C_0,1,0,Authority,SimulatedProxy,0.0,0.881,0.000,-0.817,-2490.9,1686.8,55.1,0.0,0.0,0.0,0.0,0,0,0.0,0.0
10.675,VehicleControllerBP_C_0,0,1,V_1_C_0,1,1,AutonomousProxy,Authority,148.7,0.000,0.000,0.000,-1226.8,136.3,55.1,-84.6,-518.9,-0.0,18.9,3,3,369.0,1460.0
12.399,VehicleControllerBP_C_1,1,0,V_1_C_1,1,1,Authority,AutonomousProxy,117.9,0.000,0.000,-0.001,-1226.8,136.3,55.1,-83.4,-511.0,0.0,18.6,1,1,1740.0,384.0
12.399,VehicleControllerBP_C_0,1,1,V_1_C_0,1,0,Authority,SimulatedProxy,0.0,0.928,0.000,-0.878,-2490.9,1686.8,55.1,0.0,0.0,0.0,0.0,0,0,0.0,0.0
10.808,VehicleControllerBP_C_0,0,1,V_1_C_0,1,1,AutonomousProxy,Authority,140.4,0.000,0.000,0.000,-1235.1,85.4,55.1,-84.1,-515.7,-0.0,18.8,4,4,369.0,1460.0
12.523,VehicleControllerBP_C_1,1,0,V_1_C_1,1,1,Authority,AutonomousProxy,117.9,0.000,0.000,-0.001,-1235.1,85.4,55.1,-83.0,-507.8,0.0,18.5,2,2,1740.0,384.0
12.523,VehicleControllerBP_C_0,1,1,V_1_C_0,1,0,Authority,SimulatedProxy,0.0,0.955,0.000,-0.916,-2490.9,1686.8,55.1,-0.2,0.2,0.2,0.0,0,0,0.0,0.0
10.932,VehicleControllerBP_C_0,0,1,V_1_C_0,1,1,AutonomousProxy,Authority,140.4,0.000,0.000,0.000,-1243.4,34.8,55.1,-83.7,-512.5,0.0,18.7,5,5,369.0,1460.0
12.633,VehicleControllerBP_C_1,1,0,V_1_C_1,1,1,Authority,AutonomousProxy,117.9,0.000,0.000,-0.001,-1243.4,34.8,55.1,-82.5,-504.6,0.0,18.4,3,3,1740.0,384.0
12.633,VehicleControllerBP_C_0,1,1,V_1_C_0,1,0,Authority,SimulatedProxy,0.0,0.970,0.000,-0.939,-2490.7,1686.6,55.1,6.6,-3.0,0.5,0.3,0,0,0.0,0.0
11.043,VehicleControllerBP_C_0,0,1,V_1_C_0,1,1,AutonomousProxy,Authority,140.4,0.000,0.000,0.000,-1251.6,-15.5,55.1,-83.2,-509.2,0.0,18.6,6,6,369.0,1460.0
12.742,VehicleControllerBP_C_1,1,0,V_1_C_1,1,1,Authority,AutonomousProxy,114.6,0.000,0.000,-0.001,-1251.6,-15.5,55.1,-82.0,-501.4,0.0,18.3,4,4,1740.0,384.0
12.742,VehicleControllerBP_C_0,1,1,V_1_C_0,1,0,Authority,SimulatedProxy,0.0,0.980,0.000,-0.956,-2487.8,1685.6,55.1,45.7,-15.9,0.4,1.7,0,0,0.0,0.0
11.151,VehicleControllerBP_C_0,0,1,V_1_C_0,1,1,AutonomousProxy,Authority,140.4,0.000,0.000,0.000,-1259.8,-65.5,55.1,-82.7,-506.0,0.0,18.5,7,7,369.0,1460.0
12.903,VehicleControllerBP_C_1,1,0,V_1_C_1,1,1,Authority,AutonomousProxy,114.6,0.000,0.000,-0.001,-1259.8,-65.5,55.1,-81.5,-498.2,0.0,18.2,5,5,1740.0,384.0
12.903,VehicleControllerBP_C_0,1,1,V_1_C_0,1,0,Authority,SimulatedProxy,0.0,0.990,0.000,-0.974,-2480.7,1683.0,55.2,88.7,-32.5,0.2,3.4,0,0,0.0,0.0
11.313,VehicleControllerBP_C_0,0,1,V_1_C_0,1,1,AutonomousProxy,Authority,140.4,0.000,0.000,0.000,-1267.9,-115.1,55.1,-82.2,-502.8,0.0,18.3,8,8,369.0,1460.0
13.034,VehicleControllerBP_C_1,1,0,V_1_C_1,1,1,Authority,AutonomousProxy,114.6,0.000,0.000,-0.001,-1267.9,-115.1,55.1,-81.1,-495.0,0.0,18.1,6,6,1740.0,384.0
13.034,VehicleControllerBP_C_0,1,1,V_1_C_0,1,0,Authority,SimulatedProxy,0.0,0.994,0.000,-0.982,-2469.6,1678.8,55.2,129.5,-50.5,0.1,5.0,0,0,0.0,0.0
11.444,VehicleControllerBP_C_0,0,1,V_1_C_0,1,1,AutonomousProxy,Authority,140.4,0.000,0.000,0.000,-1276.0,-164.4,55.1,-81.8,-499.7,0.0,18.2,1,1,298.0,2091.0
13.163,VehicleControllerBP_C_1,1,0,V_1_C_1,1,1,Authority,AutonomousProxy,114.6,0.000,0.000,-0.001,-1276.0,-164.4,55.1,-80.6,-491.8,0.0,17.9,7,7,1740.0,384.0
13.163,VehicleControllerBP_C_0,1,1,V_1_C_0,1,0,Authority,SimulatedProxy,0.0,0.996,0.000,-0.988,-2454.4,1672.5,55.2,172.5,-73.4,0.3,6.7,0,0,0.0,0.0
11.573,VehicleControllerBP_C_0,0,1,V_1_C_0,1,1,AutonomousProxy,Authority,140.4,0.000,0.000,0.000,-1284.0,-213.5,55.1,-81.3,-496.5,0.0,18.1,2,2,298.0,2091.0
13.291,VehicleControllerBP_C_1,1,0,V_1_C_1,1,1,Authority,AutonomousProxy,114.6,0.000,0.000,-0.001,-1284.0,-213.5,55.1,-80.1,-488.6,0.0,17.8,8,8,1740.0,384.0
13.291,VehicleControllerBP_C_0,1,1,V_1_C_0,1,0,Authority,SimulatedProxy,0.0,0.998,0.000,-0.992,-2435.2,1663.8,55.2,209.1,-99.4,0.3,8.3,0,0,0.0,0.0
11.701,VehicleControllerBP_C_0,0,1,V_1_C_0,1,1,AutonomousProxy,Authority,140.4,0.000,0.000,0.000,-1292.0,-262.1,55.1,-80.8,-493.3,0.0,18.0,3,3,298.0,2091.0
13.418,VehicleControllerBP_C_1,1,0,V_1_C_1,1,1,Authority,AutonomousProxy,114.6,0.000,0.000,-0.001,-1292.0,-262.1,55.1,-79.6,-485.5,0.0,17.7,1,1,2345.0,295.0
13.418,VehicleControllerBP_C_0,1,1,V_1_C_0,1,0,Authority,SimulatedProxy,0.0,0.999,0.000,-0.994,-2412.6,1652.2,55.3,242.5,-130.4,0.3,9.9,0,0,0.0,0.0
11.828,VehicleControllerBP_C_0,0,1,V_1_C_0,1,1,AutonomousProxy,Authority,137.4,0.000,0.000,0.000,-1300.0,-310.5,55.2,-80.3,-490.1,0.0,17.9,4,4,298.0,2091.0
13.548,VehicleControllerBP_C_1,1,0,V_1_C_1,1,1,Authority,AutonomousProxy,114.6,0.000,0.000,-0.001,-1300.0,-310.5,55.2,-79.1,-482.3,0.0,17.6,2,2,2345.0,295.0
13.548,VehicleControllerBP_C_0,1,1,V_1_C_0,1,0,Authority,SimulatedProxy,0.0,0.999,0.000,-0.996,-2386.4,1636.8,55.3,276.8,-170.7,0.4,11.7,0,0,0.0,0.0
11.958,VehicleControllerBP_C_0,0,1,V_1_C_0,1,1,AutonomousProxy,Authority,137.4,0.000,0.000,0.000,-1307.9,-358.6,55.2,-79.8,-486.9,0.0,17.8,5,5,298.0,2091.0
13.663,VehicleControllerBP_C_1,1,0,V_1_C_1,1,1,Authority,AutonomousProxy,114.6,0.000,0.000,-0.001,-1307.9,-358.6,55.2,-78.7,-479.1,0.0,17.5,3,3,2345.0,295.0
13.663,VehicleControllerBP_C_0,1,1,V_1_C_0,1,0,Authority,SimulatedProxy,0.0,0.999,0.000,-0.997,-2357.7,1617.6,55.3,295.3,-210.8,0.3,13.1,0,0,0.0,0.0
12.072,VehicleControllerBP_C_0,0,1,V_1_C_0,1,1,AutonomousProxy,Authority,137.4,0.000,0.000,0.000,-1315.7,-406.3,55.2,-79.4,-483.8,0.0,17.6,6,6,298.0,2091.0
13.774,VehicleControllerBP_C_1,1,0,V_1_C_1,1,1,Authority,AutonomousProxy,117.7,0.000,0.000,-0.001,-1315.7,-406.3,55.2,-78.2,-476.0,0.0,17.4,4,4,2345.0,295.0
13.774,VehicleControllerBP_C_0,1,1,V_1_C_0,1,0,Authority,SimulatedProxy,0.0,1.000,0.000,-0.998,-2327.6,1594.2,55.3,307.1,-254.5,0.1,14.4,0,0,0.0,0.0
12.184,VehicleControllerBP_C_0,0,1,V_1_C_0,1,1,AutonomousProxy,Authority,137.4,0.000,0.000,0.000,-1323.5,-453.7,55.2,-78.9,-480.6,0.0,17.5,7,7,298.0,2091.0
13.932,VehicleControllerBP_C_1,1,0,V_1_C_1,1,1,Authority,AutonomousProxy,117.7,0.000,0.000,-0.001,-1323.5,-453.7,55.2,-77.7,-472.8,0.0,17.2,5,5,2345.0,295.0
13.932,VehicleControllerBP_C_0,1,1,V_1_C_0,1,0,Authority,SimulatedProxy,0.0,0.526,0.000,-0.999,-2296.6,1566.0,55.4,312.6,-305.1,0.1,15.7,0,0,0.0,0.0
12.342,VehicleControllerBP_C_0,0,1,V_1_C_0,1,1,AutonomousProxy,Authority,137.4,0.000,0.000,0.000,-1331.2,-500.9,55.2,-78.4,-477.4,0.0,17.4,8,8,298.0,2091.0
14.059,VehicleControllerBP_C_1,1,0,V_1_C_1,1,1,Authority,AutonomousProxy,117.7,0.000,0.000,-0.001,-1331.2,-500.9,55.2,-77.2,-469.7,0.0,17.1,6,6,2345.0,295.0
14.059,VehicleControllerBP_C_0,1,1,V_1_C_0,1,0,Authority,SimulatedProxy,0.0,0.326,0.000,-0.999,-2266.0,1533.0,55.4,301.4,-350.9,0.1,16.7,0,0,0.0,0.0
12.468,VehicleControllerBP_C_0,0,1,V_1_C_0,1,1,AutonomousProxy,Authority,137.4,0.000,0.000,0.000,-1338.9,-547.6,55.2,-77.9,-474.3,0.0,17.3,1,1,295.0,2598.0
14.189,VehicleControllerBP_C_1,1,0,V_1_C_1,1,1,Authority,AutonomousProxy,117.7,0.000,0.000,-0.001,-1338.9,-547.6,55.2,-76.8,-466.5,0.0,17.0,7,7,2345.0,295.0
14.189,VehicleControllerBP_C_0,1,1,V_1_C_0,1,0,Authority,SimulatedProxy,0.0,0.198,0.000,-0.999,-2237.1,1496.6,55.4,276.1,-376.4,-0.4,16.8,0,0,0.0,0.0
12.599,VehicleControllerBP_C_0,0,1,V_1_C_0,1,1,AutonomousProxy,Authority,137.4,0.000,0.000,0.000,-1346.6,-594.1,55.2,-77.5,-471.1,0.0,17.2,2,2,295.0,2598.0
14.322,VehicleControllerBP_C_1,1,0,V_1_C_1,1,1,Authority,AutonomousProxy,117.7,0.000,0.000,-0.001,-1346.6,-594.1,55.2,-76.3,-463.4,0.0,16.9,8,8,2345.0,295.0
14.322,VehicleControllerBP_C_0,1,1,V_1_C_0,1,0,Authority,SimulatedProxy,0.0,0.119,0.000,-0.668,-2211.3,1457.5,55.3,244.1,-402.9,-0.7,17.0,0,0,0.0,0.0
12.731,VehicleControllerBP_C_0,0,1,V_1_C_0,1,1,AutonomousProxy,Authority,137.4,0.000,0.000,0.000,-1354.2,-640.3,55.2,-77.0,-468.0,0.0,17.1,3,3,295.0,2598.0
14.448,VehicleControllerBP_C_1,1,0,V_1_C_1,1,1,Authority,AutonomousProxy,117.7,0.000,0.000,-0.001,-1354.2,-640.3,55.2,-75.8,-460.2,0.0,16.8,1,1,2600.0,295.0
14.448,VehicleControllerBP_C_0,1,1,V_1_C_0,1,0,Authority,SimulatedProxy,0.0,0.074,0.000,-0.458,-2187.0,1416.5,55.2,243.6,-418.1,-0.6,17.4,0,0,0.0,0.0
12.857,VehicleControllerBP_C_0,0,1,V_1_C_0,1,1,AutonomousProxy,Authority,138.1,0.000,0.000,0.000,-1361.7,-686.1,55.2,-76.5,-464.8,0.0,17.0,4,4,295.0,2598.0
14.577,VehicleControllerBP_C_1,1,0,V_1_C_1,1,1,Authority,AutonomousProxy,117.7,0.000,0.000,-0.001,-1361.7,-686.1,55.2,-75.3,-457.1,0.0,16.7,2,2,2600.0,295.0
14.577,VehicleControllerBP_C_0,1,1,V_1_C_0,1,0,Authority,SimulatedProxy,0.0,0.046,0.000,-0.310,-2161.6,1374.7,55.2,259.4,-419.7,-0.2,17.8,0,0,0.0,0.0
12.986,VehicleControllerBP_C_0,0,1,V_1_C_0,1,1,AutonomousProxy,Authority,138.1,0.000,0.000,0.000,-1369.2,-731.7,55.2,-76.0,-461.7,0.0,16.8,5,5,295.0,2598.0
14.695,VehicleControllerBP_C_1,1,0,V_1_C_1,1,1,Authority,AutonomousProxy,117.7,0.000,0.000,-0.001,-1369.2,-731.7,55.2,-74.8,-454.0,0.0,16.6,3,3,2600.0,295.0
14.695,VehicleControllerBP_C_0,1,1,V_1_C_0,1,0,Authority,SimulatedProxy,0.0,0.029,0.000,-0.219,-2134.7,1333.0,55.2,274.2,-414.8,0.2,17.9,0,0,0.0,0.0
13.104,VehicleControllerBP_C_0,0,1,V_1_C_0,1,1,AutonomousProxy,Authority,138.1,0.000,0.000,0.000,-1376.7,-776.9,55.2,-75.5,-458.5,0.0,16.7,6,6,295.0,2598.0
14.806,VehicleControllerBP_C_1,1,0,V_1_C_1,1,1,Authority,AutonomousProxy,114.0,0.000,0.000,-0.001,-1376.7,-776.9,55.2,-74.4,-450.8,0.0,16.4,4,4,2600.0,295.0
14.806,VehicleControllerBP_C_0,1,1,V_1_C_0,1,0,Authority,SimulatedProxy,0.0,0.020,0.000,-0.158,-2107.1,1291.7,55.2,275.9,-412.9,0.1,17.9,0,0,0.0,0.0
13.216,VehicleControllerBP_C_0,0,1,V_1_C_0,1,1,AutonomousProxy,Authority,138.1,0.000,0.000,0.000,-1384.1,-821.8,55.2,-75.1,-455.4,0.0,16.6,7,7,295.0,2598.0
14.964,VehicleControllerBP_C_1,1,0,V_1_C_1,1,1,Authority,AutonomousProxy,114.0,0.000,0.000,-0.001,-1384.1,-821.8,55.2,-73.9,-447.7,0.0,16.3,5,5,2600.0,295.0
14.964,VehicleControllerBP_C_0,1,1,V_1_C_0,1,0,Authority,SimulatedProxy,0.0,0.010,0.000,-0.095,-2079.5,1250.6,55.2,275.1,-411.2,-0.2,17.8,0,0,0.0,0.0
13.374,VehicleControllerBP_C_0,0,1,V_1_C_0,1,1,AutonomousProxy,Authority,138.1,0.000,0.000,0.000,-1391.5,-866.4,55.2,-74.6,-452.3,0.0,16.5,8,8,295.0,2598.0
15.092,VehicleControllerBP_C_1,1,0,V_1_C_1,1,1,Authority,AutonomousProxy,114.0,0.000,0.000,-0.001,-1391.5,-866.4,55.2,-73.4,-444.6,0.0,16.2,6,6,2600.0,295.0
15.092,VehicleControllerBP_C_0,1,1,V_1_C_0,1,0,Authority,SimulatedProxy,0.0,0.006,0.000,-0.065,-2051.7,1209.8,55.2,277.1,-407.0,-0.3,17.7,0,0,0.0,0.0
13.501,VehicleControllerBP_C_0,0,1,V_1_C_0,1,1,AutonomousProxy,Authority,138.1,0.000,0.000,0.000,-1398.8,-910.7,55.2,-74.1,-449.1,0.0,16.4,1,1,294.0,2587.0
15.225,VehicleControllerBP_C_1,1,0,V_1_C_1,1,1,Authority,AutonomousProxy,114.0,0.000,0.000,-0.001,-1398.8,-910.7,55.2,-72.9,-441.5,0.0,16.1,7,7,2600.0,295.0
15.225,VehicleControllerBP_C_0,1,1,V_1_C_0,1,0,Authority,SimulatedProxy,0.0,0.004,0.000,-0.043,-2023.9,1169.3,55.1,277.0,-403.7,-0.1,17.6,0,0,0.0,0.0
13.635,VehicleControllerBP_C_0,0,1,V_1_C_0,1,1,AutonomousProxy,Authority,138.1,0.000,0.000,0.000,-1406.1,-954.7,55.2,-73.6,-446.0,0.0,16.3,2,2,294.0,2587.0
15.351,VehicleControllerBP_C_1,1,0,V_1_C_1,1,1,Authority,AutonomousProxy,114.0,0.000,0.000,-0.001,-1406.1,-954.7,55.2,-72.4,-438.3,0.0,16.0,8,8,2600.0,295.0
15.351,VehicleControllerBP_C_0,1,1,V_1_C_0,1,0,Authority,SimulatedProxy,0.0,0.002,0.000,-0.030,-1996.2,1129.2,55.1,276.0,-400.8,0.0,17.5,0,0,0.0,0.0
13.761,VehicleControllerBP_C_0,0,1,V_1_C_0,1,1,AutonomousProxy,Authority,138.1,0.000,0.000,0.000,-1413.3,-998.3,55.2,-73.1,-442.9,0.0,16.2,3,3,294.0,2587.0
15.482,VehicleControllerBP_C_1,1,0,V_1_C_1,1,1,Authority,AutonomousProxy,114.0,0.000,0.000,-0.001,-1413.3,-998.3,55.2,-72.0,-435.2,0.0,15.9,1,1,2609.0,297.0
15.482,VehicleControllerBP_C_0,1,1,V_1_C_0,1,0,Authority,SimulatedProxy,0.0,0.001,0.000,-0.348,-1968.6,1089.3,55.1,274.7,-398.0,0.0,17.4,0,0,0.0,0.0
13.892,VehicleControllerBP_C_0,0,1,V_1_C_0,1,1,AutonomousProxy,Authority,115.5,0.000,0.000,0.000,-1420.4,-1041.7,55.2,-72.7,-439.8,0.0,16.0,4,4,294.0,2587.0
15.612,VehicleControllerBP_C_1,1,0,V_1_C_1,1,1,Authority,AutonomousProxy,114.0,0.000,0.000,-0.001,-1420.4,-1041.7,55.2,-71.5,-432.1,0.0,15.8,2,2,2609.0,297.0
15.612,VehicleControllerBP_C_0,1,1,V_1_C_0,1,0,Authority,SimulatedProxy,0.0,0.001,0.000,-0.559,-1942.8,1048.7,55.2,244.8,-410.1,0.1,17.2,0,0,0.0,0.0
14.021,VehicleControllerBP_C_0,0,1,V_1_C_0,1,1,AutonomousProxy,Authority,115.5,0.000,0.000,0.000,-1427.6,-1084.7,55.2,-72.2,-436.7,0.0,15.9,5,5,294.0,2587.0
15.728,VehicleControllerBP_C_1,1,0,V_1_C_1,1,1,Authority,AutonomousProxy,114.0,0.000,0.000,-0.001,-1427.6,-1084.7,55.2,-71.0,-429.0,0.0,15.7,3,3,2609.0,297.0
15.728,VehicleControllerBP_C_0,1,1,V_1_C_0,1,0,Authority,SimulatedProxy,0.0,0.001,0.000,-0.687,-1921.2,1006.8,55.2,192.9,-425.3,0.1,16.8,0,0,0.0,0.0
14.138,VehicleControllerBP_C_0,0,1,V_1_C_0,1,1,AutonomousProxy,Authority,115.5,0.000,0.000,0.000,-1434.6,-1127.5,55.2,-71.7,-433.5,0.0,15.8,6,6,294.0,2587.0
15.839,VehicleControllerBP_C_1,1,0,V_1_C_1,1,1,Authority,AutonomousProxy,104.7,0.000,0.000,-0.001,-1434.6,-1127.5,55.2,-70.5,-425.9,0.0,15.5,4,4,2609.0,297.0
15.839,VehicleControllerBP_C_0,1,1,V_1_C_0,1,0,Authority,SimulatedProxy,0.0,0.000,0.000,-0.774,-1905.1,963.8,55.2,139.8,-434.0,-0.0,16.4,0,0,0.0,0.0
14.249,VehicleControllerBP_C_0,0,1,V_1_C_0,1,1,AutonomousProxy,Authority,115.5,0.000,0.000,0.000,-1441.7,-1169.9,55.2,-71.2,-430.4,0.0,15.7,7,7,294.0,2587.0
16.000,VehicleControllerBP_C_1,1,0,V_1_C_1,1,1,Authority,AutonomousProxy,104.7,0.000,0.000,-0.001,-1441.7,-1169.9,55.2,-70.0,-422.8,0.0,15.4,5,5,2609.0,297.0
16.000,VehicleControllerBP_C_0,1,1,V_1_C_0,1,0,Authority,SimulatedProxy,0.0,0.000,0.000,-0.865,-1893.4,920.3,55.2,97.6,-437.4,-0.2,16.1,0,0,0.0,0.0
14.410,VehicleControllerBP_C_0,0,1,V_1_C_0,1,1,AutonomousProxy,Authority,115.5,0.000,0.000,0.000,-1448.6,-1212.0,55.2,-70.7,-427.3,0.0,15.6,8,8,294.0,2587.0
16.128,VehicleControllerBP_C_1,1,0,V_1_C_1,1,1,Authority,AutonomousProxy,104.7,0.000,0.000,-0.001,-1448.6,-1212.0,55.2,-69.7,-420.6,0.0,15.3,6,6,2609.0,297.0
16.128,VehicleControllerBP_C_0,1,1,V_1_C_0,1,0,Authority,SimulatedProxy,0.0,0.000,0.000,-0.908,-1886.2,876.7,55.1,53.9,-436.5,-0.1,15.8,0,0,0.0,0.0
14.537,VehicleControllerBP_C_0,0,1,V_1_C_0,1,1,AutonomousProxy,Authority,115.5,0.000,0.000,0.000,-1455.6,-1253.9,55.2,-70.3,-424.2,0.0,15.5,1,1,293.0,2592.0
16.256,VehicleControllerBP_C_1,1,0,V_1_C_1,1,1,Authority,AutonomousProxy,104.7,0.000,0.000,-0.001,-1455.6,-1253.9,55.2,-69.3,-417.7,0.0,15.2,7,7,2609.0,297.0
16.256,VehicleControllerBP_C_0,1,1,V_1_C_0,1,0,Authority,SimulatedProxy,0.0,0.000,0.000,-0.617,-1883.1,833.2,55.1,13.9,-433.8,0.1,15.6,0,0,0.0,0.0
14.666,VehicleControllerBP_C_0,0,1,V_1_C_0,1,1,AutonomousProxy,Authority,115.5,0.000,0.000,0.000,-1462.5,-1295.5,55.2,-69.8,-421.4,0.0,15.4,2,2,293.0,2592.0
16.355,VehicleControllerBP_C_1,1,0,V_1_C_1,1,1,Authority,AutonomousProxy,104.7,0.000,0.000,-0.001,-1462.5,-1295.5,55.2,-68.8,-414.4,0.0,15.1,8,8,2609.0,297.0
16.355,VehicleControllerBP_C_0,1,1,V_1_C_0,1,0,Authority,SimulatedProxy,0.0,0.000,0.000,-0.465,-1881.4,789.6,55.1,15.7,-439.3,-0.0,15.8,0,0,0.0,0.0
14.764,VehicleControllerBP_C_0,0,1,V_1_C_0,1,1,AutonomousProxy,Authority,115.5,0.000,0.000,0.000,-1469.2,-1336.2,55.2,-69.5,-419.2,0.0,15.3,3,3,293.0,2592.0
16.510,VehicleControllerBP_C_1,1,0,V_1_C_1,1,1,Authority,AutonomousProxy,104.7,0.000,0.000,-0.001,-1469.2,-1336.2,55.2,-68.3,-411.4,-0.0,15.0,1,1,2648.0,299.0
16.510,VehicleControllerBP_C_0,1,1,V_1_C_0,1,0,Authority,SimulatedProxy,0.0,0.000,0.000,-0.284,-1878.9,746.1,55.1,28.7,-442.4,0.1,16.0,0,0,0.0,0.0
14.920,VehicleControllerBP_C_0,0,1,V_1_C_0,1,1,AutonomousProxy,Authority,122.4,0.000,0.000,0.000,-1476.0,-1377.1,55.2,-71.1,-429.0,0.0,15.7,4,4,293.0,2592.0
16.637,VehicleControllerBP_C_1,1,0,V_1_C_1,1,1,Authority,AutonomousProxy,104.7,0.000,0.000,-0.001,-1476.0,-1377.1,55.2,-67.8,-408.3,-0.0,14.9,2,2,2648.0,299.0
16.637,VehicleControllerBP_C_0,1,1,V_1_C_0,1,0,Authority,SimulatedProxy,0.0,0.000,0.000,-0.194,-1875.5,701.9,55.2,39.4,-441.9,0.3,16.0,0,0,0.0,0.0
15.046,VehicleControllerBP_C_0,0,1,V_1_C_0,1,1,AutonomousProxy,Authority,122.4,0.000,0.000,0.000,-1482.8,-1417.8,55.2,-66.4,-399.9,-0.0,14.6,5,5,293.0,2592.0
16.770,VehicleControllerBP_C_1,1,0,V_1_C_1,1,1,Authority,AutonomousProxy,104.7,0.000,0.000,-0.001,-1482.8,-1417.8,55.2,-67.3,-405.2,0.0,14.8,3,3,2648.0,299.0
16.770,VehicleControllerBP_C_0,1,1,V_1_C_0,1,0,Authority,SimulatedProxy,0.0,0.400,0.000,-0.129,-1871.1,657.9,55.2,44.8,-439.2,0.0,15.9,0,0,0.0,0.0
15.180,VehicleControllerBP_C_0,0,1,V_1_C_0,1,1,AutonomousProxy,Authority,122.4,0.000,0.000,0.000,-1489.5,-1458.1,55.2,-68.0,-409.7,-0.0,15.0,6,6,293.0,2592.0
16.870,VehicleControllerBP_C_1,1,0,V_1_C_1,1,1,Authority,AutonomousProxy,108.4,0.000,0.000,-0.001,-1489.5,-1458.1,55.2,-66.8,-402.1,0.0,14.7,4,4,2648.0,299.0
16.870,VehicleControllerBP_C_0,1,1,V_1_C_0,1,0,Authority,SimulatedProxy,0.0,0.580,0.000,-0.097,-1866.3,613.4,55.2,48.6,-449.1,-0.1,16.3,0,0,0.0,0.0
15.279,VehicleControllerBP_C_0,0,1,V_1_C_0,1,1,AutonomousProxy,Authority,122.4,0.000,0.000,0.000,-1496.1,-1498.1,55.2,-67.5,-406.6,-0.0,14.8,7,7,293.0,2592.0
17.020,VehicleControllerBP_C_1,1,0,V_1_C_1,1,1,Authority,AutonomousProxy,108.4,0.000,0.000,-0.001,-1496.1,-1498.1,55.2,-66.3,-399.1,0.0,14.6,5,5,2648.0,299.0
17.020,VehicleControllerBP_C_0,1,1,V_1_C_0,1,0,Authority,SimulatedProxy,0.0,0.769,0.000,-0.061,-1861.2,567.6,55.2,50.5,-465.0,0.2,16.8,0,0,0.0,0.0
15.430,VehicleControllerBP_C_0,0,1,V_1_C_0,1,1,AutonomousProxy,Authority,122.4,0.000,0.000,0.000,-1502.7,-1537.9,55.2,-67.3,-405.0,0.0,14.8,8,8,293.0,2592.0
17.148,VehicleControllerBP_C_1,1,0,V_1_C_1,1,1,Authority,AutonomousProxy,108.4,0.000,0.000,-0.001,-1502.7,-1537.9,55.2,-65.9,-396.0,0.0,14.5,6,6,2648.0,299.0
17.148,VehicleControllerBP_C_0,1,1,V_1_C_0,1,0,Authority,SimulatedProxy,0.0,0.858,0.000,-0.041,-1855.8,519.9,55.2,55.3,-487.7,0.4,17.7,0,0,0.0,0.0
15.558,VehicleControllerBP_C_0,0,1,V_1_C_0,1,1,AutonomousProxy,Authority,122.4,0.000,0.000,0.000,-1509.3,-1577.3,55.2,-66.3,-399.1,0.0,14.6,1,1,301.0,2633.0
17.281,VehicleControllerBP_C_1,1,0,V_1_C_1,1,1,Authority,AutonomousProxy,108.4,0.000,0.000,-0.001,-1509.3,-1577.3,55.2,-65.4,-392.9,-0.0,14.3,7,7,2648.0,299.0
17.281,VehicleControllerBP_C_0,1,1,V_1_C_0,1,0,Authority,SimulatedProxy,0.0,0.914,0.000,-0.028,-1849.9,469.6,55.3,59.5,-514.7,0.5,18.7,0,0,0.0,0.0
15.690,VehicleControllerBP_C_0,0,1,V_1_C_0,1,1,AutonomousProxy,Authority,122.4,0.000,0.000,0.000,-1515.8,-1616.4,55.2,-66.1,-397.4,0.0,14.5,2,2,301.0,2633.0
17.388,VehicleControllerBP_C_1,1,0,V_1_C_1,1,1,Authority,AutonomousProxy,108.4,0.000,0.000,-0.001,-1515.8,-1616.4,55.2,-64.9,-389.9,-0.0,14.2,8,8,2648.0,299.0
17.388,VehicleControllerBP_C_0,1,1,V_1_C_0,1,0,Authority,SimulatedProxy,0.0,0.942,0.000,-0.020,-1843.7,416.5,55.3,63.5,-545.1,0.4,19.8,0,0,0.0,0.0
15.798,VehicleControllerBP_C_0,0,1,V_1_C_0,1,1,AutonomousProxy,Authority,122.4,0.000,0.000,0.000,-1522.3,-1655.2,55.2,-65.6,-394.3,-0.0,14.4,3,3,301.0,2633.0
17.535,VehicleControllerBP_C_1,1,0,V_1_C_1,1,1,Authority,AutonomousProxy,108.4,0.000,0.000,-0.001,-1522.3,-1655.2,55.2,-64.4,-386.8,0.0,14.1,1,1,2562.0,294.0
17.535,VehicleControllerBP_C_0,1,1,V_1_C_0,1,0,Authority,SimulatedProxy,0.0,0.968,0.000,-0.381,-1837.1,360.2,55.3,67.3,-577.8,0.3,20.9,0,0,0.0,0.0
15.945,VehicleControllerBP_C_0,0,1,V_1_C_0,1,1,AutonomousProxy,Authority,123.5,0.000,0.000,0.000,-1528.7,-1693.7,55.2,-65.1,-391.3,-0.0,14.3,4,4,301.0,2633.0
17.658,VehicleControllerBP_C_1,1,0,V_1_C_1,1,1,Authority,AutonomousProxy,108.4,0.000,0.000,-0.001,-1528.7,-1693.7,55.2,-63.9,-383.8,0.0,14.0,2,2,2562.0,294.0
17.658,VehicleControllerBP_C_0,1,1,V_1_C_0,1,0,Authority,SimulatedProxy,0.0,0.980,0.000,-0.571,-1832.2,300.4,55.4,33.7,-612.6,0.3,22.1,0,0,0.0,0.0
16.068,VehicleControllerBP_C_0,0,1,V_1_C_0,1,1,AutonomousProxy,Authority,123.5,0.000,0.000,0.000,-1535.1,-1732.0,55.2,-64.6,-388.2,0.0,14.2,5,5,301.0,2633.0
17.788,VehicleControllerBP_C_1,1,0,V_1_C_1,1,1,Authority,AutonomousProxy,108.4,0.000,0.000,-0.001,-1535.1,-1732.0,55.2,-63.5,-380.7,0.0,13.9,3,3,2562.0,294.0
17.788,VehicleControllerBP_C_0,1,1,V_1_C_0,1,0,Authority,SimulatedProxy,0.0,0.988,0.000,-0.710,-1832.8,237.6,55.4,-36.9,-639.4,0.4,23.1,0,0,0.0,0.0
16.198,VehicleControllerBP_C_0,0,1,V_1_C_0,1,1,AutonomousProxy,Authority,123.5,0.000,0.000,0.000,-1541.4,-1769.9,55.2,-64.2,-385.2,0.0,14.1,6,6,301.0,2633.0
17.886,VehicleControllerBP_C_1,1,0,V_1_C_1,1,1,Authority,AutonomousProxy,109.0,0.000,0.000,-0.001,-1541.4,-1769.9,55.2,-63.0,-377.6,0.0,13.8,4,4,2562.0,294.0
17.886,VehicleControllerBP_C_0,1,1,V_1_C_0,1,0,Authority,SimulatedProxy,0.0,0.991,0.000,-0.781,-1841.6,173.1,55.5,-127.4,-651.2,0.4,23.9,0,0,0.0,0.0
16.296,VehicleControllerBP_C_0,0,1,V_1_C_0,1,1,AutonomousProxy,Authority,123.5,0.000,0.000,0.000,-1547.5,-1806.7,55.2,-63.7,-382.1,0.0,13.9,7,7,301.0,2633.0
18.040,VehicleControllerBP_C_1,1,0,V_1_C_1,1,1,Authority,AutonomousProxy,109.0,0.000,0.000,-0.001,-1547.5,-1806.7,55.2,-62.5,-374.7,0.0,13.7,5,5,2562.0,294.0
18.040,VehicleControllerBP_C_0,1,1,V_1_C_0,1,0,Authority,SimulatedProxy,0.0,0.995,0.000,-0.481,-1858.7,109.0,55.5,-213.4,-658.7,0.2,24.9,0,0,0.0,0.0
16.450,VehicleControllerBP_C_0,0,1,V_1_C_0,1,1,AutonomousProxy,Authority,123.5,0.000,0.000,0.000,-1553.8,-1844.0,55.2,-65.6,-393.5,0.0,14.4,8,8,301.0,2633.0
18.168,VehicleControllerBP_C_1,1,0,V_1_C_1,1,1,Authority,AutonomousProxy,109.0,0.000,0.000,-0.001,-1553.8,-1844.0,55.2,-62.0,-371.6,0.0,13.6,6,6,2562.0,294.0
18.168,VehicleControllerBP_C_0,1,1,V_1_C_0,1,0,Authority,SimulatedProxy,0.0,0.612,0.000,-0.326,-1881.7,41.3,55.5,-248.8,-693.8,-0.4,26.5,0,0,0.0,0.0
16.578,VehicleControllerBP_C_0,0,1,V_1_C_0,1,1,AutonomousProxy,Authority,123.5,0.000,0.000,0.000,-1559.9,-1881.0,55.2,-60.4,-361.9,0.0,13.2,1,1,297.0,2617.0
18.295,VehicleControllerBP_C_1,1,0,V_1_C_1,1,1,Authority,AutonomousProxy,109.0,0.000,0.000,-0.001,-1559.9,-1881.0,55.2,-61.5,-368.6,0.0,13.5,7,7,2562.0,294.0
18.295,VehicleControllerBP_C_0,1,1,V_1_C_0,1,0,Authority,SimulatedProxy,0.0,0.379,0.000,-0.223,-1906.6,-29.8,55.4,-255.3,-723.2,-0.2,27.6,0,0,0.0,0.0
16.705,VehicleControllerBP_C_0,0,1,V_1_C_0,1,1,AutonomousProxy,Authority,123.5,0.000,0.000,0.000,-1566.1,-1917.7,55.2,-62.2,-373.0,0.0,13.6,2,2,297.0,2617.0
18.402,VehicleControllerBP_C_1,1,0,V_1_C_1,1,1,Authority,AutonomousProxy,109.0,0.000,0.000,-0.001,-1566.1,-1917.7,55.2,-61.0,-365.5,0.0,13.3,8,8,2562.0,294.0
18.402,VehicleControllerBP_C_0,1,1,V_1_C_0,1,0,Authority,SimulatedProxy,0.0,0.257,0.000,-0.163,-1932.3,-102.9,55.4,-261.7,-737.0,-0.2,28.2,0,0,0.0,0.0
16.812,VehicleControllerBP_C_0,0,1,V_1_C_0,1,1,AutonomousProxy,Authority,123.5,0.000,0.000,0.000,-1572.1,-1954.1,55.2,-61.8,-370.0,0.0,13.5,3,3,297.0,2617.0
18.554,VehicleControllerBP_C_1,1,0,V_1_C_1,1,1,Authority,AutonomousProxy,109.0,0.000,0.000,-0.001,-1572.1,-1954.1,55.2,-60.6,-362.5,0.0,13.2,1,1,2658.0,301.0
18.554,VehicleControllerBP_C_0,1,1,V_1_C_0,1,0,Authority,SimulatedProxy,0.0,0.140,0.000,-0.101,-1959.0,-176.8,55.4,-273.9,-741.0,-0.7,28.4,0,0,0.0,0.0
16.964,VehicleControllerBP_C_0,0,1,V_1_C_0,1,1,AutonomousProxy,Authority,123.9,0.000,0.000,0.000,-1578.2,-1990.2,55.2,-61.3,-366.9,0.0,13.4,4,4,297.0,2617.0
18.684,VehicleControllerBP_C_1,1,0,V_1_C_1,1,1,Authority,AutonomousProxy,109.0,0.000,0.000,-0.001,-1578.2,-1990.2,55.2,-60.1,-359.5,0.0,13.1,2,2,2658.0,301.0
18.684,VehicleControllerBP_C_0,1,1,V_1_C_0,1,0,Authority,SimulatedProxy,0.0,0.086,0.000,-0.068,-1986.3,-251.0,55.3,-277.5,-742.5,-1.0,28.5,0,0,0.0,0.0
17.093,VehicleControllerBP_C_0,0,1,V_1_C_0,1,1,AutonomousProxy,Authority,123.9,0.000,0.000,0.000,-1584.1,-2026.0,55.2,-60.8,-363.9,0.0,13.3,5,5,297.0,2617.0
18.813,VehicleControllerBP_C_1,1,0,V_1_C_1,1,1,Authority,AutonomousProxy,109.0,0.000,0.000,-0.001,-1584.1,-2026.0,55.2,-59.6,-356.4,0.0,13.0,3,3,2658.0,301.0
18.813,VehicleControllerBP_C_0,1,1,V_1_C_0,1,0,Authority,SimulatedProxy,0.0,0.052,0.000,-0.046,-2014.1,-325.2,55.2,-280.3,-741.6,-0.7,28.5,0,0,0.0,0.0
17.222,VehicleControllerBP_C_0,0,1,V_1_C_0,1,1,AutonomousProxy,Authority,123.9,0.000,0.000,0.000,-1590.1,-2061.5,55.2,-60.3,-360.9,0.0,13.2,6,6,297.0,2617.0
18.918,VehicleControllerBP_C_1,1,0,V_1_C_1,1,1,Authority,AutonomousProxy,109.5,0.000,0.000,-0.001,-1590.1,-2061.5,55.2,-59.1,-353.4,0.0,12.9,4,4,2658.0,301.0
18.918,VehicleControllerBP_C_0,1,1,V_1_C_0,1,0,Authority,SimulatedProxy,0.0,0.036,0.000,-0.034,-2042.0,-399.3,55.2,-280.2,-740.1,-0.3,28.5,0,0,0.0,0.0
17.328,VehicleControllerBP_C_0,0,1,V_1_C_0,1,1,AutonomousProxy,Authority,123.9,0.000,0.000,0.000,-1596.0,-2096.6,55.2,-59.8,-357.8,0.0,13.1,7,7,297.0,2617.0
19.071,VehicleControllerBP_C_1,1,0,V_1_C_1,1,1,Authority,AutonomousProxy,109.5,0.000,0.000,-0.001,-1596.0,-2096.6,55.2,-58.6,-350.4,0.0,12.8,5,5,2658.0,301.0
19.071,VehicleControllerBP_C_0,1,1,V_1_C_0,1,0,Authority,SimulatedProxy,0.0,0.019,0.000,0.360,-2070.0,-473.2,55.2,-280.5,-737.7,-0.0,28.4,0,0,0.0,0.0
17.480,VehicleControllerBP_C_0,0,1,V_1_C_0,1,1,AutonomousProxy,Authority,123.9,0.000,0.000,0.000,-1601.8,-2131.5,55.2,-59.3,-354.8,0.0,13.0,8,8,297.0,2617.0
19.205,VehicleControllerBP_C_1,1,0,V_1_C_1,1,1,Authority,AutonomousProxy,109.5,0.000,0.000,-0.001,-1601.8,-2131.5,55.2,-58.2,-347.4,0.0,12.7,6,6,2658.0,301.0
19.205,VehicleControllerBP_C_0,1,1,V_1_C_0,1,0,Authority,SimulatedProxy,0.0,0.012,0.000,0.576,-2096.0,-547.4,55.2,-241.5,-745.1,0.1,28.2,0,0,0.0,0.0
17.615,VehicleControllerBP_C_0,0,1,V_1_C_0,1,1,AutonomousProxy,Authority,123.9,0.000,0.000,0.000,-1607.6,-2166.1,55.2,-58.9,-351.8,0.0,12.8,1,1,295.0,2593.0
19.336,VehicleControllerBP_C_1,1,0,V_1_C_1,1,1,Authority,AutonomousProxy,109.5,0.000,0.000,-0.001,-1607.6,-2166.1,55.2,-57.7,-344.4,0.0,12.6,7,7,2658.0,301.0
19.336,VehicleControllerBP_C_0,1,1,V_1_C_0,1,0,Authority,SimulatedProxy,0.0,0.007,0.000,0.388,-2115.3,-622.5,55.2,-156.1,-752.6,0.2,27.7,0,0,0.0,0.0
17.745,VehicleControllerBP_C_0,0,1,V_1_C_0,1,1,AutonomousProxy,Authority,123.9,0.000,0.000,0.000,-1613.3,-2200.4,55.2,-58.4,-348.8,0.0,12.7,2,2,295.0,2593.0
19.436,VehicleControllerBP_C_1,1,0,V_1_C_1,1,1,Authority,AutonomousProxy,109.5,0.000,0.000,-0.001,-1613.3,-2200.4,55.2,-57.2,-341.3,0.0,12.5,8,8,2658.0,301.0
19.436,VehicleControllerBP_C_0,1,1,V_1_C_0,1,0,Authority,SimulatedProxy,0.0,0.005,0.000,0.291,-2128.9,-697.7,55.2,-113.8,-755.6,-0.3,27.5,0,0,0.0,0.0
17.846,VehicleControllerBP_C_0,0,1,V_1_C_0,1,1,AutonomousProxy,Authority,123.9,0.000,0.000,0.000,-1619.0,-2234.3,55.2,-57.9,-345.7,0.0,12.6,3,3,295.0,2593.0
19.582,VehicleControllerBP_C_1,1,0,V_1_C_1,1,1,Authority,AutonomousProxy,109.5,0.000,0.000,-0.001,-1619.0,-2234.3,55.2,-56.7,-338.3,0.0,12.3,1,1,2572.0,293.0
19.582,VehicleControllerBP_C_0,1,1,V_1_C_0,1,0,Authority,SimulatedProxy,0.0,0.003,0.000,0.185,-2140.0,-773.3,55.1,-99.3,-756.4,-0.3,27.5,0,0,0.0,0.0
17.991,VehicleControllerBP_C_0,0,1,V_1_C_0,1,1,AutonomousProxy,Authority,126.0,0.000,0.000,0.000,-1624.7,-2268.0,55.2,-57.4,-342.7,0.0,12.5,4,4,295.0,2593.0
19.710,VehicleControllerBP_C_1,1,0,V_1_C_1,1,1,Authority,AutonomousProxy,109.5,0.000,0.000,-0.001,-1624.7,-2268.0,55.2,-56.2,-335.3,0.0,12.2,2,2,2572.0,293.0
19.710,VehicleControllerBP_C_0,1,1,V_1_C_0,1,0,Authority,SimulatedProxy,0.0,0.002,0.000,0.125,-2150.0,-848.9,55.1,-97.3,-755.2,0.1,27.4,0,0,0.0,0.0
18.120,VehicleControllerBP_C_0,0,1,V_1_C_0,1,1,AutonomousProxy,Authority,126.0,0.000,0.000,0.000,-1630.3,-2301.4,55.2,-56.9,-339.7,0.0,12.4,5,5,295.0,2593.0
19.840,VehicleControllerBP_C_1,1,0,V_1_C_1,1,1,Authority,AutonomousProxy,109.5,0.000,0.000,-0.001,-1630.3,-2301.4,55.2,-55.7,-332.3,0.0,12.1,3,3,2572.0,293.0
19.840,VehicleControllerBP_C_0,1,1,V_1_C_0,1,0,Authority,SimulatedProxy,0.0,0.001,0.000,0.085,-2159.7,-924.3,55.1,-93.2,-752.9,0.3,27.3,0,0,0.0,0.0
18.250,VehicleControllerBP_C_0,0,1,V_1_C_0,1,1,AutonomousProxy,Authority,126.0,0.000,0.000,0.000,-1635.8,-2334.4,55.2,-56.4,-336.7,0.0,12.3,6,6,295.0,2593.0
19.953,VehicleControllerBP_C_1,1,0,V_1_C_1,1,1,Authority,AutonomousProxy,109.3,0.000,0.000,-0.001,-1635.8,-2334.4,55.2,-55.2,-329.3,0.0,12.0,4,4,2572.0,293.0
19.953,VehicleControllerBP_C_0,1,1,V_1_C_0,1,0,Authority,SimulatedProxy,0.0,0.001,0.000,0.061,-2169.0,-999.4,55.2,-88.9,-750.2,0.1,27.2,0,0,0.0,0.0
18.363,VehicleControllerBP_C_0,0,1,V_1_C_0,1,1,AutonomousProxy,Authority,126.0,0.000,0.000,0.000,-1641.3,-2367.2,55.2,-56.0,-333.7,0.0,12.2,7,7,295.0,2593.0
20.097,VehicleControllerBP_C_1,1,0,V_1_C_1,1,1,Authority,AutonomousProxy,109.3,0.000,0.000,-0.001,-1641.3,-2367.2,55.2,-54.8,-326.3,0.0,11.9,5,5,2572.0,293.0
20.097,VehicleControllerBP_C_0,1,1,V_1_C_0,1,0,Authority,SimulatedProxy,0.0,0.000,0.000,0.039,-2177.9,-1074.2,55.2,-86.4,-747.0,-0.1,27.1,0,0,0.0,0.0
18.507,VehicleControllerBP_C_0,0,1,V_1_C_0,1,1,AutonomousProxy,Authority,126.0,0.000,0.000,0.000,-1646.8,-2399.7,55.2,-55.5,-330.7,0.0,12.1,8,8,295.0,2593.0
20.225,VehicleControllerBP_C_1,1,0,V_1_C_1,1,1,Authority,AutonomousProxy,109.3,0.000,0.000,-0.001,-1646.8,-2399.7,55.2,-54.3,-323.3,0.0,11.8,6,6,2572.0,293.0
20.225,VehicleControllerBP_C_0,1,1,V_1_C_0,1,0,Authority,SimulatedProxy,0.0,0.000,0.000,0.026,-2186.7,-1148.7,55.2,-86.6,-743.4,-0.1,26.9,0,0,0.0,0.0
18.635,VehicleControllerBP_C_0,0,1,V_1_C_0,1,1,AutonomousProxy,Authority,126.0,0.000,0.000,0.000,-1652.2,-2431.8,55.2,-55.0,-327.7,0.0,12.0,1,1,296.0,2598.0
20.352,VehicleControllerBP_C_1,1,0,V_1_C_1,1,1,Authority,AutonomousProxy,109.3,0.000,0.000,-0.001,-1652.2,-2431.8,55.2,-53.8,-320.3,0.0,11.7,7,7,2572.0,293.0
20.352,VehicleControllerBP_C_0,1,1,V_1_C_0,1,0,Authority,SimulatedProxy,0.0,0.000,0.000,0.018,-2195.4,-1222.8,55.1,-86.3,-739.9,-0.0,26.8,0,0,0.0,0.0
18.762,VehicleControllerBP_C_0,0,1,V_1_C_0,1,1,AutonomousProxy,Authority,126.0,0.000,0.000,0.000,-1657.5,-2463.7,55.2,-54.5,-324.7,0.0,11.9,2,2,296.0,2598.0
20.472,VehicleControllerBP_C_1,1,0,V_1_C_1,1,1,Authority,AutonomousProxy,109.3,0.000,0.000,-0.001,-1657.5,-2463.7,55.2,-53.3,-317.3,0.0,11.6,8,8,2572.0,293.0
20.472,VehicleControllerBP_C_0,1,1,V_1_C_0,1,0,Authority,SimulatedProxy,0.0,0.000,0.000,0.013,-2204.1,-1296.6,55.1,-85.7,-736.3,0.0,26.7,0,0,0.0,0.0
18.881,VehicleControllerBP_C_0,0,1,V_1_C_0,1,1,AutonomousProxy,Authority,126.0,0.000,0.000,0.000,-1662.8,-2495.3,55.2,-54.0,-321.7,0.0,11.7,3,3,296.0,2598.0
20.608,VehicleControllerBP_C_1,1,0,V_1_C_1,1,1,Authority,AutonomousProxy,109.3,0.000,0.000,-0.001,-1662.8,-2495.3,55.2,-52.8,-314.3,0.0,11.5,1,1,2594.0,296.0
20.608,VehicleControllerBP_C_0,1,1,V_1_C_0,1,0,Authority,SimulatedProxy,0.0,0.000,0.000,0.008,-2212.6,-1370.1,55.1,-85.1,-732.8,0.0,26.6,0,0,0.0,0.0
19.017,VehicleControllerBP_C_0,0,1,V_1_C_0,1,1,AutonomousProxy,Authority,126.1,0.000,0.000,0.000,-1668.1,-2526.5,55.2,-53.5,-318.7,0.0,11.6,4,4,296.0,2598.0
20.737,VehicleControllerBP_C_1,1,0,V_1_C_1,1,1,Authority,AutonomousProxy,109.3,0.000,0.000,-0.001,-1668.1,-2526.5,55.2,-52.3,-311.3,0.0,11.4,2,2,2594.0,296.0
20.737,VehicleControllerBP_C_0,1,1,V_1_C_0,1,0,Authority,SimulatedProxy,0.0,0.000,0.000,0.006,-2221.2,-1443.1,55.1,-84.8,-729.2,0.0,26.4,0,0,0.0,0.0
19.146,VehicleControllerBP_C_0,0,1,V_1_C_0,1,1,AutonomousProxy,Authority,126.1,0.000,0.000,0.000,-1673.3,-2557.5,55.2,-53.0,-315.7,0.0,11.5,5,5,296.0,2598.0
20.863,VehicleControllerBP_C_1,1,0,V_1_C_1,1,1,Authority,AutonomousProxy,109.3,0.000,0.000,-0.001,-1673.3,-2557.5,55.2,-51.9,-308.3,0.0,11.3,3,3,2594.0,296.0
20.863,VehicleControllerBP_C_0,1,1,V_1_C_0,1,0,Authority,SimulatedProxy,0.0,0.000,0.000,0.004,-2229.6,-1515.9,55.1,-84.3,-725.7,-0.0,26.3,0,0,0.0,0.0
19.273,VehicleControllerBP_C_0,0,1,V_1_C_0,1,1,AutonomousProxy,Authority,126.1,0.000,0.000,0.000,-1678.4,-2588.2,55.2,-52.6,-312.7,0.0,11.4,6,6,296.0,2598.0
20.967,VehicleControllerBP_C_1,1,0,V_1_C_1,1,1,Authority,AutonomousProxy,110.3,0.000,0.000,-0.001,-1678.4,-2588.2,55.2,-51.4,-305.4,0.0,11.1,4,4,2594.0,296.0
20.967,VehicleControllerBP_C_0,1,1,V_1_C_0,1,0,Authority,SimulatedProxy,0.0,0.000,0.000,0.003,-2238.1,-1588.2,55.1,-83.9,-722.1,-0.0,26.2,0,0,0.0,0.0
19.376,VehicleControllerBP_C_0,0,1,V_1_C_0,1,1,AutonomousProxy,Authority,126.1,0.000,0.000,0.000,-1683.5,-2618.5,55.2,-52.1,-309.7,0.0,11.3,7,7,296.0,2598.0
21.119,VehicleControllerBP_C_1,1,0,V_1_C_1,1,1,Authority,AutonomousProxy,110.3,0.000,0.000,-0.001,-1683.5,-2618.5,55.2,-50.9,-302.4,0.0,11.0,5,5,2594.0,296.0
21.119,VehicleControllerBP_C_0,1,1,V_1_C_0,1,0,Authority,SimulatedProxy,0.0,0.000,0.000,0.002,-2246.4,-1660.2,55.1,-83.4,-718.6,-0.0,26.0,0,0,0.0,0.0
19.529,VehicleControllerBP_C_0,0,1,V_1_C_0,1,1,AutonomousProxy,Authority,126.1,0.000,0.000,0.000,-1688.6,-2648.6,55.2,-51.6,-306.7,0.0,11.2,8,8,296.0,2598.0
21.251,VehicleControllerBP_C_1,1,0,V_1_C_1,1,1,Authority,AutonomousProxy,110.3,0.000,0.000,-0.001,-1688.6,-2648.6,55.2,-50.4,-299.4,0.0,10.9,6,6,2594.0,296.0
21.251,VehicleControllerBP_C_0,1,1,V_1_C_0,1,0,Authority,SimulatedProxy,0.0,0.000,0.000,0.001,-2254.8,-1731.9,55.1,-83.1,-715.0,0.0,25.9,0,0,0.0,0.0
19.660,VehicleControllerBP_C_0,0,1,V_1_C_0,1,1,AutonomousProxy,Authority,126.1,0.000,0.000,0.000,-1693.6,-2678.4,55.2,-51.1,-303.7,0.0,11.1,1,1,296.0,2579.0
21.372,VehicleControllerBP_C_1,1,0,V_1_C_1,1,1,Authority,AutonomousProxy,110.3,0.000,0.000,-0.001,-1693.6,-2678.4,55.2,-49.9,-296.4,0.0,10.8,7,7,2594.0,296.0
21.372,VehicleControllerBP_C_0,1,1,V_1_C_0,1,0,Authority,SimulatedProxy,0.0,0.000,0.000,0.001,-2263.1,-1803.2,55.1,-82.7,-711.5,0.0,25.8,0,0,0.0,0.0
19.782,VehicleControllerBP_C_0,0,1,V_1_C_0,1,1,AutonomousProxy,Authority,126.1,0.000,0.000,0.000,-1698.6,-2707.9,55.2,-50.6,-300.8,0.0,11.0,2,2,296.0,2579.0
21.485,VehicleControllerBP_C_1,1,0,V_1_C_1,1,1,Authority,AutonomousProxy,110.3,0.000,0.000,-0.001,-1698.6,-2707.9,55.2,-49.4,-293.4,0.0,10.7,8,8,2594.0,296.0
21.485,VehicleControllerBP_C_0,1,1,V_1_C_0,1,0,Authority,SimulatedProxy,0.0,0.000,0.000,0.001,-2271.3,-1874.2,55.1,-82.2,-708.0,0.0,25.7,0,0,0.0,0.0
19.895,VehicleControllerBP_C_0,0,1,V_1_C_0,1,1,AutonomousProxy,Authority,126.1,0.000,0.000,0.000,-1703.5,-2737.1,55.2,-50.1,-297.8,0.0,10.9,3,3,296.0,2579.0
21.628,VehicleControllerBP_C_1,1,0,V_1_C_1,1,1,Authority,AutonomousProxy,110.3,0.000,0.000,-0.001,-1703.5,-2737.1,55.2,-48.9,-290.5,0.0,10.6,1,1,2572.0,296.0
21.628,VehicleControllerBP_C_0,1,1,V_1_C_0,1,0,Authority,SimulatedProxy,0.0,0.000,0.000,0.000,-2279.5,-1944.8,55.1,-81.8,-704.4,0.0,25.5,0,0,0.0,0.0
20.038,VehicleControllerBP_C_0,0,1,V_1_C_0,1,1,AutonomousProxy,Authority,125.5,0.000,0.000,0.000,-1708.4,-2765.9,55.2,-49.7,-294.8,0.0,10.8,4,4,296.0,2579.0
21.755,VehicleControllerBP_C_1,1,0,V_1_C_1,1,1,Authority,AutonomousProxy,110.3,0.000,0.000,-0.001,-1708.4,-2765.9,55.2,-48.5,-287.5,0.0,10.5,2,2,2572.0,296.0
21.755,VehicleControllerBP_C_0,1,1,V_1_C_0,1,0,Authority,SimulatedProxy,0.0,0.000,0.000,0.000,-2287.7,-2015.0,55.1,-81.4,-700.9,0.0,25.4,0,0,0.0,0.0
20.165,VehicleControllerBP_C_0,0,1,V_1_C_0,1,1,AutonomousProxy,Authority,125.5,0.000,0.000,0.000,-1713.2,-2794.5,55.2,-49.2,-291.8,0.0,10.7,5,5,296.0,2579.0
21.881,VehicleControllerBP_C_1,1,0,V_1_C_1,1,1,Authority,AutonomousProxy,110.3,0.000,0.000,-0.001,-1713.2,-2794.5,55.2,-48.0,-284.5,0.0,10.4,3,3,2572.0,296.0
21.881,VehicleControllerBP_C_0,1,1,V_1_C_0,1,0,Authority,SimulatedProxy,0.0,0.000,0.000,0.000,-2295.8,-2084.9,55.1,-81.0,-697.4,0.0,25.3,0,0,0.0,0.0
20.290,VehicleControllerBP_C_0,0,1,V_1_C_0,1,1,AutonomousProxy,Authority,125.5,0.000,0.000,0.000,-1718.0,-2822.8,55.2,-48.7,-288.9,0.0,10.5,6,6,296.0,2579.0
21.984,VehicleControllerBP_C_1,1,0,V_1_C_1,1,1,Authority,AutonomousProxy,110.6,0.000,0.000,-0.001,-1718.0,-2822.8,55.2,-47.5,-281.6,0.0,10.3,4,4,2572.0,296.0
21.984,VehicleControllerBP_C_0,1,1,V_1_C_0,1,0,Authority,SimulatedProxy,0.0,0.000,0.000,0.000,-2303.9,-2154.5,55.1,-80.6,-693.9,0.0,25.1,0,0,0.0,0.0
20.393,VehicleControllerBP_C_0,0,1,V_1_C_0,1,1,AutonomousProxy,Authority,125.5,0.000,0.000,0.000,-1722.7,-2850.8,55.2,-48.2,-285.9,0.0,10.4,7,7,296.0,2579.0
22.139,VehicleControllerBP_C_1,1,0,V_1_C_1,1,1,Authority,AutonomousProxy,110.6,0.000,0.000,-0.001,-1722.7,-2850.8,55.2,-47.0,-278.6,0.0,10.2,5,5,2572.0,296.0
22.139,VehicleControllerBP_C_0,1,1,V_1_C_0,1,0,Authority,SimulatedProxy,0.0,0.000,0.000,0.000,-2311.9,-2223.7,55.1,-80.2,-690.4,0.0,25.0,0,0,0.0,0.0
20.548,VehicleControllerBP_C_0,0,1,V_1_C_0,1,1,AutonomousProxy,Authority,125.5,0.000,0.000,0.000,-1727.4,-2878.5,55.2,-47.7,-282.9,0.0,10.3,8,8,296.0,2579.0
22.263,VehicleControllerBP_C_1,1,0,V_1_C_1,1,1,Authority,AutonomousProxy,110.6,0.000,0.000,-0.001,-1727.4,-2878.5,55.2,-46.5,-275.6,0.0,10.1,6,6,2572.0,296.0
22.263,VehicleControllerBP_C_0,1,1,V_1_C_0,1,0,Authority,SimulatedProxy,0.0,0.000,0.000,0.000,-2319.9,-2292.5,55.1,-79.8,-686.9,0.0,24.9,0,0,0.0,0.0
20.673,VehicleControllerBP_C_0,0,1,V_1_C_0,1,1,AutonomousProxy,Authority,125.5,0.000,0.000,0.000,-1732.0,-2905.9,55.2,-47.2,-280.0,0.0,10.2,1,1,299.0,2607.0
22.395,VehicleControllerBP_C_1,1,0,V_1_C_1,1,1,Authority,AutonomousProxy,110.6,0.000,0.000,-0.001,-1732.0,-2905.9,55.2,-46.0,-272.7,0.0,10.0,7,7,2572.0,296.0
22.395,VehicleControllerBP_C_0,1,1,V_1_C_0,1,0,Authority,SimulatedProxy,0.0,0.000,0.000,0.000,-2327.9,-2361.0,55.1,-79.4,-683.4,0.0,24.8,0,0,0.0,0.0
20.804,VehicleControllerBP_C_0,0,1,V_1_C_0,1,1,AutonomousProxy,Authority,125.5,0.000,0.000,0.000,-1736.6,-2933.0,55.2,-46.7,-277.0,0.0,10.1,2,2,299.0,2607.0
22.500,VehicleControllerBP_C_1,1,0,V_1_C_1,1,1,Authority,AutonomousProxy,110.6,0.000,0.000,-0.001,-1736.6,-2933.0,55.2,-45.5,-269.7,0.0,9.8,8,8,2572.0,296.0
22.500,VehicleControllerBP_C_0,1,1,V_1_C_0,1,0,Authority,SimulatedProxy,0.0,0.000,0.000,0.000,-2335.8,-2429.2,55.1,-79.0,-680.0,0.0,24.6,0,0,0.0,0.0
20.910,VehicleControllerBP_C_0,0,1,V_1_C_0,1,1,AutonomousProxy,Authority,125.5,0.000,0.000,0.000,-1741.1,-2959.8,55.2,-46.3,-274.0,0.0,10.0,3,3,299.0,2607.0
22.647,VehicleControllerBP_C_1,1,0,V_1_C_1,1,1,Authority,AutonomousProxy,110.6,0.000,0.000,-0.001,-1741.1,-2959.8,55.2,-45.1,-266.8,0.0,9.7,1,1,2599.0,300.0
22.647,VehicleControllerBP_C_0,1,1,V_1_C_0,1,0,Authority,SimulatedProxy,0.0,0.000,0.000,0.000,-2343.7,-2497.0,55.1,-78.6,-676.5,0.0,24.5,0,0,0.0,0.0
21.057,VehicleControllerBP_C_0,0,1,V_1_C_0,1,1,AutonomousProxy,Authority,125.5,0.000,0.000,0.000,-1745.6,-2986.4,55.2,-45.8,-271.1,0.0,9.9,4,4,299.0,2607.0
22.777,VehicleControllerBP_C_1,1,0,V_1_C_1,1,1,Authority,AutonomousProxy,110.6,0.000,0.000,-0.001,-1745.6,-2986.4,55.2,-44.6,-263.8,0.0,9.6,2,2,2599.0,300.0
22.777,VehicleControllerBP_C_0,1,1,V_1_C_0,1,0,Authority,SimulatedProxy,0.0,0.000,0.000,0.000,-2351.5,-2564.4,55.1,-78.2,-673.0,0.0,24.4,0,0,0.0,0.0
21.186,VehicleControllerBP_C_0,0,1,V_1_C_0,1,1,AutonomousProxy,Authority,125.5,0.000,0.000,0.000,-1750.0,-3012.6,55.2,-45.3,-268.1,0.0,9.8,5,5,299.0,2607.0
22.904,VehicleControllerBP_C_1,1,0,V_1_C_1,1,1,Authority,AutonomousProxy,110.6,0.000,0.000,-0.001,-1750.0,-3012.6,55.2,-44.1,-260.9,0.0,9.5,3,3,2599.0,300.0
22.904,VehicleControllerBP_C_0,1,1,V_1_C_0,1,0,Authority,SimulatedProxy,0.0,0.000,0.000,0.000,-2359.3,-2631.6,55.1,-77.8,-669.6,0.0,24.3,0,0,0.0,0.0
21.313,VehicleControllerBP_C_0,0,1,V_1_C_0,1,1,AutonomousProxy,Authority,125.5,0.000,0.000,0.000,-1754.4,-3038.5,55.2,-44.8,-265.2,0.0,9.7,6,6,299.0,2607.0
23.017,VehicleControllerBP_C_1,1,0,V_1_C_1,1,1,Authority,AutonomousProxy,110.8,0.000,0.000,-0.001,-1754.4,-3038.5,55.2,-43.6,-257.9,0.0,9.4,4,4,2599.0,300.0
23.017,VehicleControllerBP_C_0,1,1,V_1_C_0,1,0,Authority,SimulatedProxy,0.0,0.000,0.000,0.000,-2367.1,-2698.3,55.1,-77.4,-666.1,0.0,24.1,0,0,0.0,0.0
21.426,VehicleControllerBP_C_0,0,1,V_1_C_0,1,1,AutonomousProxy,Authority,125.5,0.000,0.000,0.000,-1758.7,-3064.1,55.2,-44.3,-262.2,0.0,9.6,7,7,299.0,2607.0
23.159,VehicleControllerBP_C_1,1,0,V_1_C_1,1,1,Authority,AutonomousProxy,110.8,0.000,0.000,-0.001,-1758.7,-3064.1,55.2,-43.1,-255.0,0.0,9.3,5,5,2599.0,300.0
23.159,VehicleControllerBP_C_0,1,1,V_1_C_0,1,0,Authority,SimulatedProxy,0.0,0.000,0.000,0.000,-2374.8,-2764.7,55.1,-77.0,-662.7,0.0,24.0,0,0,0.0,0.0
21.568,VehicleControllerBP_C_0,0,1,V_1_C_0,1,1,AutonomousProxy,Authority,125.5,0.000,0.000,0.000,-1763.0,-3089.5,55.2,-43.8,-259.3,0.0,9.5,8,8,299.0,2607.0
23.283,VehicleControllerBP_C_1,1,0,V_1_C_1,1,1,Authority,AutonomousProxy,110.8,0.000,0.000,-0.001,-1763.0,-3089.5,55.2,-42.6,-252.0,0.0,9.2,6,6,2599.0,300.0
23.283,VehicleControllerBP_C_0,1,1,V_1_C_0,1,0,Authority,SimulatedProxy,0.0,0.000,0.000,0.000,-2382.5,-2830.8,55.1,-76.6,-659.2,0.0,23.9,0,0,0.0,0.0
21.693,VehicleControllerBP_C_0,0,1,V_1_C_0,1,1,AutonomousProxy,Authority,125.5,0.000,0.000,0.000,-1767.2,-3114.5,55.2,-43.3,-256.3,0.0,9.4,1,1,297.0,2505.0
23.410,VehicleControllerBP_C_1,1,0,V_1_C_1,1,1,Authority,AutonomousProxy,110.8,0.000,0.000,-0.001,-1767.2,-3114.5,55.2,-42.1,-249.1,0.0,9.1,7,7,2599.0,300.0
23.410,VehicleControllerBP_C_0,1,1,V_1_C_0,1,0,Authority,SimulatedProxy,0.0,0.000,0.000,0.000,-2390.1,-2896.6,55.1,-76.2,-655.8,0.0,23.8,0,0,0.0,0.0
21.819,VehicleControllerBP_C_0,0,1,V_1_C_0,1,1,AutonomousProxy,Authority,125.5,0.000,0.000,0.000,-1771.4,-3139.3,55.2,-42.9,-253.4,0.0,9.3,2,2,297.0,2505.0
23.515,VehicleControllerBP_C_1,1,0,V_1_C_1,1,1,Authority,AutonomousProxy,110.8,0.000,0.000,-0.001,-1771.4,-3139.3,55.2,-41.7,-246.1,0.0,9.0,8,8,2599.0,300.0
23.515,VehicleControllerBP_C_0,1,1,V_1_C_0,1,0,Authority,SimulatedProxy,0.0,0.000,0.000,0.000,-2397.7,-2961.9,55.1,-75.8,-652.4,0.0,23.6,0,0,0.0,0.0
21.924,VehicleControllerBP_C_0,0,1,V_1_C_0,1,1,AutonomousProxy,Authority,125.5,0.000,0.000,0.000,-1775.6,-3163.7,55.2,-42.4,-250.4,0.0,9.1,3,3,297.0,2505.0
23.664,VehicleControllerBP_C_1,1,0,V_1_C_1,1,1,Authority,AutonomousProxy,110.8,0.000,0.000,-0.001,-1775.6,-3163.7,55.2,-41.2,-243.2,0.0,8.9,1,1,2529.0,301.0
23.664,VehicleControllerBP_C_0,1,1,V_1_C_0,1,0,Authority,SimulatedProxy,0.0,0.000,0.000,0.000,-2405.2,-3027.0,55.1,-75.4,-649.0,0.0,23.5,0,0,0.0,0.0
22.074,VehicleControllerBP_C_0,0,1,V_1_C_0,1,1,AutonomousProxy,Authority,124.5,0.000,0.000,0.000,-1779.7,-3187.9,55.2,-41.9,-247.5,0.0,9.0,4,4,297.0,2505.0
23.790,VehicleControllerBP_C_1,1,0,V_1_C_1,1,1,Authority,AutonomousProxy,110.8,0.000,0.000,-0.001,-1779.7,-3187.9,55.2,-40.7,-240.3,0.0,8.8,2,2,2529.0,301.0
23.790,VehicleControllerBP_C_0,1,1,V_1_C_0,1,0,Authority,SimulatedProxy,0.0,0.000,0.000,0.000,-2412.8,-3091.7,55.1,-75.0,-645.5,0.0,23.4,0,0,0.0,0.0
22.199,VehicleControllerBP_C_0,0,1,V_1_C_0,1,1,AutonomousProxy,Authority,124.5,0.000,0.000,0.000,-1783.7,-3211.7,55.2,-41.4,-244.6,0.0,8.9,5,5,297.0,2505.0
23.919,VehicleControllerBP_C_1,1,0,V_1_C_1,1,1,Authority,AutonomousProxy,110.8,0.000,0.000,-0.001,-1783.7,-3211.7,55.2,-40.2,-237.3,0.0,8.7,3,3,2529.0,301.0
23.919,VehicleControllerBP_C_0,1,1,V_1_C_0,1,0,Authority,SimulatedProxy,0.0,0.000,0.000,0.000,-2420.2,-3156.1,55.1,-74.6,-642.1,0.0,23.3,0,0,0.0,0.0
22.329,VehicleControllerBP_C_0,0,1,V_1_C_0,1,1,AutonomousProxy,Authority,124.5,0.000,0.000,0.000,-1787.7,-3235.3,55.2,-40.9,-241.6,0.0,8.8,6,6,297.0,2505.0
24.032,VehicleControllerBP_C_1,1,0,V_1_C_1,1,1,Authority,AutonomousProxy,110.9,0.000,0.000,-0.001,-1787.7,-3235.3,55.2,-39.7,-234.4,0.0,8.6,4,4,2529.0,301.0
24.032,VehicleControllerBP_C_0,1,1,V_1_C_0,1,0,Authority,SimulatedProxy,0.0,0.000,0.000,0.000,-2427.7,-3220.1,55.1,-74.2,-638.7,0.0,23.1,0,0,0.0,0.0
22.442,VehicleControllerBP_C_0,0,1,V_1_C_0,1,1,AutonomousProxy,Authority,124.5,0.000,0.000,0.000,-1791.6,-3258.6,55.2,-40.4,-238.7,0.0,8.7,7,7,297.0,2505.0
24.175,VehicleControllerBP_C_1,1,0,V_1_C_1,1,1,Authority,AutonomousProxy,110.9,0.000,0.000,-0.001,-1791.6,-3258.6,55.2,-39.2,-231.5,0.0,8.5,5,5,2529.0,301.0
24.175,VehicleControllerBP_C_0,1,1,V_1_C_0,1,0,Authority,SimulatedProxy,0.0,0.000,0.000,0.000,-2435.1,-3283.8,55.1,-73.8,-635.3,0.0,23.0,0,0,0.0,0.0
22.584,VehicleControllerBP_C_0,0,1,V_1_C_0,1,1,AutonomousProxy,Authority,124.5,0.000,0.000,0.000,-1795.5,-3281.6,55.2,-39.9,-235.7,0.0,8.6,8,8,297.0,2505.0
24.300,VehicleControllerBP_C_1,1,0,V_1_C_1,1,1,Authority,AutonomousProxy,110.9,0.000,0.000,-0.001,-1795.5,-3281.6,55.2,-38.7,-228.5,0.0,8.3,6,6,2529.0,301.0
24.300,VehicleControllerBP_C_0,1,1,V_1_C_0,1,0,Authority,SimulatedProxy,0.0,0.000,0.000,0.000,-2442.4,-3347.1,55.1,-73.4,-631.9,0.0,22.9,0,0,0.0,0.0
22.710,VehicleControllerBP_C_0,0,1,V_1_C_0,1,1,AutonomousProxy,Authority,124.5,0.000,0.000,0.000,-1799.4,-3304.3,55.2,-39.4,-232.8,0.0,8.5,1,1,297.0,2517.0
24.435,VehicleControllerBP_C_1,1,0,V_1_C_1,1,1,Authority,AutonomousProxy,110.9,0.000,0.000,-0.001,-1799.4,-3304.3,55.2,-38.2,-225.6,0.0,8.2,7,7,2529.0,301.0
24.435,VehicleControllerBP_C_0,1,1,V_1_C_0,1,0,Authority,SimulatedProxy,0.0,0.000,0.000,0.000,-2449.8,-3410.1,55.1,-73.0,-628.5,0.0,22.8,0,0,0.0,0.0
22.845,VehicleControllerBP_C_0,0,1,V_1_C_0,1,1,AutonomousProxy,Authority,124.5,0.000,0.000,0.000,-1803.2,-3326.7,55.2,-39.0,-229.9,0.0,8.4,2,2,297.0,2517.0
24.553,VehicleControllerBP_C_1,1,0,V_1_C_1,1,1,Authority,AutonomousProxy,110.9,0.000,0.000,-0.001,-1803.2,-3326.7,55.2,-37.8,-222.7,0.0,8.1,8,8,2529.0,301.0
24.553,VehicleControllerBP_C_0,1,1,V_1_C_0,1,0,Authority,SimulatedProxy,0.0,0.000,0.000,0.000,-2457.0,-3472.8,55.1,-72.6,-625.1,0.0,22.7,0,0,0.0,0.0
22.962,VehicleControllerBP_C_0,0,1,V_1_C_0,1,1,AutonomousProxy,Authority,124.5,0.000,0.000,0.000,-1806.9,-3348.8,55.2,-38.5,-227.0,0.0,8.3,3,3,297.0,2517.0
24.688,VehicleControllerBP_C_1,1,0,V_1_C_1,1,1,Authority,AutonomousProxy,110.9,0.000,0.000,-0.001,-1806.9,-3348.8,55.2,-37.3,-219.8,0.0,8.0,1,1,2475.0,293.0
24.688,VehicleControllerBP_C_0,1,1,V_1_C_0,1,0,Authority,SimulatedProxy,0.0,0.000,0.000,0.000,-2464.3,-3535.1,55.1,-72.2,-621.8,0.0,22.5,0,0,0.0,0.0
23.098,VehicleControllerBP_C_0,0,1,V_1_C_0,1,1,AutonomousProxy,Authority,126.1,0.000,0.000,0.000,-1810.6,-3370.6,55.2,-38.0,-224.0,0.0,8.2,4,4,297.0,2517.0
25.088,VehicleControllerBP_C_1,1,0,V_1_C_1,1,1,Authority,AutonomousProxy,110.9,0.000,0.000,-0.001,-1810.6,-3370.6,55.2,-36.8,-216.8,0.0,7.9,2,2,2475.0,293.0
25.088,VehicleControllerBP_C_0,1,1,V_1_C_0,1,0,Authority,SimulatedProxy,0.0,0.000,0.000,0.000,-2471.5,-3597.1,55.1,-71.9,-618.4,0.0,22.4,0,0,0.0,0.0
23.498,VehicleControllerBP_C_0,0,1,V_1_C_0,1,1,AutonomousProxy,Authority,126.1,0.000,0.000,0.000,-1814.3,-3392.1,55.2,-37.5,-221.1,0.0,8.1,5,5,297.0,2517.0
25.488,VehicleControllerBP_C_1,1,0,V_1_C_1,1,1,Authority,AutonomousProxy,119.6,0.000,0.000,-0.001,-1814.3,-3392.1,55.2,-36.3,-213.9,0.0,7.8,3,3,2475.0,293.0
25.488,VehicleControllerBP_C_0,1,1,V_1_C_0,1,0,Authority,SimulatedProxy,0.0,0.000,0.000,0.000,-2478.7,-3658.8,55.1,-71.5,-615.0,0.0,22.3,0,0,0.0,0.0
23.898,VehicleControllerBP_C_0,0,1,V_1_C_0,1,1,AutonomousProxy,Authority,126.1,0.000,0.000,0.000,-1817.9,-3413.4,55.2,-37.0,-218.2,0.0,8.0,1,1,161.0,1366.0
25.834,VehicleControllerBP_C_1,1,0,V_1_C_1,1,1,Authority,AutonomousProxy,119.6,0.000,0.000,-0.001,-1817.9,-3413.4,55.2,-35.8,-211.0,0.0,7.7,1,1,871.0,103.0
25.834,VehicleControllerBP_C_0,1,1,V_1_C_0,1,0,Authority,SimulatedProxy,0.0,0.000,0.000,0.000,-2485.8,-3720.1,55.1,-71.1,-611.7,0.0,22.2,0,0,0.0,0.0
24.243,VehicleControllerBP_C_0,0,1,V_1_C_0,1,1,AutonomousProxy,Authority,156.0,0.000,0.000,0.000,-1821.4,-3434.3,55.2,-36.5,-215.3,0.0,7.9,2,2,161.0,1366.0
25.954,VehicleControllerBP_C_1,1,0,V_1_C_1,1,1,Authority,AutonomousProxy,119.6,0.000,0.000,-0.001,-1821.4,-3434.3,55.2,-35.3,-208.1,0.0,7.6,2,2,871.0,103.0
25.954,VehicleControllerBP_C_0,1,1,V_1_C_0,1,0,Authority,SimulatedProxy,0.0,0.000,0.000,0.000,-2492.9,-3781.1,55.1,-70.7,-608.3,0.0,22.0,0,0,0.0,0.0
24.363,VehicleControllerBP_C_0,0,1,V_1_C_0,1,1,AutonomousProxy,Authority,156.0,0.000,0.000,0.000,-1824.9,-3455.0,55.2,-36.0,-212.3,0.0,7.8,3,3,161.0,1366.0
26.089,VehicleControllerBP_C_1,1,0,V_1_C_1,1,1,Authority,AutonomousProxy,136.4,0.000,0.000,-0.001,-1824.9,-3455.0,55.2,-34.8,-205.2,0.0,7.5,3,3,871.0,103.0
26.089,VehicleControllerBP_C_0,1,1,V_1_C_0,1,0,Authority,SimulatedProxy,0.0,0.000,0.000,0.000,-2499.9,-3841.7,55.1,-70.3,-604.9,0.0,21.9,0,0,0.0,0.0
24.499,VehicleControllerBP_C_0,0,1,V_1_C_0,1,1,AutonomousProxy,Authority,156.0,0.000,0.000,0.000,-1828.4,-3475.3,55.2,-35.5,-209.4,0.0,7.6,4,4,161.0,1366.0
26.238,VehicleControllerBP_C_1,1,0,V_1_C_1,1,1,Authority,AutonomousProxy,136.4,0.000,0.000,-0.001,-1828.4,-3475.3,55.2,-34.3,-202.3,0.0,7.4,4,4,871.0,103.0
26.238,VehicleControllerBP_C_0,1,1,V_1_C_0,1,0,Authority,SimulatedProxy,0.0,0.000,0.000,0.000,-2506.9,-3902.0,55.1,-69.9,-601.6,0.0,21.8,0,0,0.0,0.0
24.647,VehicleControllerBP_C_0,0,1,V_1_C_0,1,1,AutonomousProxy,Authority,156.0,0.000,0.000,0.000,-1831.8,-3495.4,55.2,-35.1,-206.5,0.0,7.5,5,5,161.0,1366.0
26.402,VehicleControllerBP_C_1,1,0,V_1_C_1,1,1,Authority,AutonomousProxy,136.4,0.000,0.000,-0.001,-1831.8,-3495.4,55.2,-33.9,-199.3,0.0,7.3,5,5,871.0,103.0
26.402,VehicleControllerBP_C_0,1,1,V_1_C_0,1,0,Authority,SimulatedProxy,0.0,0.000,0.000,0.000,-2513.9,-3962.0,55.1,-69.5,-598.3,0.0,21.7,0,0,0.0,0.0
24.812,VehicleControllerBP_C_0,0,1,V_1_C_0,1,1,AutonomousProxy,Authority,156.0,0.000,0.000,0.000,-1835.2,-3515.2,55.2,-34.6,-203.6,0.0,7.4,1,1,174.0,1461.0
26.565,VehicleControllerBP_C_1,1,0,V_1_C_1,1,1,Authority,AutonomousProxy,136.4,0.000,0.000,-0.001,-1835.2,-3515.2,55.2,-33.4,-196.4,0.0,7.2,6,6,871.0,103.0
26.565,VehicleControllerBP_C_0,1,1,V_1_C_0,1,0,Authority,SimulatedProxy,0.0,0.000,0.000,0.000,-2520.8,-4021.6,55.1,-69.1,-594.9,0.0,21.6,0,0,0.0,0.0
24.975,VehicleControllerBP_C_0,0,1,V_1_C_0,1,1,AutonomousProxy,Authority,156.0,0.000,0.000,0.000,-1838.5,-3534.6,55.2,-34.1,-200.7,0.0,7.3,2,2,174.0,1461.0
26.724,VehicleControllerBP_C_1,1,0,V_1_C_1,1,1,Authority,AutonomousProxy,136.4,0.000,0.000,-0.001,-1838.5,-3534.6,55.2,-32.9,-193.5,0.0,7.1,1,1,1728.0,206.0
26.724,VehicleControllerBP_C_0,1,1,V_1_C_0,1,0,Authority,SimulatedProxy,0.0,0.000,0.000,0.000,-2527.7,-4081.0,55.1,-68.7,-591.6,0.0,21.4,0,0,0.0,0.0
25.134,VehicleControllerBP_C_0,0,1,V_1_C_0,1,1,AutonomousProxy,Authority,170.4,0.476,0.000,0.000,-1841.7,-3553.8,55.2,-33.6,-197.8,0.0,7.2,3,3,174.0,1461.0
26.869,VehicleControllerBP_C_1,1,0,V_1_C_1,1,1,Authority,AutonomousProxy,136.4,0.476,0.000,0.000,-1841.7,-3553.8,55.2,-32.4,-190.6,0.0,7.0,2,2,1728.0,206.0
26.869,VehicleControllerBP_C_0,1,1,V_1_C_0,1,0,Authority,SimulatedProxy,0.0,0.000,0.000,0.000,-2534.6,-4139.9,55.1,-68.4,-588.3,0.0,21.3,0,0,0.0,0.0
25.279,VehicleControllerBP_C_0,0,1,V_1_C_0,1,1,AutonomousProxy,Authority,170.4,0.704,0.000,0.362,-1844.9,-3572.7,55.2,-33.1,-194.8,0.0,7.1,4,4,174.0,1461.0
27.035,VehicleControllerBP_C_1,1,0,V_1_C_1,1,1,Authority,AutonomousProxy,136.4,0.704,0.000,0.362,-1844.9,-3572.7,55.2,-31.8,-187.7,0.0,6.9,3,3,1728.0,206.0
27.035,VehicleControllerBP_C_0,1,1,V_1_C_0,1,0,Authority,SimulatedProxy,0.0,0.000,0.000,0.000,-2541.4,-4198.6,55.1,-68.0,-584.9,0.0,21.2,0,0,0.0,0.0
25.444,VehicleControllerBP_C_0,0,1,V_1_C_0,1,1,AutonomousProxy,Authority,170.4,0.851,0.000,0.626,-1847.3,-3591.6,55.2,-32.6,-191.9,0.0,7.0,5,5,174.0,1461.0
27.200,VehicleControllerBP_C_1,1,0,V_1_C_1,1,1,Authority,AutonomousProxy,138.3,0.851,0.000,0.626,-1847.3,-3591.6,55.2,-17.8,-190.3,0.0,6.9,4,4,1728.0,206.0
27.200,VehicleControllerBP_C_0,1,1,V_1_C_0,1,0,Authority,SimulatedProxy,0.0,0.000,0.000,0.000,-2548.2,-4256.9,55.1,-67.6,-581.6,0.0,21.1,0,0,0.0,0.0
25.610,VehicleControllerBP_C_0,0,1,V_1_C_0,1,1,AutonomousProxy,Authority,170.4,0.925,0.000,0.781,-1848.0,-3611.2,55.2,-32.1,-189.0,0.0,6.9,6,6,174.0,1461.0
27.428,VehicleControllerBP_C_1,1,0,V_1_C_1,1,1,Authority,AutonomousProxy,138.3,0.925,0.000,0.781,-1848.0,-3611.2,55.2,1.5,-200.7,0.1,7.2,5,5,1728.0,206.0
27.428,VehicleControllerBP_C_0,1,1,V_1_C_0,1,0,Authority,SimulatedProxy,0.0,0.000,0.000,0.000,-2554.9,-4314.9,55.1,-67.2,-578.3,0.0,21.0,0,0,0.0,0.0
25.837,VehicleControllerBP_C_0,0,1,V_1_C_0,1,1,AutonomousProxy,Authority,170.4,0.976,0.000,0.906,-1846.5,-3632.2,55.2,-23.2,-188.6,0.0,6.8,7,7,174.0,1461.0
27.560,VehicleControllerBP_C_1,1,0,V_1_C_1,1,1,Authority,AutonomousProxy,138.3,0.976,0.000,0.906,-1846.5,-3632.2,55.2,25.8,-217.0,0.2,7.9,6,6,1728.0,206.0
27.560,VehicleControllerBP_C_0,1,1,V_1_C_0,1,0,Authority,SimulatedProxy,0.0,0.000,0.000,0.000,-2561.6,-4372.5,55.1,-66.8,-575.0,0.0,20.8,0,0,0.0,0.0
25.969,VehicleControllerBP_C_0,0,1,V_1_C_0,1,1,AutonomousProxy,Authority,170.4,0.986,0.000,0.937,-1842.3,-3655.1,55.2,-6.9,-195.9,0.1,7.1,1,1,356.0,1906.0
27.695,VehicleControllerBP_C_1,1,0,V_1_C_1,1,1,Authority,AutonomousProxy,138.3,0.986,0.000,0.937,-1842.3,-3655.1,55.2,52.4,-242.1,0.3,8.9,7,7,1728.0,206.0
27.695,VehicleControllerBP_C_0,1,1,V_1_C_0,1,0,Authority,SimulatedProxy,0.0,0.000,0.000,0.000,-2568.2,-4429.8,55.1,-66.4,-571.7,0.0,20.7,0,0,0.0,0.0
26.104,VehicleControllerBP_C_0,0,1,V_1_C_0,1,1,AutonomousProxy,Authority,170.4,0.991,0.000,0.958,-1835.7,-3681.3,55.2,14.4,-209.8,0.2,7.6,2,2,356.0,1906.0
27.885,VehicleControllerBP_C_1,1,0,V_1_C_1,1,1,Authority,AutonomousProxy,138.3,0.991,0.000,0.958,-1835.7,-3681.3,55.2,78.1,-279.1,0.4,10.4,1,1,2019.0,446.0
27.885,VehicleControllerBP_C_0,1,1,V_1_C_0,1,0,Authority,SimulatedProxy,0.0,0.000,0.000,0.000,-2574.9,-4486.8,55.1,-66.0,-568.4,0.0,20.6,0,0,0.0,0.0
26.294,VehicleControllerBP_C_0,0,1,V_1_C_0,1,1,AutonomousProxy,Authority,178.7,0.996,0.000,0.502,-1825.9,-3711.5,55.3,41.8,-229.5,0.3,8.4,3,3,356.0,1906.0
28.011,VehicleControllerBP_C_1,1,0,V_1_C_1,1,1,Authority,AutonomousProxy,138.3,0.996,0.000,0.502,-1825.9,-3711.5,55.3,113.0,-323.0,0.5,12.3,2,2,2019.0,446.0
28.011,VehicleControllerBP_C_0,1,1,V_1_C_0,1,0,Authority,SimulatedProxy,0.0,0.000,0.000,0.000,-2581.5,-4543.5,55.1,-65.7,-565.1,0.0,20.5,0,0,0.0,0.0
26.421,VehicleControllerBP_C_0,0,1,V_1_C_0,1,1,AutonomousProxy,Authority,178.7,0.998,0.000,0.344,-1813.6,-3747.5,55.4,66.3,-261.7,0.3,9.7,4,4,356.0,1906.0
28.209,VehicleControllerBP_C_1,1,0,V_1_C_1,1,1,Authority,AutonomousProxy,138.3,0.998,0.000,0.344,-1813.6,-3747.5,55.4,133.1,-391.5,0.7,14.9,3,3,2019.0,446.0
28.209,VehicleControllerBP_C_0,1,1,V_1_C_0,1,0,Authority,SimulatedProxy,0.0,0.000,0.000,0.000,-2588.2,-4601.6,55.2,-70.2,-604.0,0.3,21.9,0,0,0.0,0.0
26.619,VehicleControllerBP_C_0,0,1,V_1_C_0,1,1,AutonomousProxy,Authority,178.7,0.999,0.000,-0.321,-1799.9,-3791.1,55.4,97.7,-302.7,0.5,11.4,5,5,356.0,1906.0
28.378,VehicleControllerBP_C_1,1,0,V_1_C_1,1,1,Authority,AutonomousProxy,143.2,0.999,0.000,-0.321,-1799.9,-3791.1,55.4,142.5,-472.1,0.8,17.8,4,4,2019.0,446.0
28.378,VehicleControllerBP_C_0,1,1,V_1_C_0,1,0,Authority,SimulatedProxy,0.0,0.000,0.000,0.000,-2595.1,-4660.5,55.2,-67.8,-583.9,0.6,21.2,0,0,0.0,0.0
26.787,VehicleControllerBP_C_0,0,1,V_1_C_0,1,1,AutonomousProxy,Authority,178.7,1.000,0.000,-0.608,-1785.7,-3842.8,55.5,123.5,-359.8,0.6,13.7,6,6,356.0,1906.0
28.539,VehicleControllerBP_C_1,1,0,V_1_C_1,1,1,Authority,AutonomousProxy,143.2,1.000,0.000,-0.608,-1785.7,-3842.8,55.5,139.9,-550.5,0.9,20.4,5,5,2019.0,446.0
28.539,VehicleControllerBP_C_0,1,1,V_1_C_0,1,0,Authority,SimulatedProxy,0.0,0.000,0.000,0.000,-2601.8,-4718.5,55.2,-67.2,-578.7,-0.3,21.0,0,0,0.0,0.0
26.949,VehicleControllerBP_C_0,0,1,V_1_C_0,1,1,AutonomousProxy,Authority,178.7,1.000,0.000,-0.766,-1773.1,-3900.8,55.6,137.2,-436.1,0.7,16.5,7,7,356.0,1906.0
28.685,VehicleControllerBP_C_1,1,0,V_1_C_1,1,1,Authority,AutonomousProxy,143.2,1.000,0.000,-0.766,-1773.1,-3900.8,55.6,114.9,-605.3,0.4,22.2,6,6,2019.0,446.0
28.685,VehicleControllerBP_C_0,1,1,V_1_C_0,1,0,Authority,SimulatedProxy,0.0,0.000,0.000,0.000,-2608.5,-4776.1,55.2,-66.9,-575.4,-0.7,20.9,0,0,0.0,0.0
27.094,VehicleControllerBP_C_0,0,1,V_1_C_0,1,1,AutonomousProxy,Authority,178.7,1.000,0.000,-0.851,-1764.3,-3964.4,55.6,141.8,-516.9,0.9,19.3,1,1,481.0,2078.0
28.875,VehicleControllerBP_C_1,1,0,V_1_C_1,1,1,Authority,AutonomousProxy,143.2,1.000,0.000,-0.851,-1764.3,-3964.4,55.6,66.7,-661.7,-0.2,23.9,7,7,2019.0,446.0
28.875,VehicleControllerBP_C_0,1,1,V_1_C_0,1,0,Authority,SimulatedProxy,0.0,0.000,0.000,0.000,-2615.2,-4833.5,55.1,-66.5,-572.1,-0.3,20.7,0,0,0.0,0.0
27.284,VehicleControllerBP_C_0,0,1,V_1_C_0,1,1,AutonomousProxy,Authority,178.7,1.000,0.000,-0.447,-1761.9,-4032.7,55.6,125.9,-579.4,0.7,21.3,2,2,481.0,2078.0
29.077,VehicleControllerBP_C_1,1,0,V_1_C_1,1,1,Authority,AutonomousProxy,143.2,1.000,0.000,-0.447,-1761.9,-4032.7,55.6,-11.4,-699.7,-0.1,25.2,1,1,1952.0,450.0
29.077,VehicleControllerBP_C_0,1,1,V_1_C_0,1,0,Authority,SimulatedProxy,0.0,0.000,0.000,0.000,-2621.8,-4890.5,55.1,-66.1,-568.8,0.1,20.6,0,0,0.0,0.0
27.487,VehicleControllerBP_C_0,0,1,V_1_C_0,1,1,AutonomousProxy,Authority,187.5,1.000,0.000,-0.221,-1765.1,-4105.0,55.5,88.4,-636.3,0.1,23.1,3,3,481.0,2078.0
29.215,VehicleControllerBP_C_1,1,0,V_1_C_1,1,1,Authority,AutonomousProxy,143.2,1.000,0.000,-0.221,-1765.1,-4105.0,55.5,-53.5,-744.9,-0.3,26.9,2,2,1952.0,450.0
29.215,VehicleControllerBP_C_0,1,1,V_1_C_0,1,0,Authority,SimulatedProxy,0.0,0.000,0.000,0.000,-2628.4,-4947.2,55.1,-65.7,-565.5,0.2,20.5,0,0,0.0,0.0
27.624,VehicleControllerBP_C_0,0,1,V_1_C_0,1,1,AutonomousProxy,Authority,187.5,1.000,0.000,-0.145,-1770.2,-4182.2,55.5,24.0,-682.7,-0.2,24.6,4,4,481.0,2078.0
29.405,VehicleControllerBP_C_1,1,0,V_1_C_1,1,1,Authority,AutonomousProxy,135.5,1.000,0.000,-0.145,-1770.2,-4182.2,55.5,-53.0,-792.1,-0.1,28.6,3,3,1952.0,450.0
29.405,VehicleControllerBP_C_0,1,1,V_1_C_0,1,0,Authority,SimulatedProxy,0.0,0.000,0.000,0.000,-2634.9,-5003.6,55.2,-65.3,-562.2,0.1,20.4,0,0,0.0,0.0
27.815,VehicleControllerBP_C_0,0,1,V_1_C_0,1,1,AutonomousProxy,Authority,187.5,1.000,0.000,-0.076,-1775.0,-4263.7,55.5,-32.3,-723.5,-0.3,26.1,5,5,481.0,2078.0
29.572,VehicleControllerBP_C_1,1,0,V_1_C_1,1,1,Authority,AutonomousProxy,135.5,1.000,0.000,-0.076,-1775.0,-4263.7,55.5,-48.7,-833.7,0.2,30.1,4,4,1952.0,450.0
29.572,VehicleControllerBP_C_0,1,1,V_1_C_0,1,0,Authority,SimulatedProxy,0.0,0.000,0.000,0.000,-2641.4,-5059.7,55.2,-64.9,-558.9,-0.0,20.3,0,0,0.0,0.0
27.981,VehicleControllerBP_C_0,0,1,V_1_C_0,1,1,AutonomousProxy,Authority,187.5,1.000,0.000,-0.044,-1780.0,-4349.4,55.5,-50.9,-771.5,-0.3,27.8,6,6,481.0,2078.0
29.724,VehicleControllerBP_C_1,1,0,V_1_C_1,1,1,Authority,AutonomousProxy,135.5,1.000,0.000,-0.044,-1780.0,-4349.4,55.5,-51.8,-878.7,0.4,31.7,5,5,1952.0,450.0
29.724,VehicleControllerBP_C_0,1,1,V_1_C_0,1,0,Authority,SimulatedProxy,0.0,0.000,0.000,0.000,-2647.9,-5115.4,55.2,-64.6,-555.7,-0.0,20.1,0,0,0.0,0.0
28.134,VehicleControllerBP_C_0,0,1,V_1_C_0,1,1,AutonomousProxy,Authority,187.5,1.000,0.000,-0.027,-1785.3,-4438.1,55.6,-48.5,-815.1,0.1,29.4,1,1,448.0,1970.0
29.870,VehicleControllerBP_C_1,1,0,V_1_C_1,1,1,Authority,AutonomousProxy,135.5,1.000,0.000,-0.027,-1785.3,-4438.1,55.6,-55.3,-903.1,-0.2,32.6,6,6,1952.0,450.0
29.870,VehicleControllerBP_C_0,1,1,V_1_C_0,1,0,Authority,SimulatedProxy,0.0,0.000,0.000,0.000,-2654.3,-5170.8,55.1,-64.2,-552.4,-0.0,20.0,0,0,0.0,0.0
28.280,VehicleControllerBP_C_0,0,1,V_1_C_0,1,1,AutonomousProxy,Authority,187.5,1.000,0.000,-0.017,-1790.8,-4530.4,55.5,-49.8,-857.9,0.3,30.9,2,2,448.0,1970.0
30.081,VehicleControllerBP_C_1,1,0,V_1_C_1,1,1,Authority,AutonomousProxy,135.5,1.000,0.000,-0.017,-1790.8,-4530.4,55.5,-57.3,-939.8,-0.3,33.9,1,1,2010.0,459.0
30.081,VehicleControllerBP_C_0,1,1,V_1_C_0,1,0,Authority,SimulatedProxy,0.0,0.000,0.000,0.000,-2660.7,-5225.8,55.1,-63.8,-549.1,0.0,19.9,0,0,0.0,0.0
28.491,VehicleControllerBP_C_0,0,1,V_1_C_0,1,1,AutonomousProxy,Authority,187.5,1.000,0.000,-0.008,-1796.6,-4626.4,55.5,-53.0,-886.8,0.1,32.0,3,3,448.0,1970.0
30.251,VehicleControllerBP_C_1,1,0,V_1_C_1,1,1,Authority,AutonomousProxy,135.5,1.000,0.000,-0.008,-1796.6,-4626.4,55.5,-59.6,-976.4,0.1,35.2,2,2,2010.0,459.0
30.251,VehicleControllerBP_C_0,1,1,V_1_C_0,1,0,Authority,SimulatedProxy,0.0,0.000,0.000,0.000,-2667.1,-5280.5,55.1,-63.4,-545.8,0.0,19.8,0,0,0.0,0.0
28.661,VehicleControllerBP_C_0,0,1,V_1_C_0,1,1,AutonomousProxy,Authority,162.3,1.000,0.000,-0.005,-1802.5,-4726.0,55.5,-55.2,-922.9,-0.3,33.3,4,4,448.0,1970.0
30.414,VehicleControllerBP_C_1,1,0,V_1_C_1,1,1,Authority,AutonomousProxy,119.5,1.000,0.000,-0.005,-1802.5,-4726.0,55.5,-60.9,-1013.0,0.4,36.5,3,3,2010.0,459.0
30.414,VehicleControllerBP_C_0,1,1,V_1_C_0,1,0,Authority,SimulatedProxy,0.0,0.000,0.000,0.000,-2673.4,-5334.9,55.1,-63.0,-542.6,0.0,19.7,0,0,0.0,0.0
28.823,VehicleControllerBP_C_0,0,1,V_1_C_0,1,1,AutonomousProxy,Authority,162.3,1.000,0.000,-0.003,-1808.7,-4829.3,55.6,-57.8,-959.9,-0.1,34.6,5,5,448.0,1970.0
30.569,VehicleControllerBP_C_1,1,0,V_1_C_1,1,1,Authority,AutonomousProxy,119.5,1.000,0.000,-0.003,-1808.7,-4829.3,55.6,-63.1,-1049.5,0.3,37.9,4,4,2010.0,459.0
30.569,VehicleControllerBP_C_0,1,1,V_1_C_0,1,0,Authority,SimulatedProxy,0.0,0.000,0.000,0.000,-2679.7,-5389.0,55.1,-62.7,-539.3,0.0,19.5,0,0,0.0,0.0
28.979,VehicleControllerBP_C_0,0,1,V_1_C_0,1,1,AutonomousProxy,Authority,162.3,1.000,0.000,-0.002,-1815.1,-4936.2,55.6,-59.4,-996.4,0.3,35.9,6,6,448.0,1970.0
30.700,VehicleControllerBP_C_1,1,0,V_1_C_1,1,1,Authority,AutonomousProxy,119.5,1.000,0.000,-0.002,-1815.1,-4936.2,55.6,-65.4,-1085.9,0.2,39.2,5,5,2010.0,459.0
30.700,VehicleControllerBP_C_0,1,1,V_1_C_0,1,0,Authority,SimulatedProxy,0.0,0.000,0.000,0.000,-2685.9,-5442.8,55.1,-62.3,-536.1,0.0,19.4,0,0,0.0,0.0
29.110,VehicleControllerBP_C_0,0,1,V_1_C_0,1,1,AutonomousProxy,Authority,162.3,0.606,0.000,-0.001,-1821.8,-5046.8,55.6,-61.8,-1032.8,0.4,37.2,7,7,448.0,1970.0
30.898,VehicleControllerBP_C_1,1,0,V_1_C_1,1,1,Authority,AutonomousProxy,119.5,0.606,0.000,-0.001,-1821.8,-5046.8,55.6,-67.6,-1122.3,0.1,40.5,6,6,2010.0,459.0
30.898,VehicleControllerBP_C_0,1,1,V_1_C_0,1,0,Authority,SimulatedProxy,0.0,0.000,0.000,0.000,-2692.2,-5496.2,55.1,-61.9,-532.8,0.0,19.3,0,0,0.0,0.0
29.308,VehicleControllerBP_C_0,0,1,V_1_C_0,1,1,AutonomousProxy,Authority,162.3,0.246,0.000,-0.495,-1828.6,-5160.1,55.6,-64.1,-1069.2,0.3,38.6,1,1,473.0,2019.0
31.062,VehicleControllerBP_C_1,1,0,V_1_C_1,1,1,Authority,AutonomousProxy,119.5,0.246,0.000,-0.495,-1828.6,-5160.1,55.6,-68.9,-1142.6,-0.3,41.2,1,1,1961.0,460.0
31.062,VehicleControllerBP_C_0,1,1,V_1_C_0,1,0,Authority,SimulatedProxy,0.0,0.000,0.000,0.000,-2698.3,-5549.3,55.1,-61.5,-529.6,0.0,19.2,0,0,0.0,0.0
29.472,VehicleControllerBP_C_0,0,1,V_1_C_0,1,1,AutonomousProxy,Authority,162.3,0.125,0.000,-0.702,-1838.2,-5274.1,55.5,-66.4,-1105.6,0.1,39.9,2,2,473.0,2019.0
31.215,VehicleControllerBP_C_1,1,0,V_1_C_1,1,1,Authority,AutonomousProxy,119.5,0.125,0.000,-0.702,-1838.2,-5274.1,55.5,-120.5,-1139.2,-1.2,41.2,2,2,1961.0,460.0
31.215,VehicleControllerBP_C_0,1,1,V_1_C_0,1,0,Authority,SimulatedProxy,0.0,0.000,0.000,0.000,-2704.5,-5602.1,55.1,-61.2,-526.3,0.0,19.1,0,0,0.0,0.0
29.624,VehicleControllerBP_C_0,0,1,V_1_C_0,1,1,AutonomousProxy,Authority,162.3,0.068,0.000,-0.816,-1856.7,-5386.2,55.4,-68.2,-1132.7,-0.1,40.9,3,3,473.0,2019.0
31.382,VehicleControllerBP_C_1,1,0,V_1_C_1,1,1,Authority,AutonomousProxy,119.5,0.068,0.000,-0.816,-1856.7,-5386.2,55.4,-232.5,-1105.2,-1.4,40.7,3,3,1961.0,460.0
31.382,VehicleControllerBP_C_0,1,1,V_1_C_0,1,0,Authority,SimulatedProxy,0.0,0.000,0.000,0.000,-2710.6,-5654.6,55.1,-60.8,-523.1,0.0,19.0,0,0,0.0,0.0
29.792,VehicleControllerBP_C_0,0,1,V_1_C_0,1,1,AutonomousProxy,Authority,156.7,0.034,0.000,-0.893,-1886.6,-5493.1,55.3,-95.8,-1140.7,-0.7,41.2,4,4,473.0,2019.0
31.536,VehicleControllerBP_C_1,1,0,V_1_C_1,1,1,Authority,AutonomousProxy,120.9,0.034,0.000,-0.893,-1886.6,-5493.1,55.3,-355.3,-1039.2,-1.2,39.5,4,4,1961.0,460.0
31.536,VehicleControllerBP_C_0,1,1,V_1_C_0,1,0,Authority,SimulatedProxy,0.0,0.000,0.000,0.000,-2716.6,-5706.7,55.1,-60.4,-519.9,0.0,18.8,0,0,0.0,0.0
29.945,VehicleControllerBP_C_0,0,1,V_1_C_0,1,1,AutonomousProxy,Authority,156.7,0.018,0.000,-0.934,-1928.8,-5591.8,55.2,-184.8,-1120.6,-1.3,40.9,5,5,473.0,2019.0
31.679,VehicleControllerBP_C_1,1,0,V_1_C_1,1,1,Authority,AutonomousProxy,120.9,0.018,0.000,-0.934,-1928.8,-5591.8,55.2,-479.4,-945.0,-1.0,38.1,5,5,1961.0,460.0
31.679,VehicleControllerBP_C_0,1,1,V_1_C_0,1,0,Authority,SimulatedProxy,0.0,0.000,0.000,0.000,-2722.6,-5758.5,55.1,-60.0,-516.7,0.0,18.7,0,0,0.0,0.0
30.089,VehicleControllerBP_C_0,0,1,V_1_C_0,1,1,AutonomousProxy,Authority,156.7,0.010,0.000,-0.958,-1983.5,-5679.9,55.1,-299.7,-1069.3,-1.2,40.0,6,6,473.0,2019.0
31.867,VehicleControllerBP_C_1,1,0,V_1_C_1,1,1,Authority,AutonomousProxy,120.9,0.010,0.000,-0.958,-1983.5,-5679.9,55.1,-601.8,-826.7,-0.4,36.8,6,6,1961.0,460.0
31.867,VehicleControllerBP_C_0,1,1,V_1_C_0,1,0,Authority,SimulatedProxy,0.0,0.000,0.000,0.000,-2728.6,-5810.0,55.1,-59.7,-513.4,0.0,18.6,0,0,0.0,0.0
30.277,VehicleControllerBP_C_0,0,1,V_1_C_0,1,1,AutonomousProxy,Authority,156.7,0.005,0.000,-0.978,-2049.6,-5754.9,55.1,-422.1,-987.4,-1.1,38.7,7,7,473.0,2019.0
32.006,VehicleControllerBP_C_1,1,0,V_1_C_1,1,1,Authority,AutonomousProxy,120.9,0.005,0.000,-0.978,-2049.6,-5754.9,55.1,-711.3,-687.9,0.6,35.6,7,7,1961.0,460.0
32.006,VehicleControllerBP_C_0,1,1,V_1_C_0,1,0,Authority,SimulatedProxy,0.0,0.000,0.000,0.000,-2734.6,-5861.2,55.1,-59.3,-510.2,0.0,18.5,0,0,0.0,0.0
30.415,VehicleControllerBP_C_0,0,1,V_1_C_0,1,1,AutonomousProxy,Authority,156.7,0.003,0.000,-0.985,-2125.5,-5815.4,55.2,-546.3,-880.1,-0.7,37.3,1,1,468.0,1995.0
32.161,VehicleControllerBP_C_1,1,0,V_1_C_1,1,1,Authority,AutonomousProxy,120.9,0.003,0.000,-0.985,-2125.5,-5815.4,55.2,-798.5,-535.5,0.9,34.6,1,1,2091.0,490.0
32.161,VehicleControllerBP_C_0,1,1,V_1_C_0,1,0,Authority,SimulatedProxy,0.0,0.000,0.000,0.000,-2740.5,-5912.0,55.1,-58.9,-507.0,0.0,18.4,0,0,0.0,0.0
30.571,VehicleControllerBP_C_0,0,1,V_1_C_0,1,1,AutonomousProxy,Authority,156.7,0.001,0.000,-0.991,-2208.6,-5860.3,55.3,-661.5,-750.8,0.2,36.0,2,2,468.0,1995.0
32.299,VehicleControllerBP_C_1,1,0,V_1_C_1,1,1,Authority,AutonomousProxy,120.9,0.001,0.000,-0.991,-2208.6,-5860.3,55.3,-859.7,-377.6,0.7,33.8,2,2,2091.0,490.0
32.299,VehicleControllerBP_C_0,1,1,V_1_C_0,1,0,Authority,SimulatedProxy,0.0,0.000,0.000,0.000,-2746.3,-5962.5,55.1,-58.5,-503.8,0.0,18.3,0,0,0.0,0.0
30.708,VehicleControllerBP_C_0,0,1,V_1_C_0,1,1,AutonomousProxy,Authority,156.7,0.001,0.000,-0.994,-2290.9,-5892.1,55.4,-758.6,-604.5,0.8,34.9,3,3,468.0,1995.0
32.479,VehicleControllerBP_C_1,1,0,V_1_C_1,1,1,Authority,AutonomousProxy,120.9,0.001,0.000,-0.994,-2290.9,-5892.1,55.4,-409.6,-377.7,1.2,20.1,3,3,2091.0,490.0
32.479,VehicleControllerBP_C_0,1,1,V_1_C_0,1,0,Authority,SimulatedProxy,0.0,0.000,0.000,0.000,-2757.9,-6010.3,55.1,-539.4,-340.0,-1.3,23.0,0,0,0.0,0.0
30.888,VehicleControllerBP_C_0,0,1,V_1_C_0,1,1,AutonomousProxy,Authority,153.8,0.000,0.000,-0.997,-2334.7,-5923.9,55.2,-831.4,-449.2,0.8,34.0,4,4,468.0,1995.0
32.665,VehicleControllerBP_C_1,1,0,V_1_C_1,1,1,Authority,AutonomousProxy,118.3,0.000,0.000,-0.997,-2334.7,-5923.9,55.2,-436.7,-279.3,-2.0,18.7,4,4,2091.0,490.0
32.665,VehicleControllerBP_C_0,1,1,V_1_C_0,1,0,Authority,SimulatedProxy,0.0,0.000,0.000,0.000,-2804.4,-6045.9,55.0,-430.9,-357.0,-2.8,20.1,0,0,0.0,0.0
31.074,VehicleControllerBP_C_0,0,1,V_1_C_0,1,1,AutonomousProxy,Authority,153.8,0.000,0.000,-0.998,-2377.2,-5949.2,55.1,-822.9,-318.3,0.6,31.8,5,5,468.0,1995.0
32.853,VehicleControllerBP_C_1,1,0,V_1_C_1,1,1,Authority,AutonomousProxy,118.3,0.000,0.000,-0.998,-2377.2,-5949.2,55.1,-421.0,-223.4,-0.9,17.2,5,5,2091.0,490.0
32.853,VehicleControllerBP_C_0,1,1,V_1_C_0,1,0,Authority,SimulatedProxy,0.0,0.000,0.000,0.000,-2841.5,-6080.3,54.6,-321.8,-333.9,-3.8,16.7,0,0,0.0,0.0
31.263,VehicleControllerBP_C_0,0,1,V_1_C_0,1,1,AutonomousProxy,Authority,153.8,0.000,0.000,-0.999,-2418.6,-5967.2,55.0,-438.3,-317.6,-1.4,19.5,6,6,468.0,1995.0
33.011,VehicleControllerBP_C_1,1,0,V_1_C_1,1,1,Authority,AutonomousProxy,118.3,0.000,0.000,-0.998,-2418.6,-5967.2,55.0,-407.5,-143.4,-0.5,15.6,6,6,2091.0,490.0
33.011,VehicleControllerBP_C_0,1,1,V_1_C_0,1,0,Authority,SimulatedProxy,0.0,0.000,0.000,0.000,-2868.6,-6112.0,54.5,-235.0,-294.7,0.4,13.6,0,0,0.0,0.0
31.421,VehicleControllerBP_C_0,0,1,V_1_C_0,1,1,AutonomousProxy,Authority,153.8,0.000,0.000,-0.999,-2455.2,-5974.3,55.1,-424.8,-252.8,-1.4,17.8,1,1,457.0,2010.0
33.207,VehicleControllerBP_C_1,1,0,V_1_C_1,1,1,Authority,AutonomousProxy,118.3,0.000,0.000,-0.999,-2455.2,-5974.3,55.1,-223.2,21.6,1.6,8.1,1,1,1966.0,409.0
33.207,VehicleControllerBP_C_0,1,1,V_1_C_0,1,0,Authority,SimulatedProxy,0.0,0.000,0.000,0.000,-2893.3,-6141.1,54.6,-363.4,-346.4,0.9,18.1,0,0,0.0,0.0
31.616,VehicleControllerBP_C_0,0,1,V_1_C_0,1,1,AutonomousProxy,Authority,153.8,0.000,0.000,-0.511,-2475.7,-5975.9,55.1,-413.7,-180.0,-0.6,16.2,2,2,457.0,2010.0
33.379,VehicleControllerBP_C_1,1,0,V_1_C_1,1,1,Authority,AutonomousProxy,118.3,0.000,0.000,-0.511,-2475.7,-5975.9,55.1,-198.0,-12.1,0.4,7.1,2,2,1966.0,409.0
33.379,VehicleControllerBP_C_0,1,1,V_1_C_0,1,0,Authority,SimulatedProxy,0.0,0.000,0.000,0.000,-2925.7,-6173.4,54.6,-295.6,-301.3,-0.5,15.2,0,0,0.0,0.0
31.789,VehicleControllerBP_C_0,0,1,V_1_C_0,1,1,AutonomousProxy,Authority,153.8,0.000,0.000,-0.290,-2495.8,-5978.2,55.1,-366.3,-71.7,0.2,13.4,3,3,457.0,2010.0
33.524,VehicleControllerBP_C_1,1,0,V_1_C_1,1,1,Authority,AutonomousProxy,118.3,0.000,0.000,-0.290,-2495.8,-5978.2,55.1,-202.2,-33.4,0.1,7.4,3,3,1966.0,409.0
33.524,VehicleControllerBP_C_0,1,1,V_1_C_0,1,0,Authority,SimulatedProxy,0.0,0.000,0.000,0.000,-2952.1,-6200.5,54.6,-235.3,-245.1,0.8,12.2,0,0,0.0,0.0
31.933,VehicleControllerBP_C_0,0,1,V_1_C_0,1,1,AutonomousProxy,Authority,154.1,0.000,0.000,-0.186,-2516.1,-5981.9,55.2,-204.5,-15.8,0.9,7.4,4,4,457.0,2010.0
33.674,VehicleControllerBP_C_1,1,0,V_1_C_1,1,1,Authority,AutonomousProxy,120.3,0.000,0.000,-0.186,-2516.1,-5981.9,55.2,-204.9,-44.3,0.3,7.5,4,4,1966.0,409.0
33.674,VehicleControllerBP_C_0,1,1,V_1_C_0,1,0,Authority,SimulatedProxy,0.0,0.000,0.000,0.000,-2972.5,-6221.4,54.7,-176.9,-178.4,1.2,9.0,0,0,0.0,0.0
32.083,VehicleControllerBP_C_0,0,1,V_1_C_0,1,1,AutonomousProxy,Authority,154.1,0.000,0.000,-0.116,-2536.0,-5987.0,55.2,-201.2,-23.1,0.1,7.3,5,5,457.0,2010.0
33.858,VehicleControllerBP_C_1,1,0,V_1_C_1,1,1,Authority,AutonomousProxy,120.3,0.000,0.000,-0.116,-2536.0,-5987.0,55.2,-196.5,-55.3,0.0,7.3,5,5,1966.0,409.0
33.858,VehicleControllerBP_C_0,1,1,V_1_C_0,1,0,Authority,SimulatedProxy,0.0,0.000,0.000,0.000,-2987.4,-6235.4,54.8,-131.5,-117.7,0.8,6.4,0,0,0.0,0.0
32.268,VehicleControllerBP_C_0,0,1,V_1_C_0,1,1,AutonomousProxy,Authority,154.1,0.000,0.000,-0.063,-2551.5,-5991.1,55.1,-203.1,-37.2,0.2,7.4,6,6,457.0,2010.0
34.016,VehicleControllerBP_C_1,1,0,V_1_C_1,1,1,Authority,AutonomousProxy,120.3,0.000,0.000,-0.063,-2551.5,-5991.1,55.1,-138.3,-37.5,0.7,5.2,6,6,1966.0,409.0
34.016,VehicleControllerBP_C_0,1,1,V_1_C_0,1,0,Authority,SimulatedProxy,0.0,0.000,0.000,0.000,-3001.5,-6249.5,55.0,-130.5,-141.4,0.7,6.9,0,0,0.0,0.0
32.426,VehicleControllerBP_C_0,0,1,V_1_C_0,1,1,AutonomousProxy,Authority,154.1,0.000,0.000,-0.038,-2563.6,-5994.8,55.4,-198.9,-50.3,0.2,7.4,7,7,457.0,2010.0
34.205,VehicleControllerBP_C_1,1,0,V_1_C_1,1,1,Authority,AutonomousProxy,120.3,0.000,0.000,-0.038,-2563.6,-5994.8,55.4,-102.6,-33.9,2.2,3.9,1,1,2045.0,458.0
34.205,VehicleControllerBP_C_0,1,1,V_1_C_0,1,0,Authority,SimulatedProxy,0.0,0.000,0.000,0.000,-3012.2,-6261.9,54.9,-90.6,-109.6,-1.5,5.1,0,0,0.0,0.0
32.615,VehicleControllerBP_C_0,0,1,V_1_C_0,1,1,AutonomousProxy,Authority,154.1,0.000,0.000,-0.020,-2571.8,-5997.4,55.5,-155.8,-40.9,-0.3,5.8,1,1,428.0,2057.0
34.397,VehicleControllerBP_C_1,1,0,V_1_C_1,1,1,Authority,AutonomousProxy,120.3,0.000,0.000,-0.020,-2571.8,-5997.4,55.5,-62.5,-19.3,0.8,2.4,2,2,2045.0,458.0
34.397,VehicleControllerBP_C_0,1,1,V_1_C_0,1,0,Authority,SimulatedProxy,0.0,0.000,0.000,0.000,-3019.1,-6270.5,54.8,-52.8,-68.7,-0.6,3.1,0,0,0.0,0.0
32.806,VehicleControllerBP_C_0,0,1,V_1_C_0,1,1,AutonomousProxy,Authority,154.1,0.000,0.000,-0.010,-2575.5,-5998.5,55.6,-120.5,-37.3,2.0,4.5,2,2,428.0,2057.0
34.555,VehicleControllerBP_C_1,1,0,V_1_C_1,1,1,Authority,AutonomousProxy,120.3,0.000,0.000,-0.010,-2575.5,-5998.5,55.6,-11.4,-0.2,1.0,0.4,3,3,2045.0,458.0
34.555,VehicleControllerBP_C_0,1,1,V_1_C_0,1,0,Authority,SimulatedProxy,0.0,0.000,0.000,0.000,-3022.4,-6274.4,54.7,-12.9,-13.9,-0.8,0.7,0,0,0.0,0.0
32.964,VehicleControllerBP_C_0,0,1,V_1_C_0,1,1,AutonomousProxy,Authority,153.0,0.000,0.000,-0.006,-2575.6,-5998.5,55.5,-82.4,-26.1,1.4,3.1,3,3,428.0,2057.0
34.708,VehicleControllerBP_C_1,1,0,V_1_C_1,1,1,Authority,AutonomousProxy,121.2,0.000,0.000,-0.006,-2575.6,-5998.5,55.5,0.8,-0.2,-2.1,0.1,4,4,2045.0,458.0
34.708,VehicleControllerBP_C_0,1,1,V_1_C_0,1,0,Authority,SimulatedProxy,0.0,0.000,0.000,0.000,-3022.4,-6274.3,54.8,1.6,3.9,2.4,0.2,0,0,0.0,0.0
33.118,VehicleControllerBP_C_0,0,1,V_1_C_0,1,1,AutonomousProxy,Authority,153.0,0.000,0.000,-0.004,-2575.6,-5998.5,55.3,-36.9,-11.0,0.7,1.4,4,4,428.0,2057.0
34.846,VehicleControllerBP_C_1,1,0,V_1_C_1,1,1,Authority,AutonomousProxy,121.2,0.000,0.000,-0.004,-2575.6,-5998.5,55.3,0.6,0.1,-1.4,0.1,5,5,2045.0,458.0
34.846,VehicleControllerBP_C_0,1,1,V_1_C_0,1,0,Authority,SimulatedProxy,0.0,0.000,0.000,0.000,-3022.4,-6274.3,55.1,-0.0,0.0,1.4,0.1,0,0,0.0,0.0
33.256,VehicleControllerBP_C_0,0,1,V_1_C_0,1,1,AutonomousProxy,Authority,153.0,0.000,0.000,-0.003,-2575.6,-5998.5,55.2,-0.7,-0.2,-0.9,0.0,5,5,428.0,2057.0
35.020,VehicleControllerBP_C_1,1,0,V_1_C_1,1,1,Authority,AutonomousProxy,121.2,0.000,0.000,-0.003,-2575.6,-5998.5,55.2,0.0,0.0,0.0,0.0,6,6,2045.0,458.0
35.020,VehicleControllerBP_C_0,1,1,V_1_C_0,1,0,Authority,SimulatedProxy,0.0,0.000,0.000,0.000,-3022.4,-6274.3,55.1,0.0,0.0,0.0,0.0,0,0,0.0,0.0
33.429,VehicleControllerBP_C_0,0,1,V_1_C_0,1,1,AutonomousProxy,Authority,153.0,0.000,0.000,-0.001,-2575.6,-5998.5,55.3,-0.2,0.1,-2.1,0.1,6,6,428.0,2057.0
35.194,VehicleControllerBP_C_1,1,0,V_1_C_1,1,1,Authority,AutonomousProxy,121.2,0.000,0.000,-0.001,-2575.6,-5998.5,55.2,0.0,0.0,0.0,0.0,1,1,1994.0,458.0
35.194,VehicleControllerBP_C_0,1,1,V_1_C_0,1,0,Authority,SimulatedProxy,0.0,0.000,0.000,0.000,-3022.4,-6274.3,55.1,0.0,0.0,0.0,0.0,0,0,0.0,0.0
33.604,VehicleControllerBP_C_0,0,1,V_1_C_0,1,1,AutonomousProxy,Authority,153.0,0.000,0.000,-0.001,-2575.6,-5998.5,55.2,-0.1,0.0,-0.6,0.0,1,1,460.0,1889.0
35.381,VehicleControllerBP_C_1,1,0,V_1_C_1,1,1,Authority,AutonomousProxy,121.2,0.000,0.000,-0.001,-2575.6,-5998.5,55.2,0.0,0.0,0.0,0.0,2,2,1994.0,458.0
35.381,VehicleControllerBP_C_0,1,1,V_1_C_0,1,0,Authority,SimulatedProxy,0.0,0.000,0.000,0.000,-3022.4,-6274.3,55.1,0.0,0.0,0.0,0.0,0,0,0.0,0.0
33.791,VehicleControllerBP_C_0,0,1,V_1_C_0,1,1,AutonomousProxy,Authority,153.0,0.000,0.000,-0.000,-2575.6,-5998.5,55.2,0.0,0.0,0.0,0.0,2,2,460.0,1889.0
