Time_s,DeltaTime_ms,SuspDisp_us,SuspForces_us,LoadTransfer_us,AntiRollbar_us,Steering_us,ContactSlip_us,Powertrain_us,Pacejka_us,ForceApply_us,TotalFrame_us,PacejkaCalls,TraceCount
1.922877,8.3330,326.00,1.70,0.70,0.30,0.90,8.40,6.60,0.00,0.00,346.70,0,0
1.922877,8.3330,349.70,2.20,1.10,0.40,0.80,7.90,8.50,0.00,0.00,373.30,0,0
1.922877,8.3330,360.20,2.50,1.10,0.30,0.60,9.50,6.50,0.00,0.00,383.00,0,0
1.922877,8.3330,356.50,2.30,0.90,0.30,0.50,6.80,5.60,0.00,0.00,375.00,0,0
1.922877,8.3330,353.00,2.60,3.20,0.40,0.60,6.70,6.30,0.00,0.00,374.90,0,0
1.922877,8.3330,414.50,2.70,1.20,0.50,0.70,10.00,9.20,0.00,0.00,441.80,0,0
1.922877,8.3330,382.60,3.10,1.30,0.60,0.80,11.10,7.20,0.00,0.00,411.80,0,0
1.922877,8.3330,429.40,3.80,1.60,0.70,1.00,9.60,9.00,0.00,0.00,457.70,0,0
1.922877,8.3330,354.70,1.90,1.20,0.40,0.90,7.10,8.50,0.00,0.00,378.00,0,0
1.922877,8.3330,340.50,2.10,1.00,0.50,0.80,9.00,6.70,0.00,0.00,367.80,0,0
1.922877,8.3330,374.40,2.80,1.40,0.50,1.40,9.30,9.90,0.00,0.00,402.90,0,0
1.922877,8.3330,505.60,3.90,3.40,0.70,4.60,10.80,12.60,0.00,0.00,553.00,0,0
2.195266,8.3330,1018.00,4.50,2.10,0.70,1.10,10.60,10.70,0.00,0.00,1051.30,0,0
2.195266,8.3330,492.90,3.30,1.40,0.70,1.50,9.60,9.00,0.00,0.00,522.10,0,0
2.195266,8.3330,445.30,4.00,1.50,0.50,1.30,10.40,8.30,0.00,0.00,475.10,0,0
2.195266,8.3330,399.10,3.40,1.30,0.50,1.30,11.50,8.80,0.00,0.00,429.40,0,0
2.195266,8.3330,359.60,3.70,1.50,0.70,1.10,9.20,9.10,0.00,0.00,388.20,0,0
2.195266,8.3330,739.30,3.70,1.70,0.70,1.40,14.30,11.60,0.00,0.00,776.70,0,0
2.195266,8.3330,351.00,2.90,1.40,0.70,1.00,11.80,8.20,0.00,0.00,380.20,0,0
2.195266,8.3330,414.70,3.80,1.50,0.70,0.90,9.70,8.90,0.00,0.00,443.10,0,0
2.195266,8.3330,391.50,57.20,1.80,1.10,1.10,15.10,16.20,0.00,0.00,489.60,0,0
2.195266,8.3330,417.70,3.90,1.80,0.90,1.50,11.70,8.50,0.00,0.00,449.50,0,0
2.195266,8.3330,394.90,7.70,2.10,0.90,3.20,16.60,22.30,0.00,0.00,455.00,0,0
2.195266,8.3330,635.00,5.80,1.40,0.80,4.10,9.60,10.70,0.00,0.00,680.80,0,0
2.419229,8.3330,402.10,3.70,1.30,0.50,1.60,11.00,16.40,0.00,0.00,440.90,0,0
2.419229,8.3330,460.30,3.30,1.10,0.70,1.10,15.10,20.80,0.00,0.00,506.70,0,0
2.419229,8.3330,420.70,4.50,2.70,1.00,0.90,12.50,7.80,0.00,0.00,453.30,0,0
2.419229,8.3330,397.20,2.20,1.00,0.50,1.00,15.10,14.10,0.00,0.00,434.40,0,0
2.419229,8.3330,387.20,2.00,1.10,0.40,1.10,8.00,6.80,0.00,0.00,411.30,0,0
2.419229,8.3330,435.30,3.30,1.40,0.90,1.20,14.20,19.80,0.00,0.00,480.90,0,0
2.419229,8.3330,385.80,2.30,0.70,0.50,0.90,7.00,6.00,0.00,0.00,406.20,0,0
2.419229,8.3330,401.40,3.40,1.00,0.60,1.10,8.60,7.70,0.00,0.00,426.80,0,0
2.419229,8.3330,466.20,7.80,4.30,0.90,2.60,18.50,11.10,0.00,0.00,546.10,0,0
2.419229,8.3330,463.50,5.10,1.60,0.70,2.80,8.50,7.50,0.00,0.00,493.90,0,0
2.419229,8.3330,443.80,3.30,1.50,0.70,1.20,11.90,6.70,0.00,0.00,472.80,0,0
2.419229,8.3330,546.30,6.50,2.90,1.50,1.00,14.10,9.00,0.00,0.00,586.50,0,0
2.526569,8.3330,400.40,2.50,1.40,0.30,2.10,8.90,7.20,0.00,0.00,427.40,0,0
2.526569,8.3330,480.40,2.00,0.90,0.40,1.10,8.20,6.50,0.00,0.00,504.80,0,0
2.526569,8.3330,399.50,2.50,1.20,0.50,1.00,9.00,20.90,0.00,0.00,437.10,0,0
2.526569,8.3330,444.10,1.90,0.90,0.50,3.10,9.40,9.00,0.00,0.00,474.70,0,0
2.526569,8.3330,388.20,2.10,1.00,0.50,1.10,15.50,9.40,0.00,0.00,422.20,0,0
2.526569,8.3330,414.00,4.80,2.60,0.90,1.60,11.40,10.60,0.00,0.00,449.50,0,0
2.526569,8.3330,361.50,3.60,1.80,0.60,1.40,10.60,64.40,0.00,0.00,448.10,0,0
2.526569,8.3330,449.40,4.60,1.40,1.30,2.00,14.00,12.40,0.00,0.00,490.60,0,0
2.526569,8.3330,663.50,5.90,3.00,0.80,4.60,28.90,42.60,0.00,0.00,762.70,0,0
2.526569,8.3330,341.70,4.90,1.80,0.80,3.10,13.00,10.50,0.00,0.00,381.80,0,0
2.526569,8.3330,402.40,5.40,1.50,0.90,1.40,11.20,10.50,0.00,0.00,437.80,0,0
2.526569,8.3330,406.10,4.80,1.20,0.70,4.10,10.00,10.10,0.00,0.00,445.50,0,0
2.622005,7.9530,398.50,4.50,1.90,0.70,1.90,11.80,12.20,0.00,0.00,436.30,0,0
2.622005,7.9530,364.10,3.30,1.60,0.60,1.50,9.80,7.80,0.00,0.00,393.00,0,0
2.622005,7.9530,362.00,2.70,0.90,0.50,1.30,8.90,7.30,0.00,0.00,387.10,0,0
2.622005,7.9530,349.10,4.80,2.10,0.70,1.30,11.60,11.30,0.00,0.00,385.00,0,0
2.622005,7.9530,477.80,13.00,7.00,2.60,2.70,36.90,38.80,0.00,0.00,586.70,0,0
2.622005,7.9530,522.70,10.90,1.70,1.10,3.20,13.70,9.60,0.00,0.00,569.00,0,0
2.622005,7.9530,407.90,3.40,1.30,0.70,1.60,10.80,8.20,0.00,0.00,441.70,0,0
2.622005,7.9530,384.80,3.00,1.10,0.40,4.30,9.90,18.30,0.00,0.00,428.30,0,0
2.622005,7.9530,2158.60,21.60,5.80,1.90,2.20,16.00,462.60,0.00,0.00,2676.30,0,0
2.622005,7.9530,596.80,14.00,2.10,1.80,1.80,14.90,10.00,0.00,0.00,646.50,0,0
2.622005,7.9530,369.00,4.40,2.10,1.30,2.00,12.10,50.80,0.00,0.00,446.80,0,0
2.622005,7.9530,389.70,4.90,1.90,1.10,2.30,12.60,10.20,0.00,0.00,427.70,0,0
2.740169,8.3330,406.20,4.20,1.80,0.60,1.80,10.50,7.80,0.00,0.00,437.10,0,0
2.740169,8.3330,356.20,3.60,1.50,0.50,1.20,9.40,7.30,0.00,0.00,383.50,0,0
2.740169,8.3330,433.80,6.60,1.90,1.40,3.60,13.30,15.00,0.00,0.00,489.60,0,0
2.740169,8.3330,366.70,5.20,1.70,1.00,2.40,12.00,13.10,0.00,0.00,407.10,0,0
2.740169,8.3330,542.40,21.40,3.00,4.00,4.00,13.40,34.70,0.00,0.00,637.70,0,0
2.740169,8.3330,416.70,5.50,1.80,0.90,1.50,14.80,9.60,0.00,0.00,455.90,0,0
2.740169,8.3330,844.70,16.30,8.50,3.10,15.80,21.50,15.50,0.00,0.00,956.20,0,0
2.740169,8.3330,698.20,7.40,3.90,1.50,529.40,16.00,15.10,0.00,0.00,1280.40,0,0
2.740169,8.3330,370.60,5.10,3.30,1.10,2.60,12.40,10.10,0.00,0.00,411.90,0,0
2.740169,8.3330,349.60,4.30,1.80,0.70,1.70,9.70,8.00,0.00,0.00,381.10,0,0
2.740169,8.3330,358.00,4.40,1.40,0.60,1.30,9.70,7.30,0.00,0.00,387.80,0,0
2.740169,8.3330,366.30,3.70,1.20,0.80,1.50,19.10,7.20,0.00,0.00,403.60,0,0
2.861376,8.3330,764.20,6.40,2.30,0.70,1.10,43.60,15.20,0.00,0.00,837.70,0,0
2.861376,8.3330,378.50,7.90,2.50,0.90,1.40,10.50,7.40,0.00,0.00,414.70,0,0
2.861376,8.3330,485.60,7.90,1.30,0.90,1.80,14.30,8.90,0.00,0.00,527.00,0,0
2.861376,8.3330,401.10,7.40,2.60,0.90,4.20,12.80,9.20,0.00,0.00,447.30,0,0
2.861376,8.3330,554.20,4.50,2.00,0.80,1.10,13.90,12.80,0.00,0.00,595.20,0,0
2.861376,8.3330,403.70,2.90,1.40,0.80,1.10,8.40,10.80,0.00,0.00,434.00,0,0
2.861376,8.3330,353.70,4.50,1.40,0.90,1.20,9.20,6.40,0.00,0.00,381.80,0,0
2.861376,8.3330,343.80,5.70,2.00,1.50,1.00,12.00,6.30,0.00,0.00,375.60,0,0
2.861376,8.3330,508.00,3.60,1.70,0.70,2.40,9.60,12.90,0.00,0.00,546.00,0,0
2.861376,8.3330,383.30,3.10,1.40,0.60,1.20,13.00,10.20,0.00,0.00,417.90,0,0
2.861376,8.3330,415.50,4.30,1.60,1.00,1.40,10.50,12.00,0.00,0.00,450.10,0,0
2.861376,8.3330,429.90,4.90,1.60,0.70,1.10,10.10,49.60,0.00,0.00,501.50,0,0
3.069057,8.3330,385.20,3.90,1.30,0.70,4.40,9.00,7.10,0.00,0.00,416.20,0,0
3.069057,8.3330,367.60,3.40,1.30,0.80,1.10,8.90,6.80,0.00,0.00,394.90,0,0
3.069057,8.3330,427.80,7.00,2.90,2.20,4.80,22.30,16.80,0.00,0.00,495.70,0,0
3.069057,8.3330,374.30,4.30,1.90,0.70,1.90,11.40,9.80,0.00,0.00,409.00,0,0
3.069057,8.3330,1194.10,11.20,5.40,2.20,3.50,16.20,14.30,0.00,0.00,1257.60,0,0
3.069057,8.3330,333.00,3.90,1.40,0.60,1.20,11.10,8.40,0.00,0.00,363.90,0,0
3.069057,8.3330,426.90,9.80,1.00,0.90,1.00,31.10,38.20,0.00,0.00,514.30,0,0
3.069057,8.3330,462.20,7.90,2.50,1.30,2.80,18.20,14.10,0.00,0.00,519.50,0,0
3.069057,8.3330,496.00,4.50,2.00,0.80,1.80,13.00,10.70,0.00,0.00,535.30,0,0
3.069057,8.3330,361.90,3.30,1.50,0.70,2.10,21.00,8.40,0.00,0.00,403.20,0,0
3.069057,8.3330,736.30,7.40,4.20,0.90,1.10,17.60,18.10,0.00,0.00,789.50,0,0
3.069057,8.3330,362.50,4.90,1.50,0.60,1.00,10.90,8.10,0.00,0.00,394.10,0,0
3.156117,7.9146,420.30,4.40,1.90,0.60,1.90,86.00,12.80,0.00,0.00,531.60,0,0
3.156117,7.9146,401.40,9.40,3.80,1.50,2.40,12.20,10.60,0.00,0.00,450.00,0,0
3.156117,7.9146,433.60,3.80,1.40,0.60,1.80,11.20,14.60,0.00,0.00,470.70,0,0
3.156117,7.9146,439.90,8.20,1.40,0.70,2.30,13.30,12.60,0.00,0.00,482.80,0,0
3.156117,7.9146,393.60,8.80,5.00,2.00,2.00,12.20,9.50,0.00,0.00,439.00,0,0
3.156117,7.9146,379.80,2.20,1.30,0.60,3.80,9.60,17.30,0.00,0.00,420.10,0,0
3.156117,7.9146,404.00,8.90,1.20,0.70,1.60,12.80,15.20,0.00,0.00,448.10,0,0
3.156117,7.9146,451.60,2.90,1.30,0.60,1.90,9.10,11.80,0.00,0.00,482.70,0,0
3.156117,7.9146,720.90,5.70,3.10,1.00,1.80,18.40,15.70,0.00,0.00,770.80,0,0
3.156117,7.9146,333.30,3.50,1.80,0.50,2.10,10.20,9.90,0.00,0.00,365.90,0,0
3.156117,7.9146,348.90,3.40,1.00,0.70,1.90,8.90,8.80,0.00,0.00,377.90,0,0
3.245563,8.1314,659.50,13.20,7.60,2.80,3.30,32.90,36.00,0.00,0.00,763.00,0,0
3.245563,8.1314,490.80,10.40,5.00,2.50,9.40,26.40,23.40,0.00,0.00,587.90,0,0
3.245563,8.1314,500.10,3.00,0.90,0.50,1.90,9.10,8.20,0.00,0.00,527.50,0,0
3.245563,8.1314,550.00,3.50,1.40,0.70,1.60,13.90,12.70,0.00,0.00,587.30,0,0
3.245563,8.1314,338.70,2.90,1.00,0.50,1.80,9.70,8.90,0.00,0.00,367.10,0,0
3.245563,8.1314,379.40,41.70,10.10,4.70,1.70,18.20,21.00,0.00,0.00,481.70,0,0
3.245563,8.1314,358.90,3.20,1.60,0.70,1.80,10.10,9.90,0.00,0.00,389.40,0,0
3.245563,8.1314,501.10,12.70,3.10,1.10,2.50,30.10,35.00,0.00,0.00,590.00,0,0
3.245563,8.1314,419.90,5.00,3.20,1.50,2.50,14.70,17.20,0.00,0.00,470.20,0,0
3.245563,8.1314,329.90,3.40,2.00,0.60,1.80,22.20,10.60,0.00,0.00,374.40,0,0
3.245563,8.1314,433.40,9.50,2.40,1.10,6.90,39.50,13.10,0.00,0.00,520.90,0,0
3.364824,8.3330,537.60,8.60,2.80,0.80,2.10,101.70,28.00,0.00,0.00,690.60,0,0
3.364824,8.3330,448.10,12.70,1.70,1.00,1.60,73.70,99.00,0.00,0.00,642.80,0,0
3.364824,8.3330,405.30,4.00,1.30,0.60,2.10,71.10,16.30,0.00,0.00,507.40,0,0
3.364824,8.3330,388.80,9.70,5.20,0.70,1.50,58.30,11.60,0.00,0.00,480.60,0,0
3.364824,8.3330,553.90,4.30,1.70,0.70,1.40,85.60,15.10,0.00,0.00,666.00,0,0
3.364824,8.3330,370.70,7.40,2.50,0.70,2.30,62.70,12.60,0.00,0.00,463.00,0,0
3.364824,8.3330,365.20,3.30,1.30,0.50,2.30,58.10,10.60,0.00,0.00,445.50,0,0
3.364824,8.3330,377.30,4.60,2.80,0.70,3.30,58.80,13.20,0.00,0.00,465.80,0,0
3.364824,8.3330,335.40,3.70,1.60,0.60,2.40,133.10,13.10,0.00,0.00,494.50,0,0
3.364824,8.3330,474.50,4.80,1.70,0.60,1.60,66.30,13.30,0.00,0.00,567.40,0,0
3.364824,8.3330,352.50,3.50,1.30,0.80,2.00,63.70,10.30,0.00,0.00,438.60,0,0
3.364824,8.3330,537.60,5.60,2.60,0.80,4.30,64.70,13.20,0.00,0.00,637.20,0,0
3.515593,8.3330,826.30,5.90,2.90,1.20,4.90,71.60,26.50,0.00,0.00,948.10,0,0
3.515593,8.3330,423.60,12.30,2.80,2.10,2.10,108.20,47.40,0.00,0.00,603.70,0,0
3.515593,8.3330,687.90,15.00,5.10,2.40,2.60,114.90,27.40,0.00,0.00,862.80,0,0
3.515593,8.3330,366.00,6.30,2.00,0.80,2.60,64.40,17.50,0.00,0.00,465.90,0,0
3.515593,8.3330,342.80,4.70,2.20,0.70,2.50,59.20,11.60,0.00,0.00,428.30,0,0
3.515593,8.3330,330.50,4.30,1.80,0.80,2.10,59.70,11.10,0.00,0.00,414.10,0,0
3.515593,8.3330,333.80,3.60,1.70,0.70,1.90,61.60,11.70,0.00,0.00,419.20,0,0
3.515593,8.3330,355.90,4.20,1.50,0.90,1.70,69.90,17.50,0.00,0.00,455.50,0,0
3.515593,8.3330,372.40,6.20,2.90,0.60,3.10,69.30,15.90,0.00,0.00,476.30,0,0
3.515593,8.3330,539.50,5.50,1.50,0.80,3.20,65.90,24.20,0.00,0.00,646.20,0,0
3.515593,8.3330,572.50,6.60,1.50,0.80,1.50,70.50,18.00,0.00,0.00,674.80,0,0
3.515593,8.3330,463.00,9.80,1.40,0.50,3.50,75.10,13.60,0.00,0.00,573.40,0,0
3.621977,8.3330,509.60,10.10,46.20,1.50,2.40,89.10,23.20,0.00,0.00,687.00,0,0
3.621977,8.3330,361.70,5.40,1.80,0.80,2.20,71.20,12.50,0.00,0.00,460.90,0,0
3.621977,8.3330,362.10,5.70,1.70,1.00,2.30,74.10,12.90,0.00,0.00,464.40,0,0
3.621977,8.3330,542.30,6.20,10.20,1.00,2.90,1511.60,52.80,0.00,0.00,2133.50,0,0
3.621977,8.3330,529.90,13.80,4.50,2.40,25.10,124.10,27.50,0.00,0.00,742.60,0,0
3.621977,8.3330,361.30,3.40,1.10,0.80,1.70,72.80,10.20,0.00,0.00,454.90,0,0
3.621977,8.3330,492.30,3.80,1.90,0.90,2.40,120.50,93.60,0.00,0.00,722.30,0,0
3.621977,8.3330,405.40,2.80,1.40,0.50,1.40,68.60,63.80,0.00,0.00,546.90,0,0
3.621977,8.3330,375.30,2.70,0.80,0.50,5.00,56.60,18.20,0.00,0.00,465.40,0,0
3.621977,8.3330,351.30,13.00,1.40,1.00,1.60,22.70,10.60,0.00,0.00,405.50,0,0
3.621977,8.3330,420.20,7.20,1.70,1.10,3.80,35.30,92.40,0.00,0.00,568.20,0,0
3.621977,8.3330,549.90,8.50,2.80,2.20,3.30,82.40,88.80,0.00,0.00,745.50,0,0
3.748312,8.3330,779.60,6.70,3.30,1.90,1.70,69.70,26.90,0.00,0.00,894.40,0,0
3.748312,8.3330,390.80,4.50,2.00,1.20,2.30,35.70,12.80,0.00,0.00,454.20,0,0
3.748312,8.3330,1026.00,6.50,2.90,1.30,2.50,82.70,98.80,0.00,0.00,1225.10,0,0
3.748312,8.3330,429.40,6.50,2.10,1.90,3.00,76.20,65.50,0.00,0.00,590.20,0,0
3.748312,8.3330,418.20,17.50,3.50,4.10,2.70,171.70,120.40,0.00,0.00,746.00,0,0
3.748312,8.3330,409.40,26.30,2.90,5.00,2.40,25.90,21.50,0.00,0.00,501.50,0,0
3.748312,8.3330,518.10,3.00,1.30,3.50,1.70,26.30,21.30,0.00,0.00,578.90,0,0
3.748312,8.3330,463.00,2.60,1.30,1.10,1.80,49.20,54.10,0.00,0.00,575.90,0,0
3.748312,8.3330,374.80,4.50,1.40,0.90,5.90,37.30,30.00,0.00,0.00,459.80,0,0
3.748312,8.3330,441.10,4.00,1.50,1.00,1.80,41.00,22.60,0.00,0.00,518.20,0,0
3.748312,8.3330,451.30,4.90,1.80,1.00,6.00,34.00,55.80,0.00,0.00,565.00,0,0
3.748312,8.3330,560.80,17.20,12.70,5.40,2.50,75.30,121.20,0.00,0.00,801.60,0,0
3.879737,8.3330,431.00,5.30,2.30,1.30,3.40,31.40,48.70,0.00,0.00,529.10,0,0
3.879737,8.3330,802.00,7.50,3.70,2.70,2.30,34.00,41.70,0.00,0.00,898.60,0,0
3.879737,8.3330,405.50,4.70,1.90,1.20,2.10,27.30,37.50,0.00,0.00,484.80,0,0
3.879737,8.3330,1127.00,5.20,2.50,1.40,2.50,114.00,36.30,0.00,0.00,1294.20,0,0
3.879737,8.3330,380.40,2.90,1.30,1.10,1.70,25.50,28.10,0.00,0.00,444.50,0,0
3.879737,8.3330,518.10,3.00,3.60,1.00,1.60,25.40,25.50,0.00,0.00,581.60,0,0
3.879737,8.3330,450.90,3.80,1.70,1.30,5.10,27.00,45.30,0.00,0.00,546.70,0,0
3.879737,8.3330,356.20,3.00,0.90,0.80,1.60,24.10,28.30,0.00,0.00,418.10,0,0
3.879737,8.3330,476.40,5.50,2.40,1.50,5.40,38.50,44.00,0.00,0.00,581.80,0,0
3.879737,8.3330,417.90,7.00,3.00,2.20,2.80,36.50,37.40,0.00,0.00,513.20,0,0
3.879737,8.3330,367.70,4.50,1.90,1.40,2.50,33.90,35.60,0.00,0.00,456.90,0,0
3.879737,8.3330,355.60,4.40,1.50,1.70,4.10,27.70,37.00,0.00,0.00,442.80,0,0
4.004574,8.3330,398.30,2.70,1.20,1.00,1.60,56.20,31.40,0.00,0.00,499.20,0,0
4.004574,8.3330,404.80,3.40,1.50,1.10,2.70,23.80,27.70,0.00,0.00,481.00,0,0
4.004574,8.3330,373.30,6.60,0.70,1.30,2.00,21.90,25.70,0.00,0.00,436.90,0,0
4.004574,8.3330,417.90,2.90,0.80,1.00,2.30,41.40,50.50,0.00,0.00,524.60,0,0
4.004574,8.3330,402.70,7.40,5.70,1.00,2.90,66.10,134.60,0.00,0.00,636.50,0,0
4.004574,8.3330,598.90,3.60,1.80,1.10,3.20,77.30,145.90,0.00,0.00,841.30,0,0
4.004574,8.3330,372.80,1.80,1.00,0.80,1.40,22.40,24.30,0.00,0.00,429.60,0,0
4.004574,8.3330,493.20,2.50,1.40,1.10,1.30,20.50,52.90,0.00,0.00,577.60,0,0
4.004574,8.3330,379.90,4.30,1.50,1.40,1.40,100.60,57.00,0.00,0.00,553.40,0,0
4.004574,8.3330,400.50,3.80,1.50,1.00,2.40,21.00,25.00,0.00,0.00,463.70,0,0
4.004574,8.3330,371.60,15.60,3.50,1.10,1.50,26.90,36.90,0.00,0.00,464.60,0,0
4.004574,8.3330,416.40,4.60,2.90,1.70,2.50,52.40,37.10,0.00,0.00,527.80,0,0
4.128636,8.3330,373.40,5.20,1.70,1.20,1.90,26.80,33.40,0.00,0.00,451.00,0,0
4.128636,8.3330,383.60,4.20,1.80,0.90,3.90,24.30,31.20,0.00,0.00,461.40,0,0
4.128636,8.3330,1288.30,7.50,3.20,2.40,2.50,38.60,52.60,0.00,0.00,1406.00,0,0
4.128636,8.3330,888.40,10.90,4.30,2.70,8.10,42.70,95.80,0.00,0.00,1081.40,0,0
4.128636,8.3330,386.00,2.40,1.00,0.80,1.90,72.90,51.40,0.00,0.00,521.40,0,0
4.128636,8.3330,518.60,3.60,1.50,1.30,1.90,24.30,26.90,0.00,0.00,584.20,0,0
4.128636,8.3330,364.00,3.00,1.40,0.90,1.60,24.70,42.80,0.00,0.00,444.00,0,0
4.128636,8.3330,398.30,3.60,1.20,1.60,2.20,72.80,82.20,0.00,0.00,569.30,0,0
4.128636,8.3330,413.70,2.70,1.30,1.10,1.80,26.20,29.80,0.00,0.00,481.60,0,0
4.128636,8.3330,464.00,5.70,2.80,1.90,6.60,38.50,44.30,0.00,0.00,581.30,0,0
4.128636,8.3330,362.40,3.80,1.70,1.10,3.80,23.70,38.00,0.00,0.00,445.80,0,0
4.128636,8.3330,1513.70,15.20,4.40,1.80,7.60,92.20,147.20,0.00,0.00,1806.40,0,0
4.255491,8.3330,379.80,6.70,1.70,1.20,3.80,22.80,110.00,0.00,0.00,535.30,0,0
4.255491,8.3330,442.70,4.70,1.70,1.00,2.40,89.50,50.50,0.00,0.00,600.30,0,0
4.255491,8.3330,617.30,7.00,2.90,1.60,2.60,36.10,40.20,0.00,0.00,718.30,0,0
4.255491,8.3330,611.00,9.00,3.20,1.70,4.90,38.50,109.50,0.00,0.00,817.80,0,0
4.255491,8.3330,380.10,3.00,1.20,1.10,2.00,67.90,68.30,0.00,0.00,531.00,0,0
4.255491,8.3330,675.20,4.20,8.90,1.10,1.60,36.60,66.10,0.00,0.00,800.20,0,0
4.255491,8.3330,401.00,2.30,1.00,0.80,2.10,25.40,79.20,0.00,0.00,518.70,0,0
4.255491,8.3330,426.20,3.10,1.80,1.60,2.10,83.30,65.10,0.00,0.00,591.90,0,0
4.255491,8.3330,367.20,2.90,1.10,1.10,1.80,24.60,28.50,0.00,0.00,433.30,0,0
4.255491,8.3330,443.20,5.60,3.20,2.00,3.90,30.70,46.10,0.00,0.00,551.80,0,0
4.255491,8.3330,371.00,3.30,1.60,1.10,2.40,61.10,46.00,0.00,0.00,498.00,0,0
4.255491,8.3330,1760.80,11.70,2.60,2.20,4.80,32.40,44.20,0.00,0.00,1875.00,0,0
4.387996,8.3330,595.50,19.50,3.30,1.80,9.00,44.40,52.70,0.00,0.00,753.30,0,0
4.387996,8.3330,360.60,4.90,1.60,1.40,2.50,29.40,89.40,0.00,0.00,498.00,0,0
4.387996,8.3330,549.10,5.10,2.10,1.40,11.10,93.00,82.70,0.00,0.00,766.20,0,0
4.387996,8.3330,573.50,20.60,9.30,7.00,1.70,75.10,134.30,0.00,0.00,850.50,0,0
4.387996,8.3330,419.90,3.50,1.00,1.30,4.50,30.70,123.50,0.00,0.00,595.70,0,0
4.387996,8.3330,401.40,6.50,1.70,1.60,2.30,109.90,81.20,0.00,0.00,614.50,0,0
4.387996,8.3330,371.60,5.60,1.80,1.50,20.70,25.20,29.30,0.00,0.00,464.10,0,0
4.387996,8.3330,386.60,3.70,1.60,1.10,1.90,26.10,87.90,0.00,0.00,516.10,0,0
4.387996,8.3330,386.60,4.30,1.20,1.10,1.90,82.70,68.10,0.00,0.00,553.10,0,0
4.387996,8.3330,412.70,4.20,1.80,1.30,2.90,25.30,30.30,0.00,0.00,486.60,0,0
4.387996,8.3330,372.20,2.60,1.00,0.90,1.70,23.90,92.10,0.00,0.00,500.70,0,0
4.387996,8.3330,447.00,5.30,2.50,1.50,2.50,93.80,69.10,0.00,0.00,632.20,0,0
4.564082,8.3330,425.00,4.80,1.30,1.30,1.50,32.20,31.30,0.00,0.00,504.80,0,0
4.564082,8.3330,795.80,13.40,1.90,1.30,2.90,23.80,83.40,0.00,0.00,935.00,0,0
4.564082,8.3330,395.00,2.10,1.10,0.80,3.00,62.90,53.50,0.00,0.00,528.50,0,0
4.564082,8.3330,405.60,2.60,1.10,0.80,1.00,25.40,24.00,0.00,0.00,464.30,0,0
4.564082,8.3330,426.40,2.60,2.30,1.00,1.50,21.10,85.40,0.00,0.00,545.70,0,0
4.564082,8.3330,425.10,2.60,1.20,0.90,1.90,66.10,50.50,0.00,0.00,554.30,0,0
4.564082,8.3330,366.40,5.50,2.40,1.60,2.50,25.50,26.80,0.00,0.00,439.90,0,0
4.564082,8.3330,416.60,3.90,2.20,1.40,2.30,22.40,85.70,0.00,0.00,541.70,0,0
4.564082,8.3330,506.20,9.10,5.20,2.10,5.00,72.20,68.80,0.00,0.00,683.10,0,0
4.564082,8.3330,404.60,5.90,2.00,1.40,2.60,29.30,30.50,0.00,0.00,487.00,0,0
4.564082,8.3330,385.10,10.10,5.50,3.10,3.50,43.50,64.40,0.00,0.00,530.90,0,0
4.564082,8.3330,485.70,4.50,1.50,1.10,2.30,56.50,36.80,0.00,0.00,597.70,0,0
4.665833,8.3330,388.50,3.10,1.60,1.10,1.90,24.90,27.70,0.00,0.00,455.50,0,0
4.665833,8.3330,1083.70,11.20,6.20,3.20,1.40,44.20,58.50,0.00,0.00,1220.40,0,0
4.665833,8.3330,522.60,7.20,3.60,2.20,2.20,36.40,23.40,0.00,0.00,611.70,0,0
4.665833,8.3330,390.50,2.30,0.90,0.90,1.80,26.60,24.30,0.00,0.00,453.50,0,0
4.665833,8.3330,602.80,5.90,2.80,1.50,2.10,62.80,68.60,0.00,0.00,754.60,0,0
4.665833,8.3330,1197.30,29.80,17.30,8.50,4.60,205.60,264.80,0.00,0.00,1765.10,0,0
4.665833,8.3330,393.80,5.80,1.60,1.90,3.80,122.90,185.40,0.00,0.00,729.60,0,0
4.665833,8.3330,463.30,4.70,1.80,1.60,2.40,81.20,94.90,0.00,0.00,659.30,0,0
4.665833,8.3330,361.00,3.40,0.80,0.80,1.40,72.80,79.10,0.00,0.00,525.60,0,0
4.665833,8.3330,396.20,2.30,0.90,1.00,1.40,88.20,84.60,0.00,0.00,589.90,0,0
4.665833,8.3330,402.90,2.00,0.80,0.90,1.70,94.20,85.00,0.00,0.00,593.10,0,0
4.665833,8.3330,378.10,2.10,0.70,0.90,1.80,85.80,91.00,0.00,0.00,566.00,0,0
4.775173,8.3330,363.30,4.00,1.70,1.10,1.70,76.00,91.10,0.00,0.00,546.10,0,0
4.775173,8.3330,460.20,6.30,2.90,1.50,1.60,95.40,95.00,0.00,0.00,671.20,0,0
4.775173,8.3330,395.60,3.80,0.90,1.00,2.10,77.40,89.70,0.00,0.00,577.80,0,0
4.775173,8.3330,418.90,4.10,1.50,1.70,3.00,94.00,100.10,0.00,0.00,632.90,0,0
4.775173,8.3330,422.20,3.40,1.30,1.30,1.40,73.90,78.00,0.00,0.00,586.90,0,0
4.775173,8.3330,395.00,2.60,1.20,1.00,1.60,83.40,77.90,0.00,0.00,567.90,0,0
4.775173,8.3330,368.40,2.60,1.10,1.00,1.80,70.90,79.00,0.00,0.00,531.40,0,0
4.775173,8.3330,469.20,8.20,4.20,2.30,1.70,92.40,116.10,0.00,0.00,704.20,0,0
4.775173,8.3330,913.90,7.20,2.80,1.50,4.40,109.40,160.20,0.00,0.00,1212.60,0,0
4.775173,8.3330,513.10,3.80,2.00,1.30,15.20,92.20,92.70,0.00,0.00,730.40,0,0
4.775173,8.3330,685.00,30.80,8.60,6.10,2.80,292.90,254.50,0.00,0.00,1311.20,0,0
4.775173,8.3330,416.90,7.20,2.60,2.10,4.40,143.60,315.00,0.00,0.00,906.70,0,0
4.905499,8.3330,392.20,7.80,2.80,1.70,2.60,91.90,102.90,0.00,0.00,610.20,0,0
4.905499,8.3330,403.50,5.80,3.20,1.70,4.90,87.40,97.20,0.00,0.00,613.00,0,0
4.905499,8.3330,427.60,7.60,2.90,1.00,2.30,78.30,81.40,0.00,0.00,610.80,0,0
4.905499,8.3330,547.10,7.10,2.80,1.60,2.00,106.90,107.00,0.00,0.00,783.80,0,0
4.905499,8.3330,932.60,24.40,11.10,4.60,4.90,301.40,143.70,0.00,0.00,1448.10,0,0
4.905499,8.3330,384.40,4.30,1.10,1.20,1.80,337.00,316.20,0.00,0.00,1054.20,0,0
4.905499,8.3330,377.50,3.30,1.40,0.90,1.90,80.90,85.60,0.00,0.00,557.20,0,0
4.905499,8.3330,386.50,2.60,1.20,1.10,1.80,81.00,84.10,0.00,0.00,573.60,0,0
4.905499,8.3330,361.70,2.90,1.00,1.00,3.60,84.40,161.70,0.00,0.00,623.10,0,0
4.905499,8.3330,409.40,5.90,1.40,1.20,2.00,104.50,103.60,0.00,0.00,634.40,0,0
4.905499,8.3330,469.20,9.30,3.30,2.70,3.70,101.50,105.90,0.00,0.00,722.10,0,0
4.905499,8.3330,357.60,4.20,2.10,1.50,2.70,63.40,54.20,0.00,0.00,493.70,0,0
5.039721,8.3330,386.50,3.50,1.90,1.50,2.20,59.40,57.40,0.00,0.00,519.50,0,0
5.039721,8.3330,416.30,3.80,1.50,1.90,2.20,57.20,54.10,0.00,0.00,544.60,0,0
5.039721,8.3330,542.90,6.10,3.60,1.60,3.80,63.60,65.80,0.00,0.00,697.80,0,0
5.039721,8.3330,924.00,33.30,13.30,2.60,2.30,87.30,190.90,0.00,0.00,1277.70,0,0
5.039721,8.3330,428.10,3.00,1.10,0.90,2.20,90.70,61.00,0.00,0.00,594.00,0,0
5.039721,8.3330,891.50,4.20,2.30,1.10,1.40,59.80,57.10,0.00,0.00,1023.00,0,0
5.039721,8.3330,390.30,1.50,0.90,0.70,1.50,54.60,54.60,0.00,0.00,510.20,0,0
5.039721,8.3330,607.70,2.90,1.40,1.00,3.30,91.50,93.20,0.00,0.00,808.90,0,0
5.039721,8.3330,1144.80,5.50,1.60,1.70,2.80,78.70,57.60,0.00,0.00,1306.30,0,0
5.039721,8.3330,390.40,2.90,2.60,1.30,2.40,54.20,56.70,0.00,0.00,521.30,0,0
5.039721,8.3330,1098.10,29.80,17.80,6.20,5.30,6757.60,233.50,0.00,0.00,8185.30,0,0
5.039721,8.3330,407.70,4.30,1.70,1.50,2.20,59.80,63.40,0.00,0.00,548.10,0,0
5.167377,8.3330,519.00,5.20,2.70,1.40,2.30,63.70,56.00,0.00,0.00,658.20,0,0
5.167377,8.3330,443.60,4.40,2.10,1.20,1.90,53.50,56.70,0.00,0.00,571.30,0,0
5.167377,8.3330,522.60,9.20,4.80,28.20,4.90,64.30,87.90,0.00,0.00,741.60,0,0
5.167377,8.3330,537.10,4.60,1.60,1.10,1.60,51.40,53.80,0.00,0.00,658.70,0,0
5.167377,8.3330,545.20,2.80,1.20,1.00,1.50,53.90,86.00,0.00,0.00,696.80,0,0
5.167377,8.3330,403.40,3.50,1.30,1.10,1.50,63.00,64.60,0.00,0.00,543.90,0,0
5.167377,8.3330,694.50,5.60,2.30,1.20,3.00,56.80,63.00,0.00,0.00,833.80,0,0
5.167377,8.3330,475.70,10.20,3.40,2.60,3.30,72.80,84.20,0.00,0.00,669.70,0,0
5.167377,8.3330,451.80,2.50,1.50,1.50,3.70,58.90,62.10,0.00,0.00,594.90,0,0
5.167377,8.3330,1645.50,15.50,8.90,5.30,2.50,143.80,127.70,0.00,0.00,1967.40,0,0
5.167377,8.3330,510.60,3.80,1.30,1.50,1.90,51.40,57.10,0.00,0.00,634.40,0,0
5.167377,8.3330,629.70,7.50,6.40,2.60,9.70,69.70,78.00,0.00,0.00,829.70,0,0
5.302158,8.3330,383.10,4.90,1.80,1.30,2.50,63.50,75.20,0.00,0.00,541.10,0,0
5.302158,8.3330,397.90,4.40,1.80,1.20,1.90,61.30,66.80,0.00,0.00,543.10,0,0
5.302158,8.3330,421.90,5.90,4.00,1.90,3.20,63.80,68.30,0.00,0.00,580.10,0,0
5.302158,8.3330,643.10,4.20,1.80,0.90,1.30,59.80,65.00,0.00,0.00,781.80,0,0
5.302158,8.3330,375.60,2.50,0.80,0.70,1.40,58.90,116.60,0.00,0.00,562.80,0,0
5.302158,8.3330,409.00,2.10,0.80,0.90,2.40,57.10,55.90,0.00,0.00,538.40,0,0
5.302158,8.3330,401.70,2.70,1.00,0.90,1.50,50.90,63.60,0.00,0.00,528.50,0,0
5.302158,8.3330,418.10,3.30,1.00,0.90,1.40,56.70,62.60,0.00,0.00,549.60,0,0
5.302158,8.3330,418.90,3.70,1.10,1.30,2.70,53.00,57.60,0.00,0.00,544.40,0,0
5.302158,8.3330,513.60,6.10,1.40,1.60,1.70,35.40,34.20,0.00,0.00,603.50,0,0
5.302158,8.3330,370.70,3.50,2.10,1.10,1.90,42.70,37.20,0.00,0.00,470.60,0,0
5.302158,8.3330,401.20,2.90,1.40,0.90,1.50,35.50,29.10,0.00,0.00,478.80,0,0
5.469663,8.3330,390.10,2.50,1.20,1.00,3.00,41.10,32.30,0.00,0.00,479.20,0,0
5.469663,8.3330,553.20,9.50,1.10,1.20,3.50,39.30,55.20,0.00,0.00,669.10,0,0
5.469663,8.3330,1352.10,16.20,2.30,2.60,1.30,30.60,48.50,0.00,0.00,1461.30,0,0
5.469663,8.3330,425.60,4.30,3.80,4.60,3.20,54.00,37.20,0.00,0.00,557.20,0,0
5.469663,8.3330,400.30,3.20,2.10,1.00,1.50,39.50,33.80,0.00,0.00,488.10,0,0
5.469663,8.3330,521.00,3.00,1.10,1.00,2.00,33.70,28.30,0.00,0.00,597.40,0,0
5.469663,8.3330,398.50,5.20,2.40,1.50,2.00,31.40,43.10,0.00,0.00,492.30,0,0
5.469663,8.3330,377.40,4.90,13.30,1.50,2.60,31.30,35.60,0.00,0.00,475.40,0,0
5.469663,8.3330,689.30,6.40,3.20,1.60,5.00,72.60,32.80,0.00,0.00,820.00,0,0
5.469663,8.3330,430.50,3.30,1.50,1.20,2.60,26.60,27.60,0.00,0.00,500.60,0,0
5.469663,8.3330,384.70,1.70,0.70,1.10,1.90,24.90,25.30,0.00,0.00,446.30,0,0
5.469663,8.3330,401.50,5.20,2.90,1.40,3.60,28.30,32.40,0.00,0.00,485.20,0,0
5.576900,8.3330,428.70,4.20,1.30,1.30,1.80,28.00,31.50,0.00,0.00,504.40,0,0
5.576900,8.3330,402.80,3.10,1.10,1.20,2.10,27.30,28.90,0.00,0.00,476.30,0,0
5.576900,8.3330,383.80,2.70,1.00,0.90,1.50,35.40,27.10,0.00,0.00,457.90,0,0
5.576900,8.3330,533.70,11.60,3.00,3.00,3.90,46.30,69.80,0.00,0.00,693.20,0,0
5.576900,8.3330,399.30,6.30,2.60,1.40,2.00,32.00,42.70,0.00,0.00,495.70,0,0
5.576900,8.3330,660.40,6.50,2.40,2.10,7.70,28.70,31.50,0.00,0.00,756.00,0,0
5.576900,8.3330,360.60,3.90,1.30,1.30,2.10,29.70,29.90,0.00,0.00,436.20,0,0
5.576900,8.3330,407.60,3.80,1.50,1.00,2.50,29.80,31.20,0.00,0.00,486.00,0,0
5.576900,8.3330,441.20,3.80,2.00,1.00,1.70,30.50,30.70,0.00,0.00,517.30,0,0
5.576900,8.3330,1245.70,6.20,2.90,1.40,3.20,33.00,37.50,0.00,0.00,1419.20,0,0
5.576900,8.3330,403.40,4.70,1.40,1.20,3.00,32.50,31.50,0.00,0.00,486.50,0,0
5.576900,8.3330,379.90,3.70,1.10,2.40,7.60,27.90,33.10,0.00,0.00,471.80,0,0
5.706575,8.3330,743.00,21.10,5.60,4.30,2.40,41.60,35.80,0.00,0.00,871.90,0,0
5.706575,8.3330,452.50,3.10,1.40,1.00,1.50,24.10,29.10,0.00,0.00,517.80,0,0
5.706575,8.3330,407.70,2.50,1.10,0.90,1.40,24.30,24.20,0.00,0.00,467.00,0,0
5.706575,8.3330,372.70,1.60,0.80,0.90,1.20,25.20,71.30,0.00,0.00,477.90,0,0
5.706575,8.3330,485.00,3.00,1.00,1.20,1.60,28.10,32.00,0.00,0.00,556.90,0,0
5.706575,8.3330,434.40,2.20,1.00,1.10,1.50,25.10,25.00,0.00,0.00,495.20,0,0
5.706575,8.3330,487.90,6.70,2.40,1.80,1.30,31.50,34.00,0.00,0.00,573.90,0,0
5.706575,8.3330,403.90,4.20,1.70,1.40,3.70,33.30,35.60,0.00,0.00,498.40,0,0
5.706575,8.3330,790.00,62.00,11.70,3.20,1.70,39.00,44.90,0.00,0.00,972.00,0,0
5.706575,8.3330,489.10,4.50,2.00,1.10,1.90,33.30,35.00,0.00,0.00,575.20,0,0
5.706575,8.3330,2397.50,45.40,22.30,13.30,10.90,106.70,90.10,0.00,0.00,2739.10,0,0
5.706575,8.3330,385.40,11.70,9.70,3.20,2.60,50.90,64.90,0.00,0.00,545.20,0,0
5.828242,8.3330,432.10,4.40,1.50,1.00,5.60,24.40,46.60,0.00,0.00,523.70,0,0
5.828242,8.3330,407.00,4.60,1.10,0.90,3.50,33.10,34.30,0.00,0.00,493.90,0,0
5.828242,8.3330,470.80,10.30,2.10,3.00,1.80,30.00,38.10,0.00,0.00,566.10,0,0
5.828242,8.3330,369.70,4.00,3.00,1.20,2.30,29.80,24.90,0.00,0.00,443.90,0,0
5.828242,8.3330,388.80,3.40,1.30,1.00,1.70,24.30,25.50,0.00,0.00,452.50,0,0
5.828242,8.3330,3884.30,7.40,3.40,2.00,1.90,39.00,34.80,0.00,0.00,3982.00,0,0
5.828242,8.3330,2875.00,5.90,2.90,1.70,11.80,30.20,26.90,0.00,0.00,2974.30,0,0
5.828242,8.3330,575.00,3.60,1.60,1.30,2.00,113.30,64.60,0.00,0.00,768.70,0,0
5.828242,8.3330,600.10,13.50,6.80,3.60,16.20,44.00,33.80,0.00,0.00,732.00,0,0
5.828242,8.3330,865.70,6.10,4.30,1.40,1.90,36.10,30.40,0.00,0.00,953.70,0,0
5.828242,8.3330,361.40,4.60,2.10,1.70,1.90,42.70,79.00,0.00,0.00,502.30,0,0
5.828242,8.3330,686.50,9.10,2.00,1.40,7.30,29.90,83.00,0.00,0.00,833.90,0,0
5.962144,8.3330,411.20,5.10,3.30,1.30,1.50,38.50,40.10,0.00,0.00,514.10,0,0
5.962144,8.3330,467.90,3.40,1.70,0.80,1.40,35.50,25.20,0.00,0.00,541.20,0,0
5.962144,8.3330,382.10,3.50,1.80,1.10,1.80,26.50,22.60,0.00,0.00,445.50,0,0
5.962144,8.3330,455.10,5.80,2.90,1.60,2.20,30.70,29.00,0.00,0.00,537.80,0,0
5.962144,8.3330,372.00,4.90,4.60,2.20,2.70,28.10,27.70,0.00,0.00,453.50,0,0
5.962144,8.3330,409.80,4.00,1.80,1.10,2.30,21.70,23.30,0.00,0.00,471.00,0,0
5.962144,8.3330,421.30,5.80,2.50,1.00,2.80,26.70,26.40,0.00,0.00,497.00,0,0
5.962144,8.3330,641.40,8.60,5.70,1.50,2.80,36.60,41.40,0.00,0.00,751.50,0,0
5.962144,8.3330,502.70,3.30,1.30,1.40,1.80,23.50,60.80,0.00,0.00,603.30,0,0
5.962144,8.3330,658.20,3.50,1.90,1.00,4.60,22.20,26.50,0.00,0.00,726.70,0,0
5.962144,8.3330,395.00,17.20,15.30,5.20,1.90,53.70,34.80,0.00,0.00,553.00,0,0
5.962144,8.3330,407.80,3.80,1.40,1.20,1.50,26.60,24.40,0.00,0.00,474.20,0,0
6.089691,8.3330,390.00,4.70,1.60,1.10,2.00,28.60,32.90,0.00,0.00,468.70,0,0
6.089691,8.3330,441.90,4.50,2.00,0.90,1.90,26.40,27.50,0.00,0.00,514.90,0,0
6.089691,8.3330,388.60,7.20,2.50,2.10,1.70,30.40,35.90,0.00,0.00,476.30,0,0
6.089691,8.3330,414.30,9.20,3.00,4.50,3.40,29.50,53.10,0.00,0.00,528.20,0,0
6.089691,8.3330,512.70,9.00,1.50,2.00,3.80,37.10,35.40,0.00,0.00,611.10,0,0
6.089691,8.3330,443.40,3.30,2.10,1.00,3.20,30.30,22.60,0.00,0.00,517.80,0,0
6.089691,8.3330,425.70,10.30,2.10,2.40,1.40,24.30,22.60,0.00,0.00,500.40,0,0
6.089691,8.3330,563.80,3.20,1.60,1.10,1.70,23.40,31.70,0.00,0.00,634.90,0,0
6.089691,8.3330,406.40,3.30,1.40,1.10,1.70,37.30,24.70,0.00,0.00,482.10,0,0
6.089691,8.3330,552.20,3.70,1.50,1.20,1.60,25.40,33.80,0.00,0.00,626.30,0,0
6.089691,8.3330,499.40,11.10,1.80,2.20,5.90,21.70,34.30,0.00,0.00,591.30,0,0
6.089691,8.3330,646.50,4.10,1.80,1.00,3.70,28.50,21.00,0.00,0.00,713.50,0,0
6.269834,8.3330,501.80,5.90,1.50,1.20,1.50,24.80,45.30,0.00,0.00,587.50,0,0
6.269834,8.3330,430.90,8.30,4.40,0.90,1.80,21.20,20.70,0.00,0.00,496.80,0,0
6.269834,8.3330,611.20,3.60,4.10,1.20,1.90,25.70,24.50,0.00,0.00,682.80,0,0
6.269834,8.3330,1379.10,5.00,2.10,1.10,1.50,28.50,29.30,0.00,0.00,1452.50,0,0
6.269834,8.3330,725.90,7.70,2.60,1.60,3.30,83.80,115.90,0.00,0.00,955.00,0,0
6.269834,8.3330,697.90,4.20,2.70,1.90,5.20,26.50,20.90,0.00,0.00,769.90,0,0
6.269834,8.3330,446.90,2.80,1.30,0.90,1.60,23.70,31.40,0.00,0.00,514.40,0,0
6.269834,8.3330,734.90,7.00,3.00,1.40,2.20,27.90,31.90,0.00,0.00,816.60,0,0
6.269834,8.3330,386.80,3.60,1.60,1.00,1.90,20.80,22.10,0.00,0.00,444.50,0,0
6.269834,8.3330,378.30,4.40,1.30,1.30,2.00,23.70,26.60,0.00,0.00,445.20,0,0
6.269834,8.3330,400.50,2.50,1.30,1.00,1.90,22.00,29.70,0.00,0.00,465.10,0,0
6.269834,8.3330,1654.50,18.10,7.80,4.90,5.20,45.20,55.00,0.00,0.00,1815.80,0,0
6.370970,8.3330,363.60,1.60,0.70,0.90,1.30,22.30,30.10,0.00,0.00,425.20,0,0
6.370970,8.3330,403.80,2.60,1.00,1.30,2.00,22.60,22.90,0.00,0.00,464.10,0,0
6.370970,8.3330,367.50,1.60,0.70,0.80,1.00,31.50,24.30,0.00,0.00,431.30,0,0
6.370970,8.3330,580.20,7.40,3.00,3.70,3.70,30.50,51.50,0.00,0.00,694.10,0,0
6.370970,8.3330,455.20,2.60,1.10,0.80,2.80,214.60,70.50,0.00,0.00,755.10,0,0
6.370970,8.3330,387.30,6.00,2.00,1.10,4.90,24.10,25.30,0.00,0.00,459.40,0,0
6.370970,8.3330,385.50,11.30,3.00,2.90,2.50,25.10,28.00,0.00,0.00,470.90,0,0
6.370970,8.3330,419.30,14.60,5.70,27.40,2.00,50.10,66.30,0.00,0.00,602.80,0,0
6.370970,8.3330,388.50,6.40,1.80,1.00,3.80,25.00,26.50,0.00,0.00,465.70,0,0
6.370970,8.3330,429.30,5.70,2.70,1.10,2.90,25.80,25.40,0.00,0.00,503.30,0,0
6.370970,8.3330,405.00,4.00,1.70,1.30,1.90,26.10,28.20,0.00,0.00,475.60,0,0
6.370970,8.3330,393.30,3.70,1.60,1.00,2.20,26.50,22.50,0.00,0.00,458.80,0,0
6.488731,8.3330,447.90,11.50,3.70,2.50,2.40,34.40,44.00,0.00,0.00,559.10,0,0
6.488731,8.3330,409.40,6.10,2.10,1.00,2.30,22.70,29.00,0.00,0.00,481.20,0,0
6.488731,8.3330,404.30,4.80,1.30,1.20,2.70,23.00,23.20,0.00,0.00,469.90,0,0
6.488731,8.3330,484.10,4.60,2.60,1.20,3.20,24.50,23.40,0.00,0.00,555.90,0,0
6.488731,8.3330,421.70,2.40,1.20,1.00,1.40,20.10,18.10,0.00,0.00,470.60,0,0
6.488731,8.3330,394.10,2.20,1.30,0.90,1.50,23.80,20.50,0.00,0.00,449.80,0,0
6.488731,8.3330,363.50,2.40,1.30,1.00,1.20,23.80,20.70,0.00,0.00,418.30,0,0
6.488731,8.3330,459.50,2.30,1.00,1.00,2.10,22.90,22.20,0.00,0.00,517.30,0,0
6.488731,8.3330,404.70,3.00,0.90,1.00,1.60,21.70,18.70,0.00,0.00,456.80,0,0
6.488731,8.3330,439.20,4.70,6.20,1.50,2.50,29.70,57.00,0.00,0.00,552.60,0,0
6.488731,8.3330,504.40,5.40,1.70,2.10,3.30,26.90,21.90,0.00,0.00,576.90,0,0
6.488731,8.3330,472.80,15.30,9.60,5.30,1.90,63.70,83.60,0.00,0.00,668.70,0,0
6.623022,8.3330,387.00,3.40,2.10,1.30,1.60,26.00,31.50,0.00,0.00,460.40,0,0
6.623022,8.3330,383.40,4.70,1.40,1.30,2.30,26.70,24.80,0.00,0.00,452.40,0,0
6.623022,8.3330,735.80,7.90,2.90,1.60,3.30,26.00,25.00,0.00,0.00,820.90,0,0
6.623022,8.3330,391.10,4.60,2.00,1.20,2.20,25.90,24.80,0.00,0.00,462.00,0,0
6.623022,8.3330,444.20,4.50,1.60,1.10,4.60,25.40,24.10,0.00,0.00,513.80,0,0
6.623022,8.3330,472.40,9.20,3.20,4.00,2.80,68.00,54.20,0.00,0.00,631.80,0,0
6.623022,8.3330,615.80,4.80,11.70,1.10,1.80,37.70,22.30,0.00,0.00,702.60,0,0
6.623022,8.3330,420.20,2.70,1.30,1.10,1.50,36.00,20.90,0.00,0.00,489.30,0,0
6.623022,8.3330,368.40,2.70,1.30,0.90,2.00,24.30,31.10,0.00,0.00,436.50,0,0
6.623022,8.3330,421.50,6.90,3.20,1.00,1.80,44.50,34.20,0.00,0.00,520.40,0,0
6.623022,8.3330,441.70,3.10,1.40,1.00,1.50,23.40,20.60,0.00,0.00,498.40,0,0
6.623022,8.3330,347.90,2.40,1.40,1.80,1.80,24.20,21.90,0.00,0.00,410.40,0,0
6.753777,8.3330,398.70,4.20,1.20,1.20,2.00,20.90,29.10,0.00,0.00,531.60,0,0
6.753777,8.3330,405.00,15.30,2.30,1.30,2.50,25.60,24.30,0.00,0.00,483.00,0,0
6.753777,8.3330,421.80,5.60,2.20,1.00,1.80,25.50,23.50,0.00,0.00,489.30,0,0
6.753777,8.3330,407.10,4.20,5.90,1.00,3.40,35.30,38.00,0.00,0.00,554.00,0,0
6.753777,8.3330,1114.70,25.50,6.20,2.60,2.70,30.20,32.80,0.00,0.00,1375.40,0,0
6.753777,8.3330,464.10,12.20,3.70,2.60,6.10,39.20,58.90,0.00,0.00,608.60,0,0
6.753777,8.3330,516.10,4.40,1.90,1.10,2.00,27.00,23.90,0.00,0.00,583.40,0,0
6.753777,8.3330,413.60,3.70,1.40,1.00,2.30,26.60,22.90,0.00,0.00,478.70,0,0
6.753777,8.3330,412.40,2.40,1.10,1.00,2.00,23.00,23.70,0.00,0.00,471.80,0,0
6.753777,8.3330,571.70,12.30,6.00,2.20,2.70,43.50,45.20,0.00,0.00,699.30,0,0
6.753777,8.3330,530.90,16.20,9.40,7.70,4.20,38.00,57.40,0.00,0.00,687.40,0,0
6.753777,8.3330,7056.20,7.90,3.80,2.70,2.50,29.90,32.90,0.00,0.00,7145.90,0,0
6.884980,8.3330,498.90,6.00,4.50,1.40,3.00,31.20,30.00,0.00,0.00,583.30,0,0
6.884980,8.3330,419.50,5.20,1.60,1.00,1.60,23.50,28.10,0.00,0.00,487.30,0,0
6.884980,8.3330,459.00,3.00,1.00,1.90,1.50,19.50,18.90,0.00,0.00,510.70,0,0
6.884980,8.3330,470.50,4.50,2.40,1.10,3.40,23.10,25.70,0.00,0.00,538.50,0,0
6.884980,8.3330,424.10,4.80,2.20,1.10,2.60,21.30,21.50,0.00,0.00,485.40,0,0
6.884980,8.3330,419.70,7.50,4.30,2.20,3.10,28.60,21.30,0.00,0.00,497.50,0,0
6.884980,8.3330,422.30,5.70,2.40,1.70,2.40,27.20,37.70,0.00,0.00,509.30,0,0
6.884980,8.3330,405.00,4.50,1.90,1.20,2.20,27.00,26.80,0.00,0.00,477.70,0,0
6.884980,8.3330,413.70,4.20,2.90,1.40,6.10,21.70,37.40,0.00,0.00,504.00,0,0
6.884980,8.3330,445.50,2.60,1.70,1.20,1.70,25.40,21.20,0.00,0.00,505.40,0,0
6.884980,8.3330,378.00,3.10,1.20,0.90,2.40,24.50,21.70,0.00,0.00,438.30,0,0
6.884980,8.3330,383.70,2.50,1.20,0.90,1.80,41.10,21.50,0.00,0.00,458.30,0,0
7.017099,8.3330,365.00,4.10,1.40,1.20,2.10,24.30,30.80,0.00,0.00,436.40,0,0
7.017099,8.3330,385.70,3.90,1.50,1.20,1.60,24.70,32.70,0.00,0.00,458.90,0,0
7.017099,8.3330,493.00,4.70,1.10,1.20,2.40,53.90,28.40,0.00,0.00,592.10,0,0
7.017099,8.3330,401.60,2.40,0.90,1.00,1.90,22.20,19.80,0.00,0.00,455.10,0,0
7.017099,8.3330,638.50,8.80,2.90,2.40,3.10,38.20,44.60,0.00,0.00,755.50,0,0
7.017099,8.3330,429.60,4.60,1.20,1.80,1.70,25.60,25.30,0.00,0.00,496.60,0,0
7.017099,8.3330,659.00,16.20,6.30,6.50,5.40,37.30,49.90,0.00,0.00,803.60,0,0
7.017099,8.3330,371.80,4.50,2.00,1.40,1.80,26.80,27.20,0.00,0.00,443.30,0,0
7.017099,8.3330,468.30,6.50,5.10,1.80,4.00,38.70,39.90,0.00,0.00,577.50,0,0
7.017099,8.3330,424.10,5.90,2.10,1.40,2.70,28.70,35.50,0.00,0.00,511.60,0,0
7.017099,8.3330,418.00,4.60,1.80,1.30,2.00,24.60,26.40,0.00,0.00,490.50,0,0
7.017099,8.3330,459.80,4.60,1.90,1.50,2.30,24.10,29.20,0.00,0.00,531.90,0,0
7.150831,8.3330,905.00,16.50,3.80,2.80,3.80,38.00,36.30,0.00,0.00,1020.10,0,0
7.150831,8.3330,372.90,6.50,4.70,1.10,1.90,31.30,19.10,0.00,0.00,484.90,0,0
7.150831,8.3330,970.80,65.10,5.20,3.80,1.50,41.10,25.50,0.00,0.00,1120.80,0,0
7.150831,8.3330,392.90,2.80,2.40,1.10,3.00,23.40,19.40,0.00,0.00,462.50,0,0
7.150831,8.3330,774.00,3.70,2.10,1.20,1.20,55.50,43.20,0.00,0.00,887.20,0,0
7.150831,8.3330,474.40,3.60,1.40,1.00,3.20,24.30,27.50,0.00,0.00,551.60,0,0
7.150831,8.3330,412.30,6.30,2.10,1.10,1.60,23.30,24.10,0.00,0.00,477.00,0,0
7.150831,8.3330,429.00,3.20,1.50,0.90,1.90,26.00,55.40,0.00,0.00,524.90,0,0
7.150831,8.3330,396.70,4.80,2.70,1.10,2.70,24.30,23.10,0.00,0.00,463.30,0,0
7.150831,8.3330,415.60,3.20,1.40,1.40,2.00,27.70,20.70,0.00,0.00,478.90,0,0
7.150831,8.3330,389.40,4.20,1.50,1.00,2.20,34.60,97.40,0.00,0.00,539.50,0,0
7.150831,8.3330,607.90,15.40,6.40,35.50,10.20,52.60,62.10,0.00,0.00,822.00,0,0
7.319036,8.3330,483.50,5.50,1.30,1.00,2.30,24.20,27.80,0.00,0.00,558.10,0,0
7.319036,8.3330,501.30,1.90,1.00,0.90,1.40,25.60,22.50,0.00,0.00,559.90,0,0
7.319036,8.3330,503.60,2.90,3.50,0.90,4.60,34.50,22.20,0.00,0.00,581.20,0,0
7.319036,8.3330,444.80,11.30,4.00,1.90,1.80,22.00,23.80,0.00,0.00,521.60,0,0
7.319036,8.3330,758.00,7.70,3.40,2.10,1.80,23.90,42.70,0.00,0.00,848.90,0,0
7.319036,8.3330,425.80,5.30,3.60,1.50,2.20,24.60,24.80,0.00,0.00,494.10,0,0
7.319036,8.3330,470.40,5.60,3.00,1.10,1.90,22.50,19.90,0.00,0.00,533.00,0,0
7.319036,8.3330,438.10,2.80,2.00,1.20,2.00,20.80,23.90,0.00,0.00,500.50,0,0
7.319036,8.3330,795.80,9.80,3.50,1.70,1.90,24.20,27.80,0.00,0.00,874.80,0,0
7.319036,8.3330,359.10,4.00,2.80,1.40,2.10,19.60,22.20,0.00,0.00,419.50,0,0
7.319036,8.3330,393.20,5.10,1.90,1.50,2.80,47.80,26.90,0.00,0.00,486.80,0,0
7.319036,8.3330,385.70,3.90,1.80,1.30,1.70,19.60,20.20,0.00,0.00,442.00,0,0
7.439663,8.3330,386.40,2.80,1.30,0.90,1.60,24.00,26.80,0.00,0.00,450.80,0,0
7.439663,8.3330,451.50,3.30,1.40,1.20,6.50,24.60,21.90,0.00,0.00,518.00,0,0
7.439663,8.3330,395.40,3.20,1.20,1.00,1.60,22.70,20.60,0.00,0.00,451.50,0,0
7.439663,8.3330,546.40,5.70,2.70,2.00,4.00,31.60,34.80,0.00,0.00,641.50,0,0
7.439663,8.3330,456.00,2.10,1.20,1.50,3.00,25.70,21.30,0.00,0.00,520.70,0,0
7.439663,8.3330,493.00,11.90,6.90,2.80,1.80,32.90,38.30,0.00,0.00,603.70,0,0
7.439663,8.3330,661.30,5.70,2.70,1.40,4.50,24.30,27.50,0.00,0.00,737.30,0,0
7.439663,8.3330,574.80,15.90,5.50,4.90,2.10,51.20,69.40,0.00,0.00,739.10,0,0
7.439663,8.3330,421.40,5.50,2.50,1.90,3.10,22.90,27.50,0.00,0.00,494.30,0,0
7.439663,8.3330,380.90,4.10,1.70,1.50,3.00,19.60,20.30,0.00,0.00,439.60,0,0
7.439663,8.3330,487.90,4.70,1.60,1.10,2.40,25.00,25.00,0.00,0.00,555.60,0,0
7.439663,8.3330,392.80,3.40,1.40,1.10,2.50,20.00,20.10,0.00,0.00,447.90,0,0
7.554002,8.3330,459.40,5.90,1.80,1.10,2.30,15.30,25.70,0.00,0.00,517.60,0,0
7.554002,8.3330,399.80,2.50,0.90,0.90,3.30,19.40,24.70,0.00,0.00,457.40,0,0
7.554002,8.3330,552.30,3.20,1.20,1.20,1.30,19.80,33.10,0.00,0.00,618.20,0,0
7.554002,8.3330,413.60,2.20,1.20,0.80,1.30,19.70,17.40,0.00,0.00,460.40,0,0
7.554002,8.3330,397.00,3.80,1.80,1.10,1.80,21.10,24.00,0.00,0.00,457.40,0,0
7.554002,8.3330,404.00,4.60,1.30,1.10,2.10,19.30,22.80,0.00,0.00,464.00,0,0
7.554002,8.3330,395.40,5.00,1.80,1.30,2.70,22.30,23.40,0.00,0.00,460.30,0,0
7.554002,8.3330,626.10,5.70,2.80,1.40,4.40,20.40,25.50,0.00,0.00,733.80,0,0
7.554002,8.3330,476.30,4.70,1.40,1.60,1.70,24.10,21.00,0.00,0.00,537.60,0,0
7.554002,8.3330,407.00,2.70,1.40,1.10,1.60,20.40,20.50,0.00,0.00,462.00,0,0
7.554002,8.3330,858.70,5.00,2.20,1.10,2.60,22.50,34.60,0.00,0.00,934.80,0,0
7.554002,8.3330,363.10,3.20,1.50,1.30,2.00,19.40,19.90,0.00,0.00,416.80,0,0
7.685931,8.3330,417.70,3.40,1.50,1.00,2.30,17.40,38.00,0.00,0.00,487.00,0,0
7.685931,8.3330,444.30,2.90,1.80,1.20,2.80,31.40,30.90,0.00,0.00,528.10,0,0
7.685931,8.3330,455.50,2.90,0.90,0.90,1.50,22.10,22.40,0.00,0.00,513.90,0,0
7.685931,8.3330,1903.40,6.10,2.70,1.50,2.70,27.40,23.40,0.00,0.00,1978.80,0,0
7.685931,8.3330,397.60,12.40,3.10,1.30,1.70,29.30,22.90,0.00,0.00,501.00,0,0
7.685931,8.3330,434.40,5.00,1.60,0.90,3.90,22.90,23.20,0.00,0.00,502.80,0,0
7.685931,8.3330,452.50,5.40,2.20,1.40,2.50,36.80,27.50,0.00,0.00,538.40,0,0
7.685931,8.3330,563.00,16.70,5.40,4.00,2.50,60.80,94.70,0.00,0.00,764.20,0,0
7.685931,8.3330,369.30,2.40,1.10,0.90,2.10,20.50,18.80,0.00,0.00,421.60,0,0
7.685931,8.3330,395.20,1.90,1.10,1.10,1.60,16.60,18.70,0.00,0.00,441.30,0,0
7.685931,8.3330,381.40,2.30,1.20,0.90,1.60,23.90,19.20,0.00,0.00,435.90,0,0
7.685931,8.3330,470.30,5.20,2.70,1.40,1.70,21.50,24.50,0.00,0.00,533.60,0,0
7.824450,8.3330,396.20,5.20,2.10,1.50,2.60,25.10,39.40,0.00,0.00,479.50,0,0
7.824450,8.3330,383.60,4.40,1.60,1.10,1.80,21.20,22.50,0.00,0.00,443.30,0,0
7.824450,8.3330,412.20,8.50,5.30,1.70,3.50,28.70,33.60,0.00,0.00,509.00,0,0
7.824450,8.3330,391.00,3.60,2.10,1.20,2.50,21.40,27.20,0.00,0.00,455.90,0,0
7.824450,8.3330,1164.10,19.40,8.90,4.20,2.40,44.50,54.30,0.00,0.00,1316.00,0,0
7.824450,8.3330,383.10,4.40,1.80,1.20,2.60,21.60,24.10,0.00,0.00,446.20,0,0
7.824450,8.3330,485.90,3.70,1.30,1.10,2.10,17.50,21.10,0.00,0.00,539.60,0,0
7.824450,8.3330,475.90,3.40,1.60,1.10,1.70,21.90,20.50,0.00,0.00,531.80,0,0
7.824450,8.3330,535.40,4.60,1.70,1.40,2.20,20.30,77.00,0.00,0.00,649.30,0,0
7.824450,8.3330,439.60,7.50,3.80,2.30,1.60,35.40,36.10,0.00,0.00,537.20,0,0
7.824450,8.3330,420.90,8.40,3.60,1.60,3.80,29.40,37.50,0.00,0.00,521.90,0,0
7.824450,8.3330,723.50,19.20,8.80,5.90,7.40,38.90,42.30,0.00,0.00,876.30,0,0
7.950649,8.3330,404.10,3.70,6.00,1.20,3.30,20.20,26.30,0.00,0.00,478.60,0,0
7.950649,8.3330,411.00,2.70,1.20,1.00,1.80,22.50,29.80,0.00,0.00,477.20,0,0
7.950649,8.3330,559.00,4.40,2.50,1.20,2.80,24.20,35.70,0.00,0.00,638.60,0,0
7.950649,8.3330,480.60,8.00,1.60,1.50,2.90,19.50,28.00,0.00,0.00,549.00,0,0
7.950649,8.3330,430.10,2.00,0.90,1.00,1.50,21.00,28.40,0.00,0.00,489.80,0,0
7.950649,8.3330,564.10,4.50,1.70,1.00,2.00,28.10,116.50,0.00,0.00,725.20,0,0
7.950649,8.3330,383.90,3.10,1.40,1.00,4.70,21.40,23.20,0.00,0.00,448.90,0,0
7.950649,8.3330,463.70,5.60,2.30,1.50,2.60,25.10,27.10,0.00,0.00,535.80,0,0
7.950649,8.3330,390.80,3.80,1.80,1.20,2.30,21.90,24.20,0.00,0.00,453.40,0,0
7.950649,8.3330,767.90,4.80,2.60,1.50,2.10,32.40,38.70,0.00,0.00,857.30,0,0
7.950649,8.3330,1618.30,6.60,3.20,1.70,2.60,33.20,70.50,0.00,0.00,1747.00,0,0
7.950649,8.3330,446.20,5.40,1.80,1.40,2.40,21.10,23.40,0.00,0.00,510.40,0,0
8.088060,8.3330,421.90,2.90,5.20,1.10,3.50,25.90,19.60,0.00,0.00,492.80,0,0
8.088060,8.3330,456.90,3.70,1.30,1.00,2.10,19.70,30.20,0.00,0.00,521.70,0,0
8.088060,8.3330,474.90,4.20,1.60,1.30,5.30,31.20,54.00,0.00,0.00,580.30,0,0
8.088060,8.3330,425.40,4.60,2.20,1.40,1.80,19.10,22.00,0.00,0.00,484.50,0,0
8.088060,8.3330,397.30,2.90,1.30,1.00,2.30,19.80,18.80,0.00,0.00,449.30,0,0
8.088060,8.3330,416.00,4.00,3.30,1.00,2.80,19.70,22.40,0.00,0.00,478.30,0,0
8.088060,8.3330,409.90,2.50,1.00,0.80,2.00,22.40,19.30,0.00,0.00,464.80,0,0
8.088060,8.3330,482.00,6.00,2.70,2.10,1.90,18.60,33.00,0.00,0.00,555.50,0,0
8.088060,8.3330,454.60,3.70,1.70,1.50,2.10,22.70,53.90,0.00,0.00,549.10,0,0
8.088060,8.3330,706.40,5.10,2.10,1.20,4.30,16.60,25.20,0.00,0.00,774.00,0,0
8.088060,8.3330,481.70,2.80,1.30,53.00,1.80,24.70,20.60,0.00,0.00,591.70,0,0
8.088060,8.3330,360.00,2.60,1.00,1.20,1.70,14.60,21.10,0.00,0.00,407.90,0,0
8.246619,8.3330,437.10,4.10,1.40,1.20,1.90,22.10,35.40,0.00,0.00,510.30,0,0
8.246619,8.3330,403.70,3.90,1.50,1.10,1.50,23.30,21.30,0.00,0.00,462.50,0,0
8.246619,8.3330,443.70,7.40,4.00,1.20,3.00,28.10,32.40,0.00,0.00,531.20,0,0
8.246619,8.3330,655.10,10.70,2.90,1.80,2.90,24.60,41.20,0.00,0.00,750.90,0,0
8.246619,8.3330,411.30,5.50,1.60,2.80,1.60,65.90,96.80,0.00,0.00,601.30,0,0
8.246619,8.3330,415.80,8.70,1.70,1.30,8.20,31.30,27.40,0.00,0.00,505.40,0,0
8.246619,8.3330,386.30,2.20,1.50,0.80,2.40,23.40,24.40,0.00,0.00,451.50,0,0
8.246619,8.3330,486.50,6.90,4.80,4.20,2.10,31.20,42.50,0.00,0.00,593.30,0,0
8.246619,8.3330,689.00,6.20,1.60,1.30,2.20,16.10,22.00,0.00,0.00,746.70,0,0
8.246619,8.3330,578.20,3.80,5.90,3.00,2.00,24.40,22.80,0.00,0.00,651.10,0,0
8.246619,8.3330,451.00,3.10,4.00,1.10,1.90,24.40,20.80,0.00,0.00,516.80,0,0
8.246619,8.3330,419.50,3.50,1.30,0.80,2.20,23.30,22.70,0.00,0.00,483.90,0,0
8.384892,8.3330,387.50,1.90,0.80,0.80,2.20,15.60,197.50,0.00,0.00,615.70,0,0
8.384892,8.3330,546.70,4.60,1.80,1.10,1.90,23.70,27.40,0.00,0.00,615.00,0,0
8.384892,8.3330,504.70,5.40,2.10,1.30,1.50,15.80,22.20,0.00,0.00,561.80,0,0
8.384892,8.3330,621.80,12.90,2.00,3.10,2.20,21.30,971.70,0.00,0.00,1649.70,0,0
8.384892,8.3330,402.00,6.20,1.50,1.20,3.50,13.10,31.10,0.00,0.00,476.20,0,0
8.384892,8.3330,430.90,2.70,1.40,0.90,1.70,21.80,24.00,0.00,0.00,493.00,0,0
8.384892,8.3330,404.70,3.20,1.20,1.20,3.40,15.40,31.00,0.00,0.00,468.80,0,0
8.384892,8.3330,397.40,7.00,1.50,1.20,1.50,23.60,22.20,0.00,0.00,465.50,0,0
8.384892,8.3330,411.10,5.70,2.40,2.70,1.70,22.20,33.30,0.00,0.00,487.00,0,0
8.384892,8.3330,598.00,3.30,1.70,1.20,1.50,20.80,21.00,0.00,0.00,653.50,0,0
8.384892,8.3330,375.30,4.00,1.60,1.00,2.50,13.90,18.80,0.00,0.00,435.40,0,0
8.384892,8.3330,379.20,5.20,2.00,1.50,2.90,23.00,23.50,0.00,0.00,445.30,0,0
8.517559,8.3330,374.00,8.30,3.80,1.70,3.80,20.20,27.70,0.00,0.00,448.70,0,0
8.517559,8.3330,533.90,8.90,5.50,1.30,5.10,28.50,42.20,0.00,0.00,644.20,0,0
8.517559,8.3330,504.70,3.80,1.60,1.10,2.40,20.70,23.30,0.00,0.00,565.40,0,0
8.517559,8.3330,401.90,3.00,3.30,0.90,3.00,41.00,32.50,0.00,0.00,494.10,0,0
8.517559,8.3330,422.60,8.70,1.80,3.00,1.70,15.90,32.90,0.00,0.00,500.30,0,0
8.517559,8.3330,449.50,3.70,1.20,1.30,3.70,33.40,22.80,0.00,0.00,527.20,0,0
8.517559,8.3330,406.30,3.00,6.70,0.90,1.60,15.80,20.40,0.00,0.00,464.70,0,0
8.517559,8.3330,437.70,3.40,2.10,1.00,1.80,31.60,25.50,0.00,0.00,512.80,0,0
8.517559,8.3330,373.30,6.40,1.80,1.90,2.30,16.80,22.30,0.00,0.00,433.50,0,0
8.517559,8.3330,581.50,4.90,2.00,1.20,2.00,26.00,25.80,0.00,0.00,651.20,0,0
8.517559,8.3330,382.80,2.80,1.30,0.90,2.00,12.10,19.60,0.00,0.00,428.50,0,0
8.517559,8.3330,360.70,2.50,0.90,1.30,2.80,22.60,20.40,0.00,0.00,419.20,0,0
8.630805,8.3330,401.20,3.40,1.40,1.00,1.50,23.30,35.50,0.00,0.00,474.20,0,0
8.630805,8.3330,508.40,5.80,2.70,1.80,1.70,38.50,28.20,0.00,0.00,595.20,0,0
8.630805,8.3330,685.60,2.60,1.30,1.00,1.70,11.00,17.80,0.00,0.00,726.60,0,0
8.630805,8.3330,627.90,9.10,2.60,2.70,4.50,34.00,34.00,0.00,0.00,735.10,0,0
8.630805,8.3330,692.90,7.00,2.80,1.80,1.80,16.50,28.10,0.00,0.00,758.90,0,0
8.630805,8.3330,368.70,4.50,2.10,1.10,3.00,27.60,24.20,0.00,0.00,440.60,0,0
8.630805,8.3330,558.60,14.30,2.60,4.70,4.40,56.30,106.30,0.00,0.00,765.60,0,0
8.630805,8.3330,421.50,15.60,6.90,6.50,3.10,63.50,67.70,0.00,0.00,604.40,0,0
8.630805,8.3330,435.70,6.10,3.10,1.30,2.70,20.60,37.50,0.00,0.00,516.10,0,0
8.630805,8.3330,403.10,4.70,1.90,1.80,2.10,23.60,23.80,0.00,0.00,469.20,0,0
8.630805,8.3330,392.50,3.80,1.20,1.20,1.90,12.20,21.20,0.00,0.00,440.90,0,0
8.630805,8.3330,445.00,4.30,1.60,1.20,2.00,23.70,23.40,0.00,0.00,508.40,0,0
8.752620,8.3330,397.70,3.50,1.80,1.00,2.40,13.10,23.10,0.00,0.00,451.20,0,0
8.752620,8.3330,1518.20,15.30,4.50,4.40,18.60,38.00,59.20,0.00,0.00,1702.00,0,0
8.752620,8.3330,432.50,7.10,2.40,2.10,2.10,20.00,33.30,0.00,0.00,512.90,0,0
8.752620,8.3330,687.50,4.70,2.60,1.40,1.70,27.30,26.10,0.00,0.00,758.70,0,0
8.752620,8.3330,420.20,5.80,2.60,1.30,3.20,16.20,28.20,0.00,0.00,489.30,0,0
8.752620,8.3330,429.30,4.50,1.30,1.00,1.80,22.50,22.60,0.00,0.00,490.70,0,0
8.752620,8.3330,490.80,3.80,1.80,1.00,1.60,13.70,34.20,0.00,0.00,553.50,0,0
8.752620,8.3330,434.80,9.20,2.40,1.00,2.50,20.30,26.60,0.00,0.00,505.30,0,0
8.752620,8.3330,400.70,2.30,1.10,0.90,1.60,15.30,21.60,0.00,0.00,451.50,0,0
8.752620,8.3330,393.80,4.60,1.20,1.30,1.40,19.60,27.70,0.00,0.00,455.30,0,0
8.752620,8.3330,426.90,5.20,1.70,1.00,2.30,11.70,32.20,0.00,0.00,488.20,0,0
8.752620,8.3330,407.00,8.70,1.30,1.50,2.00,20.90,31.60,0.00,0.00,480.40,0,0
8.892038,8.3330,610.10,11.50,2.00,1.60,2.40,22.00,43.00,0.00,0.00,700.60,0,0
8.892038,8.3330,463.40,6.00,1.40,1.20,1.90,26.60,28.50,0.00,0.00,536.50,0,0
8.892038,8.3330,441.10,5.60,1.30,0.80,2.20,19.80,21.50,0.00,0.00,501.50,0,0
8.892038,8.3330,431.50,3.30,1.30,0.90,1.60,30.10,19.10,0.00,0.00,495.80,0,0
8.892038,8.3330,605.20,5.40,1.80,1.00,2.70,20.90,27.90,0.00,0.00,673.60,0,0
8.892038,8.3330,428.60,4.50,1.30,3.20,1.80,27.60,28.50,0.00,0.00,510.40,0,0
8.892038,8.3330,433.90,6.40,2.70,1.00,5.50,23.20,23.30,0.00,0.00,506.50,0,0
8.892038,8.3330,713.20,8.70,2.10,1.30,1.50,26.30,41.40,0.00,0.00,806.10,0,0
8.892038,8.3330,418.90,10.70,3.30,2.60,1.80,21.00,21.00,0.00,0.00,487.40,0,0
8.892038,8.3330,449.60,8.10,1.30,1.00,1.50,35.00,35.20,0.00,0.00,538.00,0,0
8.892038,8.3330,411.50,2.80,1.30,0.90,1.80,23.90,20.90,0.00,0.00,469.60,0,0
8.892038,8.3330,369.20,2.10,0.80,1.00,1.30,18.60,24.10,0.00,0.00,422.40,0,0
9.017966,8.3330,392.40,2.90,1.50,1.20,2.00,17.80,24.50,0.00,0.00,448.40,0,0
9.017966,8.3330,457.70,3.00,1.40,1.00,1.50,23.20,27.60,0.00,0.00,521.00,0,0
9.017966,8.3330,373.10,3.60,1.30,0.90,2.00,13.30,18.40,0.00,0.00,418.40,0,0
9.017966,8.3330,515.50,6.10,3.40,1.60,4.50,37.40,43.40,0.00,0.00,682.10,0,0
9.017966,8.3330,355.30,4.50,2.10,1.10,2.70,15.40,21.10,0.00,0.00,411.00,0,0
9.017966,8.3330,702.20,5.70,2.30,1.40,2.50,24.00,24.90,0.00,0.00,771.70,0,0
9.017966,8.3330,425.00,6.70,2.70,2.50,4.30,21.90,43.50,0.00,0.00,518.80,0,0
9.017966,8.3330,431.50,5.90,2.30,1.70,2.60,27.80,27.30,0.00,0.00,508.40,0,0
9.017966,8.3330,401.40,4.30,1.70,1.20,1.60,13.00,21.20,0.00,0.00,451.40,0,0
9.017966,8.3330,376.80,4.20,1.60,1.00,2.20,20.80,45.70,0.00,0.00,458.50,0,0
9.017966,8.3330,372.70,3.50,1.60,0.90,1.90,12.20,25.80,0.00,0.00,425.90,0,0
9.017966,8.3330,405.10,4.50,13.90,1.00,2.10,21.00,21.50,0.00,0.00,476.10,0,0
9.142843,8.3330,410.20,4.60,2.00,1.00,2.30,13.60,33.20,0.00,0.00,474.20,0,0
9.142843,8.3330,434.10,8.40,5.80,2.60,1.90,102.10,37.70,0.00,0.00,606.80,0,0
9.142843,8.3330,717.20,12.40,2.80,2.00,3.90,16.20,27.90,0.00,0.00,792.50,0,0
9.142843,8.3330,994.40,7.50,3.60,1.90,3.50,29.00,43.10,0.00,0.00,1099.10,0,0
9.142843,8.3330,578.80,4.00,5.20,1.30,3.40,23.60,21.00,0.00,0.00,666.00,0,0
9.142843,8.3330,395.50,2.20,4.30,1.00,3.70,24.00,19.70,0.00,0.00,461.00,0,0
9.142843,8.3330,366.10,2.00,0.70,0.90,1.50,9.80,18.10,0.00,0.00,403.80,0,0
9.142843,8.3330,399.40,4.10,2.80,0.70,1.90,24.20,15.40,0.00,0.00,453.30,0,0
9.142843,8.3330,357.10,4.60,1.00,1.80,1.80,13.00,17.80,0.00,0.00,408.60,0,0
9.142843,8.3330,371.50,1.70,0.80,0.70,2.40,22.90,17.70,0.00,0.00,423.50,0,0
9.142843,8.3330,569.90,3.90,1.10,0.80,4.20,10.70,18.20,0.00,0.00,618.40,0,0
9.142843,8.3330,491.90,3.50,1.00,0.60,1.50,24.40,29.20,0.00,0.00,557.40,0,0
9.273648,8.3330,372.80,1.50,0.70,0.80,1.60,11.20,23.90,0.00,0.00,418.60,0,0
9.273648,8.3330,376.80,3.00,2.20,1.00,1.50,24.80,21.30,0.00,0.00,437.50,0,0
9.273648,8.3330,489.70,4.30,2.30,1.30,2.10,14.40,27.60,0.00,0.00,556.40,0,0
9.273648,8.3330,400.70,3.30,2.00,1.00,1.70,22.00,21.70,0.00,0.00,458.60,0,0
9.273648,8.3330,414.00,3.30,1.40,0.90,1.80,13.20,20.40,0.00,0.00,461.50,0,0
9.273648,8.3330,397.20,2.30,1.10,0.90,1.50,25.30,99.60,0.00,0.00,535.00,0,0
9.273648,8.3330,420.50,3.40,2.30,1.10,2.60,13.50,25.80,0.00,0.00,476.80,0,0
9.273648,8.3330,533.90,4.50,1.30,2.30,3.50,23.50,27.80,0.00,0.00,607.20,0,0
9.273648,8.3330,587.70,11.40,1.70,2.90,1.50,11.80,29.80,0.00,0.00,654.60,0,0
9.273648,8.3330,514.00,2.50,0.90,0.90,1.80,29.30,28.70,0.00,0.00,582.90,0,0
9.273648,8.3330,605.20,4.50,1.70,1.10,1.80,13.50,28.90,0.00,0.00,662.20,0,0
9.273648,8.3330,460.60,6.60,1.70,1.50,2.00,25.10,22.70,0.00,0.00,527.40,0,0
9.405138,8.3330,429.50,9.80,4.30,2.40,2.20,22.50,36.20,0.00,0.00,520.50,0,0
9.405138,8.3330,370.00,2.10,0.90,0.80,1.30,31.70,18.40,0.00,0.00,430.40,0,0
9.405138,8.3330,424.80,2.80,1.20,1.00,1.40,12.20,22.00,0.00,0.00,471.40,0,0
9.405138,8.3330,441.30,2.80,1.20,0.90,1.80,21.10,18.80,0.00,0.00,493.90,0,0
9.405138,8.3330,392.30,13.20,4.60,2.20,2.40,21.90,31.20,0.00,0.00,482.80,0,0
9.405138,8.3330,1074.10,6.70,2.90,1.70,2.10,25.30,30.30,0.00,0.00,1152.30,0,0
9.405138,8.3330,829.30,5.10,2.60,1.50,3.40,14.90,26.50,0.00,0.00,892.50,0,0
9.405138,8.3330,735.80,8.30,3.70,1.90,2.50,116.50,31.20,0.00,0.00,909.00,0,0
9.405138,8.3330,1325.70,9.60,2.30,1.20,2.50,13.70,24.10,0.00,0.00,1430.50,0,0
9.405138,8.3330,381.30,4.40,1.30,1.00,1.70,22.50,27.60,0.00,0.00,446.00,0,0
9.405138,8.3330,438.60,4.00,1.40,1.00,1.70,12.40,21.30,0.00,0.00,486.90,0,0
9.405138,8.3330,467.50,3.30,3.70,1.00,5.40,29.50,23.30,0.00,0.00,544.70,0,0
9.542723,8.3330,425.00,5.70,2.30,1.30,2.80,13.90,22.80,0.00,0.00,482.20,0,0
9.542723,8.3330,379.40,4.70,1.30,1.10,2.10,24.30,28.00,0.00,0.00,449.30,0,0
9.542723,8.3330,492.90,10.90,81.80,3.60,2.50,37.70,241.60,0.00,0.00,885.50,0,0
9.542723,8.3330,761.80,4.00,1.60,1.40,2.10,65.50,22.90,0.00,0.00,866.60,0,0
9.542723,8.3330,543.20,7.50,1.80,1.40,1.70,13.30,24.00,0.00,0.00,600.30,0,0
9.542723,8.3330,418.90,3.30,1.40,0.90,1.80,20.00,19.60,0.00,0.00,472.40,0,0
9.542723,8.3330,409.40,4.70,1.40,1.40,2.30,12.20,21.60,0.00,0.00,462.10,0,0
9.542723,8.3330,359.40,2.50,1.20,0.90,1.40,20.10,26.30,0.00,0.00,416.70,0,0
9.542723,8.3330,581.40,9.90,3.50,2.00,2.40,23.20,28.30,0.00,0.00,664.50,0,0
9.542723,8.3330,1164.20,8.10,2.80,1.60,4.70,23.90,30.40,0.00,0.00,1249.00,0,0
9.542723,8.3330,371.90,4.60,1.40,1.40,2.00,13.10,21.30,0.00,0.00,422.90,0,0
9.542723,8.3330,538.70,4.80,1.50,1.10,8.90,22.80,22.50,0.00,0.00,611.80,0,0
9.662243,8.3330,437.30,4.60,1.40,1.00,2.00,13.30,38.20,0.00,0.00,505.20,0,0
9.662243,8.3330,446.10,3.60,1.30,1.20,1.90,25.00,24.10,0.00,0.00,509.70,0,0
9.662243,8.3330,679.40,6.20,3.80,1.20,1.60,13.00,25.70,0.00,0.00,737.80,0,0
9.662243,8.3330,580.20,4.90,2.30,1.30,3.30,22.80,31.80,0.00,0.00,658.50,0,0
9.662243,8.3330,402.40,5.10,1.90,1.20,1.80,13.00,17.40,0.00,0.00,451.90,0,0
9.662243,8.3330,419.10,4.90,2.80,1.90,1.50,24.20,20.80,0.00,0.00,484.60,0,0
9.662243,8.3330,341.70,3.30,1.00,1.10,2.00,11.80,30.90,0.00,0.00,398.60,0,0
9.662243,8.3330,480.10,5.90,2.80,1.50,2.00,22.50,22.20,0.00,0.00,545.70,0,0
9.662243,8.3330,381.20,3.80,1.50,1.00,2.50,11.20,18.70,0.00,0.00,427.50,0,0
9.662243,8.3330,404.50,5.70,1.70,1.40,2.70,25.60,26.20,0.00,0.00,476.60,0,0
9.662243,8.3330,1019.20,18.80,7.50,4.70,5.10,35.50,57.90,0.00,0.00,1164.00,0,0
9.662243,8.3330,494.80,4.00,1.30,0.90,2.30,19.30,19.50,0.00,0.00,549.80,0,0
9.795867,8.3330,405.00,3.20,1.30,1.10,2.30,24.00,20.90,0.00,0.00,466.40,0,0
9.795867,8.3330,397.50,8.50,1.80,2.10,3.00,27.80,46.40,0.00,0.00,499.30,0,0
9.795867,8.3330,511.70,4.70,2.30,1.20,2.20,15.00,25.60,0.00,0.00,570.40,0,0
9.795867,8.3330,424.50,5.50,2.30,1.60,2.30,26.40,26.70,0.00,0.00,498.50,0,0
9.795867,8.3330,435.20,12.30,5.50,2.00,3.10,28.10,43.30,0.00,0.00,545.50,0,0
9.795867,8.3330,669.60,8.00,3.90,3.00,3.10,29.10,32.30,0.00,0.00,760.60,0,0
9.795867,8.3330,1029.20,20.40,8.90,5.20,2.50,29.10,42.40,0.00,0.00,1152.80,0,0
9.795867,8.3330,511.00,2.70,1.50,1.10,2.00,22.40,21.40,0.00,0.00,568.80,0,0
9.795867,8.3330,624.60,7.00,1.80,1.00,2.20,14.40,19.70,0.00,0.00,676.70,0,0
9.795867,8.3330,531.40,3.40,1.60,1.30,1.70,22.00,21.00,0.00,0.00,587.80,0,0
9.795867,8.3330,584.70,5.10,2.00,1.60,6.10,14.60,28.20,0.00,0.00,650.40,0,0
9.795867,8.3330,367.10,4.00,2.00,0.90,2.40,21.60,20.90,0.00,0.00,426.00,0,0
9.925127,8.3330,499.40,4.60,1.80,1.30,2.20,16.10,31.40,0.00,0.00,564.80,0,0
9.925127,8.3330,406.40,4.10,1.20,0.90,4.50,21.00,25.90,0.00,0.00,474.00,0,0
9.925127,8.3330,415.30,2.50,0.90,1.20,1.80,21.80,28.00,0.00,0.00,476.90,0,0
9.925127,8.3330,458.70,7.50,1.90,1.90,1.60,19.80,22.90,0.00,0.00,527.40,0,0
9.925127,8.3330,408.50,1.90,1.20,1.10,4.00,22.70,18.70,0.00,0.00,465.80,0,0
9.925127,8.3330,366.20,1.90,0.80,0.80,1.30,30.90,29.60,0.00,0.00,435.30,0,0
9.925127,8.3330,469.80,5.30,3.10,1.60,1.80,25.00,23.60,0.00,0.00,538.60,0,0
9.925127,8.3330,418.30,3.20,1.80,0.90,1.60,22.30,21.20,0.00,0.00,476.20,0,0
9.925127,8.3330,363.00,5.50,3.00,1.40,1.90,25.20,38.50,0.00,0.00,446.30,0,0
9.925127,8.3330,395.30,4.20,2.60,0.90,2.60,22.00,21.60,0.00,0.00,456.70,0,0
9.925127,8.3330,359.80,4.80,1.80,1.90,1.90,24.70,25.70,0.00,0.00,428.90,0,0
9.925127,8.3330,1187.70,12.70,5.50,3.30,1.90,101.30,324.70,0.00,0.00,1651.20,0,0
10.060803,8.3330,497.80,4.70,1.70,0.90,2.00,25.20,22.20,0.00,0.00,561.40,0,0
10.060803,8.3330,386.40,3.00,2.40,0.80,1.60,22.70,19.80,0.00,0.00,444.00,0,0
10.060803,8.3330,454.30,4.20,1.40,3.20,1.70,23.00,24.80,0.00,0.00,519.60,0,0
10.060803,8.3330,594.30,9.50,3.40,2.60,4.80,35.60,24.90,0.00,0.00,699.10,0,0
10.060803,8.3330,599.00,6.10,2.70,2.00,2.50,28.60,28.40,0.00,0.00,677.50,0,0
10.060803,8.3330,390.60,7.10,1.30,2.30,2.50,22.10,20.80,0.00,0.00,455.60,0,0
10.060803,8.3330,410.50,9.50,2.90,3.20,1.80,43.00,52.10,0.00,0.00,535.80,0,0
10.060803,8.3330,435.20,7.90,1.70,3.50,3.40,32.60,36.60,0.00,0.00,537.80,0,0
10.060803,8.3330,395.30,8.70,2.60,3.10,2.80,29.10,51.70,0.00,0.00,508.90,0,0
10.060803,8.3330,367.90,4.20,1.60,1.20,3.30,33.50,25.00,0.00,0.00,444.30,0,0
10.060803,8.3330,378.80,3.50,1.20,1.00,1.90,23.40,21.70,0.00,0.00,438.20,0,0
10.060803,8.3330,440.50,4.60,1.30,1.20,1.70,24.30,24.50,0.00,0.00,505.10,0,0
10.176332,8.3330,549.50,3.50,1.20,1.10,1.60,20.70,26.60,0.00,0.00,615.10,0,0
10.176332,8.3330,473.10,4.00,1.40,1.00,2.30,19.70,285.60,0.00,0.00,796.00,0,0
10.176332,8.3330,386.50,12.90,0.90,2.80,1.30,18.80,28.20,0.00,0.00,457.90,0,0
10.176332,8.3330,488.50,4.80,1.70,1.00,1.60,22.50,19.80,0.00,0.00,549.50,0,0
10.176332,8.3330,1025.50,4.40,2.40,1.20,5.20,23.40,24.00,0.00,0.00,1101.50,0,0
10.176332,8.3330,649.20,15.20,1.90,3.00,1.40,25.70,29.30,0.00,0.00,734.20,0,0
10.176332,8.3330,16682.10,20.00,5.00,2.20,1.60,28.50,29.70,0.00,0.00,16778.00,0,0
10.176332,8.3330,1778.50,6.60,3.50,1.80,2.70,30.10,28.20,0.00,0.00,1861.40,0,0
10.176332,8.3330,1101.80,11.80,2.20,1.80,2.30,21.20,223.10,0.00,0.00,1379.10,0,0
10.176332,8.3330,1168.60,5.70,3.00,1.20,1.70,39.10,24.70,0.00,0.00,1250.90,0,0
10.176332,8.3330,503.50,2.70,1.40,1.20,1.50,22.40,28.50,0.00,0.00,568.90,0,0
10.176332,8.3330,611.70,3.30,5.30,1.00,1.40,160.50,208.40,0.00,0.00,1020.10,0,0
10.509901,8.3330,846.50,8.20,3.80,1.80,5.10,32.50,29.40,0.00,0.00,943.70,0,0
10.509901,8.3330,560.50,5.30,2.00,1.20,2.30,29.70,32.90,0.00,0.00,641.80,0,0
10.509901,8.3330,439.90,8.50,3.00,2.10,3.10,30.80,36.00,0.00,0.00,536.60,0,0
10.509901,8.3330,489.00,18.00,1.80,8.70,2.00,26.00,37.10,0.00,0.00,595.90,0,0
10.509901,8.3330,396.10,2.40,1.00,1.10,5.90,23.50,27.50,0.00,0.00,468.80,0,0
10.509901,8.3330,1674.20,12.40,2.80,1.90,9.40,29.40,33.60,0.00,0.00,1784.10,0,0
10.509901,8.3330,987.10,6.10,1.80,1.10,1.90,21.60,29.30,0.00,0.00,1058.10,0,0
10.509901,8.3330,665.90,2.50,1.30,1.30,2.10,37.00,31.30,0.00,0.00,748.70,0,0
10.509901,8.3330,434.40,4.10,2.30,1.10,5.80,27.00,27.00,0.00,0.00,515.30,0,0
10.509901,8.3330,403.10,5.50,1.70,1.30,2.70,25.50,93.80,0.00,0.00,543.30,0,0
10.509901,8.3330,491.90,3.10,1.40,1.00,2.20,22.50,19.70,0.00,0.00,548.90,0,0
10.509901,8.3330,608.90,2.40,1.60,1.00,1.40,33.00,21.90,0.00,0.00,675.60,0,0
10.843575,8.3330,477.80,2.70,1.10,1.10,1.70,20.60,21.50,0.00,0.00,532.90,0,0
10.843575,8.3330,469.30,3.50,1.70,1.10,2.00,32.70,31.20,0.00,0.00,558.10,0,0
10.843575,8.3330,374.50,2.50,1.20,1.10,2.00,22.00,19.60,0.00,0.00,429.90,0,0
10.843575,8.3330,842.70,43.10,3.30,6.10,1.60,56.30,54.60,0.00,0.00,1017.50,0,0
10.843575,8.3330,1004.20,8.10,2.40,5.20,2.50,67.90,26.50,0.00,0.00,1125.80,0,0
10.843575,8.3330,419.40,2.20,0.90,0.80,1.60,30.40,21.00,0.00,0.00,481.20,0,0
10.843575,8.3330,491.50,2.00,0.90,0.90,1.40,29.80,20.40,0.00,0.00,551.20,0,0
10.843575,8.3330,434.10,2.80,1.40,0.90,1.40,21.30,24.90,0.00,0.00,501.00,0,0
10.843575,8.3330,623.80,4.00,6.90,1.40,1.60,44.70,25.60,0.00,0.00,714.00,0,0
10.843575,8.3330,657.50,3.60,1.60,1.00,1.50,25.60,35.60,0.00,0.00,733.40,0,0
10.843575,8.3330,410.60,2.80,1.20,0.90,1.50,22.80,21.20,0.00,0.00,467.20,0,0
10.843575,8.3330,501.90,3.40,1.40,1.20,1.30,22.10,19.00,0.00,0.00,556.50,0,0
11.177137,8.3330,374.20,2.10,0.90,0.70,1.30,20.10,17.70,0.00,0.00,422.00,0,0
11.177137,8.3330,360.00,1.60,0.70,0.90,1.20,18.80,15.80,0.00,0.00,402.90,0,0
11.177137,8.3330,373.80,1.50,0.80,0.70,0.80,18.10,15.40,0.00,0.00,414.70,0,0
11.177137,8.3330,376.20,1.70,0.90,0.60,0.90,18.70,15.50,0.00,0.00,417.70,0,0
11.177137,8.3330,340.90,1.40,0.70,0.70,0.90,18.40,14.60,0.00,0.00,380.90,0,0
11.177137,8.3330,338.60,1.40,0.80,0.80,1.10,17.40,14.30,0.00,0.00,377.30,0,0
11.177137,8.3330,497.50,15.20,7.50,4.50,3.00,51.30,79.20,0.00,0.00,678.60,0,0
11.177137,8.3330,560.80,5.80,1.70,1.40,1.40,21.80,19.30,0.00,0.00,618.90,0,0
11.177137,8.3330,442.60,2.80,1.50,1.10,1.80,23.00,33.90,0.00,0.00,512.80,0,0
11.177137,8.3330,366.30,2.30,1.00,1.10,1.80,23.50,20.40,0.00,0.00,421.60,0,0
11.177137,8.3330,577.00,3.20,1.20,1.50,1.40,22.00,19.70,0.00,0.00,631.80,0,0
11.177137,8.3330,355.60,3.20,1.50,1.00,1.60,21.80,20.40,0.00,0.00,410.90,0,0
11.275284,8.1789,372.90,2.30,0.80,0.80,1.90,18.80,20.30,0.00,0.00,424.20,0,0
11.275284,8.1789,366.40,8.60,1.70,1.60,1.40,29.20,34.00,0.00,0.00,453.80,0,0
11.275284,8.1789,466.00,8.10,3.50,2.40,3.60,42.40,38.60,0.00,0.00,580.90,0,0
11.275284,8.1789,385.20,4.00,2.20,3.70,1.90,24.70,22.80,0.00,0.00,452.20,0,0
11.275284,8.1789,393.90,6.60,1.90,1.40,3.30,22.50,22.20,0.00,0.00,461.90,0,0
11.275284,8.1789,355.20,5.80,2.10,2.80,1.80,34.20,46.90,0.00,0.00,460.20,0,0
11.275284,8.1789,393.00,6.90,1.60,1.90,3.20,26.80,28.90,0.00,0.00,474.40,0,0
11.275284,8.1789,354.40,2.50,0.70,1.00,1.70,19.30,27.70,0.00,0.00,416.10,0,0
11.275284,8.1789,350.00,3.20,1.30,9.50,1.90,21.90,21.40,0.00,0.00,416.70,0,0
11.275284,8.1789,388.20,3.30,1.20,1.20,1.50,12.90,20.90,0.00,0.00,436.30,0,0
11.275284,8.1789,358.80,3.30,11.10,1.00,1.70,9.60,17.40,0.00,0.00,409.00,0,0
11.275284,8.1789,1236.60,4.30,1.70,1.50,1.60,58.40,33.80,0.00,0.00,1345.50,0,0
11.367870,7.7155,382.80,4.40,1.60,1.40,2.20,26.60,36.40,0.00,0.00,463.60,0,0
11.367870,7.7155,375.50,8.90,4.00,2.50,3.10,40.10,32.50,0.00,0.00,479.40,0,0
11.367870,7.7155,414.60,11.00,1.40,2.40,1.40,18.10,27.20,0.00,0.00,485.00,0,0
11.367870,7.7155,355.40,3.50,0.70,1.90,1.40,21.50,21.40,0.00,0.00,415.10,0,0
11.367870,7.7155,391.50,2.60,3.30,1.20,3.60,22.20,27.10,0.00,0.00,457.50,0,0
11.367870,7.7155,1170.30,3.70,47.00,1.00,1.90,17.90,120.00,0.00,0.00,1368.90,0,0
11.367870,7.7155,487.30,3.80,1.50,1.30,1.60,20.20,26.80,0.00,0.00,548.10,0,0
11.367870,7.7155,388.70,1.50,4.60,0.70,0.90,14.10,18.50,0.00,0.00,436.80,0,0
11.367870,7.7155,355.50,1.90,1.20,0.80,1.00,17.90,18.60,0.00,0.00,405.80,0,0
11.367870,7.7155,567.00,3.10,1.50,1.10,1.70,17.00,27.40,0.00,0.00,624.40,0,0
11.367870,7.7155,401.40,2.50,1.00,1.20,1.40,10.00,18.00,0.00,0.00,440.40,0,0
11.367870,7.7155,930.60,4.80,1.60,1.20,1.10,17.70,27.70,0.00,0.00,990.60,0,0
11.454888,7.9107,371.00,2.70,1.10,0.90,1.90,23.60,22.50,0.00,0.00,430.10,0,0
11.454888,7.9107,396.10,4.20,1.20,1.10,1.30,23.00,22.90,0.00,0.00,459.60,0,0
11.454888,7.9107,414.60,4.10,1.60,1.00,2.30,23.00,20.10,0.00,0.00,473.30,0,0
11.454888,7.9107,681.80,7.10,4.80,2.70,4.40,28.60,68.30,0.00,0.00,814.50,0,0
11.454888,7.9107,394.50,6.10,3.00,1.50,2.50,22.80,26.70,0.00,0.00,468.00,0,0
11.454888,7.9107,433.10,6.30,4.10,1.60,2.80,17.90,29.40,0.00,0.00,505.30,0,0
11.454888,7.9107,413.40,10.50,5.30,2.80,2.60,36.20,35.80,0.00,0.00,518.60,0,0
11.454888,7.9107,410.60,3.70,2.00,1.20,1.90,12.90,23.10,0.00,0.00,463.60,0,0
11.454888,7.9107,943.40,7.30,3.20,2.00,2.20,15.50,25.50,0.00,0.00,1007.40,0,0
11.454888,7.9107,416.10,144.20,12.70,6.30,1.90,34.00,64.00,0.00,0.00,694.80,0,0
11.454888,7.9107,426.50,3.20,2.00,1.20,1.90,12.70,21.00,0.00,0.00,478.10,0,0
11.534321,7.9433,392.40,3.70,1.40,8.90,1.90,33.00,20.90,0.00,0.00,469.80,0,0
11.534321,7.9433,855.00,3.80,1.70,1.30,1.60,20.60,21.80,0.00,0.00,912.60,0,0
11.534321,7.9433,584.20,4.70,1.70,1.40,4.00,19.20,22.40,0.00,0.00,652.00,0,0
11.534321,7.9433,534.40,8.40,2.70,3.10,1.50,29.50,32.00,0.00,0.00,625.90,0,0
11.534321,7.9433,441.60,6.10,3.60,2.80,3.10,20.20,43.70,0.00,0.00,535.50,0,0
11.534321,7.9433,378.00,3.70,11.40,1.20,2.30,12.00,20.30,0.00,0.00,436.20,0,0
11.534321,7.9433,582.00,6.00,2.50,1.30,6.60,14.70,24.40,0.00,0.00,651.90,0,0
11.534321,7.9433,440.10,11.10,3.70,4.30,2.00,31.30,59.60,0.00,0.00,569.00,0,0
11.534321,7.9433,686.30,7.40,3.90,2.30,3.40,20.70,30.10,0.00,0.00,768.30,0,0
11.534321,7.9433,387.10,7.50,2.20,1.80,2.60,19.80,23.20,0.00,0.00,451.80,0,0
11.690911,8.3330,521.00,3.70,1.20,1.00,1.40,20.20,26.20,0.00,0.00,581.30,0,0
11.690911,8.3330,556.60,3.70,2.40,1.20,2.60,22.30,20.50,0.00,0.00,619.40,0,0
11.690911,8.3330,409.50,8.40,1.30,1.70,1.80,18.50,33.00,0.00,0.00,484.60,0,0
11.690911,8.3330,476.30,2.30,1.00,1.00,1.20,23.60,28.50,0.00,0.00,538.90,0,0
11.690911,8.3330,397.10,2.70,1.20,1.30,1.20,21.00,35.00,0.00,0.00,464.60,0,0
11.690911,8.3330,495.40,3.70,1.30,3.00,1.30,30.00,31.00,0.00,0.00,574.10,0,0
11.690911,8.3330,390.90,4.80,1.40,2.30,3.90,16.80,25.30,0.00,0.00,463.30,0,0
11.690911,8.3330,508.70,4.70,1.30,1.00,1.40,16.90,22.60,0.00,0.00,565.10,0,0
11.690911,8.3330,408.20,2.60,1.00,1.20,1.60,11.00,28.50,0.00,0.00,460.00,0,0
11.690911,8.3330,406.80,2.50,0.80,1.00,1.30,11.50,16.10,0.00,0.00,444.70,0,0
11.690911,8.3330,712.90,4.60,2.30,1.20,2.00,12.30,21.00,0.00,0.00,764.20,0,0
11.690911,8.3330,419.20,5.80,14.20,1.50,2.00,15.10,28.20,0.00,0.00,493.60,0,0
11.779372,8.0419,383.00,2.90,1.20,1.10,1.90,24.30,23.50,0.00,0.00,444.70,0,0
11.779372,8.0419,395.10,2.90,1.60,0.80,1.20,26.20,22.50,0.00,0.00,456.80,0,0
11.779372,8.0419,531.30,5.80,2.10,1.30,4.80,28.80,27.00,0.00,0.00,618.40,0,0
11.779372,8.0419,356.40,2.10,0.80,0.80,1.30,20.50,17.20,0.00,0.00,404.20,0,0
11.779372,8.0419,347.10,1.60,1.30,0.90,1.20,19.70,16.30,0.00,0.00,392.30,0,0
11.779372,8.0419,360.70,1.80,0.80,0.70,1.00,9.90,16.90,0.00,0.00,396.00,0,0
11.779372,8.0419,387.10,3.50,2.70,1.30,0.90,29.50,35.80,0.00,0.00,468.10,0,0
11.779372,8.0419,404.80,2.50,1.40,1.00,1.70,11.60,20.20,0.00,0.00,452.30,0,0
11.779372,8.0419,200.80,2.20,0.50,0.70,0.90,8.00,13.20,0.00,0.00,230.40,0,0
11.779372,8.0419,203.40,2.10,1.00,1.10,1.20,9.60,13.80,0.00,0.00,238.90,0,0
11.779372,8.0419,358.50,4.80,1.70,1.50,2.10,14.10,20.60,0.00,0.00,413.70,0,0
11.888150,8.3330,798.40,9.20,2.80,1.30,6.10,23.30,58.40,0.00,0.00,911.90,0,0
11.888150,8.3330,596.30,4.80,1.50,1.40,2.10,35.30,30.60,0.00,0.00,682.10,0,0
11.888150,8.3330,482.50,3.80,1.60,1.20,1.60,23.50,29.30,0.00,0.00,551.20,0,0
11.888150,8.3330,494.00,2.60,1.80,1.70,1.80,28.30,25.30,0.00,0.00,562.90,0,0
11.888150,8.3330,471.80,3.10,0.90,1.30,1.70,26.60,20.80,0.00,0.00,531.00,0,0
11.888150,8.3330,402.90,2.60,1.00,0.90,1.60,10.20,19.30,0.00,0.00,445.70,0,0
11.888150,8.3330,385.10,4.40,2.00,2.00,1.60,24.40,27.90,0.00,0.00,460.80,0,0
11.888150,8.3330,497.00,3.90,1.50,2.60,1.20,11.10,23.30,0.00,0.00,547.30,0,0
11.888150,8.3330,747.20,5.50,3.30,1.50,1.40,14.40,23.40,0.00,0.00,805.00,0,0
11.888150,8.3330,1235.60,7.90,5.00,1.50,3.40,19.90,41.60,0.00,0.00,1341.50,0,0
11.888150,8.3330,356.40,4.40,1.80,1.20,2.50,12.90,20.50,0.00,0.00,407.40,0,0
11.888150,8.3330,424.80,4.90,1.80,1.50,1.80,11.40,24.00,0.00,0.00,478.00,0,0
12.016807,8.3330,446.30,5.00,1.50,0.90,2.10,10.40,23.80,0.00,0.00,498.60,0,0
12.016807,8.3330,498.40,6.40,1.30,1.40,1.60,12.00,18.70,0.00,0.00,553.50,0,0
12.016807,8.3330,380.10,1.90,0.90,0.90,2.00,14.20,27.70,0.00,0.00,435.10,0,0
12.016807,8.3330,389.60,2.10,1.80,1.00,2.40,16.50,18.80,0.00,0.00,441.00,0,0
12.016807,8.3330,396.00,7.10,1.20,1.00,2.00,11.70,18.50,0.00,0.00,446.90,0,0
12.016807,8.3330,403.30,2.60,1.30,0.90,2.30,10.30,17.20,0.00,0.00,446.40,0,0
12.016807,8.3330,375.80,2.50,1.20,1.00,1.50,20.50,19.50,0.00,0.00,428.30,0,0
12.016807,8.3330,381.40,2.80,1.00,0.90,1.60,21.00,21.40,0.00,0.00,436.50,0,0
12.016807,8.3330,382.60,3.60,1.70,1.10,1.60,11.90,20.40,0.00,0.00,430.60,0,0
12.016807,8.3330,384.20,1.60,0.70,0.80,1.60,9.40,16.40,0.00,0.00,419.90,0,0
12.016807,8.3330,438.40,5.30,2.20,1.60,2.00,13.40,24.50,0.00,0.00,495.20,0,0
12.016807,8.3330,564.70,26.00,12.70,10.40,2.10,68.30,113.50,0.00,0.00,825.40,0,0
12.141430,8.3330,422.30,4.20,1.60,3.20,1.70,19.90,23.20,0.00,0.00,487.20,0,0
12.141430,8.3330,434.30,2.90,1.10,0.80,2.60,18.20,19.40,0.00,0.00,492.70,0,0
12.141430,8.3330,374.00,1.50,0.80,0.90,1.60,13.90,18.60,0.00,0.00,416.60,0,0
12.141430,8.3330,370.60,1.60,1.10,0.60,1.20,17.10,20.60,0.00,0.00,417.70,0,0
12.141430,8.3330,415.10,7.90,1.20,1.20,1.00,13.20,16.50,0.00,0.00,461.00,0,0
12.141430,8.3330,620.60,3.90,2.10,0.90,1.70,18.00,30.00,0.00,0.00,684.70,0,0
12.141430,8.3330,407.40,3.80,1.50,1.00,1.10,11.70,24.40,0.00,0.00,458.20,0,0
12.141430,8.3330,399.30,4.40,1.30,0.80,1.30,11.70,16.90,0.00,0.00,445.80,0,0
12.141430,8.3330,415.40,3.40,2.10,0.80,1.30,11.10,18.80,0.00,0.00,458.20,0,0
12.141430,8.3330,210.00,1.30,0.40,0.70,0.80,6.30,11.50,0.00,0.00,234.90,0,0
12.141430,8.3330,206.20,1.50,0.30,0.70,0.90,9.90,12.40,0.00,0.00,236.60,0,0
12.141430,8.3330,241.00,2.20,0.90,0.80,1.60,7.80,12.40,0.00,0.00,271.80,0,0
12.265703,8.3330,396.30,4.40,2.70,1.00,1.60,30.60,20.50,0.00,0.00,468.00,0,0
12.265703,8.3330,410.90,5.40,67.80,1.50,5.10,24.10,31.40,0.00,0.00,556.70,0,0
12.265703,8.3330,385.30,2.30,0.70,0.80,1.30,15.00,16.30,0.00,0.00,427.40,0,0
12.265703,8.3330,408.00,5.60,1.10,0.80,1.20,12.60,18.20,0.00,0.00,452.60,0,0
12.265703,8.3330,382.00,2.20,1.10,2.50,1.20,10.90,19.30,0.00,0.00,426.80,0,0
12.265703,8.3330,379.00,1.80,1.40,1.20,3.80,13.40,17.70,0.00,0.00,427.80,0,0
12.265703,8.3330,357.10,3.40,1.60,0.90,1.00,11.70,15.60,0.00,0.00,396.60,0,0
12.265703,8.3330,413.80,2.10,1.10,0.80,1.00,23.60,16.40,0.00,0.00,463.80,0,0
12.265703,8.3330,402.00,2.00,1.10,0.80,1.00,12.40,16.90,0.00,0.00,440.90,0,0
12.265703,8.3330,440.00,4.10,2.20,1.30,0.90,12.90,22.30,0.00,0.00,490.00,0,0
12.265703,8.3330,421.90,3.80,1.30,0.90,1.80,18.30,23.30,0.00,0.00,478.50,0,0
12.265703,8.3330,416.60,4.30,1.60,1.30,1.70,19.50,26.40,0.00,0.00,479.00,0,0
12.398561,8.3330,462.10,4.60,1.50,0.90,2.80,15.30,37.80,0.00,0.00,535.30,0,0
12.398561,8.3330,442.80,6.20,1.10,1.10,3.30,12.10,31.70,0.00,0.00,504.80,0,0
12.398561,8.3330,464.40,3.10,1.70,1.20,1.80,21.30,21.50,0.00,0.00,526.10,0,0
12.398561,8.3330,423.90,5.80,1.20,1.30,2.10,19.60,25.70,0.00,0.00,488.30,0,0
12.398561,8.3330,459.00,5.20,1.50,1.30,1.60,12.70,22.90,0.00,0.00,510.10,0,0
12.398561,8.3330,380.30,4.80,2.60,1.70,2.50,13.90,24.80,0.00,0.00,440.60,0,0
12.398561,8.3330,598.60,5.80,2.50,1.80,1.80,15.60,22.80,0.00,0.00,657.80,0,0
12.398561,8.3330,404.90,7.60,6.60,1.60,1.80,29.50,33.50,0.00,0.00,508.20,0,0
12.398561,8.3330,615.80,7.10,3.90,1.80,2.30,20.40,36.70,0.00,0.00,698.10,0,0
12.398561,8.3330,386.10,3.70,2.20,1.50,2.10,13.50,23.60,0.00,0.00,441.60,0,0
12.398561,8.3330,776.10,4.30,1.90,3.50,2.80,16.30,18.10,0.00,0.00,832.60,0,0
12.398561,8.3330,560.10,2.50,1.30,1.20,3.80,21.10,18.30,0.00,0.00,614.60,0,0
12.522727,8.3330,466.30,7.50,3.60,2.90,1.70,17.20,21.60,0.00,0.00,533.90,0,0
12.522727,8.3330,417.30,6.20,1.90,1.10,2.00,22.70,29.30,0.00,0.00,489.90,0,0
12.522727,8.3330,365.20,6.70,1.80,1.00,0.70,10.70,12.30,0.00,0.00,406.70,0,0
12.522727,8.3330,339.30,1.80,1.40,1.30,4.60,8.60,11.30,0.00,0.00,376.20,0,0
12.522727,8.3330,398.90,11.00,1.10,1.50,1.00,15.60,18.60,0.00,0.00,453.10,0,0
12.522727,8.3330,428.20,5.00,0.90,1.80,1.10,12.80,14.70,0.00,0.00,469.10,0,0
12.522727,8.3330,391.20,2.60,1.10,0.80,1.10,9.10,14.30,0.00,0.00,427.20,0,0
12.522727,8.3330,205.40,1.00,0.50,0.60,1.00,8.30,10.40,0.00,0.00,230.50,0,0
12.522727,8.3330,204.10,0.90,0.40,0.60,0.70,8.60,9.20,0.00,0.00,227.20,0,0
12.522727,8.3330,230.80,1.40,0.60,0.60,0.60,7.20,9.60,0.00,0.00,254.20,0,0
12.522727,8.3330,316.30,2.70,2.10,1.20,1.90,9.70,16.40,0.00,0.00,356.90,0,0
12.522727,8.3330,333.50,6.70,3.00,1.60,0.70,18.60,27.90,0.00,0.00,399.20,0,0
12.633438,8.3330,422.50,3.40,1.30,0.80,1.90,29.30,19.00,0.00,0.00,491.30,0,0
12.633438,8.3330,513.70,3.30,1.40,1.30,1.90,9.80,26.30,0.00,0.00,568.60,0,0
12.633438,8.3330,506.90,3.60,1.20,1.30,1.70,19.80,28.30,0.00,0.00,574.40,0,0
12.633438,8.3330,420.40,8.20,1.40,2.00,1.50,16.50,25.70,0.00,0.00,485.60,0,0
12.633438,8.3330,542.40,3.30,1.80,0.90,1.80,18.10,22.40,0.00,0.00,598.50,0,0
12.633438,8.3330,522.70,4.80,1.40,1.40,2.00,13.60,24.50,0.00,0.00,577.10,0,0
12.633438,8.3330,482.90,5.60,1.60,0.90,1.60,13.70,28.90,0.00,0.00,540.90,0,0
12.633438,8.3330,486.20,2.90,1.40,1.10,1.50,14.90,27.90,0.00,0.00,542.10,0,0
12.633438,8.3330,381.70,5.00,2.60,1.40,2.10,12.40,22.50,0.00,0.00,436.70,0,0
12.633438,8.3330,394.70,2.40,1.40,0.80,1.80,11.50,21.20,0.00,0.00,441.20,0,0
12.633438,8.3330,405.10,2.40,0.90,0.90,1.70,15.70,22.50,0.00,0.00,456.30,0,0
12.633438,8.3330,384.10,3.10,1.60,1.00,2.40,13.70,18.00,0.00,0.00,430.80,0,0
12.741911,8.3330,653.00,5.80,3.50,1.50,1.70,22.40,26.50,0.00,0.00,723.00,0,0
12.741911,8.3330,487.60,14.30,4.40,2.80,6.10,25.90,36.70,0.00,0.00,623.30,0,0
12.741911,8.3330,374.90,5.20,2.10,1.40,1.80,15.30,21.30,0.00,0.00,429.00,0,0
12.741911,8.3330,682.50,17.20,9.40,4.70,6.40,36.10,36.20,0.00,0.00,823.30,0,0
12.741911,8.3330,385.80,4.20,1.80,1.40,2.30,16.90,22.40,0.00,0.00,441.60,0,0
12.741911,8.3330,762.90,6.80,3.20,2.30,5.90,23.50,35.10,0.00,0.00,856.40,0,0
12.741911,8.3330,378.40,5.80,1.70,1.80,4.10,16.30,25.40,0.00,0.00,446.20,0,0
12.741911,8.3330,400.40,4.90,2.50,1.20,2.20,13.60,27.10,0.00,0.00,460.90,0,0
12.741911,8.3330,456.80,4.40,1.70,1.20,1.70,15.60,19.70,0.00,0.00,506.60,0,0
12.741911,8.3330,369.10,1.90,1.30,0.80,1.30,10.20,17.90,0.00,0.00,408.00,0,0
12.741911,8.3330,463.10,3.60,1.70,1.00,1.60,14.80,19.20,0.00,0.00,511.20,0,0
12.741911,8.3330,365.60,3.30,1.60,1.10,1.60,16.60,20.10,0.00,0.00,416.00,0,0
12.903304,8.3330,494.60,3.70,1.60,1.20,4.20,14.70,39.90,0.00,0.00,568.50,0,0
12.903304,8.3330,415.50,11.10,1.70,1.20,76.30,15.00,21.90,0.00,0.00,553.20,0,0
12.903304,8.3330,458.20,3.90,1.30,1.20,2.30,12.20,16.70,0.00,0.00,500.80,0,0
12.903304,8.3330,550.40,10.30,1.80,0.90,1.70,15.70,20.50,0.00,0.00,607.50,0,0
12.903304,8.3330,442.60,6.90,1.50,2.30,1.20,9.50,20.20,0.00,0.00,490.60,0,0
12.903304,8.3330,512.10,2.30,1.00,0.90,1.20,9.10,22.00,0.00,0.00,553.00,0,0
12.903304,8.3330,397.70,2.30,1.30,0.90,1.30,12.50,24.80,0.00,0.00,445.60,0,0
12.903304,8.3330,397.60,13.00,1.10,1.30,3.30,15.20,25.90,0.00,0.00,466.00,0,0
12.903304,8.3330,626.70,3.60,2.00,0.90,1.40,15.80,18.80,0.00,0.00,675.20,0,0
12.903304,8.3330,376.00,3.90,2.40,1.20,4.70,13.20,21.40,0.00,0.00,431.00,0,0
12.903304,8.3330,367.20,3.90,1.20,1.30,2.00,17.50,30.70,0.00,0.00,430.70,0,0
12.903304,8.3330,521.80,4.50,2.50,1.20,9.30,18.20,24.90,0.00,0.00,600.20,0,0
13.034208,8.3330,445.50,3.80,1.60,2.00,2.50,16.00,18.30,0.00,0.00,507.40,0,0
13.034208,8.3330,417.90,2.90,1.60,0.80,1.80,10.50,19.20,0.00,0.00,460.30,0,0
13.034208,8.3330,438.10,5.90,2.60,1.10,2.00,12.80,17.40,0.00,0.00,491.30,0,0
13.034208,8.3330,420.40,7.30,1.40,2.10,1.60,12.20,21.30,0.00,0.00,472.20,0,0
13.034208,8.3330,408.00,2.70,1.20,1.20,1.50,12.80,26.00,0.00,0.00,458.50,0,0
13.034208,8.3330,444.30,3.40,1.90,1.00,4.00,14.40,26.00,0.00,0.00,502.40,0,0
13.034208,8.3330,410.70,6.00,1.40,1.10,1.30,19.30,24.00,0.00,0.00,472.30,0,0
13.034208,8.3330,548.60,2.40,1.60,0.70,1.30,9.10,24.50,0.00,0.00,593.50,0,0
13.034208,8.3330,193.50,0.90,0.40,0.50,0.70,7.70,9.10,0.00,0.00,215.60,0,0
13.034208,8.3330,221.60,1.20,0.70,0.70,0.80,8.10,10.30,0.00,0.00,247.20,0,0
13.034208,8.3330,391.30,4.20,2.20,1.00,0.80,15.00,23.50,0.00,0.00,443.50,0,0
13.034208,8.3330,362.30,4.90,2.50,1.70,2.00,17.00,25.70,0.00,0.00,424.40,0,0
13.163013,8.3330,530.30,11.10,3.00,1.20,3.10,14.20,31.60,0.00,0.00,609.80,0,0
13.163013,8.3330,402.30,9.00,1.50,3.10,2.40,9.90,21.00,0.00,0.00,458.40,0,0
13.163013,8.3330,581.40,12.90,2.00,2.50,1.80,15.60,29.70,0.00,0.00,656.70,0,0
13.163013,8.3330,475.70,4.10,3.90,1.20,2.00,24.30,23.80,0.00,0.00,541.90,0,0
13.163013,8.3330,524.30,4.90,3.60,1.40,4.20,23.10,20.10,0.00,0.00,590.10,0,0
13.163013,8.3330,426.50,2.40,1.00,0.80,1.30,11.60,21.00,0.00,0.00,469.70,0,0
13.163013,8.3330,414.10,4.40,2.40,1.20,1.90,15.60,20.80,0.00,0.00,467.00,0,0
13.163013,8.3330,505.70,5.10,2.80,1.00,2.10,24.90,24.90,0.00,0.00,583.70,0,0
13.163013,8.3330,428.30,4.10,1.70,0.80,8.80,15.80,21.60,0.00,0.00,498.10,0,0
13.163013,8.3330,388.60,3.20,1.70,0.90,2.00,13.20,20.10,0.00,0.00,435.70,0,0
13.163013,8.3330,392.60,3.90,2.30,0.80,2.40,11.70,17.40,0.00,0.00,438.10,0,0
13.163013,8.3330,1657.90,5.30,2.60,1.60,5.80,14.90,20.90,0.00,0.00,1722.80,0,0
13.291265,8.3330,406.50,5.20,1.10,0.90,2.50,13.10,18.70,0.00,0.00,464.00,0,0
13.291265,8.3330,398.30,2.00,2.30,1.00,2.30,13.00,17.90,0.00,0.00,448.60,0,0
13.291265,8.3330,444.70,2.40,1.40,0.90,1.40,13.80,18.50,0.00,0.00,487.60,0,0
13.291265,8.3330,450.40,3.40,2.50,0.90,2.50,16.50,18.70,0.00,0.00,501.90,0,0
13.291265,8.3330,405.30,2.40,1.30,1.40,1.50,14.70,32.00,0.00,0.00,465.20,0,0
13.291265,8.3330,403.80,3.70,1.70,0.90,1.40,12.60,25.60,0.00,0.00,456.30,0,0
13.291265,8.3330,419.40,2.60,1.40,0.80,1.30,11.30,16.80,0.00,0.00,459.80,0,0
13.291265,8.3330,403.50,4.00,1.70,1.10,1.50,13.00,21.70,0.00,0.00,453.30,0,0
13.291265,8.3330,390.40,4.60,1.80,1.10,1.80,14.10,22.70,0.00,0.00,443.60,0,0
13.291265,8.3330,552.00,4.90,3.00,1.40,3.80,18.00,25.10,0.00,0.00,620.40,0,0
13.291265,8.3330,563.30,5.00,2.80,1.40,1.80,20.80,28.30,0.00,0.00,630.90,0,0
13.291265,8.3330,415.40,3.20,2.00,1.10,1.90,14.90,35.90,0.00,0.00,487.00,0,0
13.418266,8.3330,524.10,6.70,3.40,0.90,1.80,10.20,16.70,0.00,0.00,570.10,0,0
13.418266,8.3330,378.70,4.10,1.30,1.10,3.90,16.30,19.20,0.00,0.00,430.30,0,0
13.418266,8.3330,461.30,4.10,3.20,3.30,3.70,14.40,15.70,0.00,0.00,520.40,0,0
13.418266,8.3330,430.50,5.20,2.00,1.00,4.00,15.10,25.40,0.00,0.00,490.70,0,0
13.418266,8.3330,402.90,2.30,1.40,0.90,3.00,11.70,16.10,0.00,0.00,450.10,0,0
13.418266,8.3330,452.50,2.10,1.00,0.70,1.70,9.50,23.60,0.00,0.00,496.60,0,0
13.418266,8.3330,441.20,4.10,1.40,1.00,1.50,11.60,33.70,0.00,0.00,500.00,0,0
13.418266,8.3330,379.70,4.50,4.20,0.90,1.30,13.90,16.30,0.00,0.00,425.80,0,0
13.418266,8.3330,378.90,2.80,2.50,1.10,1.30,17.90,24.70,0.00,0.00,435.30,0,0
13.418266,8.3330,424.20,4.60,2.70,1.30,1.90,13.40,24.00,0.00,0.00,479.50,0,0
13.418266,8.3330,394.50,3.70,2.80,1.20,2.20,15.20,20.00,0.00,0.00,448.10,0,0
13.418266,8.3330,408.90,2.80,1.60,1.00,1.70,16.30,17.90,0.00,0.00,456.00,0,0
13.547992,8.3330,473.80,3.70,1.70,1.10,8.50,11.30,21.40,0.00,0.00,539.80,0,0
13.547992,8.3330,505.20,6.90,2.20,1.80,1.90,17.80,18.40,0.00,0.00,566.70,0,0
13.547992,8.3330,427.00,2.30,1.10,0.70,1.80,12.40,21.10,0.00,0.00,471.40,0,0
13.547992,8.3330,408.50,7.10,2.10,0.90,1.90,12.80,19.50,0.00,0.00,459.20,0,0
13.547992,8.3330,409.00,2.70,1.10,1.10,1.50,11.10,20.00,0.00,0.00,452.20,0,0
13.547992,8.3330,437.80,2.40,3.10,0.80,1.60,15.50,18.30,0.00,0.00,486.60,0,0
13.547992,8.3330,393.10,3.40,2.50,1.00,2.00,14.70,37.40,0.00,0.00,460.70,0,0
13.547992,8.3330,408.60,4.80,2.70,1.20,1.80,12.30,21.90,0.00,0.00,461.10,0,0
13.547992,8.3330,407.70,4.60,2.30,1.00,2.40,17.70,20.50,0.00,0.00,464.00,0,0
13.547992,8.3330,396.20,4.10,3.10,1.10,2.20,16.40,23.40,0.00,0.00,453.00,0,0
13.547992,8.3330,473.60,5.50,3.70,1.70,2.40,17.00,29.10,0.00,0.00,544.60,0,0
13.547992,8.3330,464.00,6.70,1.50,1.20,2.20,16.10,17.40,0.00,0.00,516.10,0,0
13.662711,8.3330,367.80,4.80,13.90,1.00,1.70,13.20,18.90,0.00,0.00,428.20,0,0
13.662711,8.3330,383.20,5.30,3.20,2.00,1.90,12.80,23.80,0.00,0.00,439.10,0,0
13.662711,8.3330,599.40,17.50,2.40,7.00,4.70,11.40,40.90,0.00,0.00,700.40,0,0
13.662711,8.3330,478.20,6.30,1.20,0.80,2.20,17.80,18.50,0.00,0.00,535.60,0,0
13.662711,8.3330,631.90,2.50,1.30,1.10,1.50,13.60,24.90,0.00,0.00,682.00,0,0
13.662711,8.3330,407.10,5.80,1.30,0.90,1.60,10.40,16.50,0.00,0.00,449.40,0,0
13.662711,8.3330,398.30,4.60,1.10,0.80,1.20,14.80,14.50,0.00,0.00,442.80,0,0
13.662711,8.3330,467.00,3.50,1.70,1.10,1.20,12.10,19.80,0.00,0.00,512.80,0,0
13.662711,8.3330,766.80,3.30,1.60,1.20,1.70,22.30,23.80,0.00,0.00,831.20,0,0
13.662711,8.3330,1013.70,3.90,4.70,7.60,1.40,22.50,30.00,0.00,0.00,1093.90,0,0
13.662711,8.3330,897.90,6.90,4.00,6.00,1.60,27.40,47.30,0.00,0.00,999.80,0,0
13.662711,8.3330,418.70,2.80,1.20,0.90,1.80,9.20,16.70,0.00,0.00,456.50,0,0
13.773923,8.3330,593.10,8.80,2.80,1.80,4.00,15.50,25.20,0.00,0.00,661.70,0,0
13.773923,8.3330,914.00,34.50,21.10,7.90,6.70,84.50,138.50,0.00,0.00,1244.60,0,0
13.773923,8.3330,609.10,7.20,3.80,1.80,3.60,34.90,33.90,0.00,0.00,706.30,0,0
13.773923,8.3330,434.40,6.40,2.70,1.90,2.90,18.70,27.20,0.00,0.00,503.40,0,0
13.773923,8.3330,576.60,5.40,2.10,1.40,1.70,15.20,20.00,0.00,0.00,629.50,0,0
13.773923,8.3330,390.90,2.40,0.90,1.00,1.70,12.40,19.10,0.00,0.00,432.90,0,0
13.773923,8.3330,358.90,4.00,1.20,1.30,1.90,12.60,25.50,0.00,0.00,410.40,0,0
13.773923,8.3330,382.40,4.10,1.70,1.10,2.20,11.10,18.50,0.00,0.00,427.40,0,0
13.773923,8.3330,353.20,6.60,90.40,1.70,3.90,19.40,39.10,0.00,0.00,528.90,0,0
13.773923,8.3330,381.70,2.80,1.20,1.00,1.70,10.30,15.70,0.00,0.00,428.20,0,0
13.773923,8.3330,535.40,15.90,2.80,1.00,1.40,13.40,19.50,0.00,0.00,599.80,0,0
13.773923,8.3330,393.60,3.80,2.10,1.10,2.70,22.00,23.90,0.00,0.00,458.80,0,0
13.932018,8.3330,449.50,9.20,2.50,0.80,2.20,15.70,20.70,0.00,0.00,511.60,0,0
13.932018,8.3330,441.30,3.00,1.70,1.00,1.60,10.90,23.00,0.00,0.00,493.10,0,0
13.932018,8.3330,462.30,10.50,5.40,0.80,2.00,19.10,20.20,0.00,0.00,527.70,0,0
13.932018,8.3330,473.80,3.50,2.50,1.30,2.00,12.30,24.70,0.00,0.00,526.90,0,0
13.932018,8.3330,383.80,2.40,1.40,0.90,2.00,9.20,21.20,0.00,0.00,427.40,0,0
13.932018,8.3330,506.40,2.90,1.30,0.90,1.80,12.30,26.70,0.00,0.00,557.50,0,0
13.932018,8.3330,412.10,2.20,1.30,0.90,1.30,16.70,19.70,0.00,0.00,459.50,0,0
13.932018,8.3330,406.80,2.00,1.20,0.70,1.30,8.90,29.90,0.00,0.00,457.80,0,0
13.932018,8.3330,613.00,6.20,3.10,1.60,2.30,12.70,21.70,0.00,0.00,668.30,0,0
13.932018,8.3330,769.60,6.20,3.00,1.70,1.90,18.40,172.00,0.00,0.00,981.10,0,0
13.932018,8.3330,469.60,3.70,2.00,1.00,4.60,13.00,18.50,0.00,0.00,524.30,0,0
13.932018,8.3330,373.40,4.70,2.20,0.90,2.80,13.50,24.00,0.00,0.00,431.20,0,0
14.058599,8.3330,452.00,4.70,1.70,1.00,2.10,20.60,25.10,0.00,0.00,517.00,0,0
14.058599,8.3330,420.60,9.00,3.20,1.10,13.70,15.90,18.80,0.00,0.00,494.40,0,0
14.058599,8.3330,432.20,6.30,2.60,1.00,1.40,11.00,17.80,0.00,0.00,481.30,0,0
14.058599,8.3330,493.20,6.60,3.30,2.20,1.80,16.20,21.70,0.00,0.00,557.90,0,0
14.058599,8.3330,398.10,2.40,1.20,0.90,1.40,11.40,29.30,0.00,0.00,449.20,0,0
14.058599,8.3330,438.40,1.90,1.10,0.80,1.30,10.10,172.60,0.00,0.00,631.60,0,0
14.058599,8.3330,224.30,1.80,0.40,0.90,1.00,5.50,11.50,0.00,0.00,249.80,0,0
14.058599,8.3330,195.80,0.90,0.40,0.50,1.60,10.90,12.30,0.00,0.00,225.10,0,0
14.058599,8.3330,251.20,2.20,2.60,0.50,1.50,9.20,10.60,0.00,0.00,282.80,0,0
14.058599,8.3330,401.00,4.30,2.00,1.80,1.50,11.00,22.10,0.00,0.00,451.70,0,0
14.058599,8.3330,470.00,4.60,1.90,1.20,1.80,18.00,21.60,0.00,0.00,526.10,0,0
14.058599,8.3330,476.60,5.50,8.10,1.10,2.10,16.50,62.10,0.00,0.00,578.90,0,0
14.189140,8.3330,496.60,3.50,1.10,0.70,3.10,20.70,20.50,0.00,0.00,559.50,0,0
14.189140,8.3330,387.60,4.30,1.00,0.80,1.40,11.20,17.10,0.00,0.00,429.30,0,0
14.189140,8.3330,379.70,4.30,1.20,0.90,1.00,14.30,19.60,0.00,0.00,425.10,0,0
14.189140,8.3330,456.80,2.40,1.90,1.90,1.20,15.10,18.20,0.00,0.00,512.20,0,0
14.189140,8.3330,417.30,4.80,0.90,1.10,1.10,9.60,18.40,0.00,0.00,458.30,0,0
14.189140,8.3330,388.50,1.80,0.90,0.80,1.20,13.10,22.60,0.00,0.00,432.50,0,0
14.189140,8.3330,429.80,3.20,1.50,0.90,1.70,15.10,25.50,0.00,0.00,483.60,0,0
14.189140,8.3330,384.80,1.60,1.10,0.80,1.30,13.20,24.30,0.00,0.00,432.40,0,0
14.189140,8.3330,400.40,1.90,1.60,1.30,1.90,19.80,17.50,0.00,0.00,456.30,0,0
14.189140,8.3330,381.50,2.60,1.40,0.80,1.40,9.00,14.00,0.00,0.00,416.30,0,0
14.189140,8.3330,223.30,2.30,0.50,0.60,1.20,6.70,11.40,0.00,0.00,249.60,0,0
14.189140,8.3330,234.20,1.90,0.80,0.50,0.70,8.10,10.00,0.00,0.00,259.90,0,0
14.321806,8.3330,511.00,7.50,2.50,2.10,2.80,28.40,34.60,0.00,0.00,599.30,0,0
14.321806,8.3330,479.80,3.90,1.30,1.00,2.10,10.40,30.90,0.00,0.00,536.90,0,0
14.321806,8.3330,482.50,3.40,2.20,1.00,1.80,14.40,24.00,0.00,0.00,535.40,0,0
14.321806,8.3330,705.90,10.90,2.30,1.20,4.20,17.50,33.70,0.00,0.00,782.90,0,0
14.321806,8.3330,375.90,10.00,4.90,0.90,3.10,13.80,18.00,0.00,0.00,439.30,0,0
14.321806,8.3330,405.50,4.60,6.80,1.00,1.50,17.70,19.40,0.00,0.00,461.70,0,0
14.321806,8.3330,478.80,5.60,2.40,2.20,1.80,22.70,24.20,0.00,0.00,546.70,0,0
14.321806,8.3330,396.00,4.80,2.60,1.50,2.40,19.00,24.00,0.00,0.00,458.90,0,0
14.321806,8.3330,422.90,4.50,1.50,1.00,2.40,13.20,24.20,0.00,0.00,477.30,0,0
14.321806,8.3330,356.40,6.10,2.40,1.40,1.80,19.70,21.50,0.00,0.00,417.20,0,0
14.321806,8.3330,559.80,6.30,2.80,1.70,2.80,20.20,30.60,0.00,0.00,633.60,0,0
14.321806,8.3330,445.10,3.30,1.70,1.20,8.90,13.50,22.30,0.00,0.00,516.10,0,0
14.447517,8.3330,410.50,2.60,1.10,0.90,1.70,25.40,23.60,0.00,0.00,472.90,0,0
14.447517,8.3330,391.10,1.80,0.70,0.80,1.50,16.30,20.00,0.00,0.00,436.20,0,0
14.447517,8.3330,394.80,2.10,1.30,0.70,1.50,13.00,16.40,0.00,0.00,435.90,0,0
14.447517,8.3330,383.50,6.50,0.80,2.00,2.00,10.50,15.80,0.00,0.00,431.80,0,0
14.447517,8.3330,406.60,2.00,1.70,0.70,1.80,15.90,17.10,0.00,0.00,451.90,0,0
14.447517,8.3330,401.90,2.10,1.20,1.00,1.70,13.90,20.80,0.00,0.00,450.30,0,0
14.447517,8.3330,377.90,7.50,4.30,1.90,1.40,11.60,17.00,0.00,0.00,426.60,0,0
14.447517,8.3330,409.10,3.00,1.50,0.90,2.20,13.80,18.50,0.00,0.00,455.30,0,0
14.447517,8.3330,384.40,2.10,1.10,0.80,3.70,12.60,24.50,0.00,0.00,433.90,0,0
14.447517,8.3330,338.60,2.20,1.20,1.00,1.00,9.80,16.30,0.00,0.00,384.20,0,0
14.447517,8.3330,337.60,1.90,1.00,0.70,1.20,9.00,15.60,0.00,0.00,381.40,0,0
14.447517,8.3330,422.20,3.90,1.50,0.90,1.30,16.30,19.10,0.00,0.00,470.70,0,0
14.576650,8.3330,449.80,3.30,1.60,0.90,82.90,17.70,23.80,0.00,0.00,588.70,0,0
14.576650,8.3330,435.00,1.90,2.90,0.80,1.30,17.10,17.40,0.00,0.00,483.20,0,0
14.576650,8.3330,395.30,1.70,0.90,1.00,2.40,15.20,16.80,0.00,0.00,440.00,0,0
14.576650,8.3330,394.70,3.00,1.80,0.80,1.50,15.40,21.50,0.00,0.00,444.90,0,0
14.576650,8.3330,358.20,2.00,1.20,1.00,1.40,10.00,15.70,0.00,0.00,395.80,0,0
14.576650,8.3330,385.10,2.50,0.80,0.80,1.30,12.50,35.60,0.00,0.00,444.00,0,0
14.576650,8.3330,348.20,1.70,0.80,0.80,2.90,12.50,25.50,0.00,0.00,398.40,0,0
14.576650,8.3330,343.00,2.20,0.90,0.70,1.40,11.00,16.70,0.00,0.00,381.30,0,0
14.576650,8.3330,394.80,3.70,1.20,0.80,1.60,14.20,19.20,0.00,0.00,440.80,0,0
14.576650,8.3330,366.90,3.90,1.90,1.30,2.10,16.50,20.30,0.00,0.00,420.00,0,0
14.576650,8.3330,358.60,2.90,1.20,1.00,1.50,13.50,17.50,0.00,0.00,401.50,0,0
14.576650,8.3330,404.50,3.70,1.10,0.90,2.40,17.40,18.80,0.00,0.00,455.40,0,0
14.694841,8.3330,389.80,2.50,1.70,0.80,1.90,68.60,20.30,0.00,0.00,492.90,0,0
14.694841,8.3330,358.10,3.20,1.10,1.00,1.30,13.70,17.00,0.00,0.00,399.40,0,0
14.694841,8.3330,376.60,4.50,2.10,1.30,1.50,15.70,22.20,0.00,0.00,429.40,0,0
14.694841,8.3330,607.20,17.90,2.80,1.40,3.10,12.60,23.80,0.00,0.00,682.20,0,0
14.694841,8.3330,408.70,7.50,6.40,1.10,1.50,13.20,18.20,0.00,0.00,461.80,0,0
14.694841,8.3330,375.00,2.90,3.30,0.90,1.20,15.80,17.30,0.00,0.00,421.20,0,0
14.694841,8.3330,473.10,7.50,2.10,1.80,3.90,9.70,18.00,0.00,0.00,522.20,0,0
14.694841,8.3330,378.00,3.10,1.50,0.90,1.10,16.10,17.60,0.00,0.00,423.20,0,0
14.694841,8.3330,379.20,1.90,0.80,1.00,0.90,10.20,18.20,0.00,0.00,417.00,0,0
14.694841,8.3330,478.80,3.20,6.10,1.00,1.00,16.80,17.30,0.00,0.00,534.70,0,0
14.694841,8.3330,390.90,5.20,0.80,0.90,2.40,15.10,17.60,0.00,0.00,442.30,0,0
14.694841,8.3330,452.50,2.10,1.00,1.20,1.10,9.90,20.50,0.00,0.00,493.20,0,0
14.806213,8.3330,449.30,5.30,1.60,1.00,3.30,22.90,31.30,0.00,0.00,526.30,0,0
14.806213,8.3330,488.10,15.20,3.70,2.90,2.70,22.10,44.80,0.00,0.00,588.20,0,0
14.806213,8.3330,606.30,6.50,3.10,1.50,6.50,19.90,38.00,0.00,0.00,698.60,0,0
14.806213,8.3330,402.20,5.60,2.00,1.30,2.70,12.80,31.60,0.00,0.00,466.10,0,0
14.806213,8.3330,397.10,3.80,1.40,1.10,1.60,9.90,18.70,0.00,0.00,440.80,0,0
14.806213,8.3330,373.70,3.30,1.20,1.00,1.20,15.50,17.60,0.00,0.00,419.30,0,0
14.806213,8.3330,393.60,2.80,0.90,0.80,1.00,12.90,16.40,0.00,0.00,433.10,0,0
14.806213,8.3330,454.40,3.60,1.60,1.10,1.40,11.20,21.20,0.00,0.00,500.50,0,0
14.806213,8.3330,484.00,8.40,3.80,2.20,2.70,23.90,32.60,0.00,0.00,570.10,0,0
14.806213,8.3330,433.50,3.60,1.30,1.00,2.00,11.80,24.10,0.00,0.00,484.50,0,0
14.806213,8.3330,715.30,3.90,1.40,1.10,1.50,12.20,23.20,0.00,0.00,765.10,0,0
14.806213,8.3330,442.40,2.70,1.00,1.10,1.60,11.40,17.50,0.00,0.00,484.30,0,0
14.964434,8.3330,410.60,3.40,3.80,1.30,6.00,15.00,17.20,0.00,0.00,470.90,0,0
14.964434,8.3330,396.40,6.50,4.30,0.80,1.60,10.70,17.90,0.00,0.00,444.00,0,0
14.964434,8.3330,413.20,2.50,1.60,1.00,2.90,15.70,18.90,0.00,0.00,461.90,0,0
14.964434,8.3330,478.60,3.10,2.40,0.80,1.50,24.00,26.40,0.00,0.00,546.50,0,0
14.964434,8.3330,390.20,2.00,1.00,0.80,1.50,10.60,17.30,0.00,0.00,429.30,0,0
14.964434,8.3330,425.40,5.30,3.00,1.60,1.10,23.70,17.50,0.00,0.00,482.90,0,0
14.964434,8.3330,422.00,3.30,1.50,1.00,2.60,12.70,21.10,0.00,0.00,470.30,0,0
14.964434,8.3330,950.10,5.50,2.30,1.20,2.50,22.00,21.30,0.00,0.00,1017.10,0,0
14.964434,8.3330,673.50,3.90,3.30,1.40,1.40,21.60,19.50,0.00,0.00,734.60,0,0
14.964434,8.3330,366.70,3.90,1.60,1.30,1.90,11.10,18.90,0.00,0.00,412.00,0,0
14.964434,8.3330,533.20,7.30,4.90,1.50,1.90,24.20,81.90,0.00,0.00,664.20,0,0
14.964434,8.3330,641.10,7.00,3.20,1.50,2.30,14.40,25.70,0.00,0.00,703.70,0,0
15.091625,8.3330,425.00,6.30,1.20,0.90,2.30,9.00,20.80,0.00,0.00,473.30,0,0
15.091625,8.3330,392.00,2.30,1.00,0.70,1.40,16.90,17.80,0.00,0.00,436.80,0,0
15.091625,8.3330,403.90,1.70,1.20,0.70,2.30,10.80,22.30,0.00,0.00,450.20,0,0
15.091625,8.3330,567.30,5.80,1.20,2.50,1.10,13.80,18.10,0.00,0.00,615.20,0,0
15.091625,8.3330,387.90,2.80,3.00,2.20,1.60,16.70,18.90,0.00,0.00,446.80,0,0
15.091625,8.3330,419.50,2.00,1.20,0.70,1.10,12.80,19.90,0.00,0.00,461.70,0,0
15.091625,8.3330,395.80,2.30,2.20,1.50,0.80,16.60,15.80,0.00,0.00,439.10,0,0
15.091625,8.3330,263.50,1.30,0.80,0.60,0.70,6.20,10.20,0.00,0.00,287.40,0,0
15.091625,8.3330,245.70,2.10,1.00,0.50,1.60,13.30,9.90,0.00,0.00,280.10,0,0
15.091625,8.3330,198.90,0.50,0.30,0.40,0.50,4.80,8.20,0.00,0.00,215.30,0,0
15.091625,8.3330,202.00,0.60,0.40,0.30,0.50,4.80,10.90,0.00,0.00,221.10,0,0
15.091625,8.3330,235.20,4.20,0.60,0.90,0.50,9.90,9.40,0.00,0.00,264.20,0,0
15.224926,8.3330,476.60,6.60,1.40,4.40,3.90,16.10,17.40,0.00,0.00,540.50,0,0
15.224926,8.3330,749.00,5.50,2.00,0.90,1.40,12.60,22.70,0.00,0.00,800.70,0,0
15.224926,8.3330,393.00,2.30,1.20,1.10,3.40,18.70,21.50,0.00,0.00,447.70,0,0
15.224926,8.3330,578.30,3.90,2.20,0.90,1.70,12.10,27.30,0.00,0.00,634.90,0,0
15.224926,8.3330,366.50,2.70,4.90,1.10,1.60,8.50,13.50,0.00,0.00,404.30,0,0
15.224926,8.3330,368.30,4.60,0.90,0.70,1.50,11.20,14.00,0.00,0.00,408.90,0,0
15.224926,8.3330,378.80,1.90,1.00,0.80,1.30,10.50,18.70,0.00,0.00,416.90,0,0
15.224926,8.3330,434.30,2.10,1.10,1.10,1.50,11.10,14.80,0.00,0.00,472.10,0,0
15.224926,8.3330,393.70,2.10,1.20,0.80,3.80,8.90,24.90,0.00,0.00,443.60,0,0
15.224926,8.3330,348.50,2.10,1.20,1.00,1.80,12.10,15.00,0.00,0.00,389.10,0,0
15.224926,8.3330,328.70,1.50,0.60,0.80,1.30,10.10,13.70,0.00,0.00,371.00,0,0
15.224926,8.3330,404.50,2.50,1.00,1.50,1.70,10.70,17.30,0.00,0.00,443.70,0,0
15.351119,8.3330,462.70,6.30,3.00,0.90,4.10,23.20,30.10,0.00,0.00,544.30,0,0
15.351119,8.3330,410.50,3.80,1.60,0.80,2.30,13.00,24.00,0.00,0.00,465.20,0,0
15.351119,8.3330,416.20,4.30,1.50,1.40,1.40,12.40,19.10,0.00,0.00,461.50,0,0
15.351119,8.3330,422.80,4.40,1.00,0.80,4.00,11.80,17.30,0.00,0.00,467.80,0,0
15.351119,8.3330,409.80,2.40,1.20,0.90,1.40,11.70,19.70,0.00,0.00,451.90,0,0
15.351119,8.3330,384.70,2.60,1.20,1.00,1.40,12.70,27.00,0.00,0.00,435.10,0,0
15.351119,8.3330,383.50,2.10,1.20,0.70,1.60,10.90,21.70,0.00,0.00,428.50,0,0
15.351119,8.3330,443.20,2.40,1.40,0.90,2.60,15.30,20.00,0.00,0.00,493.50,0,0
15.351119,8.3330,346.30,1.60,0.80,0.80,1.10,8.90,9.20,0.00,0.00,372.20,0,0
15.351119,8.3330,265.00,1.20,0.80,0.50,0.50,6.00,20.60,0.00,0.00,297.30,0,0
15.351119,8.3330,204.80,0.60,0.30,0.30,0.70,6.60,8.10,0.00,0.00,223.00,0,0
15.351119,8.3330,407.60,1.30,0.60,0.50,0.90,14.00,19.00,0.00,0.00,448.00,0,0
15.482358,8.3330,456.10,2.70,1.10,0.70,2.70,10.90,29.30,0.00,0.00,509.70,0,0
15.482358,8.3330,420.20,7.10,1.00,1.10,3.00,10.90,15.80,0.00,0.00,467.60,0,0
15.482358,8.3330,414.20,3.50,1.50,1.10,3.00,13.00,26.70,0.00,0.00,469.40,0,0
15.482358,8.3330,472.80,3.60,1.30,1.10,2.00,19.10,120.10,0.00,0.00,626.50,0,0
15.482358,8.3330,391.00,6.80,3.00,1.40,1.50,33.30,31.40,0.00,0.00,475.10,0,0
15.482358,8.3330,355.40,1.80,0.80,1.50,1.40,8.40,16.90,0.00,0.00,390.90,0,0
15.482358,8.3330,386.40,3.70,1.90,1.00,2.10,19.20,24.70,0.00,0.00,447.60,0,0
15.482358,8.3330,447.90,2.70,6.50,1.10,1.40,16.40,16.10,0.00,0.00,501.90,0,0
15.482358,8.3330,360.60,6.30,1.70,1.00,1.10,12.20,15.10,0.00,0.00,404.40,0,0
15.482358,8.3330,389.80,3.30,1.60,1.20,1.60,12.50,19.60,0.00,0.00,435.30,0,0
15.482358,8.3330,390.60,3.30,1.80,1.10,1.90,13.20,17.80,0.00,0.00,435.70,0,0
15.482358,8.3330,393.20,3.70,1.60,1.20,1.70,12.90,17.10,0.00,0.00,437.60,0,0
15.611840,8.3330,483.60,4.70,1.90,2.00,2.20,11.60,19.50,0.00,0.00,531.30,0,0
15.611840,8.3330,583.40,4.40,3.80,1.10,2.60,20.80,20.40,0.00,0.00,649.00,0,0
15.611840,8.3330,477.80,7.60,3.90,1.30,1.60,12.80,26.40,0.00,0.00,539.90,0,0
15.611840,8.3330,413.60,3.00,10.90,0.90,1.50,12.70,28.90,0.00,0.00,476.40,0,0
15.611840,8.3330,385.10,4.60,1.30,1.10,1.30,13.90,32.20,0.00,0.00,444.50,0,0
15.611840,8.3330,416.70,2.40,1.40,0.90,1.60,17.60,16.60,0.00,0.00,462.10,0,0
15.611840,8.3330,383.50,2.90,1.40,1.20,1.50,15.30,30.50,0.00,0.00,443.90,0,0
15.611840,8.3330,441.80,3.20,1.40,1.10,1.30,17.40,23.50,0.00,0.00,498.90,0,0
15.611840,8.3330,443.90,6.00,3.20,1.20,1.90,16.40,25.10,0.00,0.00,507.00,0,0
15.611840,8.3330,384.60,3.40,1.30,1.10,2.10,12.20,19.60,0.00,0.00,431.30,0,0
15.611840,8.3330,393.50,2.40,1.30,0.80,1.80,9.60,12.60,0.00,0.00,428.30,0,0
15.611840,8.3330,322.50,2.20,1.10,0.60,1.50,8.20,11.00,0.00,0.00,350.40,0,0
15.728211,8.3330,538.90,7.30,3.30,1.90,2.20,22.90,33.20,0.00,0.00,620.10,0,0
15.728211,8.3330,381.00,4.20,1.50,1.10,1.80,13.30,20.80,0.00,0.00,430.20,0,0
15.728211,8.3330,416.80,4.00,1.70,1.20,1.50,15.20,20.10,0.00,0.00,467.70,0,0
15.728211,8.3330,440.70,6.30,3.90,2.90,2.50,23.50,33.80,0.00,0.00,521.50,0,0
15.728211,8.3330,466.50,4.50,1.60,1.00,2.50,10.70,28.70,0.00,0.00,523.90,0,0
15.728211,8.3330,405.30,3.40,0.80,0.80,1.60,13.60,25.10,0.00,0.00,459.60,0,0
15.728211,8.3330,408.80,11.30,2.30,1.40,1.50,13.10,16.20,0.00,0.00,459.60,0,0
15.728211,8.3330,472.70,5.10,3.20,1.20,1.70,19.10,21.90,0.00,0.00,531.00,0,0
15.728211,8.3330,489.20,3.80,1.60,1.30,1.40,22.10,32.20,0.00,0.00,559.30,0,0
15.728211,8.3330,534.30,4.20,1.90,1.70,1.50,11.70,25.70,0.00,0.00,587.30,0,0
15.728211,8.3330,396.80,5.10,1.20,2.00,1.50,16.50,17.70,0.00,0.00,450.90,0,0
15.728211,8.3330,421.10,3.70,1.10,1.40,1.70,11.60,23.80,0.00,0.00,470.80,0,0
15.838963,8.3330,412.00,3.40,1.70,0.90,1.90,14.80,23.00,0.00,0.00,465.00,0,0
15.838963,8.3330,408.70,7.20,2.50,1.70,1.80,21.00,30.70,0.00,0.00,481.90,0,0
15.838963,8.3330,602.90,12.70,5.10,3.20,2.40,19.30,30.80,0.00,0.00,688.80,0,0
15.838963,8.3330,396.30,5.00,1.30,1.60,2.10,15.00,21.30,0.00,0.00,449.90,0,0
15.838963,8.3330,446.10,4.40,1.70,1.30,11.70,15.30,24.40,0.00,0.00,525.80,0,0
15.838963,8.3330,498.20,13.50,4.60,3.30,1.80,40.90,2128.70,0.00,0.00,2709.40,0,0
15.838963,8.3330,420.50,13.60,7.20,3.60,2.60,28.10,56.70,0.00,0.00,550.40,0,0
15.838963,8.3330,419.50,4.60,1.60,1.00,2.10,14.20,19.10,0.00,0.00,469.20,0,0
15.838963,8.3330,381.60,3.00,1.70,1.40,1.50,16.00,18.20,0.00,0.00,429.30,0,0
15.838963,8.3330,453.70,2.80,1.50,1.10,1.50,10.50,18.10,0.00,0.00,494.80,0,0
15.838963,8.3330,583.50,4.80,2.10,1.30,2.20,14.90,25.00,0.00,0.00,642.20,0,0
15.838963,8.3330,373.80,3.20,1.40,1.00,4.90,14.30,16.30,0.00,0.00,423.00,0,0
16.000458,8.3330,463.60,3.50,1.50,0.90,1.70,12.50,23.20,0.00,0.00,512.90,0,0
16.000458,8.3330,417.00,4.10,1.60,0.90,2.20,15.70,24.40,0.00,0.00,474.30,0,0
16.000458,8.3330,610.70,7.20,2.00,1.80,1.60,20.00,26.00,0.00,0.00,677.10,0,0
16.000458,8.3330,439.10,2.00,0.90,0.70,1.40,11.50,27.00,0.00,0.00,487.00,0,0
16.000458,8.3330,344.20,2.10,1.20,1.00,1.10,26.90,18.00,0.00,0.00,399.00,0,0
16.000458,8.3330,374.20,3.70,2.20,1.00,2.50,14.20,19.40,0.00,0.00,424.00,0,0
16.000458,8.3330,421.50,4.90,2.10,1.50,2.10,15.60,25.20,0.00,0.00,479.60,0,0
16.000458,8.3330,371.00,5.10,2.80,1.60,2.30,17.40,26.40,0.00,0.00,435.40,0,0
16.000458,8.3330,352.40,3.30,1.50,1.10,1.60,11.90,51.70,0.00,0.00,429.50,0,0
16.000458,8.3330,413.20,5.10,1.80,1.40,1.70,28.20,35.10,0.00,0.00,493.60,0,0
16.000458,8.3330,376.20,2.30,1.00,1.30,1.90,32.60,29.90,0.00,0.00,450.80,0,0
16.000458,8.3330,467.90,4.10,1.80,1.30,2.80,26.40,30.70,0.00,0.00,541.90,0,0
16.127823,8.3330,500.30,6.60,2.10,1.20,2.20,22.90,38.30,0.00,0.00,588.30,0,0
16.127823,8.3330,470.80,4.90,2.00,0.80,1.50,36.10,26.30,0.00,0.00,548.10,0,0
16.127823,8.3330,438.80,6.20,1.20,0.90,1.80,22.30,30.60,0.00,0.00,510.30,0,0
16.127823,8.3330,421.70,5.80,4.50,2.70,1.10,26.60,34.80,0.00,0.00,505.40,0,0
16.127823,8.3330,436.20,2.80,1.50,0.90,5.20,29.30,26.80,0.00,0.00,507.70,0,0
16.127823,8.3330,405.00,7.00,1.30,0.90,1.50,21.20,31.60,0.00,0.00,477.90,0,0
16.127823,8.3330,426.00,2.80,1.20,1.10,1.30,22.10,29.20,0.00,0.00,490.50,0,0
16.127823,8.3330,381.80,3.90,4.50,0.80,1.40,23.10,23.50,0.00,0.00,445.10,0,0
16.127823,8.3330,373.90,3.20,1.40,0.80,1.50,29.20,26.20,0.00,0.00,442.80,0,0
16.127823,8.3330,377.20,2.30,1.50,0.90,1.40,22.50,25.60,0.00,0.00,437.10,0,0
16.127823,8.3330,368.20,3.00,1.00,0.90,1.50,16.80,25.30,0.00,0.00,422.50,0,0
16.127823,8.3330,373.60,2.80,1.00,0.80,1.50,17.30,23.00,0.00,0.00,425.30,0,0
16.256205,8.3330,431.40,6.90,2.00,1.10,2.10,22.50,40.10,0.00,0.00,517.00,0,0
16.256205,8.3330,371.80,3.20,2.40,0.90,2.70,21.40,34.20,0.00,0.00,447.50,0,0
16.256205,8.3330,468.10,12.70,1.60,1.00,1.90,19.70,31.90,0.00,0.00,545.00,0,0
16.256205,8.3330,461.70,3.70,1.20,2.00,1.50,20.50,38.60,0.00,0.00,534.60,0,0
16.256205,8.3330,390.70,5.50,1.30,1.50,5.80,38.80,25.60,0.00,0.00,480.30,0,0
16.256205,8.3330,439.70,4.10,1.30,0.90,2.80,10.70,23.50,0.00,0.00,488.70,0,0
16.256205,8.3330,432.10,2.70,1.50,1.00,4.00,8.10,23.60,0.00,0.00,481.60,0,0
16.256205,8.3330,387.00,2.50,1.30,0.90,1.60,10.80,22.30,0.00,0.00,441.60,0,0
16.256205,8.3330,352.60,1.70,0.90,0.80,1.90,11.00,19.20,0.00,0.00,393.80,0,0
16.256205,8.3330,364.70,3.50,1.40,0.80,1.90,12.00,25.20,0.00,0.00,415.60,0,0
16.256205,8.3330,405.30,2.80,1.00,1.00,1.70,13.60,23.10,0.00,0.00,453.60,0,0
16.256205,8.3330,374.70,1.90,1.20,1.00,1.60,12.10,26.00,0.00,0.00,423.80,0,0
16.354635,8.2026,550.30,15.80,8.30,7.20,1.60,49.60,71.00,0.00,0.00,720.40,0,0
16.354635,8.2026,405.20,3.40,1.30,0.80,1.90,23.70,27.20,0.00,0.00,469.40,0,0
16.354635,8.2026,1319.30,9.80,5.50,3.40,15.00,36.70,42.40,0.00,0.00,1462.50,0,0
16.354635,8.2026,542.60,8.20,3.50,2.40,2.80,24.30,271.70,0.00,0.00,868.80,0,0
16.354635,8.2026,382.60,2.50,1.30,0.90,1.90,9.30,21.20,0.00,0.00,425.60,0,0
16.354635,8.2026,379.50,3.70,1.10,1.30,1.20,14.10,22.30,0.00,0.00,428.60,0,0
16.354635,8.2026,330.60,3.50,1.50,1.00,1.40,16.40,30.60,0.00,0.00,391.40,0,0
16.354635,8.2026,223.30,1.90,0.50,0.90,0.80,9.40,10.30,0.00,0.00,250.40,0,0
16.354635,8.2026,204.00,1.10,0.40,0.90,1.10,12.10,11.10,0.00,0.00,234.90,0,0
16.354635,8.2026,278.60,1.80,1.30,0.90,0.70,18.10,18.50,0.00,0.00,323.40,0,0
16.354635,8.2026,464.80,9.70,6.10,2.80,2.10,42.30,58.80,0.00,0.00,599.80,0,0
16.354635,8.2026,507.70,7.30,1.30,2.80,7.60,14.10,22.70,0.00,0.00,577.90,0,0
16.510101,8.3330,407.70,2.70,2.60,0.90,1.60,17.30,15.40,0.00,0.00,452.80,0,0
16.510101,8.3330,457.00,3.50,1.30,0.60,1.20,13.80,13.90,0.00,0.00,496.60,0,0
16.510101,8.3330,284.70,1.10,0.40,0.50,0.60,11.30,12.20,0.00,0.00,314.10,0,0
16.510101,8.3330,308.20,1.80,0.60,2.20,0.50,16.50,39.80,0.00,0.00,372.90,0,0
16.510101,8.3330,375.90,2.30,1.10,0.90,1.30,10.20,19.70,0.00,0.00,416.40,0,0
16.510101,8.3330,396.30,2.20,0.80,0.80,1.20,18.10,20.50,0.00,0.00,444.20,0,0
16.510101,8.3330,553.90,3.10,1.20,0.80,1.30,11.80,89.00,0.00,0.00,665.80,0,0
16.510101,8.3330,475.40,3.80,1.30,0.80,1.00,9.30,16.20,0.00,0.00,512.10,0,0
16.510101,8.3330,265.00,1.20,0.90,0.60,1.10,6.00,10.20,0.00,0.00,288.90,0,0
16.510101,8.3330,226.30,1.40,0.80,0.90,0.80,10.20,19.70,0.00,0.00,263.10,0,0
16.510101,8.3330,199.40,0.60,0.30,0.50,0.70,5.00,9.20,0.00,0.00,218.60,0,0
16.510101,8.3330,201.80,0.80,0.30,0.40,0.50,5.90,8.80,0.00,0.00,220.70,0,0
16.636728,8.3330,390.20,2.20,0.90,0.70,2.30,7.50,12.70,0.00,0.00,422.00,0,0
16.636728,8.3330,477.60,3.70,4.90,1.10,0.90,12.40,16.20,0.00,0.00,522.50,0,0
16.636728,8.3330,359.70,1.30,0.90,0.60,1.00,6.10,14.40,0.00,0.00,387.90,0,0
16.636728,8.3330,226.60,0.90,0.30,0.40,0.70,5.70,9.30,0.00,0.00,246.70,0,0
16.636728,8.3330,290.40,1.60,2.50,0.50,0.60,6.10,10.90,0.00,0.00,318.10,0,0
16.636728,8.3330,210.20,1.50,0.40,0.90,0.90,6.20,11.20,0.00,0.00,235.10,0,0
16.636728,8.3330,199.90,1.10,0.30,0.70,0.70,6.40,9.10,0.00,0.00,220.60,0,0
16.636728,8.3330,222.20,1.80,0.70,0.40,1.20,7.50,11.80,0.00,0.00,249.60,0,0
16.636728,8.3330,203.30,1.60,0.50,0.60,0.80,10.60,9.00,0.00,0.00,229.30,0,0
16.636728,8.3330,214.80,1.20,0.40,0.30,0.50,7.00,9.50,0.00,0.00,236.10,0,0
16.636728,8.3330,204.40,0.50,0.30,0.40,0.50,5.40,9.00,0.00,0.00,222.80,0,0
16.636728,8.3330,229.10,0.70,0.40,0.30,0.60,9.80,9.70,0.00,0.00,252.70,0,0
16.770082,8.3330,260.00,1.80,1.10,1.90,1.20,18.50,14.40,0.00,0.00,303.20,0,0
16.770082,8.3330,410.20,8.50,1.50,1.50,2.10,10.30,16.70,0.00,0.00,460.60,0,0
16.770082,8.3330,557.90,10.20,2.50,41.10,1.40,15.60,19.20,0.00,0.00,653.20,0,0
16.770082,8.3330,226.20,1.10,0.30,0.60,3.20,6.40,10.20,0.00,0.00,256.50,0,0
16.770082,8.3330,202.50,2.00,0.90,0.80,0.80,12.40,10.20,0.00,0.00,233.30,0,0
16.770082,8.3330,214.20,1.40,1.10,0.80,0.70,12.90,11.90,0.00,0.00,247.80,0,0
16.770082,8.3330,378.30,1.60,0.70,0.40,0.70,7.60,14.60,0.00,0.00,406.90,0,0
16.770082,8.3330,195.70,0.80,0.40,0.50,0.70,5.40,8.60,0.00,0.00,214.40,0,0
16.770082,8.3330,224.60,0.80,0.50,0.40,0.50,5.20,11.20,0.00,0.00,245.20,0,0
16.770082,8.3330,201.10,1.30,1.10,0.50,0.40,11.90,8.80,0.00,0.00,227.80,0,0
16.770082,8.3330,201.50,0.70,0.30,0.40,0.50,6.70,9.00,0.00,0.00,221.00,0,0
16.770082,8.3330,439.50,2.60,1.80,0.80,0.40,10.40,24.90,0.00,0.00,483.10,0,0
16.869905,8.3185,418.90,3.60,1.20,1.00,12.30,8.80,13.60,0.00,0.00,477.50,0,0
16.869905,8.3185,199.70,1.60,0.50,0.60,1.10,5.90,10.00,0.00,0.00,223.10,0,0
16.869905,8.3185,745.60,22.00,12.40,6.20,2.20,55.10,98.70,0.00,0.00,965.60,0,0
16.869905,8.3185,389.90,13.20,6.90,7.90,3.50,42.10,82.50,0.00,0.00,563.90,0,0
16.869905,8.3185,385.50,3.50,1.00,1.10,1.90,10.80,21.00,0.00,0.00,433.10,0,0
16.869905,8.3185,247.80,2.70,0.90,0.90,1.90,9.40,11.80,0.00,0.00,283.70,0,0
16.869905,8.3185,193.30,1.00,0.30,0.50,0.80,7.40,9.30,0.00,0.00,215.80,0,0
16.869905,8.3185,725.60,6.00,2.10,1.40,1.20,22.20,25.70,0.00,0.00,791.10,0,0
16.869905,8.3185,208.30,1.30,0.40,0.70,0.80,6.20,10.60,0.00,0.00,232.70,0,0
16.869905,8.3185,948.40,7.50,4.80,2.20,2.80,27.80,61.30,0.00,0.00,1067.20,0,0
16.869905,8.3185,434.40,2.90,10.30,0.90,5.80,27.10,21.10,0.00,0.00,515.40,0,0
16.869905,8.3185,402.90,2.50,1.50,0.90,1.00,16.40,23.90,0.00,0.00,453.60,0,0
17.020317,8.3330,302.20,5.80,1.40,1.20,2.40,19.70,32.90,0.00,0.00,376.60,0,0
17.020317,8.3330,325.20,2.40,1.00,0.80,6.30,15.80,29.50,0.00,0.00,389.20,0,0
17.020317,8.3330,255.70,2.30,4.20,0.70,2.80,22.50,12.60,0.00,0.00,308.90,0,0
17.020317,8.3330,252.20,2.00,1.30,0.80,0.60,15.80,20.60,0.00,0.00,297.10,0,0
17.020317,8.3330,381.40,1.90,1.20,0.80,1.10,8.60,14.40,0.00,0.00,414.40,0,0
17.020317,8.3330,410.80,2.30,1.00,0.80,2.40,10.50,15.50,0.00,0.00,450.20,0,0
17.020317,8.3330,396.20,1.90,3.30,0.70,0.90,11.80,16.40,0.00,0.00,437.20,0,0
17.020317,8.3330,207.40,0.60,0.40,0.50,0.40,5.40,11.60,0.00,0.00,229.30,0,0
17.020317,8.3330,201.70,0.80,0.40,0.50,0.40,5.20,8.60,0.00,0.00,219.20,0,0
17.020317,8.3330,199.80,0.60,0.40,0.40,0.50,5.00,8.30,0.00,0.00,216.40,0,0
17.020317,8.3330,199.60,0.70,0.30,0.30,0.50,6.50,8.20,0.00,0.00,217.40,0,0
17.020317,8.3330,229.40,0.90,0.50,0.50,2.00,5.10,9.00,0.00,0.00,250.90,0,0
17.148212,8.3330,689.00,5.50,2.70,1.10,1.60,12.80,34.60,0.00,0.00,753.80,0,0
17.148212,8.3330,430.70,7.80,1.60,1.70,1.50,10.80,21.60,0.00,0.00,483.10,0,0
17.148212,8.3330,426.80,3.70,1.60,1.00,1.30,15.10,21.40,0.00,0.00,476.10,0,0
17.148212,8.3330,417.50,6.10,1.10,0.80,1.30,9.50,14.80,0.00,0.00,456.50,0,0
17.148212,8.3330,293.00,1.50,0.80,0.60,2.30,13.30,16.60,0.00,0.00,333.60,0,0
17.148212,8.3330,217.10,0.90,0.40,0.50,1.10,7.50,15.70,0.00,0.00,245.50,0,0
17.148212,8.3330,270.40,1.30,0.60,0.50,0.80,7.40,10.90,0.00,0.00,294.90,0,0
17.148212,8.3330,198.70,1.00,0.30,0.50,1.00,10.00,9.60,0.00,0.00,224.60,0,0
17.148212,8.3330,195.30,1.10,0.30,0.50,0.60,6.80,8.90,0.00,0.00,216.00,0,0
17.148212,8.3330,358.30,6.70,1.90,2.50,1.30,12.90,15.20,0.00,0.00,403.80,0,0
17.148212,8.3330,242.40,1.40,0.80,0.60,3.10,6.20,14.30,0.00,0.00,275.70,0,0
17.148212,8.3330,315.90,6.60,1.20,1.80,1.20,12.80,19.70,0.00,0.00,364.20,0,0
17.280674,8.3330,381.50,7.60,3.30,0.60,1.20,9.20,11.70,0.00,0.00,421.10,0,0
17.280674,8.3330,528.20,5.80,1.70,1.00,0.80,16.90,18.80,0.00,0.00,577.50,0,0
17.280674,8.3330,381.20,4.00,3.70,0.80,1.20,10.60,16.70,0.00,0.00,423.00,0,0
17.280674,8.3330,431.60,3.70,1.50,1.10,2.00,21.00,25.90,0.00,0.00,493.40,0,0
17.280674,8.3330,414.50,7.30,1.30,1.20,1.70,11.50,18.10,0.00,0.00,465.30,0,0
17.280674,8.3330,421.60,3.70,1.10,0.80,1.80,15.50,27.40,0.00,0.00,479.90,0,0
17.280674,8.3330,259.60,1.60,0.90,0.60,1.50,9.10,17.80,0.00,0.00,355.50,0,0
17.280674,8.3330,203.80,0.90,0.60,0.50,0.80,6.90,15.70,0.00,0.00,232.20,0,0
17.280674,8.3330,196.10,1.10,0.90,0.70,0.60,5.50,10.60,0.00,0.00,217.80,0,0
17.280674,8.3330,198.00,0.70,0.30,0.40,0.60,8.20,8.50,0.00,0.00,219.10,0,0
17.280674,8.3330,200.60,0.90,0.40,0.40,0.80,7.30,9.40,0.00,0.00,223.10,0,0
17.280674,8.3330,324.00,2.30,1.10,0.50,0.90,7.00,12.50,0.00,0.00,352.70,0,0
17.388166,8.3330,312.70,3.90,1.40,0.90,1.70,16.70,19.50,0.00,0.00,364.20,0,0
17.388166,8.3330,344.20,2.40,10.90,0.90,1.30,12.00,69.30,0.00,0.00,446.20,0,0
17.388166,8.3330,386.60,3.00,1.30,0.90,1.80,14.50,17.00,0.00,0.00,430.40,0,0
17.388166,8.3330,329.80,2.80,1.00,0.90,0.90,13.00,26.10,0.00,0.00,378.70,0,0
17.388166,8.3330,391.10,5.50,2.80,1.20,1.60,16.60,31.70,0.00,0.00,457.70,0,0
17.388166,8.3330,454.70,5.10,2.40,1.10,3.60,20.00,33.50,0.00,0.00,531.40,0,0
17.388166,8.3330,392.00,8.90,1.10,0.80,1.30,12.50,17.70,0.00,0.00,443.00,0,0
17.388166,8.3330,663.10,4.00,1.80,1.00,2.90,21.20,24.00,0.00,0.00,726.30,0,0
17.388166,8.3330,538.80,3.90,3.40,1.40,7.10,16.30,100.40,0.00,0.00,687.90,0,0
17.388166,8.3330,1177.00,4.70,2.00,3.20,2.30,12.30,25.30,0.00,0.00,1235.00,0,0
17.388166,8.3330,629.40,5.40,1.90,1.70,1.40,12.90,20.60,0.00,0.00,680.80,0,0
17.388166,8.3330,365.60,2.30,1.10,0.90,1.10,11.80,34.40,0.00,0.00,422.00,0,0
17.535374,8.3330,272.00,3.70,1.30,0.90,2.80,12.50,24.70,0.00,0.00,326.50,0,0
17.535374,8.3330,407.60,3.20,1.70,1.10,1.70,13.50,18.80,0.00,0.00,457.50,0,0
17.535374,8.3330,431.10,2.60,1.20,1.10,1.40,14.80,19.50,0.00,0.00,477.90,0,0
17.535374,8.3330,392.20,4.30,3.70,0.80,1.60,13.90,15.00,0.00,0.00,438.50,0,0
17.535374,8.3330,389.30,2.00,1.00,0.80,3.80,9.10,17.60,0.00,0.00,428.80,0,0
17.535374,8.3330,199.10,2.70,0.40,0.60,0.60,9.10,8.80,0.00,0.00,224.60,0,0
17.535374,8.3330,199.20,0.70,0.30,0.30,0.70,6.80,8.90,0.00,0.00,219.20,0,0
17.535374,8.3330,193.60,0.90,0.30,0.50,0.60,8.70,11.00,0.00,0.00,218.10,0,0
17.535374,8.3330,270.30,1.20,0.60,0.50,1.80,6.20,13.40,0.00,0.00,299.10,0,0
17.535374,8.3330,196.90,0.90,0.30,0.30,0.40,4.80,7.80,0.00,0.00,213.20,0,0
17.535374,8.3330,207.70,0.60,0.20,0.40,0.60,8.20,9.80,0.00,0.00,229.60,0,0
17.535374,8.3330,204.00,1.60,0.50,1.10,0.60,6.70,9.90,0.00,0.00,226.70,0,0
17.657990,8.3330,456.60,3.50,1.30,0.90,2.70,12.80,19.50,0.00,0.00,505.00,0,0
17.657990,8.3330,378.20,4.40,1.90,1.00,2.60,14.60,16.40,0.00,0.00,426.30,0,0
17.657990,8.3330,426.60,2.10,1.40,1.10,1.20,12.20,15.40,0.00,0.00,468.20,0,0
17.657990,8.3330,404.70,2.90,2.20,1.60,1.10,12.60,15.50,0.00,0.00,447.90,0,0
17.657990,8.3330,224.30,1.40,0.40,0.60,0.80,7.60,9.20,0.00,0.00,247.70,0,0
17.657990,8.3330,210.90,2.50,0.40,0.50,0.60,9.60,10.10,0.00,0.00,237.50,0,0
17.657990,8.3330,196.60,0.70,0.30,0.50,0.90,6.50,8.50,0.00,0.00,216.50,0,0
17.657990,8.3330,280.20,1.60,0.70,0.70,1.10,8.10,13.40,0.00,0.00,309.50,0,0
17.657990,8.3330,396.20,8.30,2.90,1.10,1.20,10.60,12.20,0.00,0.00,438.30,0,0
17.657990,8.3330,202.50,0.60,0.40,0.30,0.60,6.20,10.60,0.00,0.00,222.90,0,0
17.657990,8.3330,203.50,0.60,0.70,0.30,0.50,8.80,8.60,0.00,0.00,225.20,0,0
17.657990,8.3330,201.30,0.70,0.40,0.50,0.50,8.10,8.10,0.00,0.00,221.40,0,0
17.788046,8.3330,411.20,3.80,1.30,0.70,2.30,12.90,28.40,0.00,0.00,472.70,0,0
17.788046,8.3330,217.10,1.10,0.40,0.50,0.80,8.20,20.30,0.00,0.00,251.90,0,0
17.788046,8.3330,378.90,2.30,1.00,0.90,1.10,13.10,23.30,0.00,0.00,427.90,0,0
17.788046,8.3330,234.90,1.50,0.50,0.70,0.80,12.20,11.10,0.00,0.00,264.90,0,0
17.788046,8.3330,388.90,3.90,1.20,0.90,2.90,9.40,17.10,0.00,0.00,430.40,0,0
17.788046,8.3330,482.00,8.90,1.50,0.90,1.30,11.70,18.20,0.00,0.00,533.90,0,0
17.788046,8.3330,394.80,5.20,1.40,2.00,1.80,14.80,19.50,0.00,0.00,455.70,0,0
17.788046,8.3330,234.60,1.20,1.00,0.60,1.70,6.10,10.50,0.00,0.00,260.20,0,0
17.788046,8.3330,205.80,0.80,0.30,0.40,0.60,8.90,9.00,0.00,0.00,228.20,0,0
17.788046,8.3330,300.70,1.00,0.70,0.50,0.50,5.70,12.70,0.00,0.00,324.20,0,0
17.788046,8.3330,202.40,1.00,0.30,0.60,0.50,7.00,8.60,0.00,0.00,222.00,0,0
17.788046,8.3330,207.10,2.50,0.80,1.00,0.50,8.80,8.20,0.00,0.00,232.80,0,0
17.886148,8.1753,617.90,4.70,1.70,1.20,2.10,27.50,24.70,0.00,0.00,688.10,0,0
17.886148,8.1753,263.00,2.00,0.90,0.70,1.20,12.60,120.70,0.00,0.00,404.20,0,0
17.886148,8.1753,383.70,3.50,1.30,0.90,1.50,19.30,16.30,0.00,0.00,431.60,0,0
17.886148,8.1753,254.60,2.10,0.80,1.20,1.20,18.00,14.70,0.00,0.00,297.30,0,0
17.886148,8.1753,292.00,5.60,2.60,1.80,5.30,20.10,17.90,0.00,0.00,356.20,0,0
17.886148,8.1753,583.50,4.60,2.50,1.40,1.30,13.40,21.90,0.00,0.00,634.80,0,0
17.886148,8.1753,545.90,5.30,1.50,1.70,3.70,11.80,22.60,0.00,0.00,608.00,0,0
17.886148,8.1753,357.30,3.20,1.20,0.80,2.00,29.00,18.80,0.00,0.00,418.50,0,0
17.886148,8.1753,456.20,7.60,1.20,1.50,4.80,13.40,26.40,0.00,0.00,524.60,0,0
17.886148,8.1753,218.20,2.50,1.50,0.90,2.60,10.00,18.40,0.00,0.00,261.90,0,0
17.886148,8.1753,384.40,4.40,1.60,1.20,3.00,11.70,22.20,0.00,0.00,436.90,0,0
17.886148,8.1753,1012.40,4.40,1.80,1.00,2.30,12.30,21.80,0.00,0.00,1063.30,0,0
18.039917,8.3330,412.30,7.80,1.50,1.10,1.80,20.40,21.80,0.00,0.00,473.90,0,0
18.039917,8.3330,399.70,7.10,2.40,0.90,1.40,18.20,15.90,0.00,0.00,453.20,0,0
18.039917,8.3330,539.00,5.80,1.60,2.10,1.30,18.50,26.30,0.00,0.00,601.30,0,0
18.039917,8.3330,220.20,2.80,0.50,0.60,0.80,12.10,9.60,0.00,0.00,250.10,0,0
18.039917,8.3330,377.60,1.80,1.00,0.80,1.00,17.10,23.00,0.00,0.00,426.60,0,0
18.039917,8.3330,791.10,2.50,1.50,0.70,1.10,7.40,12.20,0.00,0.00,829.20,0,0
18.039917,8.3330,209.80,0.60,0.30,0.40,0.70,5.30,9.10,0.00,0.00,228.60,0,0
18.039917,8.3330,209.80,0.60,0.30,0.50,1.10,12.20,16.90,0.00,0.00,247.90,0,0
18.039917,8.3330,211.10,0.70,0.50,0.40,0.40,5.20,9.70,0.00,0.00,229.80,0,0
18.039917,8.3330,201.50,0.60,0.30,0.40,0.60,5.50,8.30,0.00,0.00,219.60,0,0
18.039917,8.3330,200.30,0.60,0.30,0.40,0.50,5.00,8.20,0.00,0.00,217.30,0,0
18.039917,8.3330,225.20,1.10,0.70,0.40,1.40,5.90,9.90,0.00,0.00,247.70,0,0
18.168440,8.3330,510.60,3.70,1.10,1.00,1.80,20.20,16.20,0.00,0.00,560.80,0,0
18.168440,8.3330,369.40,3.40,1.20,1.00,1.70,11.10,28.70,0.00,0.00,422.20,0,0
18.168440,8.3330,464.10,4.90,2.10,3.90,2.40,19.10,27.30,0.00,0.00,534.50,0,0
18.168440,8.3330,227.90,1.10,0.30,0.40,0.70,6.00,10.30,0.00,0.00,249.60,0,0
18.168440,8.3330,200.00,1.70,0.40,0.70,0.70,12.20,10.40,0.00,0.00,229.30,0,0
18.168440,8.3330,207.70,2.20,0.40,0.90,0.70,5.80,9.20,0.00,0.00,230.40,0,0
18.168440,8.3330,200.60,0.80,0.50,0.60,1.00,5.50,10.80,0.00,0.00,222.70,0,0
18.168440,8.3330,456.10,5.50,2.70,1.80,1.50,13.70,17.00,0.00,0.00,504.40,0,0
18.168440,8.3330,335.40,4.40,0.50,0.70,1.50,8.40,10.90,0.00,0.00,369.30,0,0
18.168440,8.3330,241.30,1.10,0.70,0.50,0.80,11.80,12.00,0.00,0.00,271.20,0,0
18.168440,8.3330,195.20,3.80,0.90,0.80,0.60,8.10,9.50,0.00,0.00,223.40,0,0
18.168440,8.3330,195.00,1.00,0.40,0.40,0.60,5.40,8.20,0.00,0.00,213.20,0,0
18.295452,8.3330,494.10,3.00,1.10,0.90,1.70,12.00,17.90,0.00,0.00,536.10,0,0
18.295452,8.3330,361.80,9.80,3.30,0.80,1.30,17.60,15.20,0.00,0.00,415.20,0,0
18.295452,8.3330,447.10,8.50,1.90,1.30,2.00,11.20,19.60,0.00,0.00,501.50,0,0
18.295452,8.3330,409.30,3.00,1.10,1.00,2.20,11.20,27.70,0.00,0.00,464.90,0,0
18.295452,8.3330,415.10,2.50,1.20,1.00,4.80,11.70,25.50,0.00,0.00,472.00,0,0
18.295452,8.3330,436.60,6.20,1.10,3.80,3.40,19.70,16.50,0.00,0.00,501.40,0,0
18.295452,8.3330,382.10,3.70,2.10,1.60,3.90,13.20,15.20,0.00,0.00,430.40,0,0
18.295452,8.3330,408.60,1.80,2.40,0.80,0.80,11.40,17.00,0.00,0.00,447.80,0,0
18.295452,8.3330,350.90,1.80,1.20,0.60,1.30,8.00,21.20,0.00,0.00,389.40,0,0
18.295452,8.3330,201.40,1.40,0.50,0.30,0.50,7.60,8.70,0.00,0.00,222.80,0,0
18.295452,8.3330,202.40,1.50,1.40,0.60,2.20,12.50,9.20,0.00,0.00,235.50,0,0
18.295452,8.3330,200.00,0.60,0.30,0.30,0.60,6.80,9.40,0.00,0.00,220.30,0,0
18.402292,8.3330,428.90,6.70,2.80,1.60,78.70,17.70,26.50,0.00,0.00,572.20,0,0
18.402292,8.3330,371.60,6.80,2.40,2.60,2.90,10.70,19.30,0.00,0.00,425.60,0,0
18.402292,8.3330,430.80,9.90,3.80,2.80,1.50,46.80,41.90,0.00,0.00,549.60,0,0
18.402292,8.3330,405.60,7.70,2.10,1.90,2.50,14.60,31.20,0.00,0.00,475.70,0,0
18.402292,8.3330,225.00,1.90,0.40,1.00,1.10,6.50,11.30,0.00,0.00,261.30,0,0
18.402292,8.3330,263.80,2.70,0.70,0.60,1.10,7.50,13.60,0.00,0.00,294.00,0,0
18.402292,8.3330,199.30,1.10,0.30,0.50,0.90,7.20,9.60,0.00,0.00,222.60,0,0
18.402292,8.3330,248.30,1.50,0.50,0.60,0.80,9.00,9.80,0.00,0.00,274.10,0,0
18.402292,8.3330,193.70,1.00,0.30,0.40,0.80,5.80,10.70,0.00,0.00,216.10,0,0
18.402292,8.3330,265.80,1.80,0.80,0.70,0.70,9.50,11.30,0.00,0.00,294.50,0,0
18.402292,8.3330,356.60,3.00,1.60,1.00,1.50,11.00,61.10,0.00,0.00,441.10,0,0
18.402292,8.3330,383.70,4.70,2.80,1.30,1.40,22.00,27.10,0.00,0.00,450.60,0,0
18.554344,8.3330,406.10,4.10,1.50,1.50,2.10,33.80,29.40,0.00,0.00,487.70,0,0
18.554344,8.3330,238.10,1.40,0.40,0.60,2.70,6.20,11.20,0.00,0.00,266.90,0,0
18.554344,8.3330,233.70,1.10,0.40,0.70,1.30,5.80,10.20,0.00,0.00,257.20,0,0
18.554344,8.3330,229.10,1.00,0.40,0.50,3.80,11.60,9.90,0.00,0.00,264.20,0,0
18.554344,8.3330,210.00,4.20,0.40,0.40,0.70,5.80,9.60,0.00,0.00,233.90,0,0
18.554344,8.3330,265.70,3.20,1.30,71.30,0.90,8.30,13.60,0.00,0.00,369.40,0,0
18.554344,8.3330,204.50,1.00,0.40,0.60,0.80,5.60,9.40,0.00,0.00,225.00,0,0
18.554344,8.3330,452.60,3.40,1.70,0.90,1.10,13.30,35.70,0.00,0.00,513.50,0,0
18.554344,8.3330,434.90,1.70,1.50,0.60,3.60,21.30,19.30,0.00,0.00,490.70,0,0
18.554344,8.3330,196.70,0.50,0.30,0.40,0.40,5.00,8.50,0.00,0.00,214.00,0,0
18.554344,8.3330,196.60,0.70,0.40,0.40,0.80,5.30,10.10,0.00,0.00,218.30,0,0
18.554344,8.3330,246.10,0.90,0.60,0.40,0.60,9.70,9.70,0.00,0.00,270.10,0,0
18.683748,8.3330,433.10,3.80,1.30,1.10,1.50,28.00,24.20,0.00,0.00,500.80,0,0
18.683748,8.3330,382.00,3.70,1.20,1.10,2.30,9.10,15.90,0.00,0.00,422.30,0,0
18.683748,8.3330,349.80,2.40,1.20,0.80,0.70,9.70,20.50,0.00,0.00,389.90,0,0
18.683748,8.3330,470.50,5.30,2.60,1.40,1.00,10.80,13.00,0.00,0.00,510.70,0,0
18.683748,8.3330,219.60,1.60,0.60,0.80,1.00,8.00,10.60,0.00,0.00,245.50,0,0
18.683748,8.3330,198.30,0.80,0.40,0.50,0.90,9.40,16.50,0.00,0.00,230.20,0,0
18.683748,8.3330,226.80,1.00,1.10,0.70,1.20,5.90,9.50,0.00,0.00,250.30,0,0
18.683748,8.3330,364.80,2.40,1.10,0.80,0.80,17.40,23.30,0.00,0.00,415.50,0,0
18.683748,8.3330,261.80,1.20,2.10,0.60,0.70,9.90,16.40,0.00,0.00,295.20,0,0
18.683748,8.3330,196.70,2.60,0.60,0.70,0.60,11.30,9.00,0.00,0.00,224.90,0,0
18.683748,8.3330,196.30,0.70,0.50,0.30,0.50,6.30,7.90,0.00,0.00,214.80,0,0
18.683748,8.3330,232.00,0.80,0.60,0.50,0.90,5.20,8.80,0.00,0.00,251.90,0,0
18.812872,8.3330,399.90,18.00,1.40,0.70,1.60,10.80,32.40,0.00,0.00,476.80,0,0
18.812872,8.3330,388.30,3.50,1.60,2.60,1.70,14.80,20.20,0.00,0.00,440.70,0,0
18.812872,8.3330,389.20,2.60,1.20,1.20,1.30,13.70,18.20,0.00,0.00,432.50,0,0
18.812872,8.3330,413.40,2.50,1.00,0.80,2.90,8.90,18.60,0.00,0.00,455.10,0,0
18.812872,8.3330,304.40,2.20,1.60,0.90,2.20,14.00,15.00,0.00,0.00,401.90,0,0
18.812872,8.3330,220.70,1.10,0.30,0.50,0.60,7.00,9.50,0.00,0.00,242.50,0,0
18.812872,8.3330,293.50,1.20,0.60,0.50,0.90,10.10,12.60,0.00,0.00,322.50,0,0
18.812872,8.3330,200.60,1.10,0.90,0.40,0.70,11.70,10.30,0.00,0.00,228.80,0,0
18.812872,8.3330,203.80,0.70,0.30,0.50,0.80,5.10,8.40,0.00,0.00,223.00,0,0
18.812872,8.3330,239.50,1.20,0.50,0.40,0.50,12.60,15.50,0.00,0.00,273.00,0,0
18.812872,8.3330,197.50,0.60,0.30,0.40,0.40,8.10,8.80,0.00,0.00,218.50,0,0
18.812872,8.3330,277.80,1.20,1.50,0.60,0.70,20.60,9.00,0.00,0.00,315.10,0,0
18.918140,8.3330,407.90,11.00,5.00,1.60,2.20,23.10,46.70,0.00,0.00,510.80,0,0
18.918140,8.3330,378.20,3.50,2.40,1.10,3.00,12.70,26.10,0.00,0.00,449.80,0,0
18.918140,8.3330,645.70,15.00,3.80,1.50,2.20,22.50,46.00,0.00,0.00,759.30,0,0
18.918140,8.3330,356.40,3.50,1.30,1.00,1.90,15.60,19.00,0.00,0.00,404.20,0,0
18.918140,8.3330,1218.10,45.40,22.30,11.00,8.20,62.60,459.70,0.00,0.00,1878.90,0,0
18.918140,8.3330,390.20,2.40,1.40,0.70,1.80,24.20,36.40,0.00,0.00,466.50,0,0
18.918140,8.3330,757.00,7.40,3.50,1.50,2.00,18.20,25.70,0.00,0.00,824.30,0,0
18.918140,8.3330,411.20,3.20,1.00,0.80,1.20,17.30,17.20,0.00,0.00,457.30,0,0
18.918140,8.3330,410.00,1.90,0.90,0.70,1.10,9.00,14.60,0.00,0.00,442.30,0,0
18.918140,8.3330,277.20,3.00,1.10,0.90,0.80,18.90,17.50,0.00,0.00,323.60,0,0
18.918140,8.3330,338.50,2.60,1.00,0.80,1.60,10.60,17.40,0.00,0.00,378.10,0,0
18.918140,8.3330,433.40,2.70,2.70,0.90,2.00,10.90,34.70,0.00,0.00,493.60,0,0
19.070726,8.3330,427.40,3.10,1.20,0.90,3.50,14.10,18.80,0.00,0.00,481.30,0,0
19.070726,8.3330,382.80,2.30,1.10,1.30,2.60,9.00,15.10,0.00,0.00,421.30,0,0
19.070726,8.3330,362.50,1.90,3.70,0.80,0.90,9.60,15.10,0.00,0.00,401.30,0,0
19.070726,8.3330,219.50,0.70,0.30,0.50,0.70,5.60,9.30,0.00,0.00,239.00,0,0
19.070726,8.3330,209.60,1.30,0.90,0.80,0.70,14.10,15.90,0.00,0.00,246.40,0,0
19.070726,8.3330,386.80,2.50,1.10,1.30,1.40,18.40,13.80,0.00,0.00,432.00,0,0
19.070726,8.3330,287.90,1.60,0.80,0.70,1.40,6.40,11.70,0.00,0.00,319.00,0,0
19.070726,8.3330,409.80,1.60,0.90,0.60,0.70,6.80,12.10,0.00,0.00,435.10,0,0
19.070726,8.3330,206.00,2.00,0.30,0.40,0.50,8.50,8.20,0.00,0.00,227.80,0,0
19.070726,8.3330,197.00,1.80,1.10,1.00,0.50,8.30,8.00,0.00,0.00,220.40,0,0
19.070726,8.3330,197.10,0.60,0.20,0.30,0.50,4.60,7.90,0.00,0.00,213.00,0,0
19.070726,8.3330,223.40,2.10,0.60,0.80,0.50,6.20,11.90,0.00,0.00,247.30,0,0
19.205276,8.3330,393.50,2.60,1.20,2.30,2.10,12.10,17.00,0.00,0.00,436.70,0,0
19.205276,8.3330,390.70,2.80,1.30,0.60,1.40,15.10,15.30,0.00,0.00,432.30,0,0
19.205276,8.3330,295.90,1.40,0.80,0.70,1.60,7.10,18.20,0.00,0.00,332.30,0,0
19.205276,8.3330,253.70,4.10,2.40,1.00,0.70,6.60,10.60,0.00,0.00,284.20,0,0
19.205276,8.3330,407.40,3.80,1.10,1.30,4.70,11.30,16.50,0.00,0.00,458.40,0,0
19.205276,8.3330,435.30,13.00,2.50,1.30,1.40,14.50,16.40,0.00,0.00,491.20,0,0
19.205276,8.3330,215.70,0.90,0.60,0.50,0.70,8.90,8.80,0.00,0.00,238.70,0,0
19.205276,8.3330,200.30,0.70,0.30,0.40,1.00,5.70,8.50,0.00,0.00,220.40,0,0
19.205276,8.3330,194.70,0.70,0.30,0.30,0.50,6.30,7.90,0.00,0.00,212.60,0,0
19.205276,8.3330,213.30,1.20,0.60,0.40,0.60,7.20,8.80,0.00,0.00,234.40,0,0
19.205276,8.3330,191.90,0.60,0.40,0.40,0.70,9.60,9.80,0.00,0.00,216.70,0,0
19.205276,8.3330,191.70,0.50,0.40,0.30,0.50,4.70,11.00,0.00,0.00,211.40,0,0
19.335510,8.3330,423.80,2.40,1.10,1.40,2.10,14.80,23.00,0.00,0.00,476.90,0,0
19.335510,8.3330,425.20,3.30,1.30,1.00,1.60,11.60,24.30,0.00,0.00,475.20,0,0
19.335510,8.3330,700.20,5.50,1.90,0.90,1.70,15.40,32.30,0.00,0.00,766.90,0,0
19.335510,8.3330,413.10,4.80,1.30,1.90,1.40,11.20,12.20,0.00,0.00,456.80,0,0
19.335510,8.3330,197.90,1.40,0.80,0.60,0.80,8.70,11.00,0.00,0.00,224.00,0,0
19.335510,8.3330,206.80,3.00,1.40,1.40,0.70,8.70,9.50,0.00,0.00,237.20,0,0
19.335510,8.3330,443.70,2.50,1.10,0.70,1.10,9.00,11.90,0.00,0.00,474.70,0,0
19.335510,8.3330,271.00,1.10,0.50,0.60,2.30,7.40,11.80,0.00,0.00,301.90,0,0
19.335510,8.3330,230.30,1.90,0.70,0.90,0.80,9.10,10.70,0.00,0.00,257.70,0,0
19.335510,8.3330,255.00,1.70,0.80,0.70,2.20,6.70,11.20,0.00,0.00,282.90,0,0
19.335510,8.3330,206.00,1.10,0.40,0.50,0.80,5.70,9.70,0.00,0.00,227.60,0,0
19.335510,8.3330,209.40,1.30,0.40,0.60,0.80,9.30,10.00,0.00,0.00,235.60,0,0
19.435949,8.3330,394.00,11.80,4.10,3.00,2.30,26.20,48.30,0.00,0.00,502.70,0,0
19.435949,8.3330,434.80,8.90,2.80,2.40,5.00,21.20,30.50,0.00,0.00,520.70,0,0
19.435949,8.3330,274.30,2.00,0.50,0.60,1.20,8.40,13.70,0.00,0.00,305.60,0,0
19.435949,8.3330,208.30,1.50,0.40,0.60,1.20,8.20,10.30,0.00,0.00,234.60,0,0
19.435949,8.3330,208.90,1.20,0.60,0.50,0.80,8.00,10.30,0.00,0.00,233.10,0,0
19.435949,8.3330,361.20,2.80,1.30,1.10,1.50,12.20,16.90,0.00,0.00,403.30,0,0
19.435949,8.3330,669.30,4.40,1.80,1.10,1.30,11.70,21.00,0.00,0.00,724.50,0,0
19.435949,8.3330,371.40,2.90,1.30,0.80,1.70,9.60,16.60,0.00,0.00,409.50,0,0
19.435949,8.3330,457.40,9.70,6.90,1.70,2.10,27.60,42.30,0.00,0.00,675.90,0,0
19.435949,8.3330,1175.50,83.70,1.80,1.20,3.90,99.20,61.00,0.00,0.00,1434.50,0,0
19.435949,8.3330,406.90,3.70,1.50,1.00,1.00,12.10,23.00,0.00,0.00,455.30,0,0
19.435949,8.3330,373.40,2.90,3.20,0.90,1.50,12.60,16.80,0.00,0.00,420.10,0,0
19.581680,8.3330,438.80,4.00,1.50,0.80,3.30,14.10,23.60,0.00,0.00,496.10,0,0
19.581680,8.3330,234.10,3.00,1.90,0.60,0.80,11.40,10.40,0.00,0.00,267.80,0,0
19.581680,8.3330,514.00,3.20,1.40,1.00,2.80,16.60,18.30,0.00,0.00,564.40,0,0
19.581680,8.3330,430.00,3.00,3.10,0.90,1.50,13.40,32.00,0.00,0.00,496.20,0,0
19.581680,8.3330,391.70,3.90,1.30,0.90,1.30,8.80,14.50,0.00,0.00,427.90,0,0
19.581680,8.3330,291.70,1.30,1.50,0.90,0.80,9.70,11.00,0.00,0.00,323.60,0,0
19.581680,8.3330,440.40,2.10,1.10,1.40,1.40,12.30,19.00,0.00,0.00,483.40,0,0
19.581680,8.3330,204.40,1.00,0.40,0.70,2.50,6.10,10.30,0.00,0.00,235.30,0,0
19.581680,8.3330,207.80,3.40,0.30,1.00,0.70,7.90,9.40,0.00,0.00,233.10,0,0
19.581680,8.3330,203.70,0.70,0.40,0.40,0.70,6.80,8.70,0.00,0.00,223.10,0,0
19.581680,8.3330,198.40,1.80,0.30,0.80,0.60,7.50,9.10,0.00,0.00,221.20,0,0
19.581680,8.3330,279.30,4.20,0.80,0.70,0.60,7.70,9.10,0.00,0.00,307.80,0,0
19.710194,8.3330,487.80,9.20,3.70,1.70,6.60,12.10,114.50,0.00,0.00,660.10,0,0
19.710194,8.3330,370.10,3.60,1.50,0.80,2.70,10.70,12.40,0.00,0.00,415.70,0,0
19.710194,8.3330,220.90,2.60,0.40,0.50,3.20,8.00,10.50,0.00,0.00,250.20,0,0
19.710194,8.3330,226.60,1.10,0.30,0.50,0.80,7.90,12.80,0.00,0.00,252.90,0,0
19.710194,8.3330,209.50,3.40,0.90,1.90,0.90,11.60,9.90,0.00,0.00,245.90,0,0
19.710194,8.3330,378.00,2.40,1.20,0.80,0.60,11.60,23.40,0.00,0.00,422.60,0,0
19.710194,8.3330,403.40,2.50,1.40,1.10,1.50,19.30,15.90,0.00,0.00,451.50,0,0
19.710194,8.3330,421.10,2.20,1.00,1.00,1.30,8.90,15.10,0.00,0.00,456.80,0,0
19.710194,8.3330,236.20,1.20,0.60,0.60,0.60,9.00,9.40,0.00,0.00,260.30,0,0
19.710194,8.3330,195.00,1.60,0.30,0.50,0.50,5.40,8.70,0.00,0.00,214.50,0,0
19.710194,8.3330,194.90,0.70,0.30,0.40,0.60,5.40,8.30,0.00,0.00,213.80,0,0
19.710194,8.3330,208.50,1.80,0.40,0.70,0.50,8.90,8.40,0.00,0.00,231.30,0,0
19.840221,8.3330,389.90,4.00,1.20,0.90,1.90,26.50,17.40,0.00,0.00,449.10,0,0
19.840221,8.3330,444.10,3.90,1.10,1.00,1.80,9.80,17.80,0.00,0.00,485.20,0,0
19.840221,8.3330,397.20,5.00,1.60,1.60,1.50,11.50,13.90,0.00,0.00,442.20,0,0
19.840221,8.3330,250.90,4.50,2.20,1.20,1.30,38.00,19.50,0.00,0.00,325.30,0,0
19.840221,8.3330,210.10,0.80,0.40,0.50,0.70,5.50,9.50,0.00,0.00,230.30,0,0
19.840221,8.3330,218.20,0.80,0.40,0.40,0.80,9.00,13.30,0.00,0.00,246.20,0,0
19.840221,8.3330,201.80,2.70,0.40,0.50,0.60,9.00,8.70,0.00,0.00,226.70,0,0
19.840221,8.3330,428.10,2.60,1.50,1.20,0.60,11.00,13.80,0.00,0.00,465.90,0,0
19.840221,8.3330,443.90,2.40,2.40,1.00,1.50,15.60,20.80,0.00,0.00,493.10,0,0
19.840221,8.3330,210.10,1.20,0.50,0.60,1.40,11.50,10.40,0.00,0.00,239.90,0,0
19.840221,8.3330,195.70,0.70,0.30,0.60,0.60,5.60,8.40,0.00,0.00,214.10,0,0
19.840221,8.3330,233.80,1.00,0.60,0.30,1.00,6.80,9.20,0.00,0.00,255.50,0,0
19.953335,8.3330,617.70,5.30,1.80,1.10,5.60,14.10,16.70,0.00,0.00,679.50,0,0
19.953335,8.3330,372.40,4.60,2.00,1.20,2.30,12.70,23.00,0.00,0.00,425.50,0,0
19.953335,8.3330,540.20,5.10,2.10,1.40,1.30,15.80,72.30,0.00,0.00,644.90,0,0
19.953335,8.3330,246.90,1.40,0.60,0.70,0.80,6.50,11.00,0.00,0.00,271.30,0,0
19.953335,8.3330,198.70,1.30,0.40,0.50,0.90,5.90,9.50,0.00,0.00,219.90,0,0
19.953335,8.3330,339.40,2.90,1.30,0.80,1.10,13.00,24.10,0.00,0.00,387.50,0,0
19.953335,8.3330,366.80,2.30,1.10,0.80,1.60,13.40,16.00,0.00,0.00,406.50,0,0
19.953335,8.3330,385.00,4.00,2.50,1.00,1.20,22.70,21.20,0.00,0.00,443.50,0,0
19.953335,8.3330,383.50,6.20,3.40,1.40,2.70,14.40,25.60,0.00,0.00,446.20,0,0
19.953335,8.3330,344.80,3.40,1.10,1.00,1.90,13.90,19.00,0.00,0.00,391.30,0,0
19.953335,8.3330,400.70,3.50,1.20,0.80,1.60,9.40,17.00,0.00,0.00,440.00,0,0
19.953335,8.3330,577.60,3.60,2.10,1.00,1.50,15.90,24.40,0.00,0.00,633.30,0,0
20.097149,8.3330,276.30,4.90,1.00,0.70,2.40,8.90,24.90,0.00,0.00,326.90,0,0
20.097149,8.3330,216.30,3.40,0.70,0.80,1.70,9.40,9.90,0.00,0.00,248.30,0,0
20.097149,8.3330,402.90,6.40,1.60,1.00,3.80,23.30,19.20,0.00,0.00,476.40,0,0
20.097149,8.3330,447.10,2.60,1.40,0.70,1.50,11.60,15.90,0.00,0.00,486.80,0,0
20.097149,8.3330,207.60,1.10,1.00,0.70,1.80,9.40,12.10,0.00,0.00,236.80,0,0
20.097149,8.3330,203.80,1.30,1.30,0.50,0.80,11.10,12.40,0.00,0.00,238.90,0,0
20.097149,8.3330,308.10,1.30,0.70,0.50,2.00,7.40,10.30,0.00,0.00,334.00,0,0
20.097149,8.3330,198.10,2.40,0.90,1.50,0.70,9.00,8.70,0.00,0.00,225.70,0,0
20.097149,8.3330,249.40,1.50,0.50,0.60,0.70,6.20,16.10,0.00,0.00,277.70,0,0
20.097149,8.3330,195.70,0.70,0.30,0.50,0.60,5.00,8.20,0.00,0.00,213.10,0,0
20.097149,8.3330,197.90,0.80,0.30,0.70,0.60,6.30,8.00,0.00,0.00,216.80,0,0
20.097149,8.3330,307.20,2.50,1.60,1.20,0.50,13.80,14.30,0.00,0.00,347.60,0,0
20.225082,8.3330,420.70,4.10,3.80,0.90,2.80,17.10,19.10,0.00,0.00,480.70,0,0
20.225082,8.3330,576.10,4.50,1.70,1.60,1.70,24.80,25.50,0.00,0.00,642.30,0,0
20.225082,8.3330,222.40,1.10,0.40,0.60,0.70,5.60,10.40,0.00,0.00,243.80,0,0
20.225082,8.3330,220.60,0.90,0.40,0.50,0.60,5.80,8.60,0.00,0.00,239.60,0,0
20.225082,8.3330,201.10,1.30,0.40,0.40,0.70,9.90,8.80,0.00,0.00,225.80,0,0
20.225082,8.3330,208.70,4.00,0.40,0.50,1.10,7.90,9.30,0.00,0.00,237.90,0,0
20.225082,8.3330,192.90,1.40,0.40,0.30,0.60,5.50,8.10,0.00,0.00,211.80,0,0
20.225082,8.3330,194.90,1.80,0.30,1.30,0.80,8.70,8.30,0.00,0.00,221.00,0,0
20.225082,8.3330,273.10,2.90,1.00,0.60,0.50,9.90,10.40,0.00,0.00,301.70,0,0
20.225082,8.3330,209.70,0.80,0.30,0.50,0.50,5.50,11.10,0.00,0.00,230.50,0,0
20.225082,8.3330,202.10,0.80,0.50,0.40,0.50,7.90,9.20,0.00,0.00,222.90,0,0
20.225082,8.3330,238.10,0.70,1.20,0.30,0.40,5.40,8.20,0.00,0.00,256.20,0,0
20.352245,8.3330,407.90,8.10,1.50,0.90,2.20,22.00,33.50,0.00,0.00,484.80,0,0
20.352245,8.3330,401.50,7.90,1.10,1.10,1.40,12.70,16.00,0.00,0.00,447.80,0,0
20.352245,8.3330,411.60,3.10,1.10,0.90,1.50,9.60,23.90,0.00,0.00,457.30,0,0
20.352245,8.3330,432.70,2.30,1.10,1.20,1.60,12.20,22.10,0.00,0.00,477.80,0,0
20.352245,8.3330,396.70,2.30,1.10,0.90,1.50,11.20,15.10,0.00,0.00,434.70,0,0
20.352245,8.3330,317.40,2.60,2.10,2.50,1.70,16.50,22.30,0.00,0.00,379.20,0,0
20.352245,8.3330,535.70,3.20,1.60,1.30,1.10,20.50,18.60,0.00,0.00,587.50,0,0
20.352245,8.3330,424.00,10.00,4.70,1.00,1.10,12.10,15.30,0.00,0.00,473.90,0,0
20.352245,8.3330,195.90,0.60,0.90,0.50,0.70,6.60,8.50,0.00,0.00,216.40,0,0
20.352245,8.3330,194.70,0.80,0.30,0.40,0.80,4.90,8.20,0.00,0.00,212.00,0,0
20.352245,8.3330,196.60,0.70,0.30,0.40,0.60,4.80,8.40,0.00,0.00,213.60,0,0
20.352245,8.3330,241.60,5.00,0.40,0.80,0.60,10.10,8.50,0.00,0.00,268.80,0,0
20.471542,8.3330,229.50,2.10,0.90,0.60,2.00,6.90,10.90,0.00,0.00,258.20,0,0
20.471542,8.3330,210.30,1.50,0.30,0.60,1.00,6.80,10.70,0.00,0.00,235.20,0,0
20.471542,8.3330,396.70,2.50,1.30,0.80,1.90,7.40,12.10,0.00,0.00,428.70,0,0
20.471542,8.3330,207.00,1.10,0.50,0.50,0.80,8.80,9.80,0.00,0.00,231.40,0,0
20.471542,8.3330,198.70,1.10,0.40,0.70,0.70,5.60,9.20,0.00,0.00,219.20,0,0
20.471542,8.3330,203.60,1.20,0.60,0.60,0.70,8.20,11.60,0.00,0.00,230.20,0,0
20.471542,8.3330,391.00,5.20,2.70,1.50,2.20,16.90,30.40,0.00,0.00,457.00,0,0
20.471542,8.3330,430.40,3.70,1.60,1.00,3.70,22.40,21.90,0.00,0.00,494.50,0,0
20.471542,8.3330,394.00,2.50,1.60,1.00,1.70,10.40,12.00,0.00,0.00,428.70,0,0
20.471542,8.3330,807.30,10.90,5.10,3.60,1.70,12.50,19.00,0.00,0.00,866.40,0,0
20.471542,8.3330,266.00,1.20,0.80,0.60,0.90,14.80,15.40,0.00,0.00,303.30,0,0
20.471542,8.3330,230.60,1.00,0.60,0.50,2.00,5.50,9.60,0.00,0.00,254.00,0,0
20.607756,8.3330,362.20,11.60,1.80,0.80,2.90,12.50,11.20,0.00,0.00,413.30,0,0
20.607756,8.3330,207.10,1.10,0.30,0.40,0.90,6.90,8.80,0.00,0.00,227.50,0,0
20.607756,8.3330,581.00,3.90,1.60,0.90,3.00,9.90,33.10,0.00,0.00,640.30,0,0
20.607756,8.3330,246.00,1.70,1.00,0.70,3.40,8.40,11.20,0.00,0.00,279.60,0,0
20.607756,8.3330,380.30,8.60,1.40,2.70,2.00,9.30,19.50,0.00,0.00,431.00,0,0
20.607756,8.3330,393.50,2.40,0.90,0.80,1.30,10.90,17.60,0.00,0.00,432.20,0,0
20.607756,8.3330,374.10,2.70,0.90,2.20,1.40,7.60,9.00,0.00,0.00,402.30,0,0
20.607756,8.3330,324.30,2.10,1.10,1.00,0.80,12.80,29.70,0.00,0.00,375.20,0,0
20.607756,8.3330,340.70,1.50,0.70,0.70,0.80,6.20,9.80,0.00,0.00,363.30,0,0
20.607756,8.3330,199.70,0.60,0.40,0.30,0.60,7.60,12.50,0.00,0.00,224.40,0,0
20.607756,8.3330,203.20,0.60,0.30,0.30,1.90,7.60,8.20,0.00,0.00,227.20,0,0
20.607756,8.3330,266.60,0.90,0.50,0.40,0.50,5.50,8.80,0.00,0.00,285.40,0,0
20.736584,8.3330,731.60,11.40,5.60,0.60,2.00,8.90,14.30,0.00,0.00,780.90,0,0
20.736584,8.3330,288.00,1.40,0.70,0.80,2.00,7.90,10.00,0.00,0.00,317.40,0,0
20.736584,8.3330,208.00,1.00,0.40,0.50,0.60,5.70,9.80,0.00,0.00,228.80,0,0
20.736584,8.3330,204.90,2.00,0.40,0.30,0.60,9.00,8.90,0.00,0.00,230.10,0,0
20.736584,8.3330,283.90,1.60,0.80,0.50,0.70,6.40,10.40,0.00,0.00,307.80,0,0
20.736584,8.3330,204.20,0.80,0.30,0.50,0.60,5.90,9.20,0.00,0.00,224.20,0,0
20.736584,8.3330,207.90,1.70,0.60,0.40,0.80,5.90,9.20,0.00,0.00,230.50,0,0
20.736584,8.3330,199.60,0.80,0.40,0.50,0.60,8.30,8.30,0.00,0.00,220.70,0,0
20.736584,8.3330,192.90,1.60,0.40,0.90,0.50,6.80,7.90,0.00,0.00,213.70,0,0
20.736584,8.3330,270.70,1.10,0.60,0.40,0.60,5.60,8.90,0.00,0.00,289.80,0,0
20.736584,8.3330,191.70,0.60,0.30,0.40,0.50,6.50,7.80,0.00,0.00,209.90,0,0
20.736584,8.3330,283.80,3.10,0.50,0.70,0.50,6.60,9.10,0.00,0.00,307.10,0,0
20.862972,8.3330,260.40,1.80,0.80,0.50,0.80,8.20,16.30,0.00,0.00,292.20,0,0
20.862972,8.3330,334.70,2.30,0.80,0.80,2.80,10.80,19.70,0.00,0.00,378.70,0,0
20.862972,8.3330,286.10,1.60,0.80,0.70,4.50,7.20,13.80,0.00,0.00,321.00,0,0
20.862972,8.3330,386.40,3.40,1.10,0.80,0.90,13.70,29.20,0.00,0.00,440.10,0,0
20.862972,8.3330,217.70,0.80,0.70,0.50,2.00,8.50,9.50,0.00,0.00,247.40,0,0
20.862972,8.3330,247.50,2.30,0.90,0.80,2.30,6.50,9.80,0.00,0.00,273.40,0,0
20.862972,8.3330,194.50,0.90,0.40,0.40,0.50,35.20,22.70,0.00,0.00,256.30,0,0
20.862972,8.3330,274.90,1.20,0.60,0.60,1.10,6.90,14.10,0.00,0.00,305.90,0,0
20.862972,8.3330,196.40,0.50,0.40,0.40,0.40,4.90,8.30,0.00,0.00,213.70,0,0
20.862972,8.3330,192.60,0.70,1.00,0.50,0.40,6.40,8.50,0.00,0.00,212.90,0,0
20.862972,8.3330,191.80,1.80,0.70,0.60,0.50,10.20,7.70,0.00,0.00,215.90,0,0
20.862972,8.3330,234.90,2.90,1.30,1.00,0.40,6.20,8.70,0.00,0.00,259.70,0,0
20.966515,8.3330,297.00,5.20,1.70,0.90,3.20,12.60,19.60,0.00,0.00,349.90,0,0
20.966515,8.3330,313.40,3.80,2.10,1.60,4.60,18.10,23.20,0.00,0.00,377.80,0,0
20.966515,8.3330,209.90,1.60,0.50,0.50,1.10,6.10,10.60,0.00,0.00,234.40,0,0
20.966515,8.3330,532.50,3.90,1.30,1.00,2.80,11.30,19.00,0.00,0.00,582.20,0,0
20.966515,8.3330,360.10,3.00,1.30,1.00,2.00,12.10,19.10,0.00,0.00,406.10,0,0
20.966515,8.3330,416.90,6.80,3.60,2.00,4.40,18.60,28.80,0.00,0.00,493.60,0,0
20.966515,8.3330,360.90,6.50,2.10,2.10,3.20,11.90,20.80,0.00,0.00,416.60,0,0
20.966515,8.3330,394.30,4.70,5.00,1.40,2.40,14.50,26.00,0.00,0.00,457.80,0,0
20.966515,8.3330,1029.50,6.30,2.90,1.90,2.60,17.90,27.00,0.00,0.00,1099.70,0,0
20.966515,8.3330,431.30,3.30,1.50,1.00,1.70,10.40,17.70,0.00,0.00,473.10,0,0
20.966515,8.3330,574.50,8.20,3.70,2.20,3.70,19.30,29.00,0.00,0.00,656.30,0,0
20.966515,8.3330,443.20,8.00,1.10,2.70,2.20,12.50,17.40,0.00,0.00,497.80,0,0
21.119200,8.3330,390.00,4.90,1.40,1.00,1.60,12.40,28.80,0.00,0.00,446.10,0,0
21.119200,8.3330,449.20,2.30,1.10,0.90,2.00,13.20,33.20,0.00,0.00,508.50,0,0
21.119200,8.3330,427.10,8.00,1.90,2.70,1.20,8.80,13.30,0.00,0.00,469.10,0,0
21.119200,8.3330,426.00,4.00,1.80,0.80,5.90,23.20,14.90,0.00,0.00,486.70,0,0
21.119200,8.3330,513.20,5.50,1.30,1.00,1.30,9.60,11.60,0.00,0.00,547.50,0,0
21.119200,8.3330,388.00,1.50,0.90,0.60,1.20,7.60,15.40,0.00,0.00,419.80,0,0
21.119200,8.3330,204.60,0.50,0.30,0.60,0.60,6.50,9.50,0.00,0.00,225.40,0,0
21.119200,8.3330,212.10,1.40,2.30,0.40,1.40,8.90,9.20,0.00,0.00,242.80,0,0
21.119200,8.3330,193.70,0.70,0.30,0.40,0.60,5.50,8.00,0.00,0.00,211.20,0,0
21.119200,8.3330,228.80,2.90,0.60,1.40,2.20,5.50,8.40,0.00,0.00,254.90,0,0
21.119200,8.3330,196.90,0.60,0.30,0.40,2.00,4.70,9.80,0.00,0.00,218.00,0,0
21.119200,8.3330,222.30,0.50,0.40,0.30,0.50,4.90,9.40,0.00,0.00,239.60,0,0
21.250658,8.3330,359.10,2.30,0.90,0.70,1.60,7.00,12.10,0.00,0.00,388.20,0,0
21.250658,8.3330,211.20,2.30,0.70,1.20,2.70,6.10,9.20,0.00,0.00,242.40,0,0
21.250658,8.3330,223.40,1.70,0.60,0.70,0.70,9.50,10.00,0.00,0.00,249.40,0,0
21.250658,8.3330,212.90,0.80,0.30,0.50,0.70,7.30,11.50,0.00,0.00,236.70,0,0
21.250658,8.3330,398.20,5.60,11.30,2.40,1.30,12.00,17.10,0.00,0.00,455.10,0,0
21.250658,8.3330,536.50,2.30,1.10,1.10,2.20,17.00,26.40,0.00,0.00,595.70,0,0
21.250658,8.3330,371.10,1.60,3.00,0.60,1.80,12.10,15.20,0.00,0.00,412.90,0,0
21.250658,8.3330,383.00,1.60,0.80,0.50,1.00,9.80,19.50,0.00,0.00,419.70,0,0
21.250658,8.3330,340.60,1.90,0.70,0.60,1.30,12.00,52.40,0.00,0.00,414.10,0,0
21.250658,8.3330,475.80,6.60,1.10,1.20,0.90,9.00,15.20,0.00,0.00,513.20,0,0
21.250658,8.3330,202.90,0.70,0.30,0.50,0.80,5.40,8.60,0.00,0.00,221.90,0,0
21.250658,8.3330,213.30,0.80,0.40,0.50,0.70,5.70,9.00,0.00,0.00,233.20,0,0
21.371943,8.3330,404.20,4.70,1.10,2.20,1.40,11.50,26.90,0.00,0.00,457.30,0,0
21.371943,8.3330,392.70,1.90,0.80,0.70,1.10,7.20,14.30,0.00,0.00,422.90,0,0
21.371943,8.3330,397.80,2.00,1.00,0.80,1.00,8.70,34.10,0.00,0.00,449.30,0,0
21.371943,8.3330,547.90,3.80,1.70,1.10,0.60,15.10,23.20,0.00,0.00,597.40,0,0
21.371943,8.3330,411.20,1.70,0.90,0.60,2.50,14.00,19.90,0.00,0.00,456.70,0,0
21.371943,8.3330,199.80,0.60,0.40,0.50,1.20,5.00,8.50,0.00,0.00,218.60,0,0
21.371943,8.3330,193.50,0.70,0.30,0.30,0.40,6.40,8.10,0.00,0.00,211.60,0,0
21.371943,8.3330,195.50,0.60,0.30,0.30,0.50,9.30,8.00,0.00,0.00,215.90,0,0
21.371943,8.3330,193.50,1.10,0.50,0.50,0.50,5.40,8.00,0.00,0.00,211.50,0,0
21.371943,8.3330,195.60,0.80,1.20,0.70,1.10,7.70,10.70,0.00,0.00,221.90,0,0
21.371943,8.3330,195.50,0.80,1.10,0.50,0.60,5.90,13.30,0.00,0.00,219.50,0,0
21.371943,8.3330,244.90,1.20,1.80,0.50,0.60,8.30,12.40,0.00,0.00,272.10,0,0
21.485392,8.3330,374.50,4.20,1.40,1.30,1.80,11.30,18.60,0.00,0.00,418.70,0,0
21.485392,8.3330,364.80,4.20,1.50,0.80,11.60,10.50,18.30,0.00,0.00,418.00,0,0
21.485392,8.3330,355.10,2.80,1.20,0.80,1.20,10.00,18.00,0.00,0.00,394.00,0,0
21.485392,8.3330,455.30,8.80,4.50,3.30,1.50,15.60,33.30,0.00,0.00,529.90,0,0
21.485392,8.3330,447.50,13.00,6.40,1.10,3.30,14.40,21.00,0.00,0.00,519.10,0,0
21.485392,8.3330,386.70,2.70,0.80,0.90,1.80,11.50,27.20,0.00,0.00,437.90,0,0
21.485392,8.3330,405.80,3.60,3.40,0.90,1.70,24.20,16.30,0.00,0.00,462.40,0,0
21.485392,8.3330,563.60,8.60,3.50,1.20,1.70,14.70,17.30,0.00,0.00,621.40,0,0
21.485392,8.3330,694.90,3.40,1.60,0.90,2.40,18.80,16.60,0.00,0.00,752.70,0,0
21.485392,8.3330,383.40,2.70,1.40,0.90,1.40,13.50,24.60,0.00,0.00,433.30,0,0
21.485392,8.3330,643.60,5.30,1.80,1.70,3.40,15.50,27.60,0.00,0.00,711.40,0,0
21.485392,8.3330,453.00,3.40,1.70,1.00,1.80,17.20,28.00,0.00,0.00,516.90,0,0
21.628172,8.3330,266.80,4.30,0.70,0.70,1.30,6.50,9.70,0.00,0.00,295.20,0,0
21.628172,8.3330,205.90,2.30,1.30,1.10,1.00,10.00,9.40,0.00,0.00,237.40,0,0
21.628172,8.3330,519.80,6.90,2.10,2.40,0.70,13.00,24.40,0.00,0.00,576.20,0,0
21.628172,8.3330,237.10,2.50,0.40,0.60,1.40,8.00,17.90,0.00,0.00,273.90,0,0
21.628172,8.3330,399.80,2.20,1.10,0.80,1.50,9.00,18.50,0.00,0.00,438.20,0,0
21.628172,8.3330,415.50,8.50,1.20,1.90,1.30,12.80,15.70,0.00,0.00,465.40,0,0
21.628172,8.3330,392.10,1.70,0.80,0.60,1.20,8.00,13.80,0.00,0.00,421.90,0,0
21.628172,8.3330,199.30,0.70,0.40,0.60,1.00,6.80,9.10,0.00,0.00,221.50,0,0
21.628172,8.3330,219.30,1.00,0.60,0.40,0.50,5.60,11.30,0.00,0.00,240.90,0,0
21.628172,8.3330,228.40,3.70,0.50,1.00,0.60,10.50,9.90,0.00,0.00,257.50,0,0
21.628172,8.3330,212.60,1.00,0.60,0.50,0.90,7.00,8.70,0.00,0.00,237.20,0,0
21.628172,8.3330,217.80,1.00,0.50,0.80,0.40,8.60,8.60,0.00,0.00,240.40,0,0
21.755358,8.3330,381.20,7.10,1.40,0.70,1.50,16.60,32.10,0.00,0.00,446.40,0,0
21.755358,8.3330,222.60,1.30,0.60,0.40,0.70,8.60,10.10,0.00,0.00,247.80,0,0
21.755358,8.3330,251.70,2.00,1.00,1.10,1.20,9.50,9.80,0.00,0.00,281.50,0,0
21.755358,8.3330,257.70,1.80,0.70,0.60,1.40,10.40,17.20,0.00,0.00,293.70,0,0
21.755358,8.3330,195.40,1.00,0.40,0.40,0.60,7.40,9.20,0.00,0.00,216.90,0,0
21.755358,8.3330,198.50,1.40,1.60,0.50,0.50,8.70,11.40,0.00,0.00,227.90,0,0
21.755358,8.3330,212.20,1.00,0.40,0.40,0.70,5.50,9.20,0.00,0.00,232.00,0,0
21.755358,8.3330,238.50,1.50,0.80,0.70,0.80,8.40,18.90,0.00,0.00,273.20,0,0
21.755358,8.3330,194.10,0.70,0.30,0.60,0.60,5.90,8.50,0.00,0.00,213.30,0,0
21.755358,8.3330,205.50,0.90,0.40,0.30,0.50,5.00,8.60,0.00,0.00,223.00,0,0
21.755358,8.3330,191.60,0.90,0.40,0.50,0.60,4.80,7.90,0.00,0.00,208.80,0,0
21.755358,8.3330,205.00,0.60,0.30,0.30,0.60,6.20,8.10,0.00,0.00,222.80,0,0
21.880630,8.3330,435.50,3.00,1.30,0.80,1.80,17.10,19.10,0.00,0.00,486.20,0,0
21.880630,8.3330,654.40,4.90,4.30,2.70,2.00,17.10,16.80,0.00,0.00,713.40,0,0
21.880630,8.3330,387.20,2.70,1.40,0.90,2.40,15.50,27.20,0.00,0.00,443.30,0,0
21.880630,8.3330,316.80,2.70,2.10,1.20,1.00,14.80,16.80,0.00,0.00,362.50,0,0
21.880630,8.3330,568.60,2.50,1.40,0.90,1.30,15.40,20.40,0.00,0.00,615.30,0,0
21.880630,8.3330,207.20,1.20,0.50,0.60,0.90,5.70,9.20,0.00,0.00,228.50,0,0
21.880630,8.3330,198.40,1.80,0.40,1.50,1.20,5.20,9.50,0.00,0.00,220.20,0,0
21.880630,8.3330,226.40,1.00,0.50,0.40,0.70,5.30,8.70,0.00,0.00,244.90,0,0
21.880630,8.3330,205.50,0.90,0.60,0.50,0.50,7.00,12.10,0.00,0.00,229.00,0,0
21.880630,8.3330,196.00,0.60,0.30,0.40,0.60,4.70,8.40,0.00,0.00,213.60,0,0
21.880630,8.3330,227.70,1.40,0.50,0.80,0.60,5.50,9.60,0.00,0.00,249.50,0,0
21.880630,8.3330,220.20,0.60,0.30,0.30,0.60,4.70,9.80,0.00,0.00,238.10,0,0
21.983713,8.3330,417.80,3.70,1.60,1.20,2.20,12.50,23.50,0.00,0.00,470.40,0,0
21.983713,8.3330,371.50,2.90,1.30,1.00,2.20,12.70,17.30,0.00,0.00,414.40,0,0
21.983713,8.3330,512.70,5.30,2.50,2.00,4.60,15.10,28.30,0.00,0.00,586.80,0,0
21.983713,8.3330,468.50,2.40,2.80,0.90,5.30,12.70,15.40,0.00,0.00,520.00,0,0
21.983713,8.3330,658.60,16.80,2.90,6.40,5.90,23.20,51.00,0.00,0.00,779.20,0,0
21.983713,8.3330,223.70,1.30,0.60,0.90,1.30,7.20,17.00,0.00,0.00,256.40,0,0
21.983713,8.3330,661.00,10.00,3.80,1.80,3.90,29.10,32.00,0.00,0.00,755.70,0,0
21.983713,8.3330,536.50,13.20,2.20,1.80,1.90,18.90,22.50,0.00,0.00,606.70,0,0
21.983713,8.3330,408.80,4.80,1.90,1.50,2.00,11.10,18.60,0.00,0.00,456.60,0,0
21.983713,8.3330,337.50,4.80,2.10,1.30,2.00,13.40,22.00,0.00,0.00,390.00,0,0
21.983713,8.3330,530.70,4.30,1.60,1.10,2.00,12.40,19.00,0.00,0.00,577.40,0,0
21.983713,8.3330,240.80,1.60,0.60,0.50,1.90,6.80,10.10,0.00,0.00,266.70,0,0
22.138575,8.3330,386.90,3.00,2.20,1.00,1.60,16.30,16.70,0.00,0.00,435.70,0,0
22.138575,8.3330,415.20,9.60,1.30,2.70,1.60,16.50,18.70,0.00,0.00,472.70,0,0
22.138575,8.3330,206.80,1.10,0.30,0.70,0.90,16.90,10.30,0.00,0.00,240.00,0,0
22.138575,8.3330,331.10,4.10,0.70,1.10,1.00,6.10,9.10,0.00,0.00,356.80,0,0
22.138575,8.3330,201.70,1.80,0.90,1.20,0.80,8.60,8.80,0.00,0.00,227.60,0,0
22.138575,8.3330,315.00,3.00,0.90,1.00,0.70,8.60,16.00,0.00,0.00,348.40,0,0
22.138575,8.3330,212.30,0.80,0.40,0.60,0.60,5.00,7.90,0.00,0.00,231.10,0,0
22.138575,8.3330,219.90,0.70,0.50,0.50,0.50,11.30,10.80,0.00,0.00,246.00,0,0
22.138575,8.3330,200.00,0.70,0.30,0.40,0.70,7.80,8.00,0.00,0.00,221.60,0,0
22.138575,8.3330,210.20,0.80,0.60,0.50,0.90,4.90,8.30,0.00,0.00,229.00,0,0
22.138575,8.3330,272.30,1.90,0.90,0.80,1.00,12.50,14.60,0.00,0.00,307.90,0,0
22.138575,8.3330,214.90,1.50,0.50,0.60,0.80,6.50,21.30,0.00,0.00,248.50,0,0
22.263266,8.3330,391.60,5.00,1.20,1.00,1.60,10.10,53.40,0.00,0.00,469.50,0,0
22.263266,8.3330,213.90,1.00,0.30,0.40,1.00,6.00,9.80,0.00,0.00,235.50,0,0
22.263266,8.3330,207.10,0.90,0.40,0.50,0.80,5.40,8.70,0.00,0.00,225.90,0,0
22.263266,8.3330,279.40,1.20,0.80,0.70,0.90,7.30,10.60,0.00,0.00,303.60,0,0
22.263266,8.3330,212.50,0.90,1.10,0.50,0.80,7.90,10.50,0.00,0.00,242.10,0,0
22.263266,8.3330,216.60,1.80,0.40,0.80,1.00,6.20,8.80,0.00,0.00,238.60,0,0
22.263266,8.3330,201.70,0.80,0.30,0.40,1.10,5.80,11.10,0.00,0.00,224.50,0,0
22.263266,8.3330,202.20,0.80,0.30,0.40,0.60,7.00,8.00,0.00,0.00,221.70,0,0
22.263266,8.3330,349.00,1.80,0.90,0.70,1.10,11.40,28.80,0.00,0.00,397.80,0,0
22.263266,8.3330,211.80,0.70,0.70,0.40,2.60,9.00,8.50,0.00,0.00,239.30,0,0
22.263266,8.3330,213.90,3.10,0.40,0.50,3.10,9.20,10.10,0.00,0.00,244.70,0,0
22.263266,8.3330,238.10,0.80,0.40,0.30,0.60,7.80,11.40,0.00,0.00,261.20,0,0
22.394524,8.3330,257.20,6.40,3.60,0.70,2.20,12.50,19.20,0.00,0.00,309.10,0,0
22.394524,8.3330,211.40,1.30,0.60,0.60,0.80,8.50,15.70,0.00,0.00,242.60,0,0
22.394524,8.3330,289.20,1.40,0.50,0.50,1.20,10.20,12.80,0.00,0.00,321.10,0,0
22.394524,8.3330,286.10,1.10,0.70,0.70,3.10,8.50,15.80,0.00,0.00,320.80,0,0
22.394524,8.3330,339.80,1.50,0.80,0.70,1.30,11.30,12.50,0.00,0.00,371.70,0,0
22.394524,8.3330,276.60,5.10,0.70,1.40,0.70,9.40,10.50,0.00,0.00,308.90,0,0
22.394524,8.3330,204.00,0.70,0.60,0.50,0.70,9.30,15.30,0.00,0.00,233.40,0,0
22.394524,8.3330,202.50,0.60,0.30,0.50,1.50,7.30,8.10,0.00,0.00,224.80,0,0
22.394524,8.3330,240.00,3.40,0.60,1.70,0.50,6.00,8.90,0.00,0.00,264.60,0,0
22.394524,8.3330,237.20,3.80,0.70,1.50,0.50,6.20,8.60,0.00,0.00,261.70,0,0
22.394524,8.3330,257.90,1.20,0.50,0.60,0.60,5.90,8.40,0.00,0.00,277.20,0,0
22.394524,8.3330,228.80,0.80,0.90,0.90,1.30,5.90,8.60,0.00,0.00,252.50,0,0
22.500290,8.3330,362.00,4.10,1.50,1.40,2.20,14.40,19.20,0.00,0.00,411.70,0,0
22.500290,8.3330,441.10,8.90,3.30,1.60,8.40,22.30,31.70,0.00,0.00,535.60,0,0
22.500290,8.3330,421.80,6.00,3.50,3.00,2.90,20.50,33.20,0.00,0.00,501.30,0,0
22.500290,8.3330,370.10,4.10,1.10,1.20,2.10,14.60,18.80,0.00,0.00,418.60,0,0
22.500290,8.3330,393.10,3.60,1.50,1.10,1.30,13.00,28.20,0.00,0.00,447.00,0,0
22.500290,8.3330,370.50,2.20,0.90,0.90,1.60,11.10,15.10,0.00,0.00,407.50,0,0
22.500290,8.3330,359.70,2.40,0.80,0.80,1.40,11.20,15.30,0.00,0.00,406.60,0,0
22.500290,8.3330,355.00,5.10,2.90,1.60,1.70,26.70,25.20,0.00,0.00,426.50,0,0
22.500290,8.3330,368.70,3.90,1.20,1.20,2.50,10.30,26.50,0.00,0.00,420.80,0,0
22.500290,8.3330,643.00,8.40,1.40,2.20,1.60,11.80,18.10,0.00,0.00,696.10,0,0
22.500290,8.3330,440.80,4.80,2.70,3.40,3.30,22.90,22.60,0.00,0.00,513.70,0,0
22.500290,8.3330,416.00,3.20,1.00,1.20,1.60,10.20,21.20,0.00,0.00,461.30,0,0
22.647326,8.3330,392.60,4.80,1.40,1.00,1.70,10.40,36.20,0.00,0.00,454.50,0,0
22.647326,8.3330,310.30,4.30,1.30,1.00,1.60,11.00,19.30,0.00,0.00,355.70,0,0
22.647326,8.3330,217.80,1.10,0.40,0.50,0.90,5.60,12.60,0.00,0.00,241.90,0,0
22.647326,8.3330,219.40,1.00,0.30,0.50,0.70,7.10,8.40,0.00,0.00,239.70,0,0
22.647326,8.3330,225.90,3.60,1.00,1.40,1.00,9.30,13.60,0.00,0.00,262.30,0,0
22.647326,8.3330,204.20,3.00,0.30,0.80,0.70,5.70,9.40,0.00,0.00,226.80,0,0
22.647326,8.3330,268.70,5.50,1.10,1.20,0.80,13.80,22.20,0.00,0.00,317.40,0,0
22.647326,8.3330,213.80,1.60,0.70,0.80,1.00,8.20,31.00,0.00,0.00,260.40,0,0
22.647326,8.3330,252.30,1.50,0.90,0.60,0.60,8.40,9.30,0.00,0.00,278.60,0,0
22.647326,8.3330,202.00,0.70,1.70,0.50,1.50,12.00,10.40,0.00,0.00,233.50,0,0
22.647326,8.3330,219.90,0.90,0.50,0.60,0.70,5.50,9.50,0.00,0.00,240.90,0,0
22.647326,8.3330,213.40,1.30,0.40,0.40,0.50,8.60,8.30,0.00,0.00,235.10,0,0
22.776720,8.3330,290.80,2.80,1.00,0.80,2.30,9.10,11.20,0.00,0.00,326.10,0,0
22.776720,8.3330,420.10,4.90,1.00,1.00,2.80,9.80,20.40,0.00,0.00,466.80,0,0
22.776720,8.3330,219.50,6.00,0.30,2.50,1.20,6.50,10.50,0.00,0.00,251.70,0,0
22.776720,8.3330,344.00,3.60,1.00,2.10,1.40,9.50,13.60,0.00,0.00,382.70,0,0
22.776720,8.3330,256.50,1.40,0.80,0.60,2.30,7.20,13.70,0.00,0.00,287.60,0,0
22.776720,8.3330,208.30,1.00,1.00,0.40,1.50,8.60,12.70,0.00,0.00,237.90,0,0
22.776720,8.3330,235.30,2.10,0.80,0.90,0.80,8.70,13.70,0.00,0.00,266.20,0,0
22.776720,8.3330,353.70,4.20,0.80,1.60,1.50,9.60,14.40,0.00,0.00,389.70,0,0
22.776720,8.3330,408.70,4.80,1.30,0.80,1.60,12.30,15.50,0.00,0.00,449.90,0,0
22.776720,8.3330,374.60,1.50,0.80,0.60,1.40,6.30,14.50,0.00,0.00,403.40,0,0
22.776720,8.3330,230.80,0.90,0.50,0.50,0.50,7.00,11.40,0.00,0.00,253.70,0,0
22.776720,8.3330,317.10,1.30,1.00,0.50,0.50,7.70,10.00,0.00,0.00,339.90,0,0
22.903696,8.3330,538.50,3.60,3.00,1.00,0.90,13.60,26.60,0.00,0.00,594.30,0,0
22.903696,8.3330,302.90,4.00,0.80,0.70,2.70,11.10,10.60,0.00,0.00,339.10,0,0
22.903696,8.3330,402.50,2.70,1.90,0.90,1.30,8.70,14.20,0.00,0.00,437.50,0,0
22.903696,8.3330,433.30,4.30,4.10,1.30,1.60,20.60,17.10,0.00,0.00,487.30,0,0
22.903696,8.3330,214.20,2.50,0.50,0.60,1.00,11.80,9.60,0.00,0.00,246.10,0,0
22.903696,8.3330,200.80,1.10,0.40,0.60,1.90,6.80,8.70,0.00,0.00,223.00,0,0
22.903696,8.3330,259.40,6.50,0.60,0.90,1.00,10.90,11.60,0.00,0.00,295.10,0,0
22.903696,8.3330,203.40,1.00,1.10,0.40,0.60,6.90,11.00,0.00,0.00,227.10,0,0
22.903696,8.3330,251.40,2.20,0.60,0.90,1.20,5.50,9.70,0.00,0.00,276.40,0,0
22.903696,8.3330,194.10,0.70,0.30,0.50,0.60,5.00,7.80,0.00,0.00,210.90,0,0
22.903696,8.3330,192.70,0.60,0.30,0.50,0.80,5.50,10.70,0.00,0.00,213.80,0,0
22.903696,8.3330,240.40,2.90,0.60,0.80,0.50,5.70,8.40,0.00,0.00,261.50,0,0
23.016790,8.3330,433.80,6.70,2.30,1.50,2.40,13.20,25.60,0.00,0.00,493.70,0,0
23.016790,8.3330,388.70,4.70,1.40,1.00,2.10,10.40,19.40,0.00,0.00,434.40,0,0
23.016790,8.3330,391.90,3.60,1.20,1.00,1.60,12.50,16.40,0.00,0.00,433.90,0,0
23.016790,8.3330,382.00,3.00,1.10,0.90,1.60,12.70,17.60,0.00,0.00,424.60,0,0
23.016790,8.3330,376.00,2.90,1.00,1.00,1.60,9.90,16.60,0.00,0.00,414.30,0,0
23.016790,8.3330,233.60,2.50,1.00,1.20,1.20,11.00,16.90,0.00,0.00,272.60,0,0
23.016790,8.3330,298.70,3.30,1.70,1.30,2.30,10.90,14.40,0.00,0.00,340.20,0,0
23.016790,8.3330,215.30,4.90,0.80,1.80,4.50,7.50,9.80,0.00,0.00,256.50,0,0
23.016790,8.3330,213.40,0.90,0.30,0.60,0.70,7.00,8.70,0.00,0.00,234.10,0,0
23.016790,8.3330,195.30,0.60,0.40,0.50,0.60,7.90,8.40,0.00,0.00,216.10,0,0
23.016790,8.3330,431.20,3.30,2.40,1.20,2.20,11.20,32.40,0.00,0.00,490.90,0,0
23.016790,8.3330,411.30,2.60,1.00,1.00,1.50,11.20,17.50,0.00,0.00,450.90,0,0
23.158781,8.3330,542.20,4.10,1.30,0.70,1.70,10.40,16.20,0.00,0.00,582.50,0,0
23.158781,8.3330,323.90,2.10,1.00,0.70,1.80,8.40,13.00,0.00,0.00,355.50,0,0
23.158781,8.3330,222.30,1.40,0.40,0.70,0.80,5.90,13.00,0.00,0.00,247.70,0,0
23.158781,8.3330,253.50,1.50,0.30,0.70,2.90,8.20,20.00,0.00,0.00,293.20,0,0
23.158781,8.3330,222.40,1.10,0.50,0.50,2.20,6.30,12.40,0.00,0.00,250.80,0,0
23.158781,8.3330,357.60,4.10,3.50,0.70,1.30,20.90,14.40,0.00,0.00,410.30,0,0
23.158781,8.3330,334.20,1.60,1.10,0.90,1.40,9.50,14.30,0.00,0.00,369.00,0,0
23.158781,8.3330,375.80,2.10,11.00,0.90,1.20,11.00,19.70,0.00,0.00,427.10,0,0
23.158781,8.3330,431.10,7.70,3.70,1.60,1.30,9.00,14.30,0.00,0.00,474.40,0,0
23.158781,8.3330,247.40,0.90,0.50,0.70,0.80,8.70,11.20,0.00,0.00,273.20,0,0
23.158781,8.3330,195.40,0.70,0.30,0.70,0.60,6.80,7.90,0.00,0.00,214.00,0,0
23.158781,8.3330,224.50,1.30,0.40,0.40,0.50,7.70,8.40,0.00,0.00,245.00,0,0
23.283047,8.3330,446.60,3.50,1.40,0.90,2.00,11.10,15.50,0.00,0.00,488.00,0,0
23.283047,8.3330,351.40,9.30,1.20,4.30,1.20,11.50,15.80,0.00,0.00,400.80,0,0
23.283047,8.3330,218.80,1.30,1.70,0.70,0.80,12.60,13.30,0.00,0.00,251.80,0,0
23.283047,8.3330,207.30,0.90,0.30,0.50,0.70,7.50,10.80,0.00,0.00,230.00,0,0
23.283047,8.3330,414.70,2.30,1.00,0.70,1.30,6.80,11.00,0.00,0.00,443.60,0,0
23.283047,8.3330,559.90,2.70,1.00,0.90,2.80,9.80,18.70,0.00,0.00,599.50,0,0
23.283047,8.3330,238.90,3.30,0.40,0.70,1.00,7.50,9.50,0.00,0.00,264.70,0,0
23.283047,8.3330,204.60,0.70,0.30,0.60,1.10,5.30,8.60,0.00,0.00,224.00,0,0
23.283047,8.3330,461.60,3.30,1.70,1.10,1.20,9.60,25.50,0.00,0.00,730.10,0,0
23.283047,8.3330,195.30,2.80,1.10,1.60,0.80,9.10,11.10,0.00,0.00,226.20,0,0
23.283047,8.3330,192.80,0.80,0.30,0.50,0.60,5.40,8.40,0.00,0.00,210.70,0,0
23.283047,8.3330,245.90,0.90,0.50,0.40,0.60,5.70,9.20,0.00,0.00,265.40,0,0
23.409704,8.3330,283.10,2.50,1.20,0.80,1.70,11.80,19.40,0.00,0.00,324.80,0,0
23.409704,8.3330,226.80,3.30,1.80,1.70,2.80,7.10,9.40,0.00,0.00,264.70,0,0
23.409704,8.3330,280.00,1.30,0.60,0.70,0.70,7.50,10.70,0.00,0.00,303.90,0,0
23.409704,8.3330,235.60,1.00,0.50,0.70,0.80,6.90,36.10,0.00,0.00,284.10,0,0
23.409704,8.3330,274.90,1.30,0.60,0.60,1.10,7.30,44.40,0.00,0.00,334.70,0,0
23.409704,8.3330,197.00,0.80,0.60,1.00,0.60,7.10,8.60,0.00,0.00,217.50,0,0
23.409704,8.3330,206.30,0.70,0.40,0.50,0.70,6.90,8.60,0.00,0.00,226.70,0,0
23.409704,8.3330,431.10,2.80,1.70,1.10,1.50,20.00,17.50,0.00,0.00,483.50,0,0
23.409704,8.3330,441.10,5.70,3.80,1.10,2.90,12.20,18.20,0.00,0.00,498.70,0,0
23.409704,8.3330,291.40,1.70,0.80,0.60,0.90,6.00,11.30,0.00,0.00,317.90,0,0
23.409704,8.3330,257.80,1.20,0.60,0.60,0.70,6.20,14.80,0.00,0.00,285.80,0,0
23.409704,8.3330,219.60,0.80,0.40,0.60,0.80,8.70,8.80,0.00,0.00,243.30,0,0
23.514536,8.3330,481.30,6.80,2.00,1.00,4.20,16.60,24.20,0.00,0.00,548.90,0,0
23.514536,8.3330,382.90,5.10,2.10,1.40,2.00,12.50,21.30,0.00,0.00,434.20,0,0
23.514536,8.3330,637.60,6.00,2.50,1.30,6.20,16.30,22.00,0.00,0.00,708.80,0,0
23.514536,8.3330,441.30,4.70,1.90,1.40,1.70,14.80,21.00,0.00,0.00,493.10,0,0
23.514536,8.3330,2027.50,40.10,18.00,8.90,15.00,81.90,161.80,0.00,0.00,2416.30,0,0
23.514536,8.3330,387.20,11.80,5.70,3.00,2.60,27.30,51.60,0.00,0.00,505.40,0,0
23.514536,8.3330,232.70,1.40,0.40,0.70,1.20,6.50,11.80,0.00,0.00,258.60,0,0
23.514536,8.3330,303.10,2.50,0.90,0.90,1.30,7.60,13.90,0.00,0.00,335.60,0,0
23.514536,8.3330,254.10,1.60,0.80,0.80,0.90,6.20,10.40,0.00,0.00,279.10,0,0
23.514536,8.3330,409.30,2.90,1.10,1.10,1.60,12.90,17.40,0.00,0.00,453.00,0,0
23.514536,8.3330,420.80,2.30,1.10,0.80,1.30,9.10,14.50,0.00,0.00,454.80,0,0
23.514536,8.3330,254.70,1.30,0.80,0.70,0.90,8.90,11.30,0.00,0.00,282.00,0,0
23.664270,8.3330,603.20,6.10,2.30,1.40,1.90,13.60,72.50,0.00,0.00,712.60,0,0
23.664270,8.3330,344.70,4.00,1.00,0.80,3.40,14.70,13.80,0.00,0.00,406.00,0,0
23.664270,8.3330,371.40,2.00,1.00,0.50,1.40,11.30,15.40,0.00,0.00,407.40,0,0
23.664270,8.3330,382.30,6.60,1.00,0.90,2.00,9.30,10.70,0.00,0.00,421.70,0,0
23.664270,8.3330,414.50,2.40,1.10,2.00,2.10,13.40,13.40,0.00,0.00,458.30,0,0
23.664270,8.3330,208.30,1.80,0.30,2.00,2.40,5.40,19.40,0.00,0.00,245.30,0,0
23.664270,8.3330,303.40,1.90,3.50,0.60,1.00,13.30,10.40,0.00,0.00,340.70,0,0
23.664270,8.3330,225.70,1.30,0.50,0.60,0.80,5.80,8.60,0.00,0.00,246.20,0,0
23.664270,8.3330,196.50,0.60,0.30,0.30,0.50,6.60,11.20,0.00,0.00,218.40,0,0
23.664270,8.3330,204.20,0.50,0.30,0.40,0.50,4.90,9.00,0.00,0.00,222.50,0,0
23.664270,8.3330,202.10,0.70,0.30,0.50,0.80,6.40,12.40,0.00,0.00,225.20,0,0
23.664270,8.3330,225.00,1.20,0.30,0.40,0.60,6.70,8.20,0.00,0.00,244.30,0,0
23.789854,8.3330,515.70,10.80,3.00,0.90,2.50,10.40,20.50,0.00,0.00,571.70,0,0
23.789854,8.3330,578.30,6.00,49.60,3.90,2.60,15.60,21.70,0.00,0.00,685.40,0,0
23.789854,8.3330,399.90,2.20,1.30,0.90,2.70,11.50,19.00,0.00,0.00,444.60,0,0
23.789854,8.3330,235.60,0.90,0.50,10.30,0.80,5.60,13.20,0.00,0.00,269.90,0,0
23.789854,8.3330,211.20,0.90,0.30,0.60,0.80,5.90,42.50,0.00,0.00,266.40,0,0
23.789854,8.3330,208.40,1.00,0.40,0.60,0.70,5.70,9.30,0.00,0.00,228.90,0,0
23.789854,8.3330,265.30,4.80,1.90,2.70,0.70,9.30,10.00,0.00,0.00,299.90,0,0
23.789854,8.3330,195.80,2.40,0.30,1.10,0.60,11.20,8.80,0.00,0.00,223.40,0,0
23.789854,8.3330,209.90,1.50,0.30,0.60,0.70,7.40,13.10,0.00,0.00,236.50,0,0
23.789854,8.3330,197.10,1.10,1.00,1.80,1.20,9.30,9.70,0.00,0.00,227.50,0,0
23.789854,8.3330,224.10,0.90,0.50,0.50,0.70,7.30,16.70,0.00,0.00,253.80,0,0
23.789854,8.3330,255.60,1.00,0.60,0.50,0.60,5.50,10.00,0.00,0.00,276.20,0,0
23.919113,8.3330,318.90,2.40,1.10,0.70,2.40,7.10,12.40,0.00,0.00,350.00,0,0
23.919113,8.3330,353.30,1.80,0.80,0.90,1.10,7.00,17.00,0.00,0.00,386.80,0,0
23.919113,8.3330,282.60,3.80,1.10,0.80,1.10,9.40,25.40,0.00,0.00,331.00,0,0
23.919113,8.3330,209.70,1.00,2.20,0.90,0.70,8.00,10.30,0.00,0.00,235.40,0,0
23.919113,8.3330,200.50,2.60,0.30,0.50,0.60,5.70,8.40,0.00,0.00,220.90,0,0
23.919113,8.3330,297.50,1.70,1.80,0.80,1.90,12.30,10.40,0.00,0.00,333.00,0,0
23.919113,8.3330,210.80,1.10,1.30,0.70,0.80,9.50,8.90,0.00,0.00,238.80,0,0
23.919113,8.3330,241.20,1.60,0.90,0.80,1.90,9.90,15.90,0.00,0.00,276.10,0,0
23.919113,8.3330,243.50,5.50,1.80,1.00,0.60,10.90,17.40,0.00,0.00,284.50,0,0
23.919113,8.3330,194.50,2.00,0.40,1.10,0.60,8.40,8.20,0.00,0.00,218.50,0,0
23.919113,8.3330,425.60,2.60,2.30,1.40,1.00,8.90,11.50,0.00,0.00,460.60,0,0
23.919113,8.3330,228.30,3.40,0.40,0.60,0.50,8.20,9.20,0.00,0.00,253.30,0,0
24.032499,8.3330,372.80,4.20,1.50,1.20,2.10,21.90,18.70,0.00,0.00,429.10,0,0
24.032499,8.3330,304.50,1.90,1.00,0.90,1.00,7.40,11.90,0.00,0.00,333.20,0,0
24.032499,8.3330,219.90,0.90,0.40,0.60,0.90,6.00,9.00,0.00,0.00,240.40,0,0
24.032499,8.3330,395.10,4.20,2.00,1.20,2.10,11.60,19.10,0.00,0.00,442.30,0,0
24.032499,8.3330,368.50,4.60,1.30,1.30,1.70,15.10,17.80,0.00,0.00,415.50,0,0
24.032499,8.3330,380.30,3.90,1.90,1.10,1.70,10.30,23.50,0.00,0.00,429.40,0,0
24.032499,8.3330,347.70,5.10,1.50,0.70,1.40,9.20,11.50,0.00,0.00,382.10,0,0
24.032499,8.3330,226.00,1.20,0.40,0.60,1.00,16.50,15.00,0.00,0.00,264.30,0,0
24.032499,8.3330,402.40,7.10,1.20,1.60,1.40,13.30,19.70,0.00,0.00,453.50,0,0
24.032499,8.3330,796.40,3.70,1.80,0.90,2.10,10.70,40.20,0.00,0.00,863.30,0,0
24.032499,8.3330,255.30,1.40,0.50,0.70,1.20,9.60,21.40,0.00,0.00,296.20,0,0
24.032499,8.3330,399.70,3.30,1.40,1.10,2.30,14.10,20.40,0.00,0.00,452.90,0,0
24.174528,8.3330,378.90,2.60,1.20,0.80,1.60,14.20,16.50,0.00,0.00,421.10,0,0
24.174528,8.3330,498.80,2.50,3.30,0.80,4.10,14.90,28.80,0.00,0.00,565.70,0,0
24.174528,8.3330,456.00,5.60,3.60,0.90,1.20,156.40,21.60,0.00,0.00,650.20,0,0
24.174528,8.3330,514.60,2.80,2.20,0.90,1.50,15.80,21.10,0.00,0.00,566.60,0,0
24.174528,8.3330,402.30,5.30,1.10,2.80,1.50,11.90,15.20,0.00,0.00,448.90,0,0
24.174528,8.3330,407.30,2.10,0.90,0.80,3.00,8.90,22.80,0.00,0.00,454.80,0,0
24.174528,8.3330,486.10,2.60,1.10,0.90,1.30,9.40,26.60,0.00,0.00,532.80,0,0
24.174528,8.3330,441.50,2.90,3.50,0.80,1.30,22.20,20.10,0.00,0.00,496.30,0,0
24.174528,8.3330,422.40,2.30,1.10,0.80,1.40,19.60,21.80,0.00,0.00,474.90,0,0
24.174528,8.3330,426.90,2.20,1.10,0.90,1.20,9.40,15.10,0.00,0.00,461.70,0,0
24.174528,8.3330,512.90,1.90,3.60,1.00,1.20,13.10,14.50,0.00,0.00,552.10,0,0
24.174528,8.3330,381.80,1.80,1.20,0.70,0.90,8.70,14.00,0.00,0.00,413.00,0,0
24.300041,8.3330,282.00,3.50,1.30,1.00,1.10,9.90,21.50,0.00,0.00,325.10,0,0
24.300041,8.3330,449.50,6.30,2.70,1.10,1.60,10.60,14.00,0.00,0.00,491.40,0,0
24.300041,8.3330,645.50,3.20,1.50,0.80,1.60,15.00,23.90,0.00,0.00,697.40,0,0
24.300041,8.3330,250.30,1.10,0.30,0.60,2.20,8.30,14.40,0.00,0.00,281.00,0,0
24.300041,8.3330,215.90,3.30,0.50,1.60,1.70,6.70,9.10,0.00,0.00,246.20,0,0
24.300041,8.3330,206.50,1.10,0.30,0.50,0.70,8.90,16.30,0.00,0.00,239.50,0,0
24.300041,8.3330,199.20,2.10,1.20,1.30,0.60,7.00,8.40,0.00,0.00,225.00,0,0
24.300041,8.3330,304.50,1.40,0.80,0.60,1.20,6.70,11.40,0.00,0.00,330.50,0,0
24.300041,8.3330,199.20,0.60,0.30,0.60,1.50,5.90,10.60,0.00,0.00,223.80,0,0
24.300041,8.3330,249.40,3.10,3.20,1.70,0.80,7.20,10.40,0.00,0.00,282.30,0,0
24.300041,8.3330,195.70,1.30,0.90,0.70,0.60,10.20,9.40,0.00,0.00,222.30,0,0
24.300041,8.3330,253.80,1.40,0.80,0.60,2.20,7.10,17.20,0.00,0.00,286.50,0,0
24.435251,8.3330,420.70,4.80,2.40,1.20,2.00,24.40,21.70,0.00,0.00,484.60,0,0
24.435251,8.3330,348.50,2.70,0.90,1.20,2.00,10.40,17.20,0.00,0.00,389.20,0,0
24.435251,8.3330,365.80,2.80,0.90,1.20,1.50,11.60,18.10,0.00,0.00,407.00,0,0
24.435251,8.3330,365.20,4.00,1.30,1.20,1.30,13.30,22.60,0.00,0.00,414.90,0,0
24.435251,8.3330,549.30,4.10,1.70,1.90,2.60,12.10,18.60,0.00,0.00,599.60,0,0
24.435251,8.3330,345.90,2.40,1.00,0.90,2.00,11.40,18.10,0.00,0.00,387.50,0,0
24.435251,8.3330,343.00,3.00,1.20,1.00,2.10,11.40,17.40,0.00,0.00,385.40,0,0
24.435251,8.3330,583.90,3.80,2.10,1.30,1.50,13.50,22.80,0.00,0.00,635.70,0,0
24.435251,8.3330,382.10,11.10,1.30,1.10,1.70,10.40,99.00,0.00,0.00,512.70,0,0
24.435251,8.3330,376.10,5.90,3.00,1.70,2.10,19.30,28.60,0.00,0.00,447.00,0,0
24.435251,8.3330,410.40,13.00,2.00,1.00,2.30,11.10,17.00,0.00,0.00,464.90,0,0
24.435251,8.3330,473.50,4.90,1.40,1.10,1.40,11.10,21.80,0.00,0.00,521.30,0,0
24.552885,8.3330,613.90,3.50,1.50,3.80,1.40,11.70,17.70,0.00,0.00,659.60,0,0
24.552885,8.3330,365.30,5.60,1.00,0.90,1.20,8.70,14.70,0.00,0.00,406.40,0,0
24.552885,8.3330,429.20,2.10,1.30,0.80,1.70,12.10,21.60,0.00,0.00,474.60,0,0
24.552885,8.3330,413.80,2.10,0.90,1.00,1.50,13.10,20.10,0.00,0.00,458.00,0,0
24.552885,8.3330,353.30,1.50,1.00,1.40,1.20,18.10,15.60,0.00,0.00,396.30,0,0
24.552885,8.3330,358.30,1.20,0.60,0.70,1.00,18.90,15.20,0.00,0.00,399.30,0,0
24.552885,8.3330,349.50,1.50,0.80,0.80,1.00,12.20,14.50,0.00,0.00,384.20,0,0
24.552885,8.3330,366.80,2.10,0.90,0.80,1.20,8.20,26.50,0.00,0.00,410.00,0,0
24.552885,8.3330,347.90,5.00,2.50,1.70,1.10,14.10,22.30,0.00,0.00,403.30,0,0
24.552885,8.3330,392.00,4.50,0.80,1.90,1.00,20.40,13.50,0.00,0.00,441.30,0,0
24.552885,8.3330,389.20,2.50,1.30,10.70,1.20,10.10,15.60,0.00,0.00,434.90,0,0
24.552885,8.3330,407.90,6.50,1.20,2.40,3.00,13.00,15.60,0.00,0.00,459.80,0,0
24.688311,8.3330,609.30,3.90,1.30,1.20,1.90,12.00,72.10,0.00,0.00,707.40,0,0
24.688311,8.3330,413.50,2.40,1.60,1.20,1.90,10.50,24.20,0.00,0.00,464.80,0,0
24.688311,8.3330,475.90,3.60,1.40,0.90,2.50,11.50,18.70,0.00,0.00,519.60,0,0
24.688311,8.3330,384.00,2.50,1.30,1.00,1.00,10.70,16.80,0.00,0.00,421.80,0,0
24.688311,8.3330,344.50,1.80,0.80,0.90,1.40,20.20,15.90,0.00,0.00,389.60,0,0
24.688311,8.3330,353.20,2.30,1.00,0.80,1.40,11.10,27.20,0.00,0.00,402.40,0,0
24.688311,8.3330,366.70,2.20,1.00,1.20,1.60,13.20,16.80,0.00,0.00,408.20,0,0
24.688311,8.3330,402.20,2.10,1.10,1.00,1.80,10.90,16.90,0.00,0.00,441.10,0,0
24.688311,8.3330,562.60,4.40,1.50,1.50,1.60,12.80,21.40,0.00,0.00,612.80,0,0
24.688311,8.3330,401.10,2.90,1.30,1.30,5.50,12.50,267.20,0.00,0.00,707.50,0,0
24.688311,8.3330,400.10,2.90,1.30,1.10,1.60,13.10,25.80,0.00,0.00,451.90,0,0
24.688311,8.3330,594.50,7.50,3.50,2.40,3.00,23.60,29.10,0.00,0.00,674.50,0,0
25.088312,8.3330,696.40,10.60,6.00,2.80,4.00,27.40,48.30,0.00,0.00,811.90,0,0
25.088312,8.3330,958.30,8.30,3.10,2.60,6.10,16.90,28.50,0.00,0.00,1038.80,0,0
25.088312,8.3330,494.90,4.10,1.40,1.30,2.40,13.90,22.70,0.00,0.00,548.60,0,0
25.088312,8.3330,1353.50,4.60,2.10,1.10,1.80,18.50,23.70,0.00,0.00,1411.10,0,0
25.088312,8.3330,428.60,1.80,0.70,0.90,1.60,12.20,17.70,0.00,0.00,468.40,0,0
25.088312,8.3330,1011.80,17.00,3.20,3.20,7.10,31.50,53.50,0.00,0.00,1152.30,0,0
25.088312,8.3330,434.90,1.90,0.70,0.90,1.60,18.90,19.50,0.00,0.00,483.80,0,0
25.088312,8.3330,361.60,1.90,1.10,1.00,1.70,10.40,16.20,0.00,0.00,398.90,0,0
25.088312,8.3330,4015.90,6.20,2.30,1.50,1.20,14.40,24.40,0.00,0.00,4073.00,0,0
25.088312,8.3330,369.00,1.60,0.70,0.90,1.70,15.30,16.20,0.00,0.00,410.40,0,0
25.088312,8.3330,344.30,2.50,1.00,0.80,1.40,13.10,17.00,0.00,0.00,384.70,0,0
25.088312,8.3330,351.90,143.70,1.50,1.60,1.50,12.10,20.10,0.00,0.00,538.60,0,0
25.488312,8.3330,429.20,3.40,1.10,1.10,1.80,13.20,21.10,0.00,0.00,476.90,0,0
25.488312,8.3330,410.40,2.90,1.10,1.00,2.10,15.40,20.00,0.00,0.00,458.60,0,0
25.488312,8.3330,451.80,3.50,4.10,1.20,1.70,16.00,33.90,0.00,0.00,2766.80,0,0
25.488312,8.3330,454.00,2.80,1.20,1.10,1.70,15.40,19.70,0.00,0.00,501.70,0,0
25.488312,8.3330,1572.20,6.90,3.30,2.10,5.30,18.20,30.80,0.00,0.00,1657.70,0,0
25.488312,8.3330,410.80,3.10,1.10,1.00,1.80,12.60,19.40,0.00,0.00,455.90,0,0
25.488312,8.3330,417.30,3.00,1.20,1.20,1.40,12.60,18.70,0.00,0.00,460.40,0,0
25.488312,8.3330,429.90,2.30,1.00,1.30,1.60,15.30,19.10,0.00,0.00,475.90,0,0
25.488312,8.3330,426.00,3.10,3.20,1.00,1.50,16.70,190.40,0.00,0.00,678.80,0,0
25.488312,8.3330,409.50,2.40,0.90,1.10,1.90,15.00,19.60,0.00,0.00,455.10,0,0
25.488312,8.3330,1829.60,6.30,3.00,1.80,1.30,15.60,27.80,0.00,0.00,1892.00,0,0
25.488312,8.3330,639.30,12.80,6.60,3.10,1.90,28.30,44.50,0.00,0.00,750.20,0,0
25.833761,8.3330,813.00,7.00,2.70,1.80,2.90,20.20,43.40,0.00,0.00,929.70,0,0
25.833761,8.3330,758.90,6.60,3.20,1.70,6.50,41.70,32.70,0.00,0.00,870.80,0,0
25.833761,8.3330,666.10,4.40,2.10,1.60,2.60,22.40,31.60,0.00,0.00,740.10,0,0
25.833761,8.3330,937.10,5.80,2.60,1.90,2.40,17.70,29.70,0.00,0.00,1005.80,0,0
25.833761,8.3330,620.60,4.00,2.50,1.40,2.10,18.00,29.00,0.00,0.00,685.60,0,0
25.833761,8.3330,903.00,5.40,3.10,2.00,2.30,27.30,35.10,0.00,0.00,986.30,0,0
25.833761,8.3330,550.60,3.70,1.70,1.40,2.30,17.50,26.10,0.00,0.00,620.40,0,0
25.833761,8.3330,636.50,4.10,2.00,1.50,2.80,17.40,28.20,0.00,0.00,700.30,0,0
25.833761,8.3330,574.10,4.30,1.80,1.60,2.00,20.30,27.50,0.00,0.00,639.10,0,0
25.833761,8.3330,939.60,7.70,3.60,2.00,2.70,21.40,33.60,0.00,0.00,1020.00,0,0
25.833761,8.3330,546.40,4.50,2.00,1.30,1.90,16.40,31.50,0.00,0.00,611.70,0,0
25.833761,8.3330,540.70,4.00,1.90,1.50,2.10,13.40,22.80,0.00,0.00,593.60,0,0
25.953514,8.3330,672.60,5.50,3.30,2.00,2.60,22.20,40.10,0.00,0.00,757.50,0,0
25.953514,8.3330,777.10,14.30,7.00,4.60,3.10,33.40,41.20,0.00,0.00,898.10,0,0
25.953514,8.3330,641.80,12.50,6.10,3.50,2.90,32.30,44.80,0.00,0.00,759.30,0,0
25.953514,8.3330,705.70,6.20,2.40,2.00,6.30,18.30,32.50,0.00,0.00,791.40,0,0
25.953514,8.3330,959.00,7.70,3.50,1.80,8.40,23.60,36.10,0.00,0.00,1061.30,0,0
25.953514,8.3330,1231.30,34.50,27.20,11.70,4.10,82.20,152.10,0.00,0.00,1621.50,0,0
25.953514,8.3330,1416.00,9.80,5.00,2.30,4.90,27.10,71.40,0.00,0.00,1554.10,0,0
25.953514,8.3330,589.40,11.10,2.90,1.90,2.90,24.20,33.40,0.00,0.00,677.00,0,0
25.953514,8.3330,660.80,5.60,2.30,1.90,2.80,23.40,30.30,0.00,0.00,735.70,0,0
25.953514,8.3330,622.10,6.30,2.50,1.90,2.30,19.50,34.40,0.00,0.00,698.50,0,0
25.953514,8.3330,653.80,7.00,4.20,2.30,3.60,22.70,46.30,0.00,0.00,753.80,0,0
25.953514,8.3330,866.70,5.70,2.70,2.30,2.90,21.80,33.60,0.00,0.00,945.20,0,0
26.089151,8.3330,752.10,4.80,2.30,1.70,3.80,17.60,25.90,0.00,0.00,826.10,0,0
26.089151,8.3330,686.20,5.90,3.60,1.70,2.40,19.70,36.30,0.00,0.00,764.50,0,0
26.089151,8.3330,706.50,6.60,3.80,2.20,2.40,26.60,35.00,0.00,0.00,793.70,0,0
26.089151,8.3330,968.90,8.60,3.50,3.20,2.90,23.00,34.80,0.00,0.00,1056.80,0,0
26.089151,8.3330,2960.20,10.10,4.80,2.90,3.50,25.50,40.00,0.00,0.00,3060.40,0,0
26.089151,8.3330,704.10,4.90,2.40,1.70,2.40,24.80,33.60,0.00,0.00,782.60,0,0
26.089151,8.3330,694.00,8.90,4.40,2.40,2.10,33.50,53.40,0.00,0.00,811.90,0,0
26.089151,8.3330,677.10,4.30,2.50,2.10,2.70,19.50,31.20,0.00,0.00,748.70,0,0
26.089151,8.3330,747.40,6.80,6.50,2.10,4.00,26.00,38.10,0.00,0.00,845.80,0,0
26.089151,8.3330,1108.30,7.50,4.10,2.00,5.70,22.10,37.20,0.00,0.00,1206.80,0,0
26.089151,8.3330,2860.90,45.70,23.50,11.40,12.90,82.10,231.90,0.00,0.00,3331.40,0,0
26.089151,8.3330,678.90,6.70,2.10,2.20,4.60,23.70,33.70,0.00,0.00,763.70,0,0
26.237822,8.3330,1031.60,15.10,2.60,2.90,4.00,19.80,44.80,0.00,0.00,1130.10,0,0
26.237822,8.3330,782.00,5.30,2.40,1.70,2.30,27.00,35.90,0.00,0.00,865.30,0,0
26.237822,8.3330,700.60,13.60,2.40,6.30,3.20,22.60,33.70,0.00,0.00,791.40,0,0
26.237822,8.3330,651.20,3.50,1.50,2.80,2.10,27.70,33.20,0.00,0.00,732.60,0,0
26.237822,8.3330,818.90,7.30,4.20,2.20,3.20,21.00,33.70,0.00,0.00,902.10,0,0
26.237822,8.3330,660.60,4.70,2.50,1.70,3.00,19.70,30.00,0.00,0.00,731.70,0,0
26.237822,8.3330,631.50,3.60,2.20,1.20,2.00,18.80,31.20,0.00,0.00,697.80,0,0
26.237822,8.3330,697.70,5.90,3.60,2.40,2.40,23.90,82.30,0.00,0.00,827.90,0,0
26.237822,8.3330,759.60,7.60,3.80,1.80,10.60,33.50,48.20,0.00,0.00,895.00,0,0
26.237822,8.3330,691.80,4.80,1.70,1.90,2.70,18.40,28.40,0.00,0.00,758.30,0,0
26.237822,8.3330,589.20,2.50,1.20,1.60,1.90,21.40,26.10,0.00,0.00,650.50,0,0
26.237822,8.3330,874.60,7.10,2.90,1.80,2.70,23.50,31.90,0.00,0.00,954.90,0,0
26.402422,8.3330,814.90,16.40,3.10,2.10,4.00,29.50,107.00,0.00,0.00,990.70,0,0
26.402422,8.3330,963.60,7.50,6.00,2.10,3.10,21.40,37.30,0.00,0.00,1052.70,0,0
26.402422,8.3330,771.70,6.50,3.40,2.80,3.90,20.40,32.70,0.00,0.00,856.50,0,0
26.402422,8.3330,777.50,6.50,2.20,1.90,4.90,30.40,39.90,0.00,0.00,876.00,0,0
26.402422,8.3330,694.50,5.60,4.60,2.50,2.50,19.10,33.20,0.00,0.00,773.50,0,0
26.402422,8.3330,815.90,6.40,2.70,3.30,2.70,24.60,38.30,0.00,0.00,907.10,0,0
26.402422,8.3330,1400.40,7.50,3.60,2.30,2.70,26.10,41.20,0.00,0.00,1494.80,0,0
26.402422,8.3330,1069.00,6.50,2.80,2.00,5.60,26.80,42.00,0.00,0.00,1183.50,0,0
26.402422,8.3330,743.30,5.40,5.50,2.10,4.80,28.90,38.20,0.00,0.00,844.50,0,0
26.402422,8.3330,601.80,7.20,4.10,1.80,2.50,37.80,38.30,0.00,0.00,704.90,0,0
26.402422,8.3330,759.30,8.00,3.70,2.30,2.80,24.20,41.50,0.00,0.00,855.00,0,0
26.402422,8.3330,809.00,6.40,3.00,1.80,3.40,21.30,36.60,0.00,0.00,893.50,0,0
26.565378,8.3330,731.70,6.30,2.90,1.70,3.30,21.90,42.10,0.00,0.00,820.40,0,0
26.565378,8.3330,756.30,7.80,4.50,2.20,4.10,23.90,47.60,0.00,0.00,859.60,0,0
26.565378,8.3330,695.90,5.20,2.70,1.70,2.90,31.10,34.70,0.00,0.00,785.30,0,0
26.565378,8.3330,680.20,5.40,2.30,1.60,2.40,22.30,30.20,0.00,0.00,763.80,0,0
26.565378,8.3330,3041.80,8.90,4.50,2.40,2.90,24.90,40.30,0.00,0.00,3139.20,0,0
26.565378,8.3330,1130.90,9.60,4.60,2.30,10.00,25.20,55.50,0.00,0.00,1262.70,0,0
26.565378,8.3330,681.60,5.10,2.60,1.60,3.00,19.90,33.60,0.00,0.00,758.50,0,0
26.565378,8.3330,752.90,6.10,2.80,2.10,3.00,29.80,36.50,0.00,0.00,843.40,0,0
26.565378,8.3330,873.80,9.60,4.80,2.30,2.50,30.00,46.50,0.00,0.00,983.10,0,0
26.565378,8.3330,818.30,6.20,5.00,2.70,4.10,29.90,40.40,0.00,0.00,927.70,0,0
26.565378,8.3330,695.70,3.80,1.80,1.40,2.30,26.50,33.00,0.00,0.00,778.60,0,0
26.565378,8.3330,884.30,5.00,3.70,1.50,2.00,32.80,33.80,0.00,0.00,975.60,0,0
26.724119,8.3330,653.30,14.50,3.10,2.00,3.00,23.00,30.40,0.00,0.00,740.40,0,0
26.724119,8.3330,663.60,8.00,3.40,2.00,3.50,26.90,39.00,0.00,0.00,759.90,0,0
26.724119,8.3330,924.20,13.10,4.90,2.70,5.80,39.70,81.00,0.00,0.00,1097.50,0,0
26.724119,8.3330,760.00,6.50,2.30,1.70,2.70,23.70,32.90,0.00,0.00,839.20,0,0
26.724119,8.3330,705.30,135.80,5.00,2.80,2.60,20.20,37.40,0.00,0.00,1073.50,0,0
26.724119,8.3330,708.00,6.60,3.00,1.80,3.20,25.00,34.50,0.00,0.00,791.90,0,0
26.724119,8.3330,768.20,11.40,3.90,2.70,3.00,30.60,60.30,0.00,0.00,895.40,0,0
26.724119,8.3330,839.90,16.70,13.10,3.10,3.00,72.60,58.90,0.00,0.00,1031.00,0,0
26.724119,8.3330,680.10,15.10,7.00,4.60,2.80,58.60,111.10,0.00,0.00,899.60,0,0
26.724119,8.3330,2406.00,8.80,4.30,2.70,5.80,24.10,42.70,0.00,0.00,2509.90,0,0
26.724119,8.3330,1433.60,9.10,4.00,2.40,2.80,23.70,44.50,0.00,0.00,1532.80,0,0
26.724119,8.3330,1167.40,20.70,5.40,2.20,3.50,31.80,78.20,0.00,0.00,1325.10,0,0
26.869017,8.3330,719.20,5.20,2.70,1.70,3.90,26.90,32.50,0.00,0.00,802.60,0,0
26.869017,8.3330,1372.00,12.60,6.30,2.70,3.60,47.40,36.20,0.00,0.00,1496.70,0,0
26.869017,8.3330,2083.10,8.60,4.40,2.60,2.80,57.10,46.00,0.00,0.00,2216.70,0,0
26.869017,8.3330,1069.30,18.00,10.80,5.70,2.60,72.90,57.70,0.00,0.00,1259.80,0,0
26.869017,8.3330,798.40,4.00,2.50,2.00,2.10,40.70,35.60,0.00,0.00,895.70,0,0
26.869017,8.3330,676.70,2.70,1.50,1.80,1.30,16.70,29.50,0.00,0.00,736.60,0,0
26.869017,8.3330,727.60,6.40,3.50,2.00,2.90,20.90,35.70,0.00,0.00,813.40,0,0
26.869017,8.3330,803.80,6.30,4.00,2.60,2.10,28.70,44.50,0.00,0.00,905.30,0,0
26.869017,8.3330,983.10,24.00,12.20,8.10,4.80,52.30,45.50,0.00,0.00,1162.90,0,0
26.869017,8.3330,1451.90,42.70,28.50,8.90,5.50,80.50,197.80,0.00,0.00,1860.20,0,0
26.869017,8.3330,2400.10,9.90,5.00,2.50,3.90,25.00,53.50,0.00,0.00,2534.40,0,0
26.869017,8.3330,721.90,5.80,2.60,1.70,1.90,21.70,38.20,0.00,0.00,804.80,0,0
27.034737,8.3330,708.00,5.50,2.70,2.10,3.10,32.70,36.70,0.00,0.00,801.50,0,0
27.034737,8.3330,708.40,7.60,3.70,1.60,2.50,394.10,73.20,0.00,0.00,1202.70,0,0
27.034737,8.3330,755.00,6.30,7.30,2.10,2.40,48.60,194.10,0.00,0.00,1031.20,0,0
27.034737,8.3330,779.70,9.00,2.50,1.80,2.70,54.30,59.40,0.00,0.00,921.20,0,0
27.034737,8.3330,1008.50,8.40,4.00,2.40,3.80,104.40,63.40,0.00,0.00,1212.40,0,0
27.034737,8.3330,719.20,6.70,1.70,1.70,2.70,59.40,60.00,0.00,0.00,862.00,0,0
27.034737,8.3330,715.10,6.90,3.90,2.40,2.30,46.30,64.80,0.00,0.00,851.20,0,0
27.034737,8.3330,686.90,4.90,2.20,1.80,2.40,40.70,80.40,0.00,0.00,828.60,0,0
27.034737,8.3330,1084.00,8.10,3.60,2.30,3.10,59.40,91.70,0.00,0.00,1263.60,0,0
27.034737,8.3330,707.30,6.40,1.90,2.00,2.80,43.40,74.60,0.00,0.00,853.70,0,0
27.034737,8.3330,700.20,7.20,3.50,2.00,2.40,55.90,75.40,0.00,0.00,856.70,0,0
27.034737,8.3330,762.50,7.80,3.80,2.40,3.30,49.40,70.80,0.00,0.00,911.20,0,0
27.199987,8.3330,1715.90,34.00,20.40,9.30,6.40,320.00,260.20,0.00,0.00,2412.80,0,0
27.199987,8.3330,914.40,9.10,5.40,4.10,3.50,55.60,78.30,0.00,0.00,1089.70,0,0
27.199987,8.3330,905.70,7.40,3.10,2.50,3.10,51.10,71.70,0.00,0.00,1056.40,0,0
27.199987,8.3330,653.20,5.70,2.50,1.40,2.40,47.20,65.80,0.00,0.00,787.80,0,0
27.199987,8.3330,675.40,8.90,5.80,2.30,3.00,53.20,83.70,0.00,0.00,844.80,0,0
27.199987,8.3330,678.70,5.20,3.00,2.00,4.90,46.10,92.20,0.00,0.00,844.90,0,0
27.199987,8.3330,958.20,6.90,7.00,1.80,2.70,59.50,80.20,0.00,0.00,1126.80,0,0
27.199987,8.3330,832.80,5.40,2.70,1.50,2.70,44.90,64.80,0.00,0.00,964.90,0,0
27.199987,8.3330,852.10,10.30,3.90,2.50,3.40,46.40,68.10,0.00,0.00,996.80,0,0
27.199987,8.3330,668.50,11.20,2.50,2.60,2.70,54.30,68.80,0.00,0.00,822.90,0,0
27.199987,8.3330,1237.10,17.60,3.30,2.70,2.70,46.50,71.20,0.00,0.00,1395.00,0,0
27.199987,8.3330,766.60,9.80,2.80,2.20,7.90,58.90,65.00,0.00,0.00,928.00,0,0
27.427748,8.3330,648.70,4.10,1.80,1.40,2.60,40.10,47.50,0.00,0.00,754.40,0,0
27.427748,8.3330,646.00,2.80,1.30,1.30,2.20,44.30,50.90,0.00,0.00,754.90,0,0
27.427748,8.3330,731.90,3.00,1.70,1.30,1.90,44.90,52.10,0.00,0.00,842.80,0,0
27.427748,8.3330,1127.30,5.10,2.80,1.40,1.70,40.20,63.40,0.00,0.00,1248.60,0,0
27.427748,8.3330,586.20,3.70,1.90,1.40,2.70,39.00,94.90,0.00,0.00,737.50,0,0
27.427748,8.3330,761.70,4.90,2.10,1.60,2.90,37.00,57.80,0.00,0.00,878.10,0,0
27.427748,8.3330,668.20,3.90,1.90,1.40,2.10,42.60,54.40,0.00,0.00,780.90,0,0
27.427748,8.3330,629.30,3.40,1.70,1.40,1.80,43.00,53.80,0.00,0.00,741.00,0,0
27.427748,8.3330,675.10,4.10,1.90,1.40,1.80,35.80,48.10,0.00,0.00,775.00,0,0
27.427748,8.3330,547.70,2.50,1.30,1.10,1.60,33.30,42.60,0.00,0.00,634.80,0,0
27.427748,8.3330,661.90,2.90,1.50,1.20,1.70,34.70,44.80,0.00,0.00,753.80,0,0
27.427748,8.3330,550.00,3.80,1.90,1.40,2.00,40.00,51.70,0.00,0.00,658.40,0,0
27.559633,8.3330,632.10,5.40,2.70,1.50,3.70,52.30,54.70,0.00,0.00,762.40,0,0
27.559633,8.3330,765.60,10.30,4.30,2.40,2.70,48.70,64.70,0.00,0.00,912.80,0,0
27.559633,8.3330,589.00,5.20,3.00,1.90,4.60,46.90,57.90,0.00,0.00,722.20,0,0
27.559633,8.3330,1027.90,12.30,4.60,3.20,7.80,50.80,72.40,0.00,0.00,1199.30,0,0
27.559633,8.3330,747.90,6.90,4.20,2.60,7.00,84.70,79.50,0.00,0.00,950.50,0,0
27.559633,8.3330,683.30,6.80,3.60,1.80,3.00,52.70,68.00,0.00,0.00,831.50,0,0
27.559633,8.3330,608.90,4.90,1.90,1.90,2.10,46.10,56.10,0.00,0.00,730.00,0,0
27.559633,8.3330,672.50,3.90,1.90,1.50,2.30,43.80,49.40,0.00,0.00,784.10,0,0
27.559633,8.3330,851.10,6.60,2.30,1.70,3.70,43.80,105.90,0.00,0.00,1087.10,0,0
27.559633,8.3330,740.90,10.40,4.00,1.40,2.60,43.90,58.30,0.00,0.00,871.70,0,0
27.559633,8.3330,730.50,4.50,2.50,1.50,2.00,38.90,53.90,0.00,0.00,840.30,0,0
27.559633,8.3330,621.60,3.70,2.20,1.40,2.20,38.60,59.60,0.00,0.00,736.00,0,0
27.694569,8.3330,891.00,7.40,3.30,1.80,3.20,39.40,56.40,0.00,0.00,1013.90,0,0
27.694569,8.3330,732.40,7.60,3.90,1.90,3.60,61.40,64.70,0.00,0.00,887.20,0,0
27.694569,8.3330,2214.70,8.80,3.70,2.00,3.90,68.50,70.30,0.00,0.00,2385.60,0,0
27.694569,8.3330,1132.50,7.00,3.20,2.00,22.20,50.60,61.80,0.00,0.00,1290.60,0,0
27.694569,8.3330,938.80,5.50,2.30,2.00,2.30,38.90,61.20,0.00,0.00,1060.00,0,0
27.694569,8.3330,912.50,5.90,2.80,2.00,4.40,41.40,60.00,0.00,0.00,1042.50,0,0
27.694569,8.3330,722.30,7.30,4.10,2.30,3.90,41.50,63.60,0.00,0.00,857.10,0,0
27.694569,8.3330,949.80,7.60,4.70,2.00,3.50,40.00,66.80,0.00,0.00,1086.70,0,0
27.694569,8.3330,867.10,9.30,3.90,2.20,3.20,58.40,67.50,0.00,0.00,1024.50,0,0
27.694569,8.3330,802.80,7.90,5.00,2.30,5.30,66.60,69.80,0.00,0.00,978.10,0,0
27.694569,8.3330,731.40,6.00,2.80,1.80,3.60,56.30,60.50,0.00,0.00,873.30,0,0
27.694569,8.3330,840.40,8.30,3.40,2.20,2.90,41.60,57.10,0.00,0.00,967.10,0,0
27.884859,8.3330,860.40,5.60,8.40,1.70,3.10,61.60,64.10,0.00,0.00,1015.70,0,0
27.884859,8.3330,819.80,14.50,2.20,3.20,3.50,62.90,62.20,0.00,0.00,978.80,0,0
27.884859,8.3330,884.90,9.80,3.80,1.60,2.60,75.70,68.50,0.00,0.00,1056.70,0,0
27.884859,8.3330,782.40,3.70,1.70,1.60,2.30,53.20,50.20,0.00,0.00,902.60,0,0
27.884859,8.3330,643.30,3.40,2.30,1.50,5.20,49.00,48.50,0.00,0.00,762.90,0,0
27.884859,8.3330,666.00,5.00,15.80,1.50,2.50,47.40,55.90,0.00,0.00,802.10,0,0
27.884859,8.3330,787.90,4.40,4.00,1.40,4.10,83.40,81.90,0.00,0.00,982.40,0,0
27.884859,8.3330,664.00,4.30,2.60,1.60,6.70,49.20,49.50,0.00,0.00,789.70,0,0
27.884859,8.3330,653.40,3.50,1.70,1.50,2.70,47.50,58.40,0.00,0.00,776.70,0,0
27.884859,8.3330,688.60,4.40,2.40,1.80,2.30,55.60,59.50,0.00,0.00,822.00,0,0
27.884859,8.3330,916.50,8.60,4.20,2.00,3.10,61.30,73.10,0.00,0.00,1082.10,0,0
27.884859,8.3330,814.60,7.60,3.40,2.00,4.70,60.30,70.80,0.00,0.00,976.10,0,0
28.011059,8.3330,934.20,9.70,4.20,3.50,2.90,42.20,68.10,0.00,0.00,1076.10,0,0
28.011059,8.3330,546.90,3.10,1.20,1.50,1.90,44.50,45.10,0.00,0.00,653.20,0,0
28.011059,8.3330,734.00,6.40,2.20,2.20,2.40,38.60,45.80,0.00,0.00,840.40,0,0
28.011059,8.3330,745.40,6.80,2.50,1.90,3.00,55.50,57.00,0.00,0.00,880.10,0,0
28.011059,8.3330,797.30,7.10,3.40,1.70,10.60,44.30,57.30,0.00,0.00,931.70,0,0
28.011059,8.3330,621.40,6.30,3.60,1.70,3.90,75.80,101.20,0.00,0.00,826.80,0,0
28.011059,8.3330,752.20,7.50,4.90,2.60,4.10,56.60,68.20,0.00,0.00,909.90,0,0
28.011059,8.3330,913.50,9.30,3.90,2.00,7.40,53.50,79.50,0.00,0.00,1091.20,0,0
28.011059,8.3330,748.70,5.80,3.40,1.60,2.80,49.10,69.60,0.00,0.00,937.60,0,0
28.011059,8.3330,1183.30,7.90,3.80,2.20,3.10,51.80,58.60,0.00,0.00,1322.90,0,0
28.011059,8.3330,780.20,7.70,2.80,2.20,6.10,58.50,74.40,0.00,0.00,948.50,0,0
28.011059,8.3330,1363.40,8.70,3.70,2.10,5.90,64.20,66.10,0.00,0.00,1533.60,0,0
28.208961,8.3330,813.70,5.90,2.90,1.30,3.50,48.20,55.40,0.00,0.00,940.50,0,0
28.208961,8.3330,1294.20,6.60,3.30,1.90,3.10,61.00,70.50,0.00,0.00,1450.60,0,0
28.208961,8.3330,810.30,11.70,2.80,1.90,3.30,59.40,60.30,0.00,0.00,959.70,0,0
28.208961,8.3330,1118.40,6.70,3.50,1.80,3.00,68.60,70.70,0.00,0.00,1282.20,0,0
28.208961,8.3330,736.00,4.50,3.40,1.50,2.60,50.60,57.50,0.00,0.00,865.80,0,0
28.208961,8.3330,630.40,9.60,1.80,1.80,2.30,43.10,69.20,0.00,0.00,767.90,0,0
28.208961,8.3330,715.70,6.00,3.50,2.50,3.00,45.00,57.50,0.00,0.00,842.60,0,0
28.208961,8.3330,845.40,8.40,3.70,2.10,3.40,46.60,63.70,0.00,0.00,985.80,0,0
28.208961,8.3330,705.60,5.20,3.10,1.70,3.20,55.90,89.10,0.00,0.00,876.20,0,0
28.208961,8.3330,849.80,8.60,4.40,2.70,4.10,63.00,73.50,0.00,0.00,1020.80,0,0
28.208961,8.3330,925.30,6.90,3.30,1.90,3.80,69.40,73.70,0.00,0.00,1097.90,0,0
28.208961,8.3330,1161.00,8.30,4.00,1.80,3.30,57.00,64.00,0.00,0.00,1311.80,0,0
28.377790,8.3330,750.60,6.00,3.70,2.30,3.70,49.70,56.30,0.00,0.00,884.40,0,0
28.377790,8.3330,944.80,11.50,3.30,3.90,3.40,54.90,62.90,0.00,0.00,1097.60,0,0
28.377790,8.3330,873.50,8.10,3.10,2.80,4.20,52.60,63.80,0.00,0.00,1019.10,0,0
28.377790,8.3330,945.10,4.70,2.10,1.40,2.30,91.70,55.40,0.00,0.00,1110.10,0,0
28.377790,8.3330,988.90,6.60,8.20,1.80,2.80,59.60,63.30,0.00,0.00,1143.80,0,0
28.377790,8.3330,648.20,7.60,3.70,2.80,2.80,66.80,50.30,0.00,0.00,791.40,0,0
28.377790,8.3330,1180.00,9.30,4.20,2.50,5.80,71.20,62.50,0.00,0.00,1413.80,0,0
28.377790,8.3330,754.00,4.90,2.90,3.40,2.80,60.20,58.30,0.00,0.00,897.30,0,0
28.377790,8.3330,717.10,4.70,2.30,1.80,2.80,211.50,80.20,0.00,0.00,1031.20,0,0
28.377790,8.3330,1110.60,10.10,4.60,2.80,3.90,70.60,72.30,0.00,0.00,1288.70,0,0
28.377790,8.3330,1259.00,10.00,4.30,2.40,6.40,54.80,71.30,0.00,0.00,1425.50,0,0
28.377790,8.3330,1573.50,12.10,6.10,3.10,5.60,57.10,73.20,0.00,0.00,1754.00,0,0
28.539217,8.3330,717.20,6.00,2.70,2.10,3.80,54.90,77.60,0.00,0.00,875.20,0,0
28.539217,8.3330,733.10,8.40,3.60,2.60,2.60,58.90,88.30,0.00,0.00,911.40,0,0
28.539217,8.3330,683.80,4.60,2.80,2.10,8.10,52.00,116.80,0.00,0.00,880.40,0,0
28.539217,8.3330,649.60,6.70,2.70,1.60,3.70,104.50,79.70,0.00,0.00,860.60,0,0
28.539217,8.3330,870.90,28.70,13.20,6.10,5.00,94.40,90.80,0.00,0.00,1142.40,0,0
28.539217,8.3330,729.80,4.30,2.30,1.50,2.90,53.50,81.40,0.00,0.00,887.20,0,0
28.539217,8.3330,694.80,4.10,3.30,1.80,3.20,49.20,99.60,0.00,0.00,865.80,0,0
28.539217,8.3330,806.40,5.70,2.60,2.00,3.70,151.70,153.20,0.00,0.00,1137.20,0,0
28.539217,8.3330,700.00,6.10,2.60,1.70,3.90,108.40,97.00,0.00,0.00,930.50,0,0
28.539217,8.3330,867.10,4.90,2.50,2.10,4.50,107.60,109.00,0.00,0.00,1107.20,0,0
28.539217,8.3330,659.70,8.10,2.70,1.60,3.10,86.30,88.00,0.00,0.00,908.60,0,0
28.539217,8.3330,920.50,4.70,2.60,1.60,2.90,61.00,114.70,0.00,0.00,1118.80,0,0
28.684879,8.3330,754.60,6.60,3.70,2.10,3.60,131.20,101.50,0.00,0.00,1017.30,0,0
28.684879,8.3330,658.10,2.90,1.70,1.60,2.90,44.50,106.20,0.00,0.00,827.60,0,0
28.684879,8.3330,655.30,6.40,3.10,1.70,2.30,95.60,140.30,0.00,0.00,914.10,0,0
28.684879,8.3330,760.10,5.50,2.90,2.00,2.80,93.30,103.80,0.00,0.00,980.10,0,0
28.684879,8.3330,681.30,3.90,2.80,1.80,5.60,160.00,102.10,0.00,0.00,972.40,0,0
28.684879,8.3330,1401.70,32.50,15.10,8.50,2.80,109.80,125.20,0.00,0.00,1721.30,0,0
28.684879,8.3330,1075.50,34.10,21.80,6.30,2.90,228.90,249.30,0.00,0.00,1648.20,0,0
28.684879,8.3330,740.60,6.90,4.20,2.60,11.50,54.70,55.00,0.00,0.00,900.30,0,0
28.684879,8.3330,672.10,6.60,2.40,1.70,4.30,56.10,107.30,0.00,0.00,862.40,0,0
28.684879,8.3330,673.30,5.40,6.80,1.70,2.70,112.50,77.60,0.00,0.00,890.20,0,0
28.684879,8.3330,771.00,7.30,3.30,1.90,3.70,54.90,76.70,0.00,0.00,930.30,0,0
28.684879,8.3330,959.20,10.50,4.50,2.40,3.30,66.30,78.20,0.00,0.00,1139.30,0,0
28.874586,8.3330,933.40,10.10,2.70,2.10,4.30,46.60,67.70,0.00,0.00,1079.30,0,0
28.874586,8.3330,795.10,6.90,3.00,2.00,5.20,42.70,59.00,0.00,0.00,926.50,0,0
28.874586,8.3330,1125.90,13.80,14.90,1.80,2.60,51.60,84.80,0.00,0.00,1308.00,0,0
28.874586,8.3330,672.00,5.40,1.80,1.60,3.20,41.50,58.70,0.00,0.00,797.50,0,0
28.874586,8.3330,1015.90,5.50,3.60,2.00,3.50,45.50,65.10,0.00,0.00,1152.20,0,0
28.874586,8.3330,689.70,5.00,3.00,1.80,2.60,50.10,73.20,0.00,0.00,834.70,0,0
28.874586,8.3330,1080.60,9.10,4.20,2.50,3.30,52.90,74.50,0.00,0.00,1239.40,0,0
28.874586,8.3330,684.50,21.30,2.60,7.50,3.30,53.10,68.00,0.00,0.00,864.80,0,0
28.874586,8.3330,881.20,9.40,4.50,2.70,3.30,68.20,94.50,0.00,0.00,1078.60,0,0
28.874586,8.3330,1649.50,12.30,6.50,2.90,8.40,71.60,88.60,0.00,0.00,1865.60,0,0
28.874586,8.3330,963.30,7.60,3.80,2.20,5.20,49.00,80.70,0.00,0.00,1160.20,0,0
28.874586,8.3330,750.10,3.50,1.80,1.50,2.90,47.20,63.60,0.00,0.00,879.00,0,0
29.077278,8.3330,666.90,5.50,2.00,1.90,2.70,42.50,133.00,0.00,0.00,864.00,0,0
29.077278,8.3330,762.00,5.40,3.30,1.70,2.40,45.80,65.20,0.00,0.00,894.00,0,0
29.077278,8.3330,764.30,8.80,3.10,2.60,3.20,59.40,85.80,0.00,0.00,938.40,0,0
29.077278,8.3330,1062.00,8.80,3.60,1.90,3.40,58.80,76.80,0.00,0.00,1227.80,0,0
29.077278,8.3330,790.90,8.20,5.00,2.20,4.00,62.40,94.90,0.00,0.00,993.40,0,0
29.077278,8.3330,1146.90,8.70,4.10,2.20,9.10,63.90,88.10,0.00,0.00,1339.70,0,0
29.077278,8.3330,1815.90,7.10,3.70,1.90,3.60,53.50,73.20,0.00,0.00,1971.70,0,0
29.077278,8.3330,685.70,5.70,2.20,1.60,2.60,49.70,70.00,0.00,0.00,826.50,0,0
29.077278,8.3330,757.80,11.00,3.30,2.70,2.80,46.90,47.40,0.00,0.00,881.90,0,0
29.077278,8.3330,786.20,6.50,3.10,2.00,2.50,47.70,44.60,0.00,0.00,903.00,0,0
29.077278,8.3330,599.00,5.20,2.50,1.60,2.40,40.90,41.60,0.00,0.00,703.30,0,0
29.077278,8.3330,606.40,3.90,1.60,1.60,1.70,42.20,50.10,0.00,0.00,715.20,0,0
29.214865,8.3330,2966.50,8.60,4.10,2.80,3.20,51.50,50.20,0.00,0.00,3101.30,0,0
29.214865,8.3330,724.60,6.60,2.80,1.80,2.80,59.90,46.90,0.00,0.00,855.50,0,0
29.214865,8.3330,768.30,8.40,4.00,2.50,3.60,70.70,61.50,0.00,0.00,934.30,0,0
29.214865,8.3330,677.20,9.50,2.20,2.50,3.10,97.30,100.20,0.00,0.00,903.90,0,0
29.214865,8.3330,801.50,6.40,2.50,1.70,3.00,105.20,104.30,0.00,0.00,1036.20,0,0
29.214865,8.3330,752.60,7.20,2.20,2.10,3.00,96.60,97.70,0.00,0.00,972.90,0,0
29.214865,8.3330,662.40,7.80,4.30,2.70,2.20,97.40,96.90,0.00,0.00,886.00,0,0
29.214865,8.3330,935.10,5.20,2.90,1.60,5.60,109.40,106.30,0.00,0.00,1182.90,0,0
29.214865,8.3330,1233.30,13.10,2.50,1.80,3.50,210.30,316.80,0.00,0.00,1800.60,0,0
29.214865,8.3330,678.30,8.60,2.20,2.10,5.30,235.10,129.20,0.00,0.00,1072.90,0,0
29.214865,8.3330,637.70,2.40,1.90,1.30,3.00,97.90,90.20,0.00,0.00,844.90,0,0
29.214865,8.3330,721.50,7.40,3.90,1.70,2.80,108.10,133.50,0.00,0.00,992.40,0,0
29.405050,8.3330,1139.90,7.50,3.20,1.90,2.80,171.50,187.40,0.00,0.00,1525.50,0,0
29.405050,8.3330,681.90,8.00,3.40,2.00,2.90,112.80,124.50,0.00,0.00,947.50,0,0
29.405050,8.3330,16669.80,78.70,4.00,7.50,3.20,104.60,107.30,0.00,0.00,16989.10,0,0
29.405050,8.3330,852.80,4.70,2.10,1.60,2.60,88.20,144.70,0.00,0.00,1106.10,0,0
29.405050,8.3330,2145.50,9.20,4.00,2.10,2.20,96.50,101.00,0.00,0.00,2371.80,0,0
29.405050,8.3330,664.10,5.30,1.80,1.70,2.40,91.40,213.90,0.00,0.00,1006.60,0,0
29.405050,8.3330,1946.10,43.10,5.70,4.90,7.40,227.20,117.50,0.00,0.00,2373.10,0,0
29.405050,8.3330,948.50,9.50,5.40,2.40,5.90,110.80,106.70,0.00,0.00,1209.20,0,0
29.405050,8.3330,816.10,7.00,3.50,2.20,3.40,114.90,123.30,0.00,0.00,1082.10,0,0
29.405050,8.3330,1032.30,8.10,4.90,2.10,3.50,221.80,167.40,0.00,0.00,1451.40,0,0
29.405050,8.3330,661.20,4.00,2.20,1.60,2.30,83.80,87.00,0.00,0.00,850.70,0,0
29.405050,8.3330,729.20,4.50,2.40,2.20,1.90,97.40,98.00,0.00,0.00,943.60,0,0
29.571911,8.3330,681.20,5.20,2.40,1.60,2.60,101.40,125.50,0.00,0.00,928.40,0,0
29.571911,8.3330,725.70,5.20,2.20,1.60,3.90,91.40,94.00,0.00,0.00,939.80,0,0
29.571911,8.3330,1258.50,8.80,6.50,4.10,6.90,418.70,129.30,0.00,0.00,1858.30,0,0
29.571911,8.3330,792.20,10.60,5.70,4.90,4.20,337.00,184.10,0.00,0.00,1355.80,0,0
29.571911,8.3330,667.00,5.90,2.80,2.00,3.00,103.20,103.70,0.00,0.00,898.40,0,0
29.571911,8.3330,980.70,8.40,3.30,1.60,2.90,115.60,119.50,0.00,0.00,1243.00,0,0
29.571911,8.3330,751.90,5.30,2.70,1.50,2.60,82.50,101.70,0.00,0.00,956.70,0,0
29.571911,8.3330,827.40,13.60,3.20,6.30,3.20,113.20,113.50,0.00,0.00,1101.60,0,0
29.571911,8.3330,979.60,12.80,4.00,5.40,3.10,99.10,171.70,0.00,0.00,1291.20,0,0
29.571911,8.3330,715.20,6.00,2.30,2.30,3.00,92.20,105.00,0.00,0.00,938.50,0,0
29.571911,8.3330,716.70,5.60,2.70,1.50,2.70,106.20,116.20,0.00,0.00,962.30,0,0
29.571911,8.3330,789.20,6.00,1.70,2.20,3.80,108.50,105.90,0.00,0.00,1031.20,0,0
29.724062,8.3330,1090.50,7.80,2.80,2.10,4.90,87.90,63.80,0.00,0.00,1276.80,0,0
29.724062,8.3330,2312.40,37.20,19.40,14.90,12.90,180.80,190.10,0.00,0.00,2824.20,0,0
29.724062,8.3330,705.70,7.70,3.50,2.10,3.20,80.80,70.10,0.00,0.00,902.30,0,0
29.724062,8.3330,829.30,6.60,2.40,1.80,3.40,58.30,60.60,0.00,0.00,973.10,0,0
29.724062,8.3330,722.80,3.60,1.70,1.70,3.00,54.90,46.10,0.00,0.00,843.10,0,0
29.724062,8.3330,1114.80,9.80,5.00,7.10,2.40,64.90,62.70,0.00,0.00,1278.90,0,0
29.724062,8.3330,848.10,6.80,2.50,1.80,3.40,52.00,65.50,0.00,0.00,996.10,0,0
29.724062,8.3330,747.50,4.10,2.00,1.50,3.30,175.70,49.70,0.00,0.00,994.80,0,0
29.724062,8.3330,897.90,6.60,2.70,1.60,2.50,48.10,53.70,0.00,0.00,1021.40,0,0
29.724062,8.3330,824.60,9.70,4.70,6.80,2.60,60.00,63.40,0.00,0.00,984.90,0,0
29.724062,8.3330,1088.70,6.20,7.60,2.40,2.70,63.60,66.00,0.00,0.00,1247.90,0,0
29.724062,8.3330,802.30,10.20,2.40,3.10,3.80,51.20,52.30,0.00,0.00,937.90,0,0
29.870331,8.3330,727.90,7.70,3.40,2.60,3.90,48.10,50.00,0.00,0.00,857.10,0,0
29.870331,8.3330,791.50,5.00,2.40,1.70,2.60,43.90,47.20,0.00,0.00,903.50,0,0
29.870331,8.3330,850.40,5.10,2.40,1.40,2.60,48.60,57.50,0.00,0.00,976.90,0,0
29.870331,8.3330,702.90,6.40,2.70,1.80,3.50,37.20,45.20,0.00,0.00,810.90,0,0
29.870331,8.3330,1047.80,6.00,2.60,1.60,2.20,48.30,172.40,0.00,0.00,1290.70,0,0
29.870331,8.3330,1079.70,6.70,2.90,2.00,3.00,54.20,55.30,0.00,0.00,1215.30,0,0
29.870331,8.3330,912.60,14.00,3.90,1.70,3.00,54.90,55.60,0.00,0.00,1061.00,0,0
29.870331,8.3330,2973.10,8.30,3.70,2.00,3.80,42.10,48.50,0.00,0.00,3100.80,0,0
29.870331,8.3330,1262.70,5.70,3.50,1.90,4.90,127.50,60.30,0.00,0.00,1478.90,0,0
29.870331,8.3330,728.10,6.00,3.10,2.20,2.30,55.30,60.10,0.00,0.00,866.10,0,0
29.870331,8.3330,1093.50,12.30,3.90,9.00,3.20,49.40,56.80,0.00,0.00,1245.20,0,0
29.870331,8.3330,826.70,7.40,2.60,2.40,2.80,47.40,55.50,0.00,0.00,954.40,0,0
30.081125,8.3330,781.40,6.60,3.00,1.70,2.60,40.60,48.40,0.00,0.00,894.20,0,0
30.081125,8.3330,693.10,4.00,1.80,1.60,2.50,47.60,53.50,0.00,0.00,811.20,0,0
30.081125,8.3330,644.10,4.10,2.00,1.50,2.10,45.80,39.00,0.00,0.00,745.80,0,0
30.081125,8.3330,695.30,5.30,2.30,1.50,2.20,37.30,41.50,0.00,0.00,793.00,0,0
30.081125,8.3330,1047.70,5.30,2.90,1.40,3.40,48.50,41.70,0.00,0.00,1160.40,0,0
30.081125,8.3330,943.50,4.70,2.50,1.70,6.10,44.80,44.30,0.00,0.00,1056.70,0,0
30.081125,8.3330,998.80,5.60,2.80,1.40,2.80,37.10,42.20,0.00,0.00,1099.50,0,0
30.081125,8.3330,602.60,5.90,2.40,1.80,3.10,37.00,42.20,0.00,0.00,704.30,0,0
30.081125,8.3330,598.50,3.90,1.90,1.70,2.20,27.80,40.20,0.00,0.00,683.30,0,0
30.081125,8.3330,705.40,4.80,2.40,1.60,2.50,65.90,45.00,0.00,0.00,835.90,0,0
30.081125,8.3330,594.20,4.60,1.80,1.50,2.90,31.20,38.30,0.00,0.00,700.40,0,0
30.081125,8.3330,617.50,3.90,2.10,1.50,2.50,27.90,36.90,0.00,0.00,700.90,0,0
30.251198,8.3330,1224.00,6.00,60.00,1.90,3.00,162.90,106.50,0.00,0.00,1575.20,0,0
30.251198,8.3330,679.70,7.30,2.80,2.40,3.60,55.10,51.70,0.00,0.00,813.90,0,0
30.251198,8.3330,691.50,9.70,4.60,2.90,3.50,52.70,54.10,0.00,0.00,833.70,0,0
30.251198,8.3330,724.30,8.80,2.40,2.20,5.70,52.30,60.20,0.00,0.00,866.00,0,0
30.251198,8.3330,731.60,5.90,2.20,1.60,2.90,47.80,54.90,0.00,0.00,858.30,0,0
30.251198,8.3330,675.80,4.30,2.30,1.30,6.50,41.30,38.80,0.00,0.00,781.50,0,0
30.251198,8.3330,1126.10,8.30,3.80,1.70,2.20,41.10,46.80,0.00,0.00,1238.80,0,0
30.251198,8.3330,793.20,7.40,2.70,1.70,6.70,41.30,86.10,0.00,0.00,954.80,0,0
30.251198,8.3330,743.40,12.80,2.60,2.40,2.30,37.90,68.40,0.00,0.00,878.90,0,0
30.251198,8.3330,985.40,7.30,3.00,1.90,2.70,127.20,68.70,0.00,0.00,1207.30,0,0
30.251198,8.3330,1029.30,8.50,3.20,1.80,3.10,38.70,53.10,0.00,0.00,1147.70,0,0
30.251198,8.3330,890.50,6.10,2.90,1.50,3.00,28.50,45.00,0.00,0.00,986.90,0,0
30.413786,8.3330,968.50,8.90,4.00,2.30,4.00,33.70,58.20,0.00,0.00,1094.70,0,0
30.413786,8.3330,749.50,13.30,2.60,17.10,2.50,77.00,67.50,0.00,0.00,938.20,0,0
30.413786,8.3330,742.20,4.40,2.00,1.50,3.10,42.60,41.00,0.00,0.00,844.80,0,0
30.413786,8.3330,684.50,6.10,2.20,1.60,3.20,46.20,48.90,0.00,0.00,802.10,0,0
30.413786,8.3330,680.00,4.30,2.70,1.60,2.40,35.70,40.70,0.00,0.00,775.40,0,0
30.413786,8.3330,659.20,3.70,2.80,1.40,2.00,41.30,55.30,0.00,0.00,773.70,0,0
30.413786,8.3330,1117.30,5.50,6.80,1.70,4.10,49.50,52.70,0.00,0.00,1249.50,0,0
30.413786,8.3330,910.00,5.10,2.40,1.70,4.40,40.00,42.70,0.00,0.00,1024.10,0,0
30.413786,8.3330,764.30,13.00,2.30,5.10,4.40,39.50,61.70,0.00,0.00,906.50,0,0
30.413786,8.3330,1049.60,6.70,7.20,1.90,2.60,38.60,49.70,0.00,0.00,1170.90,0,0
30.413786,8.3330,731.50,4.50,4.00,2.10,3.10,35.60,50.50,0.00,0.00,842.90,0,0
30.413786,8.3330,825.80,7.00,4.20,2.10,2.90,31.60,47.60,0.00,0.00,933.40,0,0
30.568974,8.3330,2397.00,23.40,8.10,2.60,5.00,48.20,81.80,0.00,0.00,2584.20,0,0
30.568974,8.3330,2197.30,41.50,25.70,13.10,3.70,371.90,178.60,0.00,0.00,2870.70,0,0
30.568974,8.3330,942.00,8.20,4.30,2.90,7.10,50.00,53.80,0.00,0.00,1090.00,0,0
30.568974,8.3330,904.80,7.00,3.40,1.90,3.10,55.20,48.90,0.00,0.00,1035.90,0,0
30.568974,8.3330,1110.30,8.00,3.70,1.80,3.10,42.00,52.10,0.00,0.00,1231.50,0,0
30.568974,8.3330,706.40,5.00,2.50,1.60,2.70,35.60,38.70,0.00,0.00,801.10,0,0
30.568974,8.3330,903.40,17.60,3.70,5.80,5.10,49.80,100.10,0.00,0.00,1103.20,0,0
30.568974,8.3330,746.50,5.20,2.20,1.70,3.00,41.00,48.40,0.00,0.00,864.00,0,0
30.568974,8.3330,740.50,23.40,2.80,1.70,2.40,40.50,60.90,0.00,0.00,882.60,0,0
30.568974,8.3330,776.10,5.70,2.40,1.60,2.30,30.60,43.80,0.00,0.00,872.60,0,0
30.568974,8.3330,762.80,5.60,2.30,1.70,2.40,30.70,46.10,0.00,0.00,861.00,0,0
30.568974,8.3330,657.30,5.10,2.80,2.20,7.20,32.50,44.50,0.00,0.00,768.80,0,0
30.700434,8.3330,2570.90,7.90,3.60,2.10,2.80,44.70,61.80,0.00,0.00,2708.30,0,0
30.700434,8.3330,1486.60,6.10,3.40,2.00,2.20,52.00,61.60,0.00,0.00,1624.20,0,0
30.700434,8.3330,1025.10,9.50,3.20,1.70,2.70,35.60,43.60,0.00,0.00,1133.00,0,0
30.700434,8.3330,847.90,5.70,3.40,1.50,2.70,47.20,55.30,0.00,0.00,973.00,0,0
30.700434,8.3330,690.60,7.80,3.80,1.70,3.30,42.50,50.80,0.00,0.00,812.30,0,0
30.700434,8.3330,1437.90,6.90,3.70,1.80,3.40,772.10,1119.30,0.00,0.00,3357.60,0,0
30.700434,8.3330,816.50,6.30,2.30,1.90,3.40,120.00,47.10,0.00,0.00,1007.60,0,0
30.700434,8.3330,691.60,4.50,2.20,1.60,3.80,30.70,39.60,0.00,0.00,786.10,0,0
30.700434,8.3330,786.50,7.00,3.60,2.00,3.20,31.30,47.50,0.00,0.00,893.20,0,0
30.700434,8.3330,1005.30,14.30,5.70,2.90,9.30,37.00,61.00,0.00,0.00,1169.80,0,0
30.700434,8.3330,826.00,5.60,3.20,2.00,3.10,29.30,42.60,0.00,0.00,922.00,0,0
30.700434,8.3330,911.70,5.50,3.60,2.00,3.00,27.80,52.50,0.00,0.00,1015.80,0,0
30.898113,8.3330,829.00,6.90,8.30,1.90,2.70,36.20,80.80,0.00,0.00,983.10,0,0
30.898113,8.3330,762.40,5.50,2.40,1.60,5.70,49.40,48.50,0.00,0.00,887.30,0,0
30.898113,8.3330,711.20,5.60,2.70,1.50,4.00,40.20,41.30,0.00,0.00,817.60,0,0
30.898113,8.3330,677.30,3.80,1.70,1.50,4.10,42.20,33.40,0.00,0.00,772.10,0,0
30.898113,8.3330,660.10,14.20,3.40,2.30,5.10,42.10,44.60,0.00,0.00,786.40,0,0
30.898113,8.3330,806.40,10.30,2.50,2.10,2.40,50.40,37.70,0.00,0.00,921.70,0,0
30.898113,8.3330,829.20,6.90,6.40,1.90,2.70,38.50,42.60,0.00,0.00,938.70,0,0
30.898113,8.3330,838.90,9.70,2.80,1.60,2.70,28.40,49.40,0.00,0.00,942.60,0,0
30.898113,8.3330,690.10,5.10,2.80,1.40,2.50,68.20,34.70,0.00,0.00,814.10,0,0
30.898113,8.3330,710.10,7.50,4.10,2.00,3.00,32.80,39.00,0.00,0.00,810.00,0,0
30.898113,8.3330,984.50,7.90,3.40,2.20,3.90,32.80,39.70,0.00,0.00,1086.90,0,0
30.898113,8.3330,688.50,8.90,5.20,2.50,3.70,34.20,53.40,0.00,0.00,808.90,0,0
31.062468,8.3330,787.50,6.70,2.90,2.00,3.30,118.40,73.70,0.00,0.00,1004.40,0,0
31.062468,8.3330,1676.90,10.30,4.70,6.80,5.30,63.80,62.40,0.00,0.00,1846.90,0,0
31.062468,8.3330,810.70,5.00,1.90,1.60,2.50,56.00,46.70,0.00,0.00,934.10,0,0
31.062468,8.3330,694.40,4.10,7.60,2.20,2.40,50.20,41.40,0.00,0.00,813.50,0,0
31.062468,8.3330,693.50,4.00,2.40,1.40,2.10,58.50,41.80,0.00,0.00,812.30,0,0
31.062468,8.3330,742.70,4.70,2.30,2.20,2.50,51.10,38.20,0.00,0.00,852.20,0,0
31.062468,8.3330,651.10,3.60,4.40,1.50,1.90,54.20,38.00,0.00,0.00,761.20,0,0
31.062468,8.3330,663.80,3.30,1.90,1.40,2.60,44.00,32.40,0.00,0.00,757.40,0,0
31.062468,8.3330,651.50,7.50,2.50,1.50,2.00,44.50,31.80,0.00,0.00,751.70,0,0
31.062468,8.3330,666.30,3.50,1.70,1.50,2.10,45.70,33.70,0.00,0.00,762.10,0,0
31.062468,8.3330,828.50,3.80,2.20,1.40,1.90,45.50,32.20,0.00,0.00,922.50,0,0
31.062468,8.3330,700.00,5.60,3.30,2.00,2.40,49.90,38.80,0.00,0.00,811.10,0,0
31.214746,8.3330,760.70,6.70,3.00,1.60,3.30,42.60,56.40,0.00,0.00,884.20,0,0
31.214746,8.3330,778.80,8.00,4.40,1.70,4.20,47.60,46.10,0.00,0.00,904.10,0,0
31.214746,8.3330,750.50,9.20,2.20,1.20,2.10,42.70,65.00,0.00,0.00,882.90,0,0
31.214746,8.3330,775.40,8.90,2.50,3.90,2.10,44.10,34.90,0.00,0.00,881.70,0,0
31.214746,8.3330,613.90,6.50,1.30,1.90,2.10,38.50,30.00,0.00,0.00,702.70,0,0
31.214746,8.3330,985.90,11.80,3.00,1.80,2.30,45.70,37.70,0.00,0.00,1096.70,0,0
31.214746,8.3330,693.90,5.40,2.70,1.80,3.50,48.40,41.90,0.00,0.00,814.10,0,0
31.214746,8.3330,666.40,3.20,1.60,1.40,2.80,42.00,32.50,0.00,0.00,758.50,0,0
31.214746,8.3330,662.50,3.40,1.70,1.20,2.40,40.20,33.70,0.00,0.00,752.70,0,0
31.214746,8.3330,696.40,4.50,4.30,1.50,2.40,46.50,39.40,0.00,0.00,802.80,0,0
31.214746,8.3330,714.60,4.00,1.90,1.70,5.50,44.50,36.20,0.00,0.00,818.40,0,0
31.214746,8.3330,684.80,3.10,1.40,1.50,2.30,42.10,33.10,0.00,0.00,775.50,0,0
31.381990,8.3330,1153.80,12.50,7.10,2.70,3.00,68.30,59.00,0.00,0.00,1321.30,0,0
31.381990,8.3330,1934.30,37.00,22.20,14.20,5.20,135.40,230.90,0.00,0.00,2420.70,0,0
31.381990,8.3330,926.00,12.40,6.70,3.60,3.50,53.30,68.40,0.00,0.00,1094.20,0,0
31.381990,8.3330,635.90,4.40,1.80,1.70,2.80,41.80,33.90,0.00,0.00,731.50,0,0
31.381990,8.3330,626.60,3.40,1.10,1.40,2.10,44.40,29.40,0.00,0.00,715.60,0,0
31.381990,8.3330,624.70,2.50,1.00,1.30,1.90,50.20,30.20,0.00,0.00,718.30,0,0
31.381990,8.3330,654.90,2.90,1.60,1.40,6.60,47.90,31.80,0.00,0.00,761.20,0,0
31.381990,8.3330,626.60,2.10,2.80,1.20,2.20,40.80,28.70,0.00,0.00,712.60,0,0
31.381990,8.3330,643.70,4.30,3.10,1.60,2.90,39.60,45.30,0.00,0.00,749.00,0,0
31.381990,8.3330,738.30,7.20,4.00,1.70,2.40,41.20,38.20,0.00,0.00,843.00,0,0
31.381990,8.3330,1177.10,7.70,3.80,2.40,3.90,46.30,120.60,0.00,0.00,1373.50,0,0
31.381990,8.3330,972.90,8.20,3.10,1.90,3.00,43.00,37.00,0.00,0.00,1079.50,0,0
31.535624,8.3330,730.70,7.30,2.70,2.40,4.00,37.70,48.90,0.00,0.00,850.80,0,0
31.535624,8.3330,1143.70,9.90,2.40,2.20,2.70,38.60,35.60,0.00,0.00,1249.30,0,0
31.535624,8.3330,628.10,5.30,3.10,1.50,2.10,35.60,30.30,0.00,0.00,715.80,0,0
31.535624,8.3330,716.60,6.50,3.20,1.70,2.70,41.30,39.50,0.00,0.00,822.00,0,0
31.535624,8.3330,613.00,3.60,1.70,1.40,3.90,40.10,32.40,0.00,0.00,704.90,0,0
31.535624,8.3330,980.70,9.60,4.30,2.70,3.20,48.90,44.80,0.00,0.00,1106.80,0,0
31.535624,8.3330,1080.70,37.00,14.40,4.60,2.70,271.00,64.60,0.00,0.00,1488.10,0,0
31.535624,8.3330,695.30,5.20,2.60,1.40,3.50,41.40,35.90,0.00,0.00,795.20,0,0
31.535624,8.3330,570.30,3.10,2.00,1.20,2.90,37.40,31.10,0.00,0.00,654.30,0,0
31.535624,8.3330,680.50,5.70,2.40,1.70,2.20,39.40,33.80,0.00,0.00,774.00,0,0
31.535624,8.3330,718.80,14.40,4.60,2.90,4.60,57.30,41.80,0.00,0.00,865.50,0,0
31.535624,8.3330,640.80,4.10,2.00,1.40,2.40,43.10,35.20,0.00,0.00,736.30,0,0
31.679493,8.3330,1124.80,8.60,3.70,1.70,2.80,216.20,53.40,0.00,0.00,1421.30,0,0
31.679493,8.3330,776.80,4.90,2.70,1.40,4.10,53.30,45.80,0.00,0.00,902.80,0,0
31.679493,8.3330,692.30,6.00,2.10,1.80,3.30,43.10,34.60,0.00,0.00,790.90,0,0
31.679493,8.3330,898.00,5.40,2.60,1.70,4.60,49.10,44.20,0.00,0.00,1015.50,0,0
31.679493,8.3330,737.30,7.30,2.10,1.80,3.10,48.10,35.80,0.00,0.00,847.50,0,0
31.679493,8.3330,821.40,10.00,5.10,3.50,4.90,60.90,48.80,0.00,0.00,969.90,0,0
31.679493,8.3330,798.40,11.80,4.90,17.40,3.90,79.40,55.10,0.00,0.00,986.20,0,0
31.679493,8.3330,839.40,8.30,4.90,2.70,2.90,49.40,48.80,0.00,0.00,968.50,0,0
31.679493,8.3330,1180.10,9.10,2.80,3.50,2.90,55.90,54.70,0.00,0.00,1322.20,0,0
31.679493,8.3330,674.60,4.40,2.10,1.50,2.90,40.00,33.10,0.00,0.00,767.40,0,0
31.679493,8.3330,762.30,5.10,2.20,1.50,2.10,47.80,49.30,0.00,0.00,877.80,0,0
31.679493,8.3330,789.50,4.80,2.60,1.80,4.00,42.50,79.70,0.00,0.00,940.80,0,0
31.866930,8.3330,704.10,7.40,3.40,2.00,3.40,45.50,67.50,0.00,0.00,844.10,0,0
31.866930,8.3330,872.50,6.50,3.40,2.30,3.00,50.10,133.70,0.00,0.00,1080.50,0,0
31.866930,8.3330,714.60,7.00,2.70,1.70,2.70,45.20,40.40,0.00,0.00,825.40,0,0
31.866930,8.3330,709.30,6.20,3.90,1.80,3.00,49.20,44.70,0.00,0.00,828.00,0,0
31.866930,8.3330,681.10,2.50,1.10,1.50,3.20,43.00,32.00,0.00,0.00,771.50,0,0
31.866930,8.3330,662.00,2.20,1.30,1.10,2.70,40.20,32.70,0.00,0.00,749.20,0,0
31.866930,8.3330,827.40,5.20,1.60,1.50,2.10,42.70,36.90,0.00,0.00,927.10,0,0
31.866930,8.3330,731.00,3.60,1.90,1.50,3.80,46.70,33.80,0.00,0.00,832.90,0,0
31.866930,8.3330,689.10,3.40,2.90,1.50,2.50,51.40,42.20,0.00,0.00,801.90,0,0
31.866930,8.3330,685.80,25.70,1.70,1.30,2.20,45.20,36.00,0.00,0.00,805.70,0,0
31.866930,8.3330,1047.70,8.30,3.00,2.20,2.80,44.00,39.00,0.00,0.00,1156.30,0,0
31.866930,8.3330,649.80,2.40,2.70,1.90,2.10,45.20,31.60,0.00,0.00,743.30,0,0
32.005890,8.3330,1118.90,30.60,10.60,7.80,3.40,74.80,90.20,0.00,0.00,1367.30,0,0
32.005890,8.3330,629.70,4.50,1.80,1.70,3.60,42.90,33.50,0.00,0.00,726.60,0,0
32.005890,8.3330,1694.60,7.10,3.60,2.00,2.70,41.00,35.20,0.00,0.00,1796.70,0,0
32.005890,8.3330,684.90,3.70,1.70,1.50,2.30,40.60,31.30,0.00,0.00,773.10,0,0
32.005890,8.3330,621.40,13.70,2.10,1.30,2.00,39.00,30.80,0.00,0.00,717.10,0,0
32.005890,8.3330,663.20,3.10,1.60,1.00,1.90,37.30,28.30,0.00,0.00,742.40,0,0
32.005890,8.3330,964.10,3.70,2.00,1.40,2.00,38.50,29.30,0.00,0.00,1047.40,0,0
32.005890,8.3330,594.50,2.90,1.30,1.80,2.00,37.10,29.10,0.00,0.00,674.60,0,0
32.005890,8.3330,553.00,2.00,0.90,1.00,2.10,32.80,25.30,0.00,0.00,622.70,0,0
32.005890,8.3330,643.10,3.90,2.20,1.30,1.70,37.70,30.50,0.00,0.00,824.00,0,0
32.005890,8.3330,755.40,3.90,2.10,1.60,3.10,32.70,26.90,0.00,0.00,833.70,0,0
32.005890,8.3330,578.60,3.00,1.70,1.20,1.80,35.40,28.60,0.00,0.00,656.10,0,0
32.161461,8.3330,669.70,5.60,2.20,1.30,4.80,44.40,51.70,0.00,0.00,790.70,0,0
32.161461,8.3330,1135.20,13.00,3.30,2.50,3.90,46.30,79.50,0.00,0.00,1295.40,0,0
32.161461,8.3330,854.30,5.20,2.50,1.50,3.30,45.00,38.80,0.00,0.00,959.50,0,0
32.161461,8.3330,799.10,6.30,6.60,1.80,5.50,52.20,43.90,0.00,0.00,931.20,0,0
32.161461,8.3330,686.20,3.20,2.80,1.40,3.90,47.10,33.30,0.00,0.00,807.30,0,0
32.161461,8.3330,774.80,6.80,3.20,2.00,2.40,60.80,38.40,0.00,0.00,896.90,0,0
32.161461,8.3330,666.50,5.30,2.30,1.70,4.20,45.20,39.80,0.00,0.00,776.50,0,0
32.161461,8.3330,682.60,8.00,4.00,2.20,4.10,47.20,39.90,0.00,0.00,801.40,0,0
32.161461,8.3330,627.40,7.20,3.50,1.80,3.70,158.40,115.10,0.00,0.00,932.60,0,0
32.161461,8.3330,4533.00,9.00,3.80,2.30,4.50,44.20,41.00,0.00,0.00,4654.30,0,0
32.161461,8.3330,624.70,3.30,1.80,1.50,2.60,35.90,29.20,0.00,0.00,707.00,0,0
32.161461,8.3330,882.90,12.70,6.20,4.00,2.40,50.50,50.30,0.00,0.00,1022.50,0,0
32.298550,8.3330,833.00,7.80,2.00,1.60,4.40,44.10,40.60,0.00,0.00,947.20,0,0
32.298550,8.3330,699.00,7.70,2.50,2.50,2.60,41.80,36.80,0.00,0.00,806.70,0,0
32.298550,8.3330,903.40,6.50,6.60,1.90,5.80,42.40,41.60,0.00,0.00,1020.60,0,0
32.298550,8.3330,730.10,5.50,4.10,1.70,2.50,48.10,38.30,0.00,0.00,838.90,0,0
32.298550,8.3330,1128.20,7.50,3.50,2.10,3.70,43.00,43.30,0.00,0.00,1249.60,0,0
32.298550,8.3330,634.00,5.30,1.90,1.50,2.60,52.40,31.50,0.00,0.00,737.10,0,0
32.298550,8.3330,1173.70,6.70,3.00,2.70,2.60,46.80,38.30,0.00,0.00,1288.80,0,0
32.298550,8.3330,998.70,6.50,3.30,2.00,3.10,48.30,39.70,0.00,0.00,1113.60,0,0
32.298550,8.3330,770.10,6.90,4.40,2.00,3.70,51.70,47.00,0.00,0.00,896.80,0,0
32.298550,8.3330,732.40,5.70,3.00,1.90,3.90,70.00,37.60,0.00,0.00,866.40,0,0
32.298550,8.3330,1148.10,5.10,2.70,1.90,3.30,42.90,41.90,0.00,0.00,1255.40,0,0
32.298550,8.3330,644.60,3.60,2.00,1.70,2.10,134.80,148.90,0.00,0.00,945.60,0,0
32.478745,8.3330,1045.60,5.10,3.40,1.60,3.20,203.00,185.60,0.00,0.00,1458.70,0,0
32.478745,8.3330,651.00,8.10,2.80,2.50,3.00,108.30,112.10,0.00,0.00,899.60,0,0
32.478745,8.3330,927.10,8.50,3.60,2.10,3.70,182.30,190.70,0.00,0.00,1330.50,0,0
32.478745,8.3330,755.30,7.00,3.80,1.60,3.60,187.80,194.70,0.00,0.00,1165.40,0,0
32.478745,8.3330,783.00,8.10,4.20,2.20,3.80,188.80,255.80,0.00,0.00,1260.70,0,0
32.478745,8.3330,2778.10,7.50,3.50,2.00,3.20,155.80,167.50,0.00,0.00,3129.70,0,0
32.478745,8.3330,761.90,6.40,3.30,1.70,3.40,176.70,168.20,0.00,0.00,1134.60,0,0
32.478745,8.3330,943.90,12.70,5.40,2.90,3.20,99.80,72.90,0.00,0.00,1157.40,0,0
32.478745,8.3330,738.30,7.50,3.30,2.00,3.30,129.90,112.40,0.00,0.00,1008.60,0,0
32.478745,8.3330,725.50,91.00,3.20,2.50,3.20,121.30,106.50,0.00,0.00,1065.20,0,0
32.478745,8.3330,713.80,5.80,2.60,1.60,2.40,106.40,97.20,0.00,0.00,940.00,0,0
32.478745,8.3330,756.70,5.60,3.00,1.90,2.90,67.00,36.00,0.00,0.00,881.90,0,0
32.664848,8.3330,783.80,9.50,4.70,2.00,3.20,118.60,151.80,0.00,0.00,1093.50,0,0
32.664848,8.3330,717.70,9.20,4.70,2.10,3.10,103.30,104.20,0.00,0.00,968.70,0,0
32.664848,8.3330,1107.70,8.50,4.50,6.20,3.70,69.30,49.50,0.00,0.00,1264.50,0,0
32.664848,8.3330,1783.00,7.70,3.80,2.20,7.60,101.40,43.90,0.00,0.00,1969.40,0,0
32.664848,8.3330,714.80,21.20,2.60,1.80,2.50,55.30,42.60,0.00,0.00,853.50,0,0
32.664848,8.3330,1145.90,8.50,3.90,2.10,6.20,49.30,71.30,0.00,0.00,1306.60,0,0
32.664848,8.3330,679.10,5.20,2.80,2.20,2.70,57.10,38.60,0.00,0.00,797.30,0,0
32.664848,8.3330,1560.00,8.90,4.00,2.70,5.00,53.50,51.50,0.00,0.00,1706.70,0,0
32.664848,8.3330,695.40,14.60,3.80,3.70,7.40,82.20,93.00,0.00,0.00,916.20,0,0
32.664848,8.3330,936.00,9.10,4.00,2.20,4.40,60.30,46.70,0.00,0.00,1077.90,0,0
32.664848,8.3330,634.60,7.90,4.20,1.90,6.10,68.40,46.00,0.00,0.00,786.50,0,0
32.664848,8.3330,982.30,9.20,4.20,2.30,3.60,54.70,45.30,0.00,0.00,1114.10,0,0
32.853363,8.3330,844.40,10.40,5.90,3.10,3.30,76.90,90.80,0.00,0.00,1051.50,0,0
32.853363,8.3330,718.30,6.40,3.00,1.90,3.60,45.40,41.00,0.00,0.00,832.40,0,0
32.853363,8.3330,683.80,6.00,2.70,1.60,3.10,41.60,40.40,0.00,0.00,789.40,0,0
32.853363,8.3330,655.30,48.90,2.70,2.50,2.20,45.70,41.40,0.00,0.00,807.70,0,0
32.853363,8.3330,797.60,6.60,2.70,1.90,3.20,56.60,39.40,0.00,0.00,918.50,0,0
32.853363,8.3330,920.10,6.80,2.70,1.80,2.30,46.30,47.80,0.00,0.00,1036.40,0,0
32.853363,8.3330,1332.60,24.40,12.60,6.60,2.00,83.90,41.40,0.00,0.00,1525.50,0,0
32.853363,8.3330,863.40,8.80,3.10,2.00,2.70,41.50,43.10,0.00,0.00,975.60,0,0
32.853363,8.3330,1281.80,8.10,4.10,5.70,5.60,71.80,63.30,0.00,0.00,1455.20,0,0
32.853363,8.3330,801.90,10.70,3.50,1.70,2.50,40.00,42.30,0.00,0.00,913.80,0,0
32.853363,8.3330,713.30,6.10,2.80,2.20,2.50,39.00,47.30,0.00,0.00,822.30,0,0
32.853363,8.3330,881.50,5.70,8.60,2.00,2.20,45.30,43.30,0.00,0.00,999.30,0,0
33.011288,8.3330,731.20,7.20,2.90,2.10,3.40,39.10,31.70,0.00,0.00,827.80,0,0
33.011288,8.3330,1319.80,7.70,3.50,2.30,3.80,44.40,40.60,0.00,0.00,1433.20,0,0
33.011288,8.3330,802.70,5.50,5.10,2.30,5.00,40.40,37.70,0.00,0.00,913.50,0,0
33.011288,8.3330,715.50,10.10,8.90,2.70,2.70,48.00,50.30,0.00,0.00,853.10,0,0
33.011288,8.3330,771.60,17.80,8.60,3.90,3.40,73.90,80.70,0.00,0.00,981.50,0,0
33.011288,8.3330,2695.30,9.00,4.90,2.70,4.90,52.40,48.30,0.00,0.00,2833.10,0,0
33.011288,8.3330,804.10,6.30,3.50,1.90,3.00,45.70,40.10,0.00,0.00,914.90,0,0
33.011288,8.3330,757.40,5.80,2.90,1.60,2.60,36.60,40.30,0.00,0.00,855.60,0,0
33.011288,8.3330,711.60,6.40,3.50,2.10,2.30,44.00,40.00,0.00,0.00,819.60,0,0
33.011288,8.3330,745.30,4.70,2.40,1.50,3.60,41.10,37.40,0.00,0.00,847.50,0,0
33.011288,8.3330,803.40,9.40,2.50,1.80,3.30,136.50,520.30,0.00,0.00,1489.20,0,0
33.011288,8.3330,845.40,5.50,6.60,1.60,3.80,147.80,51.40,0.00,0.00,1073.30,0,0
33.206791,8.3330,978.70,6.00,37.00,2.00,13.40,200.90,149.00,0.00,0.00,1411.90,0,0
33.206791,8.3330,851.30,5.80,6.40,1.90,3.20,119.50,95.90,0.00,0.00,1096.30,0,0
33.206791,8.3330,922.20,6.20,7.10,3.10,3.00,124.50,95.70,0.00,0.00,1270.30,0,0
33.206791,8.3330,853.50,5.50,80.10,3.70,3.30,178.60,115.90,0.00,0.00,1251.40,0,0
33.206791,8.3330,796.20,10.40,4.20,1.60,2.60,96.50,86.60,0.00,0.00,1009.60,0,0
33.206791,8.3330,727.60,6.10,2.20,1.50,2.10,100.30,86.20,0.00,0.00,934.60,0,0
33.206791,8.3330,805.70,4.80,2.70,1.50,3.60,118.20,94.30,0.00,0.00,1040.80,0,0
33.206791,8.3330,797.40,8.60,2.90,2.40,4.00,86.70,92.50,0.00,0.00,1005.70,0,0
33.206791,8.3330,776.40,6.30,3.90,2.20,3.20,106.90,99.90,0.00,0.00,1010.50,0,0
33.206791,8.3330,731.20,5.60,3.50,1.60,3.20,148.10,527.50,0.00,0.00,1431.60,0,0
33.206791,8.3330,763.40,8.30,4.80,2.10,6.00,80.90,99.40,0.00,0.00,991.50,0,0
33.206791,8.3330,1023.70,10.00,4.70,2.30,7.30,106.40,122.40,0.00,0.00,1299.20,0,0
33.379414,8.3330,2879.50,9.00,4.70,2.70,17.40,105.70,125.70,0.00,0.00,3181.40,0,0
33.379414,8.3330,813.40,7.50,3.10,2.80,2.80,65.30,43.50,0.00,0.00,949.10,0,0
33.379414,8.3330,692.40,7.00,3.00,2.10,3.00,95.70,88.40,0.00,0.00,902.00,0,0
33.379414,8.3330,873.70,9.40,4.30,1.80,3.70,100.40,103.10,0.00,0.00,1113.30,0,0
33.379414,8.3330,1367.30,12.60,3.80,2.40,5.00,105.60,117.20,0.00,0.00,1640.80,0,0
33.379414,8.3330,1045.60,8.30,3.50,1.90,3.00,110.90,106.10,0.00,0.00,1291.70,0,0
33.379414,8.3330,1030.90,6.70,3.80,2.20,3.00,99.00,87.10,0.00,0.00,1243.40,0,0
33.379414,8.3330,762.40,6.20,3.10,1.80,8.90,83.80,219.60,0.00,0.00,1106.90,0,0
33.379414,8.3330,847.40,5.40,3.50,1.50,2.50,91.00,128.00,0.00,0.00,1092.70,0,0
33.379414,8.3330,905.30,5.40,2.90,2.00,3.40,81.20,100.80,0.00,0.00,1114.80,0,0
33.379414,8.3330,717.10,6.10,3.90,3.80,3.20,65.10,34.70,0.00,0.00,846.10,0,0
33.379414,8.3330,1217.30,8.90,3.80,2.70,3.40,133.30,106.70,0.00,0.00,1490.60,0,0
33.523895,8.3330,1024.00,11.10,6.80,3.60,3.50,133.20,483.70,0.00,0.00,2807.70,0,0
33.523895,8.3330,742.90,6.90,3.20,1.80,3.20,99.40,105.00,0.00,0.00,972.50,0,0
33.523895,8.3330,974.20,7.20,3.60,2.30,2.60,91.10,86.50,0.00,0.00,1177.10,0,0
33.523895,8.3330,897.70,5.90,2.30,1.80,5.90,64.50,45.30,0.00,0.00,1046.60,0,0
33.523895,8.3330,785.40,11.70,3.80,4.50,4.00,412.90,232.50,0.00,0.00,1472.30,0,0
33.523895,8.3330,772.80,13.70,6.30,2.80,4.70,113.60,108.80,0.00,0.00,1038.60,0,0
33.523895,8.3330,771.70,7.20,3.30,1.90,2.80,90.30,93.00,0.00,0.00,981.80,0,0
33.523895,8.3330,799.30,7.30,3.50,1.80,2.90,114.60,94.40,0.00,0.00,1036.40,0,0
33.523895,8.3330,797.80,10.60,4.60,2.60,3.70,89.90,99.50,0.00,0.00,1022.90,0,0
33.523895,8.3330,736.10,6.50,2.90,1.70,3.50,99.90,101.90,0.00,0.00,964.00,0,0
33.523895,8.3330,737.40,11.00,3.30,1.90,2.90,81.40,44.60,0.00,0.00,893.90,0,0
33.523895,8.3330,755.10,12.40,3.30,1.60,2.80,44.50,38.50,0.00,0.00,868.20,0,0
33.673790,8.3330,1428.20,9.70,4.70,2.90,5.70,55.50,52.10,0.00,0.00,1577.50,0,0
33.673790,8.3330,3364.50,12.60,5.70,2.90,18.90,83.40,93.50,0.00,0.00,3625.00,0,0
33.673790,8.3330,1078.10,9.20,4.30,2.50,3.80,116.90,113.00,0.00,0.00,1346.40,0,0
33.673790,8.3330,917.60,5.90,3.70,1.60,3.00,94.10,41.70,0.00,0.00,1078.80,0,0
33.673790,8.3330,806.20,7.20,4.00,2.20,3.10,96.80,106.40,0.00,0.00,1038.20,0,0
33.673790,8.3330,967.20,7.70,3.20,2.50,3.70,112.00,109.20,0.00,0.00,1216.90,0,0
33.673790,8.3330,782.80,5.40,3.00,1.50,2.90,66.90,49.90,0.00,0.00,921.00,0,0
33.673790,8.3330,875.80,6.90,2.60,1.70,7.30,110.00,107.30,0.00,0.00,1124.30,0,0
33.673790,8.3330,9811.90,8.70,4.10,2.80,3.10,106.80,109.60,0.00,0.00,10060.10,0,0
33.673790,8.3330,751.70,8.70,3.90,2.20,3.70,108.80,105.20,0.00,0.00,997.50,0,0
33.673790,8.3330,902.60,10.80,6.00,2.60,3.90,118.40,108.90,0.00,0.00,1169.40,0,0
33.673790,8.3330,961.50,7.60,4.10,1.90,4.50,75.00,48.20,0.00,0.00,1117.50,0,0
33.858040,8.3330,765.50,9.00,3.80,2.60,3.60,98.90,94.00,0.00,0.00,991.00,0,0
33.858040,8.3330,1176.90,15.90,4.00,2.40,12.00,107.70,103.90,0.00,0.00,1452.00,0,0
33.858040,8.3330,1595.40,14.20,4.10,1.80,2.70,101.10,97.40,0.00,0.00,1827.80,0,0
33.858040,8.3330,669.50,5.00,3.20,1.30,2.80,134.40,101.00,0.00,0.00,927.10,0,0
33.858040,8.3330,736.20,7.00,3.80,2.50,3.20,117.50,207.30,0.00,0.00,1089.50,0,0
33.858040,8.3330,817.80,66.30,15.10,10.70,3.20,252.30,738.90,0.00,0.00,1932.70,0,0
33.858040,8.3330,860.30,10.70,5.50,2.60,3.10,121.40,155.80,0.00,0.00,1174.60,0,0
33.858040,8.3330,796.90,7.20,3.60,1.80,3.20,113.00,111.00,0.00,0.00,1047.20,0,0
33.858040,8.3330,769.20,5.60,3.30,1.80,2.70,106.70,110.90,0.00,0.00,1009.60,0,0
33.858040,8.3330,887.80,6.70,3.60,2.10,3.40,119.40,106.20,0.00,0.00,1140.60,0,0
33.858040,8.3330,680.30,3.30,1.40,2.30,2.20,97.70,109.20,0.00,0.00,907.00,0,0
33.858040,8.3330,1481.70,8.20,6.40,2.10,3.20,91.60,87.30,0.00,0.00,1691.10,0,0
34.016182,8.3330,856.30,9.10,4.40,2.40,4.50,69.00,41.30,0.00,0.00,1001.10,0,0
34.016182,8.3330,692.10,5.70,3.30,2.20,3.30,49.00,34.80,0.00,0.00,801.00,0,0
34.016182,8.3330,660.00,4.60,2.40,1.50,2.80,92.40,166.20,0.00,0.00,940.30,0,0
34.016182,8.3330,653.20,6.50,2.80,2.20,2.20,95.00,341.30,0.00,0.00,1113.70,0,0
34.016182,8.3330,908.70,8.90,5.40,2.50,3.00,83.20,40.50,0.00,0.00,1068.70,0,0
34.016182,8.3330,870.30,7.40,2.70,2.40,3.00,96.80,92.90,0.00,0.00,1088.80,0,0
34.016182,8.3330,1197.20,7.10,3.90,1.80,3.10,102.70,118.80,0.00,0.00,1447.40,0,0
34.016182,8.3330,1184.80,6.90,4.10,2.00,3.30,252.10,110.90,0.00,0.00,1578.60,0,0
34.016182,8.3330,920.70,15.10,3.90,1.70,2.90,95.60,220.90,0.00,0.00,1271.50,0,0
34.016182,8.3330,781.80,5.70,3.10,1.90,3.10,108.30,101.20,0.00,0.00,1016.10,0,0
34.016182,8.3330,1255.70,8.60,3.90,2.10,3.50,136.80,104.50,0.00,0.00,1527.00,0,0
34.016182,8.3330,783.90,6.80,3.50,1.90,3.00,113.80,106.30,0.00,0.00,1031.70,0,0
34.205315,8.3330,994.30,5.60,2.80,1.90,2.80,87.40,82.70,0.00,0.00,1186.30,0,0
34.205315,8.3330,872.80,3.60,1.80,1.20,2.90,99.80,76.50,0.00,0.00,1066.30,0,0
34.205315,8.3330,788.00,5.20,3.50,1.80,4.50,89.70,88.50,0.00,0.00,993.60,0,0
34.205315,8.3330,706.70,6.00,3.00,1.80,2.40,88.80,85.20,0.00,0.00,903.10,0,0
34.205315,8.3330,761.50,6.90,8.00,4.30,3.20,92.60,107.10,0.00,0.00,998.90,0,0
34.205315,8.3330,818.80,7.30,4.30,2.10,2.70,94.00,100.10,0.00,0.00,1040.20,0,0
34.205315,8.3330,980.90,7.50,3.70,2.10,3.20,96.70,113.60,0.00,0.00,1221.80,0,0
34.205315,8.3330,827.70,9.80,5.40,3.10,3.00,110.40,148.00,0.00,0.00,1120.10,0,0
34.205315,8.3330,858.00,16.50,6.80,3.50,5.10,208.00,224.10,0.00,0.00,1343.10,0,0
34.205315,8.3330,742.00,10.90,6.20,3.20,5.10,96.60,127.80,0.00,0.00,1010.00,0,0
34.205315,8.3330,750.80,26.20,2.70,1.80,2.70,93.10,184.10,0.00,0.00,1071.00,0,0
34.205315,8.3330,704.00,3.60,1.90,1.30,2.40,93.10,89.70,0.00,0.00,903.70,0,0
34.396713,8.3330,1178.60,18.60,3.60,2.30,5.40,115.10,107.10,0.00,0.00,1443.30,0,0
34.396713,8.3330,711.00,4.10,2.20,1.40,8.30,80.20,128.40,0.00,0.00,946.80,0,0
34.396713,8.3330,828.80,6.00,6.20,3.50,3.30,93.90,105.30,0.00,0.00,1064.50,0,0
34.396713,8.3330,915.10,8.90,3.20,2.10,2.60,105.20,98.70,0.00,0.00,1146.40,0,0
34.396713,8.3330,911.90,5.20,9.50,2.90,2.30,91.30,109.80,0.00,0.00,1142.60,0,0
34.396713,8.3330,798.30,5.20,2.40,1.70,5.70,94.40,99.80,0.00,0.00,1019.30,0,0
34.396713,8.3330,802.20,7.70,3.60,1.90,3.40,98.00,99.10,0.00,0.00,1022.90,0,0
34.396713,8.3330,758.80,8.60,5.60,2.90,3.30,109.30,114.50,0.00,0.00,1010.30,0,0
34.396713,8.3330,860.40,12.90,7.80,3.40,3.90,130.10,170.20,0.00,0.00,1199.80,0,0
34.396713,8.3330,1738.20,8.00,3.70,2.10,4.60,106.70,110.20,0.00,0.00,1984.30,0,0
34.396713,8.3330,783.30,6.60,2.70,1.90,2.80,59.00,42.40,0.00,0.00,905.60,0,0
34.396713,8.3330,760.70,6.10,3.00,1.80,3.20,102.10,98.50,0.00,0.00,981.70,0,0
34.554886,8.3330,849.00,6.30,3.20,2.10,5.70,538.00,1506.90,0.00,0.00,2925.80,0,0
34.554886,8.3330,838.50,5.30,3.00,1.50,7.40,89.20,79.80,0.00,0.00,1035.50,0,0
34.554886,8.3330,683.50,2.70,1.50,1.10,1.90,124.40,16.40,0.00,0.00,835.70,0,0
34.554886,8.3330,751.50,4.00,1.70,1.50,2.00,36.50,13.20,0.00,0.00,815.10,0,0
34.554886,8.3330,655.40,4.10,1.70,1.30,2.00,35.60,14.50,0.00,0.00,724.00,0,0
34.554886,8.3330,702.40,5.10,2.40,1.70,4.70,39.00,16.20,0.00,0.00,782.10,0,0
34.554886,8.3330,1140.60,12.30,3.80,1.90,3.60,44.60,19.30,0.00,0.00,1527.40,0,0
34.554886,8.3330,900.80,5.80,2.90,1.60,2.80,37.50,54.20,0.00,0.00,1013.00,0,0
34.554886,8.3330,772.10,5.80,3.60,1.50,6.90,43.20,19.40,0.00,0.00,859.20,0,0
34.554886,8.3330,661.30,6.40,4.00,1.60,3.00,35.20,19.50,0.00,0.00,737.10,0,0
34.554886,8.3330,977.40,10.10,7.20,3.00,3.10,43.00,21.50,0.00,0.00,1072.20,0,0
34.554886,8.3330,819.90,10.50,4.70,2.20,3.80,47.10,23.90,0.00,0.00,920.30,0,0
34.708458,8.3330,631.10,6.90,5.20,1.60,17.60,37.00,30.90,0.00,0.00,743.10,0,0
34.708458,8.3330,647.90,8.20,1.70,1.40,2.30,41.70,84.60,0.00,0.00,792.80,0,0
34.708458,8.3330,1112.90,4.70,2.30,5.00,2.70,31.70,16.10,0.00,0.00,1180.70,0,0
34.708458,8.3330,640.40,13.20,4.70,1.20,2.30,33.40,13.30,0.00,0.00,713.50,0,0
34.708458,8.3330,634.80,9.00,4.00,1.70,2.60,33.50,19.30,0.00,0.00,716.70,0,0
34.708458,8.3330,660.90,4.20,2.20,1.40,2.40,48.10,16.70,0.00,0.00,740.60,0,0
34.708458,8.3330,748.60,8.10,4.00,2.10,2.60,40.30,20.50,0.00,0.00,831.80,0,0
34.708458,8.3330,740.70,8.40,4.30,2.40,3.00,37.90,17.30,0.00,0.00,820.80,0,0
34.708458,8.3330,623.50,6.70,3.50,2.30,3.00,38.70,18.20,0.00,0.00,701.90,0,0
34.708458,8.3330,625.20,4.40,2.00,1.40,3.00,34.50,12.90,0.00,0.00,689.60,0,0
34.708458,8.3330,666.60,4.30,2.20,1.70,2.30,41.00,16.70,0.00,0.00,740.50,0,0
34.708458,8.3330,868.90,8.50,6.80,2.00,4.70,57.10,19.80,0.00,0.00,976.70,0,0
34.846424,8.3330,2577.30,8.30,3.70,2.20,2.50,39.70,21.20,0.00,0.00,2661.50,0,0
34.846424,8.3330,762.30,4.90,2.60,1.80,3.00,41.50,16.60,0.00,0.00,840.30,0,0
34.846424,8.3330,896.40,6.30,2.70,1.80,3.00,44.30,17.20,0.00,0.00,978.70,0,0
34.846424,8.3330,902.40,9.80,6.90,2.70,6.10,39.30,28.50,0.00,0.00,1003.10,0,0
34.846424,8.3330,799.80,4.80,1.90,2.00,2.30,37.70,14.70,0.00,0.00,869.10,0,0
34.846424,8.3330,752.20,70.70,4.60,2.30,3.20,42.50,79.40,0.00,0.00,961.80,0,0
34.846424,8.3330,824.70,5.40,3.10,1.40,4.00,52.20,23.70,0.00,0.00,923.90,0,0
34.846424,8.3330,4298.40,7.90,3.70,1.40,3.40,39.20,21.10,0.00,0.00,4382.40,0,0
34.846424,8.3330,735.00,5.10,2.70,1.70,2.90,40.00,15.60,0.00,0.00,809.00,0,0
34.846424,8.3330,811.70,5.00,2.80,1.40,2.20,41.10,27.70,0.00,0.00,897.60,0,0
34.846424,8.3330,1411.50,8.50,8.50,2.20,7.80,20.90,19.20,0.00,0.00,1493.20,0,0
34.846424,8.3330,1012.40,8.70,3.60,2.40,7.10,38.80,20.00,0.00,0.00,1106.70,0,0
35.019718,8.3330,1022.30,7.00,3.00,2.00,2.90,18.00,49.40,0.00,0.00,1111.80,0,0
35.019718,8.3330,892.20,643.80,4.10,6.20,2.70,18.80,20.30,0.00,0.00,1595.80,0,0
35.019718,8.3330,769.60,8.80,4.90,2.60,2.60,27.10,20.60,0.00,0.00,842.20,0,0
35.019718,8.3330,810.10,4.70,1.80,1.40,6.50,15.70,19.00,0.00,0.00,870.30,0,0
35.019718,8.3330,749.80,3.90,2.10,1.40,2.00,16.20,23.70,0.00,0.00,803.50,0,0
35.019718,8.3330,800.30,4.80,2.40,2.30,1.90,19.60,11.50,0.00,0.00,847.40,0,0
35.019718,8.3330,712.90,4.00,4.40,1.40,2.50,22.30,11.80,0.00,0.00,764.80,0,0
35.019718,8.3330,727.70,5.30,7.50,2.50,2.50,19.50,12.30,0.00,0.00,782.20,0,0
35.019718,8.3330,742.90,4.80,3.20,1.30,1.90,13.70,11.90,0.00,0.00,784.00,0,0
35.019718,8.3330,677.10,3.40,2.30,1.50,2.10,19.80,12.50,0.00,0.00,724.40,0,0
35.019718,8.3330,976.30,5.50,2.20,1.50,6.30,14.80,19.60,0.00,0.00,1034.10,0,0
35.019718,8.3330,681.80,6.90,1.90,2.60,2.40,14.30,10.30,0.00,0.00,726.00,0,0
35.194225,8.3330,1114.90,15.40,6.70,4.80,3.00,38.50,34.00,0.00,0.00,1225.00,0,0
35.194225,8.3330,11043.20,8.50,3.60,2.40,3.30,22.40,18.90,0.00,0.00,11108.90,0,0
35.194225,8.3330,962.20,34.10,4.50,2.10,3.80,19.20,68.90,0.00,0.00,1105.20,0,0
35.194225,8.3330,811.50,8.00,3.40,1.70,3.10,19.70,16.20,0.00,0.00,870.80,0,0
35.194225,8.3330,874.60,24.20,4.60,2.50,4.00,24.00,31.60,0.00,0.00,975.70,0,0
35.194225,8.3330,808.80,4.90,6.20,2.50,2.10,23.50,13.90,0.00,0.00,867.60,0,0
35.194225,8.3330,753.70,8.90,2.20,3.50,2.70,21.20,27.80,0.00,0.00,825.90,0,0
35.194225,8.3330,806.10,147.80,8.60,2.20,4.70,25.20,18.40,0.00,0.00,1027.10,0,0
35.194225,8.3330,2009.60,11.60,8.40,1.80,4.20,20.00,20.80,0.00,0.00,2086.00,0,0
35.194225,8.3330,1177.40,6.90,2.70,1.70,2.60,18.80,26.80,0.00,0.00,1243.30,0,0
35.194225,8.3330,758.60,5.50,3.20,1.70,2.30,18.40,21.80,0.00,0.00,817.50,0,0
35.194225,8.3330,779.50,7.60,4.20,2.10,3.60,24.50,20.90,0.00,0.00,850.80,0,0
35.380955,8.3330,956.40,14.50,3.40,3.00,2.80,19.90,28.60,0.00,0.00,1034.60,0,0
35.380955,8.3330,794.30,4.30,4.50,1.50,2.10,22.10,13.00,0.00,0.00,847.50,0,0
35.380955,8.3330,698.50,7.20,3.40,2.30,2.90,20.30,18.10,0.00,0.00,758.50,0,0
35.380955,8.3330,687.00,7.70,3.60,1.90,2.90,20.30,16.40,0.00,0.00,746.50,0,0
35.380955,8.3330,2344.60,9.80,5.10,3.50,2.70,40.80,24.00,0.00,0.00,2437.40,0,0
35.380955,8.3330,770.80,6.00,3.40,1.50,4.90,24.70,20.40,0.00,0.00,839.70,0,0
35.380955,8.3330,740.50,9.80,16.90,3.40,3.90,28.10,29.30,0.00,0.00,840.00,0,0
35.380955,8.3330,5871.00,7.60,3.90,2.00,7.20,21.90,18.10,0.00,0.00,5943.00,0,0
35.380955,8.3330,7010.20,7.50,3.60,1.80,2.70,30.20,18.50,0.00,0.00,7080.70,0,0
35.380955,8.3330,5911.80,6.60,3.40,1.90,3.30,18.20,16.70,0.00,0.00,5968.60,0,0
35.380955,8.3330,2378.60,9.10,4.60,2.30,2.60,18.40,18.00,0.00,0.00,2438.90,0,0
35.380955,8.3330,585.30,3.40,1.90,1.40,3.00,13.00,11.00,0.00,0.00,625.60,0,0
